0,1,2,3,4,5,6
90.401276,11.371778,145.36266,145.3014,1.9896472,2.4107592,18.254755
89.769806,11.356834,149.09557,149.0402,2.0485828,2.3224237,15.713301
88.97686,11.283332,150.7936,150.69589,1.8924037,2.094444,13.188561
88.183914,11.209828,152.49164,152.35158,1.7362248,1.8664646,9.892919
87.38165,11.175438,151.90433,151.65857,1.6144886,1.7350599,6.583476
86.579384,11.141046,151.317,150.96558,1.4927528,1.603655,3.626851
86.199524,11.11683,152.09329,151.63542,1.4427592,1.5508293,2.3256347
85.81966,11.092615,152.86958,152.30528,1.3927656,1.4980036,1.3964034
85.78734,11.113202,151.19682,150.75037,1.5427617,1.6621333,2.352504
85.75501,11.133789,149.52405,149.19543,1.692758,1.8262631,3.943326
85.999596,11.145969,150.39662,150.16396,1.9176441,2.0696733,5.880586
86.24417,11.158149,151.2692,151.13248,2.1425304,2.3130834,8.159187
86.01087,11.189753,152.38414,152.2838,2.3071973,2.5031173,8.866455
85.77757,11.221357,153.49907,153.43512,2.4718642,2.6931508,10.064649
85.365005,11.248164,157.17601,157.10196,2.5582895,2.7911186,10.649906
84.95244,11.274969,160.85295,160.76881,2.6447144,2.889087,11.825159
84.509094,11.2862,164.10521,164.07341,2.7878206,3.0454202,13.720902
84.06576,11.29743,167.35747,167.378,2.930927,3.2017534,16.379873
83.74258,11.313177,171.19696,171.26646,3.0112998,3.3004384,18.917257
83.4194,11.328924,175.03647,175.1549,3.0916727,3.399124,22.43571
83.350716,11.322532,178.0791,178.23022,3.1579592,3.475354,25.16385
83.28203,11.316138,181.12173,181.30551,3.2242458,3.551584,28.211752
83.52198,11.312772,184.6953,184.85703,3.2084446,3.5349798,29.333433
83.76193,11.309407,188.26886,188.40854,3.1926432,3.518375,30.313053
84.00493,11.296326,192.40936,192.59001,3.0307672,3.3308384,28.166204
84.24793,11.283244,196.54985,196.7715,2.8688915,3.1433022,25.066515
84.42688,11.298234,198.09908,198.36967,2.6544418,2.9015322,20.957012
84.60583,11.313226,199.6483,199.96783,2.439992,2.6597624,17.524315
84.83795,11.333966,197.97102,198.40263,2.2535026,2.4688017,15.912233
85.070076,11.354705,196.29376,196.8374,2.0670133,2.2778413,14.468211
85.31282,11.367547,189.45863,190.38513,2.0150464,2.25441,13.974177
85.55556,11.380388,182.62354,183.93285,1.9630795,2.2309787,10.675852
85.64564,11.384088,180.18857,181.2252,2.1370697,2.4301708,11.433558
85.73571,11.387786,177.75362,178.51756,2.3110597,2.6293628,13.135504
85.84558,11.399648,176.90189,177.74345,2.4351864,2.807585,15.29917
85.95545,11.411509,176.05014,176.96931,2.5593133,2.9858074,18.034512
86.01698,11.429228,177.45479,178.20155,2.7612126,3.2962964,23.060932
86.078514,11.446946,178.85942,179.43384,2.963112,3.6067855,28.224667
85.93482,11.467224,180.66441,181.36447,3.0826964,3.8116903,31.745047
85.79114,11.487501,182.46939,183.29515,3.2022805,4.016595,35.780964
85.49,11.507314,183.2862,184.08685,3.427176,4.3115587,42.08689
85.18886,11.527126,184.10298,184.87857,3.6520708,4.606522,51.006294
84.8189,11.552598,190.28789,190.69083,3.5095859,4.40993,46.233032
84.44896,11.578071,196.47276,196.50308,3.3671012,4.213339,41.58856
84.391846,11.60412,205.4277,205.29799,2.917167,3.7098887,32.193264
84.33474,11.630171,214.38261,214.09286,2.4672327,3.206439,19.726648
85.27154,11.682256,212.92755,212.61606,2.1834018,2.6841106,13.692351
86.20835,11.734341,211.47249,211.13925,1.8995706,2.161782,10.343959
86.330025,11.74807,235.4215,235.01944,1.5153508,1.7025286,0.76768994
86.4517,11.7618,259.3705,258.8996,1.1311312,1.2432753,-3.026659
86.99055,11.749787,280.9978,282.79892,0.97104114,1.1233292,1.6241442
87.529396,11.737776,302.6251,306.6982,0.81095123,1.0033829,6.103474
87.51275,11.749521,234.80414,252.85713,0.65478444,0.8309433,2.6618028
87.4961,11.761268,166.98317,199.01607,0.49861768,0.65850365,4.630541
87.25331,11.783053,213.47212,232.86394,0.62893254,0.87407744,1.9610568
87.01053,11.80484,259.9611,266.71182,0.7592474,1.0896511,-0.95943
86.698204,11.863055,294.50806,291.63474,0.94347686,1.3646792,5.044197
86.38589,11.921271,329.05502,316.5577,1.1277063,1.6397074,7.267558
86.11194,11.991763,308.88782,300.3801,1.3582168,2.0236142,11.131795
85.838,12.062256,288.7206,284.2025,1.5887276,2.407521,8.506987
85.83439,12.133833,147.0054,146.9932,1.9162561,2.9547875,22.830214
85.83078,12.20541,5.290225,9.783824,2.243785,3.5020535,61.353554
86.56972,12.262856,10.334297,14.882735,2.7840536,4.2583537,69.36577
87.308655,12.320302,15.37837,19.981646,3.3243222,5.014653,86.76057
88.60018,12.321706,21.64115,25.831427,3.964248,5.748745,115.07846
89.89171,12.323111,27.90393,31.681194,4.604174,6.482837,145.50026
90.55818,12.276019,34.40806,37.483036,5.2952013,7.159515,173.33273
91.22465,12.228929,40.912174,43.284874,5.9862294,7.836193,215.38565
89.89076,12.175929,44.208637,46.251915,6.4881773,8.30078,251.4504
88.55687,12.1229315,47.505096,49.21897,6.9901266,8.7653675,288.8898
86.029526,12.085579,47.31749,48.777397,7.494082,9.232142,339.4057
83.502174,12.048227,47.129887,48.335827,7.998038,9.6989155,383.7519
80.486336,12.0169115,45.69763,46.673756,8.411634,10.101147,424.23807
77.47049,11.985596,44.265377,45.011684,8.825232,10.503379,445.94635
75.98869,11.960412,42.90447,43.53224,8.832257,10.469135,430.9741
74.50689,11.935228,41.54356,42.052803,8.839285,10.434891,419.67462
75.139465,11.894921,40.587048,41.03281,8.518495,10.014989,383.92535
75.77203,11.854614,39.63054,40.012833,8.197705,9.595087,347.5476
77.29138,11.794789,38.24557,38.59278,7.9671493,9.258646,326.3365
78.81073,11.734964,36.8606,37.17275,7.7365923,8.922206,299.08914
78.33278,11.683145,34.368065,34.60299,7.685377,8.832416,288.67465
77.85483,11.631323,31.87553,32.03323,7.6341615,8.742624,278.3708
76.492355,11.618922,31.346447,31.572731,7.4233317,8.473241,239.84923
75.12989,11.6065235,30.817362,31.112246,7.2125015,8.203858,217.1464
73.33969,11.570388,28.46884,28.802261,7.3310666,8.305256,242.79558
71.5495,11.534254,26.120312,26.492294,7.4496307,8.406653,262.04602
70.90391,11.493192,27.01742,27.435675,7.1899076,8.100061,245.03766
70.258316,11.452127,27.914526,28.379055,6.930184,7.793468,231.97307
70.82622,11.421102,28.832657,29.40761,6.761986,7.5950065,217.09843
71.39413,11.390076,29.750788,30.436182,6.5937886,7.3965445,200.7954
71.81582,11.369426,29.527113,29.942324,6.455843,7.2240033,187.15657
72.23752,11.348775,29.30343,29.448465,6.317897,7.0514627,173.66006
72.68576,11.301595,30.26137,30.438126,6.326847,7.04627,168.42609
73.134,11.254415,31.219303,31.427788,6.335798,7.041078,163.4418
68.75861,11.231873,27.995533,28.281664,6.6803308,7.3807898,220.17065
64.383224,11.20933,24.771763,25.135555,7.0248637,7.7205014,251.89186
65.13428,11.207624,27.794584,27.972647,6.8527555,7.5323515,238.02812
65.885345,11.205918,30.817415,30.809736,6.6806474,7.344201,223.94485
65.844475,11.205821,32.40369,32.428696,6.4993305,7.1368785,211.64021
65.80361,11.205723,33.989967,34.047638,6.318013,6.929555,199.92133
66.88905,11.203745,33.68735,33.910614,6.1932015,6.7838383,188.7135
67.974495,11.201768,33.384735,33.773594,6.06839,6.6381216,177.02892
68.72043,11.17922,37.221085,37.440926,6.2452393,6.8201265,182.82857
69.466354,11.156672,41.05743,41.10826,6.422088,7.002132,187.66214
70.54349,11.081734,40.590527,40.58992,6.661722,7.263591,195.06421
71.62061,11.006796,40.12362,40.07158,6.901357,7.5250497,197.77455
71.505035,11.011398,36.285427,36.348118,6.841265,7.4898825,199.4842
71.389465,11.016002,32.44724,32.624638,6.7811747,7.4547157,201.51399
69.86331,11.087495,33.33865,33.516518,6.760727,7.417404,211.92883
68.33716,11.158987,34.230057,34.40841,6.7402797,7.380093,217.96408
67.68908,11.140894,34.860558,34.87686,6.6446953,7.2575254,212.35052
67.04099,11.1228,35.491055,35.345314,6.54911,7.1349583,206.24376
68.68491,11.098197,35.323387,35.197533,6.535477,7.123416,200.5068
70.328835,11.073595,35.155716,35.04975,6.521844,7.1118736,191.38815
71.125206,11.036775,33.69787,33.54197,6.6236553,7.2164435,189.9251
71.92157,10.999952,32.240013,32.034187,6.7254667,7.321014,187.43854
71.57677,11.027393,30.259169,30.111904,6.724823,7.339387,193.5368
71.231964,11.054833,28.278332,28.189621,6.72418,7.35776,199.93495
70.61139,11.106526,27.87968,27.802547,6.7016106,7.3437996,205.8792
69.99082,11.158219,27.481035,27.415476,6.67904,7.3298388,210.79935
70.1762,11.219054,27.293173,27.201103,6.6707973,7.3429136,210.4769
70.36159,11.27989,27.105309,26.986732,6.6625547,7.355989,210.06812
70.196106,11.360633,26.29084,26.222906,6.6930676,7.4152174,215.10634
70.03062,11.441376,25.476372,25.459064,6.7235813,7.474445,219.75314
70.14222,11.471248,24.071138,24.10057,6.874857,7.653774,229.0078
70.25382,11.501118,22.665907,22.742092,7.0261326,7.8331027,239.27939
71.0946,11.500063,22.938997,22.990355,7.211939,8.063905,247.84645
71.93538,11.499005,23.21209,23.2386,7.397744,8.294709,258.3484
71.81671,11.486589,24.236092,24.325481,7.455106,8.353603,261.4584
71.69805,11.474172,25.260094,25.412361,7.5124674,8.412498,264.40314
71.013336,11.422266,25.947842,26.11601,7.436118,8.293426,258.6015
70.32863,11.370361,26.63559,26.819677,7.35977,8.174352,253.18005
71.21721,11.334138,26.640076,26.820116,7.211323,7.9944434,237.36617
72.1058,11.297915,26.644556,26.820572,7.0628757,7.8145337,220.05667
73.49235,11.262647,26.382257,26.537743,7.061129,7.8035593,206.59454
74.87889,11.227376,26.119959,26.254915,7.0593824,7.792585,196.65274
75.442986,11.204161,25.501644,25.684227,7.0300035,7.770398,192.73958
76.00708,11.180945,24.883331,25.113552,7.000625,7.7482114,190.97145
76.09018,11.171626,24.640623,24.786186,7.1408815,7.896167,202.84218
76.17327,11.162306,24.39792,24.458834,7.2811375,8.044123,216.7204
76.42358,11.126009,23.894794,23.92663,7.1994505,7.9498625,209.09482
76.67389,11.089712,23.39167,23.394426,7.1177635,7.855603,202.45097
74.89239,11.216573,19.681774,19.67363,7.366309,8.23725,247.73198
73.11089,11.343434,15.971876,15.952834,7.614855,8.6188965,294.8218
73.090576,11.303496,16.11025,16.156353,7.512807,8.458934,282.6942
73.07025,11.263559,16.248627,16.359856,7.41076,8.298969,269.62277
73.49117,11.189654,18.753445,18.866316,7.421581,8.292566,262.26114
73.912094,11.11575,21.258265,21.372776,7.432402,8.286162,255.49495
74.07667,11.122495,24.642138,24.878778,7.4188256,8.322562,251.33363
74.24125,11.129239,28.026009,28.384779,7.4052496,8.35896,247.94135
76.20643,11.209137,28.92263,29.343561,7.123822,8.077317,212.78714
78.17161,11.289035,29.81925,30.302359,6.842395,7.7956734,186.29118
79.93274,11.376462,25.389423,25.9881,6.4166245,7.350886,157.78943
81.69387,11.463891,20.959595,21.673826,5.9908547,6.9060993,134.98293
82.1837,11.537056,20.55619,21.220901,6.3310566,7.36265,167.34184
82.673515,11.610223,20.152784,20.767992,6.6712594,7.8192,208.81131
82.91416,11.625248,19.799046,20.29096,6.76577,7.9000993,217.71796
83.15479,11.640272,19.445303,19.81393,6.8602815,7.980998,226.24553
81.31607,11.665436,18.271542,18.621363,6.8395276,7.947336,213.77318
79.47734,11.690599,17.097778,17.428795,6.818774,7.9136734,205.87971
78.61814,11.697079,16.651014,17.097631,6.5076017,7.551939,175.80247
77.75894,11.703558,16.204252,16.766468,6.196429,7.190204,152.88544
77.74777,11.716034,14.775291,15.386771,6.140101,7.1127634,150.1346
77.736595,11.728509,13.34633,14.007073,6.083772,7.035323,148.06007
77.85933,11.752925,12.985465,13.6907625,6.213966,7.210681,158.2371
77.98207,11.777341,12.624604,13.374468,6.344159,7.386038,170.207
78.72192,11.819245,9.628351,10.428318,6.1214986,7.162427,157.45665
79.461754,11.861152,6.632101,7.4821835,5.8988376,6.938815,148.71638
81.04236,11.894375,9.17191,10.10644,6.3360825,7.5544915,186.66193
82.62296,11.927599,11.71172,12.730695,6.773329,8.170169,245.48087
84.574295,11.93949,11.933061,12.911787,6.827117,8.261723,266.19922
86.525635,11.951382,12.154397,13.092879,6.880906,8.353277,271.74994
87.08988,11.955212,12.898195,13.951321,7.0852513,8.627996,294.52124
87.65414,11.959042,13.641996,14.809762,7.289597,8.902717,321.22287
87.18839,11.929997,17.082067,18.03209,7.5685196,9.179169,344.6154
86.72265,11.900953,20.522139,21.254416,7.847442,9.455622,367.56122
86.30114,11.885724,20.02469,20.705025,7.856166,9.451604,369.62454
85.87964,11.870496,19.527243,20.155632,7.86489,9.447587,371.24725
85.18671,11.832592,21.337662,21.907097,8.22032,9.808313,401.94022
84.49377,11.794688,23.148079,23.658577,8.57575,10.16904,432.45227
83.89519,11.781161,24.974287,25.59052,8.580652,10.23784,442.5542
83.2966,11.767636,26.800491,27.52245,8.585555,10.30664,452.05923
83.310844,11.691618,29.128004,29.574808,8.814848,10.47436,462.77518
83.32508,11.615601,31.455526,31.62715,9.044141,10.642081,472.71445
83.39889,11.616667,31.983614,32.24751,8.94922,10.533069,463.6982
83.472694,11.617733,32.511707,32.86785,8.8543,10.424054,454.02896
83.81842,11.504325,33.905098,34.242718,8.957917,10.447939,451.66144
84.16415,11.390917,35.298485,35.617588,9.061536,10.471822,448.47897
84.61291,11.369751,36.513596,36.92453,8.943553,10.329181,432.53656
85.061676,11.348585,37.728703,38.231476,8.825568,10.186539,415.29092
85.6929,11.124731,41.794353,42.191174,8.73353,9.922708,378.3268
86.32413,10.900876,45.859993,46.150883,8.641492,9.658876,342.12152
86.583305,10.875663,45.903633,46.187866,8.451811,9.413001,318.54962
86.842476,10.8504505,45.947266,46.224846,8.262131,9.167127,296.14926
87.126434,10.82624,45.88711,46.19083,8.139019,9.016533,281.56256
87.41039,10.80203,45.826958,46.15681,8.015907,8.86594,267.5016
87.66683,10.763874,45.71499,46.075184,7.8608084,8.673491,251.44948
87.92328,10.7257185,45.603024,45.993553,7.705708,8.481041,235.73772
87.78366,10.734616,45.81094,46.197056,7.593684,8.360978,229.50595
87.64404,10.743513,46.018852,46.40056,7.4816604,8.240915,223.2515
87.13592,10.785257,46.738785,47.102215,7.395195,8.144037,220.3803
86.627785,10.826999,47.45871,47.80386,7.30873,8.047158,215.99197
86.4647,10.826828,46.892433,47.215652,7.208736,7.9239388,206.9057
86.30162,10.826656,46.326153,46.62743,7.108742,7.800719,197.2394
86.588036,10.799726,45.36747,45.71187,7.085603,7.7621174,194.63774
86.87444,10.772794,44.408787,44.79631,7.062464,7.723516,191.79897
86.919815,10.779782,43.384827,43.750584,7.0803103,7.75163,194.26108
86.96518,10.786771,42.360867,42.704853,7.098158,7.779743,196.80482
86.6941,10.844825,42.750317,43.011223,7.0814004,7.7887325,197.69968
86.42303,10.902881,43.139774,43.317574,7.0646424,7.797722,198.35497
85.51946,11.024817,43.61514,43.760918,6.878434,7.6211467,180.38672
84.6159,11.146756,44.090504,44.20426,6.692225,7.4445724,163.01274
83.68025,11.274719,43.723927,43.851234,6.5333586,7.3038483,149.84662
82.744606,11.402682,43.357353,43.49821,6.374492,7.163125,137.9052
82.30713,11.46169,41.948215,42.122402,6.2760344,7.0554304,130.1345
81.86967,11.520698,40.539085,40.746593,6.177576,6.9477367,121.75511
81.35879,11.560619,38.49657,38.679714,6.1572423,6.937577,121.01312
80.84791,11.600541,36.454063,36.612846,6.136908,6.9274178,120.8775
80.36322,11.644259,34.55776,34.69436,6.1141796,6.9424014,120.96852
79.87853,11.687978,32.661457,32.775867,6.091451,6.957386,121.44647
79.53055,11.73095,31.618011,31.701159,6.216486,7.115128,130.32639
79.182556,11.773922,30.574568,30.626463,6.3415203,7.2728705,139.97638
79.00036,11.712811,30.441849,30.51742,6.5292816,7.4539204,152.93057
78.81815,11.651698,30.30913,30.408377,6.7170424,7.634971,167.09137
79.60703,11.612244,30.997034,31.176044,6.8175755,7.7563953,182.01276
80.39591,11.572788,31.684933,31.943712,6.918109,7.877819,197.61723
80.55136,11.602493,32.536774,32.80951,6.9173374,7.9189215,201.71362
80.706825,11.632198,33.38861,33.675293,6.916567,7.9600224,206.00873
80.821976,11.655522,33.780457,34.061016,6.8729963,7.91885,202.0385
80.93712,11.678846,34.172295,34.44674,6.829426,7.877676,198.09462
79.55534,11.703443,33.27145,33.598587,6.7129245,7.732584,176.22485
78.17356,11.728037,32.370594,32.750416,6.5964227,7.587492,159.15985
80.362915,11.68681,29.99194,30.352058,6.5531297,7.5142074,164.43571
82.55226,11.645581,27.613285,27.953701,6.5098376,7.440922,169.4259
82.92082,11.572504,27.143606,27.442026,6.7096696,7.6229777,186.60245
83.28939,11.499427,26.673927,26.930353,6.9095025,7.805033,204.41998
83.21217,11.470914,25.758587,25.98959,6.968253,7.869765,211.34933
83.13496,11.442403,24.84325,25.048813,7.0270047,7.9344974,218.42285
81.54336,11.329191,23.416973,23.545973,6.8459945,7.6512613,188.36496
79.95175,11.21598,21.990696,22.04313,6.664984,7.3680253,162.40508
80.31738,11.169877,21.441233,21.513609,6.5740128,7.2616844,155.53473
80.683014,11.123773,20.891768,20.984104,6.483042,7.1553435,149.8889
80.84749,11.101362,19.965637,20.049019,6.38864,7.0517297,144.84872
81.011955,11.078952,19.039507,19.113935,6.294239,6.9481163,140.37599
80.67924,11.10215,18.277683,18.396719,6.203396,6.857236,135.54504
80.34653,11.125346,17.515856,17.679502,6.1125526,6.7663555,130.72302
80.812744,11.185316,17.837141,17.973701,6.0543923,6.766458,131.2797
81.27897,11.245287,18.158432,18.267899,5.996233,6.7665606,131.5405
82.52906,11.350553,16.942772,17.102085,6.0152173,6.8783603,138.2071
83.77915,11.455816,15.727112,15.936274,6.0342016,6.99016,150.34863
84.070076,11.596977,37.27497,27.628216,6.0657525,7.1053886,151.30836
84.361,11.738138,58.822838,39.320175,6.0973034,7.2206173,161.65956
84.64973,11.823376,134.53773,110.09917,5.8723407,6.9789524,167.03186
84.938446,11.908613,210.25262,180.87814,5.6473784,6.7372875,166.20349
84.876335,11.936268,254.27676,235.05672,5.73131,6.884371,150.80336
84.81422,11.963921,298.3009,289.23523,5.815242,7.031454,165.56306
83.62487,11.893529,162.47539,148.14238,6.4463925,7.688616,241.00215
82.43552,11.823136,26.64987,7.0495048,7.0775447,8.345777,270.4413
81.05113,11.760206,27.22456,12.432216,7.25062,8.457446,270.64963
79.66675,11.697276,27.799248,17.814926,7.423694,8.569115,276.2481
79.40689,11.674699,15.519115,10.741696,7.3441176,8.456947,262.36465
79.14704,11.652123,3.2389774,3.6684651,7.264541,8.344779,260.0795
78.5607,11.675898,4.77958,5.1925564,7.152212,8.224712,248.29884
77.97436,11.699672,6.320183,6.716648,7.039883,8.104645,237.08244
77.01319,11.741303,44.848896,45.31007,6.8198833,7.873162,172.88315
76.05202,11.782935,83.37762,83.90349,6.5998845,7.64168,180.8348
76.893776,11.8227625,97.63272,78.18159,6.81743,7.955021,207.57907
77.73554,11.862589,111.88782,72.45966,7.0349765,8.268362,246.64766
77.12214,11.823203,60.14036,40.62397,7.438218,8.685782,246.93503
76.50874,11.783816,8.392907,8.78825,7.8414598,9.103203,329.8132
76.67588,11.763707,9.1987705,9.674984,7.762483,9.022536,322.25
76.843025,11.743597,10.004636,10.561718,7.6835074,8.941871,314.31842
76.611946,11.763227,10.146664,10.727942,7.3621225,8.570074,279.14764
76.38087,11.782857,10.288695,10.894166,7.040738,8.198277,247.22566
77.32613,11.749761,10.14274,10.668237,7.210017,8.36566,257.9755
78.27141,11.716664,9.996789,10.442307,7.3792963,8.533043,270.61462
78.95993,11.581897,11.4213705,11.780915,7.866558,9.030889,326.11755
79.64845,11.44713,12.845951,13.11954,8.353821,9.528733,379.93738
78.16541,11.181966,13.043619,13.193062,8.793432,9.938446,421.3315
76.68237,10.916802,13.241288,13.266584,9.233045,10.348157,456.41287
74.81867,10.852524,12.801369,12.917951,9.127386,10.217467,446.20135
72.95496,10.788246,12.361446,12.569332,9.0217285,10.086778,438.3415
73.520226,10.69567,14.857683,15.029638,9.044566,10.082275,438.13785
74.08549,10.603096,17.35392,17.489943,9.067404,10.077772,438.0038
73.739815,10.643031,17.198053,17.399122,9.005027,10.029523,433.6656
73.39414,10.682967,17.042187,17.308317,8.94265,9.981272,429.65857
72.82971,10.614408,15.550524,15.755103,8.75183,9.759164,411.19342
72.26528,10.545848,14.058864,14.201888,8.561012,9.537055,391.15955
72.59716,10.480386,13.724843,13.8559675,8.624325,9.575472,396.72015
72.92904,10.414925,13.390824,13.510047,8.687639,9.613887,401.90588
73.46569,10.326345,14.037696,14.216363,8.641511,9.555963,397.77325
74.00234,10.237767,14.6845665,14.922695,8.595384,9.498038,394.13495
73.7106,10.24125,14.504393,14.682463,8.5879345,9.479318,392.2343
73.41886,10.244734,14.324217,14.442215,8.580485,9.460597,389.84967
73.134384,10.199903,14.080165,14.221147,8.598751,9.471973,390.64624
72.84991,10.15507,13.83611,14.000079,8.617017,9.483353,391.53296
72.7283,10.167769,14.128902,14.328748,8.60346,9.478264,390.62894
72.60669,10.180469,14.421691,14.657417,8.589905,9.473176,389.7105
74.34841,10.165326,15.6421795,15.81669,8.623696,9.493837,394.2076
76.09013,10.150185,16.862669,16.975979,8.657489,9.514498,393.68506
75.63557,10.121986,18.369947,18.58587,8.565381,9.418319,386.36307
75.180984,10.093787,19.877232,20.195765,8.473273,9.322139,378.54532
76.06012,10.225579,21.281097,21.588652,8.45707,9.335762,376.3168
76.93925,10.357371,22.684963,22.98154,8.440866,9.349386,374.94757
78.05441,10.36523,23.75423,24.09069,8.39963,9.302579,369.68393
79.16958,10.373088,24.823503,25.19984,8.358391,9.255771,361.56134
79.21311,10.484373,25.832472,26.216194,8.245252,9.145205,349.9036
79.25666,10.595659,26.84144,27.232565,8.132112,9.034638,337.60004
79.34215,10.678473,27.5865,28.026611,7.9875436,8.898528,320.79907
79.427635,10.761289,28.331556,28.820658,7.842975,8.762416,303.49326
79.582825,10.834174,29.69064,30.235565,7.7145066,8.634198,286.69662
79.738014,10.907061,31.049719,31.650486,7.586038,8.505981,269.82803
79.67445,10.9906225,31.334126,31.889763,7.4073167,8.319017,247.02843
79.61089,11.074185,31.618534,32.129055,7.228595,8.132052,225.4041
80.74868,11.039225,32.161377,32.58797,7.2023225,8.071215,225.3712
81.88646,11.004267,32.704224,33.046906,7.1760507,8.010375,223.87248
82.009705,11.021899,32.944237,33.490734,7.0843196,7.92376,214.58293
82.13294,11.03953,33.184242,33.934547,6.992588,7.8371453,205.55687
81.771645,11.099765,32.305862,33.10308,6.8719306,7.7221556,193.46426
81.41035,11.159998,31.427479,32.271614,6.7512736,7.6071653,181.61276
81.53919,11.186988,30.921324,31.675642,6.7265215,7.590448,180.5601
81.66804,11.213978,30.415169,31.079672,6.701769,7.573731,179.39464
81.91802,11.239108,30.62991,31.244625,6.640836,7.520456,174.6185
82.16799,11.264237,30.844656,31.40958,6.579903,7.467181,169.7789
82.92331,11.253099,31.547523,32.051785,6.5125957,7.378724,162.41791
83.67862,11.241961,32.250393,32.693974,6.445288,7.290267,155.12173
84.30228,11.187878,32.319405,32.733746,6.362112,7.1525197,144.33244
84.92594,11.133796,32.388412,32.773502,6.2789354,7.0147715,136.89938
85.02113,11.080239,33.13754,33.570984,6.1611476,6.862044,127.423294
85.116325,11.026683,33.886665,34.36848,6.0433598,6.709316,118.06181
85.20755,11.023038,34.52781,35.057438,5.886705,6.5241995,109.14875
85.298775,11.019392,35.168957,35.74639,5.730049,6.339083,100.88276
85.64098,10.991092,36.2638,36.82129,5.601776,6.180172,94.888374
85.983185,10.96279,37.358646,37.896206,5.4735026,6.0212603,90.279434
86.94292,10.757355,40.05993,40.499382,5.594957,6.0793133,95.255325
87.90266,10.551921,42.76121,43.10256,5.716411,6.137367,100.913
87.94988,10.565601,42.636726,42.99231,5.5632653,5.966257,94.67793
87.99711,10.579281,42.51223,42.882072,5.41012,5.795148,88.448494
87.66358,10.586356,41.007,41.371815,5.281324,5.6511354,83.42091
87.33005,10.593431,39.50177,39.861553,5.152528,5.507123,78.71431
86.915276,10.618911,36.90414,37.26918,5.14822,5.5021377,79.33519
86.50052,10.644389,34.306507,34.67681,5.1439123,5.497153,79.658165
86.15456,10.680423,32.387115,32.75937,5.290461,5.667019,85.00673
85.80859,10.716457,30.467722,30.841932,5.43701,5.836886,89.66245
85.4736,10.763505,29.586086,29.967402,5.5656114,5.99057,93.183426
85.1386,10.810551,28.70445,29.092869,5.694213,6.144254,97.333336
84.73731,10.856753,29.414177,29.798338,5.7295346,6.192767,96.532776
84.33602,10.902958,30.12391,30.503822,5.7648573,6.2412806,96.40833
84.16623,10.962171,30.16527,30.56091,5.752981,6.240608,95.774376
83.99644,11.021383,30.206629,30.617994,5.741105,6.239936,95.005295
83.7171,11.098308,31.072016,31.509151,5.610065,6.1101594,87.426765
83.43777,11.175233,31.93741,32.40029,5.479025,5.9803824,80.55847
83.2688,11.243132,31.85804,32.355392,5.50535,6.0280714,82.06482
83.09984,11.311031,31.778675,32.31049,5.5316753,6.0757604,83.42875
83.2255,11.370697,33.03763,33.58858,5.573332,6.1496387,86.0291
83.351166,11.430363,34.29658,34.86667,5.6149883,6.223516,88.79211
83.37252,11.464348,35.65169,36.248642,5.3424826,5.9175673,76.69558
83.393875,11.498334,37.006798,37.630596,5.0699763,5.611618,65.25722
83.64761,11.522305,36.469784,37.078682,5.031322,5.5664935,64.52765
83.901344,11.546274,35.93276,36.526764,4.992667,5.5213685,63.61874
83.81184,11.541612,33.286823,33.83424,5.096494,5.63533,67.80722
83.72233,11.53695,30.640888,31.14173,5.200322,5.7492924,73.30227
83.56281,11.52468,30.42971,30.900776,5.1977544,5.7419705,72.64036
83.4033,11.51241,30.218538,30.659838,5.1951876,5.734648,72.04579
83.20851,11.490865,28.793936,29.215666,5.1536593,5.675283,70.62746
83.013725,11.469319,27.369326,27.771496,5.112131,5.6159177,69.428696
83.04658,11.42374,26.372835,26.756254,5.386103,5.922763,80.62982
83.079414,11.37816,25.376343,25.74103,5.6600757,6.229607,92.88638
83.10743,11.320041,25.721035,26.097818,5.8325486,6.412416,101.06012
83.13544,11.261921,26.065725,26.454624,6.0050216,6.595225,110.029106
83.12241,11.197253,27.390848,27.749743,6.1151023,6.705238,115.511604
83.10939,11.132586,28.715971,29.044847,6.2251835,6.8152504,121.532074
83.38538,11.063907,30.372116,30.689478,6.2709537,6.8533597,123.213425
83.66137,10.995225,32.028263,32.334095,6.316723,6.8914695,123.996704
83.6693,10.958429,34.197693,34.464573,6.2109694,6.767038,115.600006
83.67722,10.921631,36.367123,36.595047,6.1052146,6.6426067,108.12081
83.5679,10.885649,37.8403,38.03031,5.887885,6.393508,96.14734
83.45859,10.849668,39.31348,39.465557,5.670556,6.1444097,85.48445
83.47779,10.862156,38.71428,38.844463,5.5899363,6.0607424,82.47799
83.49701,10.874645,38.11507,38.223385,5.509317,5.9770746,79.35591
83.12235,10.910903,38.58826,38.67719,5.260771,5.703637,70.9287
84.14139,11.814025,16.519146,18.423773,3.7367713,4.79363,66.820435
81.32241,11.650027,17.550013,18.523972,4.3149824,5.0307527,67.936005
78.50344,11.48603,18.580875,18.62417,4.8931932,5.2678757,72.96381
77.887375,11.432997,16.7752,16.911333,4.790123,5.129873,72.94384
77.27131,11.379965,14.969524,15.198482,4.6870522,4.99187,73.82476
77.34882,11.314267,15.02144,15.254015,4.6892304,4.9958763,74.44436
77.42632,11.248572,15.073352,15.309548,4.691408,4.999883,75.26412
76.96673,11.140483,14.712904,14.883958,4.7771554,5.072145,78.645836
76.507126,11.0323925,14.352453,14.458368,4.8629017,5.144407,82.45981
77.245,10.976317,14.390697,14.475996,4.9148674,5.2044725,83.08978
77.98287,10.920241,14.428939,14.4936075,4.9668326,5.264539,85.995415
78.45873,10.915923,14.133164,14.21663,5.084,5.409788,90.06065
78.934586,10.911604,13.83739,13.939652,5.2011676,5.555037,93.81016
79.192375,10.9458275,14.286309,14.38952,5.383531,5.7647705,98.057205
79.45017,10.980049,14.735228,14.839387,5.5658956,5.974503,103.3725
79.422646,11.0296,15.794803,15.897772,5.7179966,6.1394854,107.03705
79.39512,11.079153,16.854376,16.956139,5.8700976,6.3044686,110.861946
79.93891,11.094005,18.319664,18.472876,5.975572,6.4266496,113.59581
80.482704,11.108856,19.784956,19.989613,6.0810456,6.5488315,116.24579
80.48721,11.188584,22.008848,22.24836,6.003851,6.5095363,111.57053
80.49172,11.268314,24.232738,24.50709,5.926656,6.470241,106.71993
80.69276,11.366768,25.82116,26.059208,5.886943,6.436257,102.05319
80.89379,11.465223,27.409584,27.611324,5.8472304,6.402272,97.7261
81.76528,11.517227,27.711267,27.889761,5.7944694,6.353057,94.22333
82.63677,11.56923,28.012945,28.168182,5.741709,6.303841,92.409515
83.22529,11.615047,28.019392,28.268114,5.8603864,6.4435077,99.88134
83.81381,11.660865,28.02584,28.368046,5.979064,6.5831747,109.81128
84.09604,11.691954,27.416199,27.827923,6.112726,6.7449822,121.58327
84.378265,11.7230425,26.806568,27.287815,6.246389,6.9067903,133.74257
84.556,11.742335,26.057293,26.592007,6.4275646,7.1162195,147.92494
84.73373,11.761627,25.308022,25.896198,6.608741,7.325649,163.73257
85.00671,11.733177,25.119736,25.751131,6.7829375,7.530136,182.07387
85.279686,11.704728,24.93145,25.606077,6.9571342,7.7346244,199.89496
85.37406,11.720653,25.630486,26.355852,7.0643578,7.8743386,212.11368
85.468445,11.736575,26.329523,27.10564,7.1715817,8.014053,223.97374
85.97393,11.6694,26.494997,27.184103,7.350233,8.184019,236.23993
86.479416,11.602227,26.660473,27.262566,7.528885,8.353985,246.63324
87.14331,11.508273,27.545694,28.096464,7.657425,8.475682,249.0841
87.80721,11.41432,28.43092,28.93036,7.785965,8.597379,252.95627
88.18825,11.317914,29.307722,29.783846,7.881679,8.677707,255.7139
88.56928,11.221506,30.184526,30.637333,7.9773927,8.758035,258.29306
88.5606,11.207671,31.419247,31.891628,7.929424,8.716948,256.20352
88.55191,11.193833,32.65396,33.145927,7.881455,8.675861,254.29462
88.14758,11.233144,33.862736,34.28886,7.7874227,8.575968,250.04318
87.743256,11.272453,35.071507,35.43179,7.69339,8.476074,244.78075
87.53126,11.278107,35.91196,36.286106,7.5527706,8.304021,233.9899
87.31926,11.283758,36.752407,37.140423,7.4121513,8.1319685,223.53813
87.90346,11.196791,36.697063,37.122765,7.20901,7.873953,203.22543
88.48766,11.109822,36.641716,37.105106,7.005869,7.6159377,185.28491
87.49228,10.78031,36.906883,37.141037,6.898034,7.5373816,180.0603
86.496895,10.450796,37.172047,37.176964,6.7901993,7.458825,172.50388
85.38942,10.55754,36.154762,36.20545,6.6040053,7.257503,153.27501
84.281944,10.664283,35.13747,35.233917,6.4178114,7.056181,135.18402
84.22266,10.677238,34.033325,34.148323,6.2868676,6.9007215,126.067764
84.16337,10.690193,32.929173,33.06273,6.1559234,6.7452626,117.484375
84.384796,10.712158,31.855642,31.97362,6.031014,6.611671,112.303024
84.60623,10.734125,30.782112,30.884512,5.9061036,6.47808,108.15748
84.39583,10.817244,29.695896,29.822443,5.914717,6.5149655,110.011086
84.18542,10.900364,28.609678,28.760387,5.9233303,6.5518513,111.80498
83.83562,10.954941,27.252686,27.460218,6.0235305,6.668402,117.20225
83.48582,11.009519,25.895693,26.16005,6.1237297,6.7849536,123.777565
82.590485,11.0629425,26.026815,26.112091,6.2756023,6.9809065,135.9648
81.69515,11.116367,26.157938,26.064133,6.4274755,7.17686,148.00456
80.52673,11.0939245,27.016872,26.805485,6.59539,7.337436,159.77214
79.35832,11.071483,27.875805,27.54682,6.763304,7.498012,171.01018
79.17676,11.044481,28.495584,28.398157,6.7043843,7.429988,164.63641
78.9952,11.01748,29.115364,29.24948,6.645465,7.3619633,158.31816
79.145035,11.033549,31.010489,31.171087,6.531438,7.2423925,146.81805
79.29488,11.049619,32.90562,33.09268,6.4174113,7.1228228,136.86443
78.27404,11.105633,33.78381,33.967075,6.349034,7.054531,130.02547
77.253204,11.161645,34.662006,34.84148,6.2806573,6.986239,125.68119
77.082596,11.203069,34.573967,34.77657,6.1975765,6.921739,122.45562
76.91199,11.244493,34.485935,34.71166,6.1144953,6.8572392,119.745605
76.63322,11.33262,34.168903,34.5138,6.047056,6.8226085,119.17821
76.35445,11.420746,33.851868,34.31593,5.979617,6.7879777,119.651115
77.06174,11.481339,32.991364,33.513256,5.9683766,6.8097067,114.41416
77.769035,11.541934,32.130867,32.710564,5.9571357,6.831436,112.78847
77.82236,11.5561905,31.773888,32.30392,6.0685234,6.9467254,118.83464
77.87569,11.570448,31.416908,31.897274,6.1799107,7.0620146,125.69372
77.686714,11.576943,30.94448,31.462667,6.065502,6.96444,120.50013
77.49775,11.583438,30.472054,31.028059,5.9510937,6.866865,116.540184
77.48592,11.597176,30.141258,30.778824,5.9600143,6.8756976,117.01082
77.47411,11.610914,29.810465,30.52959,5.968936,6.8845296,117.500626
77.57101,11.572087,30.127426,30.675676,5.9673448,6.8325257,114.23702
77.66791,11.533261,30.444382,30.821764,5.965753,6.7805223,111.2129
78.58998,11.458723,31.316366,31.541569,5.9908586,6.7696066,109.86438
79.512054,11.384185,32.188347,32.261356,6.0159636,6.7586913,112.179886
79.74571,11.297563,32.638462,32.81257,6.0942883,6.801966,115.50277
79.97937,11.210941,33.088573,33.363796,6.172613,6.8452406,118.79936
79.559814,11.213202,32.76097,33.22723,6.192279,6.907322,121.8392
79.14026,11.215465,32.433365,33.090645,6.211945,6.969403,125.141624
78.936554,11.263551,32.59293,33.204033,6.2701325,7.0778594,130.75308
78.73285,11.311638,32.752483,33.317406,6.3283195,7.186316,137.11134
80.76589,11.244069,34.17387,34.5537,6.570536,7.401673,159.96837
82.798935,11.1765,35.595264,35.78999,6.8127522,7.6170297,182.14104
83.35033,11.110292,36.194565,36.474415,6.8674536,7.672998,186.88654
83.90171,11.044084,36.79386,37.15885,6.922155,7.7289667,191.22789
83.09958,11.302198,38.10468,38.589317,6.4475102,7.1690955,140.09526
82.29743,11.560313,39.4155,40.01978,5.972866,6.6092243,100.577194
82.43535,11.553785,39.52296,40.148098,5.968456,6.5940313,99.939316
82.57326,11.547258,39.630424,40.276417,5.964046,6.5788383,99.38953
82.73509,11.557423,38.54857,39.1763,5.9292045,6.530814,98.149376
82.89693,11.567585,37.466717,38.076183,5.8943634,6.48279,96.886406
82.84184,11.585689,37.303997,37.925014,5.915131,6.5200486,98.72348
82.786766,11.60379,37.141277,37.773846,5.935899,6.557308,100.5604
83.123985,11.499183,37.1216,37.562782,6.0091844,6.5792522,102.17189
83.461205,11.394574,37.101936,37.351738,6.08247,6.601197,104.1698
83.54518,11.358491,37.069965,37.32092,5.9887915,6.5169396,100.52962
83.629166,11.322408,37.038,37.290104,5.895114,6.4326825,97.139565
83.45021,11.342384,37.468853,37.708714,5.912433,6.441923,96.63155
83.27125,11.362363,37.89971,38.127327,5.929754,6.451164,96.165695
83.14558,11.336771,37.85718,38.039516,5.958879,6.470469,96.80237
83.019905,11.311181,37.814644,37.95169,5.9880037,6.489775,97.4261
82.87857,11.319849,37.96804,38.123875,5.897449,6.3982916,92.83401
82.737236,11.328518,38.12144,38.29606,5.806894,6.3068085,88.46508
82.58054,11.349907,37.883915,38.086205,5.7672963,6.2631435,86.222824
82.42385,11.371297,37.646397,37.87635,5.727699,6.219479,84.01993
82.42398,11.383275,36.65282,36.899704,5.724924,6.215243,84.05728
82.4241,11.395253,35.65925,35.923046,5.7221494,6.2110066,84.10144
82.35022,11.412118,34.8778,35.131462,5.799998,6.303092,87.981026
82.27634,11.428982,34.096355,34.339874,5.8778467,6.395177,92.39303
82.16821,11.45307,34.095882,34.352436,5.888458,6.417636,93.18476
82.06009,11.4771595,34.095406,34.365,5.899069,6.4400945,94.05004
81.95105,11.521418,34.139736,34.412395,5.927781,6.484593,95.880394
81.84202,11.565677,34.184063,34.459774,5.956493,6.5290914,97.8187
81.77835,11.577395,34.65614,34.905216,6.0039916,6.58353,100.020935
81.7147,11.589115,35.128216,35.350662,6.0514894,6.637969,102.50916
81.711975,11.583627,35.54897,35.771782,6.192066,6.7980585,112.30498
81.70925,11.578138,35.969723,36.1929,6.3326426,6.958149,123.323906
81.675095,11.561366,37.201183,37.41011,6.4469132,7.085286,132.20264
81.64094,11.544593,38.432632,38.6273,6.561184,7.2124243,141.14964
81.70939,11.513618,39.73079,39.953457,6.6191616,7.272548,145.0423
81.77784,11.482646,41.028954,41.279613,6.67714,7.3326726,149.17482
81.748436,11.440397,41.496048,41.75219,6.7352605,7.386707,153.56244
81.719025,11.398149,41.96315,42.22475,6.7933803,7.4407406,158.18268
81.86633,11.357555,42.133884,42.423767,6.8193154,7.466678,161.08453
82.01364,11.316962,42.304623,42.622784,6.8452497,7.4926157,164.1814
82.23689,11.276701,42.323143,42.6433,6.795128,7.4244704,158.33977
82.46016,11.236439,42.341656,42.663826,6.7450047,7.356325,152.50945
82.72717,11.192618,42.21918,42.555428,6.655478,7.2586308,144.0541
82.99418,11.148798,42.096706,42.44704,6.565952,7.160936,135.95813
83.10257,11.161333,43.209564,43.510742,6.564061,7.152801,134.96736
83.21096,11.173869,44.32242,44.57443,6.5621705,7.1446657,134.0674
83.194275,11.127502,45.307602,45.58117,6.622479,7.2031465,138.11597
83.17759,11.081137,46.292797,46.587906,6.6827865,7.261627,142.27376
81.221405,11.206421,46.179794,46.39579,6.181455,6.675429,100.34945
79.26522,11.331706,46.066803,46.203674,5.6801243,6.08923,75.84274
79.87697,11.320464,45.078236,45.238728,5.583637,5.9788365,71.87053
80.488716,11.309225,44.089672,44.273785,5.48715,5.868444,68.69739
80.49124,11.342752,42.701958,42.929607,5.4609365,5.8427477,67.78234
80.49377,11.376281,41.314247,41.58543,5.4347224,5.8170524,66.85748
80.335945,11.387981,41.97427,42.21851,5.570665,5.972699,71.4475
80.17813,11.399681,42.634304,42.85157,5.706608,6.128346,76.5927
79.92067,11.431679,44.224064,44.44796,5.8546014,6.293876,82.64462
79.66321,11.463676,45.813824,46.04435,6.0025945,6.4594064,89.16415
79.74053,11.464904,46.158306,46.379276,6.177687,6.6557865,98.7282
79.817856,11.466131,46.502796,46.714203,6.35278,6.8521657,110.18447
79.88086,11.488173,47.815025,48.01387,6.4733515,6.997495,119.09609
79.943855,11.510212,49.127254,49.313522,6.5939236,7.142825,128.73647
79.71518,11.564747,51.850006,52.037285,6.6348085,7.2004395,132.38918
79.486496,11.61928,54.57276,54.761066,6.675693,7.258054,135.98303
79.39634,11.683756,57.262337,57.4811,6.6979547,7.29562,138.72612
79.30617,11.748234,59.951912,60.201115,6.720216,7.333187,141.8642
79.63479,11.774559,62.410545,62.68554,6.673986,7.2867627,139.55559
79.96341,11.800886,64.86918,65.16995,6.627755,7.2403393,137.28534
80.49143,11.821104,65.61305,65.92842,6.4410086,7.0344415,123.784294
81.01946,11.841322,66.35693,66.68689,6.2542615,6.828544,111.65493
81.24447,11.89266,64.51997,64.8402,6.071367,6.638795,100.371254
81.46947,11.943997,62.683002,62.993523,5.888471,6.4490457,90.58459
81.44354,12.021652,60.260605,60.542675,5.9321814,6.5028787,92.39727
81.41761,12.099307,57.838207,58.091827,5.9758916,6.556712,94.62956
81.37282,12.12257,56.988617,57.273346,6.148794,6.753936,105.274895
81.32803,12.145834,56.139023,56.454865,6.321696,6.9511595,117.4416
81.248215,12.186297,56.10155,56.43504,6.509286,7.1937046,134.26178
81.16841,12.226762,56.06408,56.415203,6.6968765,7.4362493,151.23643
80.76036,12.2811985,56.649467,57.083313,6.9371243,7.741317,172.8007
80.35232,12.335635,57.234863,57.751427,7.1773715,8.046385,195.9935
80.82594,12.34646,54.874508,55.39005,7.46522,8.388835,233.29109
81.299576,12.3572855,52.51415,53.02869,7.7530694,8.731285,274.23224
81.643524,12.341688,53.55928,54.019356,7.9875836,9.006431,305.2845
81.98748,12.32609,54.60441,55.010002,8.222098,9.281575,332.682
82.04236,12.31326,56.407394,56.78824,8.309241,9.387453,340.95978
82.097244,12.300432,58.210384,58.566475,8.396383,9.493331,349.9771
82.142235,12.30199,59.564415,59.923244,8.409687,9.513893,350.96286
82.18722,12.303548,60.91845,61.280014,8.422991,9.534453,351.87167
81.86377,12.347347,61.846497,62.247387,8.420255,9.552553,352.21417
81.54032,12.391148,62.774544,63.21475,8.417519,9.570653,352.29663
81.086945,12.437696,62.84273,63.30731,8.258081,9.416029,335.95963
80.63357,12.484245,62.91093,63.39987,8.098645,9.261404,317.97006
83.24032,12.285908,63.75641,64.19712,8.1929035,9.248891,322.61145
85.84708,12.087567,64.60189,64.99436,8.287163,9.236378,303.85034
85.664024,12.0207815,64.87443,65.24567,8.148591,9.071553,293.84927
85.48099,11.953997,65.14696,65.49697,8.010019,8.906731,284.6352
85.27872,11.822864,63.86413,64.22085,8.25644,9.226681,310.06686
85.076454,11.6917305,62.581295,62.944717,8.502859,9.546631,339.8851
84.83668,11.629173,62.878376,63.22772,8.400522,9.407742,330.32333
84.59689,11.566616,63.175453,63.510735,8.298186,9.268851,319.8684
85.07917,11.633304,62.74918,63.1446,8.23076,9.22731,314.53546
85.561455,11.699992,62.322903,62.778477,8.163334,9.185767,308.88858
85.61355,11.65148,62.141354,62.62778,8.152523,9.13532,303.1219
85.66565,11.602969,61.9598,62.47708,8.141712,9.084872,297.35458
85.28661,11.565037,61.381844,61.863922,8.129299,9.072521,299.69092
84.907585,11.527106,60.803886,61.250763,8.116886,9.06017,301.879
85.129585,11.549381,60.98605,61.458595,8.282407,9.248049,315.3104
85.351585,11.571655,61.168217,61.666428,8.447927,9.435926,328.1706
84.52493,11.625431,61.279808,61.7415,8.470915,9.505054,340.75363
83.69828,11.679209,61.391396,61.81656,8.493902,9.5741825,351.79483
84.03692,11.733233,62.39091,62.836803,8.497919,9.589657,351.04688
84.375565,11.787258,63.390415,63.85703,8.501936,9.605131,350.2081
83.79842,11.8285885,63.54409,64.01504,8.41294,9.518026,346.3446
83.221275,11.869921,63.69776,64.17304,8.323943,9.430922,342.40884
83.78022,11.967817,62.94704,63.47051,8.247557,9.396051,339.01105
84.339165,12.065715,62.19632,62.767956,8.17117,9.36118,335.63916
85.11691,12.117124,63.00786,63.61846,8.22383,9.47142,340.9073
85.89465,12.168534,63.819393,64.46896,8.276491,9.58166,345.7677
85.338715,12.287901,64.26723,65.01875,8.036138,9.404913,339.26022
84.78277,12.407268,64.71506,65.56855,7.7957854,9.228165,328.1381
85.694244,12.461921,63.81674,64.8173,7.6859255,9.168581,322.32227
86.60571,12.516574,62.91842,64.066055,7.576065,9.108996,316.71033
86.52675,12.564987,61.640873,63.06927,7.5068707,9.125359,320.5374
86.447784,12.6133995,60.363327,62.072475,7.437676,9.141721,324.30234
86.161316,12.677732,59.3256,61.341835,7.3844724,9.240782,337.90973
85.87484,12.742065,58.287872,60.61118,7.331269,9.339844,351.53232
85.552536,12.807326,58.32134,61.036392,7.274723,9.39725,359.44424
85.23025,12.872589,58.354813,61.461605,7.2181773,9.454657,366.63486
84.99318,12.940774,58.22016,61.775158,7.1443534,9.494344,372.0724
84.75612,13.008959,58.085506,62.088722,7.0705285,9.53403,377.39737
85.07001,13.061898,58.3603,62.422127,7.1843314,9.71725,394.37424
85.383896,13.114838,58.635086,62.75555,7.2981358,9.900468,411.29993
84.863716,13.172426,59.624374,63.8394,7.323241,10.007855,419.95398
84.34354,13.230014,60.61367,64.923256,7.3483467,10.115243,425.75345
84.1987,13.277886,61.79503,66.366356,7.3284273,10.1784725,430.12524
84.053856,13.325757,62.97639,67.80945,7.3085074,10.241704,434.5625
83.66163,13.370427,64.895195,69.80464,7.3570614,10.392211,445.02243
83.26942,13.415096,66.81401,71.79985,7.4056144,10.542719,454.06656
82.41859,13.470505,68.72296,74.00099,7.492949,10.74161,460.89853
81.567764,13.525912,70.63192,76.20212,7.5802836,10.9405,465.3709
80.77046,13.59944,72.2364,78.06348,7.7277303,11.211944,475.40128
79.97317,13.672966,73.840866,79.92483,7.875178,11.483387,484.59317
79.0809,13.763258,74.46474,80.99901,7.897898,11.6186495,482.41522
78.18863,13.853549,75.0886,82.07318,7.9206185,11.753911,480.371
81.78613,13.469482,69.47421,78.7726,7.4015994,11.187484,480.1963
85.38364,13.085415,63.85982,75.472015,6.8825808,10.621057,465.9781
84.959366,13.224562,65.22458,77.307144,6.8501515,10.669451,468.03714
84.5351,13.3637085,66.58933,79.14228,6.817723,10.717844,468.75165
85.15015,13.4606085,68.666664,81.0658,6.839972,10.828095,477.71042
85.7652,13.557508,70.744,82.98933,6.862222,10.938348,484.99255
86.101265,13.650219,73.656586,85.94236,6.7999845,10.956037,485.2039
86.43734,13.742929,76.56916,88.89539,6.737747,10.973725,485.24942
86.54202,13.813461,79.43777,91.877205,6.620484,10.888959,478.38425
86.646706,13.883991,82.30638,94.859,6.5032196,10.8041935,470.75555
85.74473,13.9465065,84.65741,97.0508,6.404383,10.731086,461.56818
84.84276,14.009019,87.00843,99.24259,6.3055468,10.657978,448.76642
83.646774,14.041797,88.19032,99.78534,6.3388968,10.718686,442.63867
82.45079,14.074575,89.37221,100.328064,6.3722467,10.779394,439.99612
82.0989,14.079366,89.56351,99.771774,6.5452847,10.976916,450.41125
81.747,14.084157,89.75483,99.21549,6.7183237,11.174438,460.1862
82.20454,14.070778,90.8581,99.260666,7.0591955,11.571915,483.92688
82.66207,14.0574,91.96137,99.30585,7.4000664,11.969391,507.209
83.737785,14.01541,93.83626,100.45411,7.6966186,12.261302,526.3779
84.81349,13.973422,95.711136,101.60239,7.993171,12.553213,539.9947
85.49358,13.940655,96.70658,102.31559,8.070603,12.627757,544.38885
86.17367,13.907887,97.70203,103.02878,8.148036,12.702301,548.3988
86.09427,13.89231,98.373535,103.461105,8.191647,12.737949,548.82446
86.01486,13.876733,99.04506,103.89344,8.235257,12.773597,549.2434
85.12693,13.888904,98.38022,103.429306,8.1535845,12.707539,544.7326
84.23899,13.901075,97.71537,102.965164,8.071913,12.6414795,539.68475
82.69934,13.939657,95.68916,101.26094,8.173299,12.754813,538.1987
81.15969,13.978241,93.66296,99.55671,8.274685,12.868146,535.9575
80.511765,13.970183,92.381096,98.02343,8.382738,12.94889,536.4884
79.86383,13.962128,91.099236,96.49013,8.49079,13.029632,536.58856
80.80495,13.903515,90.95167,96.05502,8.485171,12.996718,540.9298
81.746056,13.844903,90.804085,95.61991,8.479553,12.963804,544.69977
83.1247,13.779285,90.4925,95.16113,8.404963,12.835972,546.1529
84.50334,13.71367,90.18091,94.70235,8.330373,12.708138,548.3041
85.27445,13.663006,89.58302,94.01,8.324996,12.671522,550.84973
86.045555,13.612342,88.98512,93.31764,8.319619,12.634907,552.7828
86.4352,13.5825405,88.81415,93.0263,8.453847,12.76797,556.77423
86.824844,13.552737,88.643166,92.734955,8.588074,12.901035,560.7498
86.956894,13.552021,89.178276,93.21073,8.496766,12.8254175,559.17255
87.08896,13.551304,89.71338,93.68651,8.4054575,12.7498,557.4823
87.042336,13.579652,89.09797,93.432915,8.255817,12.638319,554.25037
86.99571,13.608001,88.48255,93.17932,8.106175,12.526838,550.72095
87.16906,13.628073,87.852066,92.766716,8.013596,12.45416,548.8225
87.342415,13.648143,87.22158,92.35411,7.9210167,12.381479,546.86475
87.625984,13.652847,87.25686,92.40913,7.7020383,12.16686,540.2934
87.90955,13.657551,87.292145,92.46414,7.48306,11.952239,532.9165
88.260475,13.64138,88.46165,93.452484,7.2081685,11.640152,519.4956
88.61139,13.62521,89.63116,94.44082,6.933276,11.328064,503.61063
89.6826,13.669055,89.001884,93.9755,6.4874935,10.675559,468.63733
90.753815,13.7129,88.3726,93.510185,6.0417104,10.023053,428.926
90.90692,13.691888,87.31293,93.68147,5.614429,9.484093,386.62537
91.060036,13.670874,86.25325,93.85277,5.1871476,8.945133,340.01364
91.34934,13.645926,85.486855,94.19292,4.902887,8.550536,307.85663
91.63866,13.620978,84.72044,94.533066,4.618626,8.155939,274.4868
91.805504,13.609671,83.87011,94.84679,4.3328614,7.73742,236.26294
91.97234,13.598365,83.01976,95.16051,4.0470963,7.318903,200.65425
92.03413,13.59563,82.57638,95.59045,3.8762474,7.0531387,183.4787
92.09592,13.5928955,82.13302,96.02038,3.7053988,6.7873745,164.44806
91.92744,13.617836,81.047874,95.71397,3.647758,6.665857,156.41437
91.758965,13.642778,79.96272,95.40755,3.5901175,6.5443387,148.85013
91.499146,13.675726,79.14888,94.92562,3.543218,6.494545,147.37906
91.23932,13.708675,78.33503,94.44369,3.4963186,6.4447513,146.07555
90.995125,13.741458,77.25482,93.64372,3.422021,6.32804,140.07864
90.75092,13.7742405,76.17461,92.843765,3.3477235,6.211329,134.42674
90.53784,13.808944,76.24182,93.00413,3.257479,6.105934,130.81172
90.32475,13.843645,76.30904,93.1645,3.1672344,6.0005393,126.7221
90.25238,13.867066,76.88921,93.40974,3.1704943,6.0327253,129.51938
90.180016,13.890489,77.46938,93.65497,3.1737542,6.0649114,132.32336
90.2534,13.905137,79.19475,95.56855,3.106345,5.977382,127.86319
90.32679,13.919786,80.920105,97.48213,3.0389357,5.889853,123.39523
90.28739,13.935935,82.43986,99.354256,2.970912,5.7778273,117.800156
90.24798,13.952084,83.9596,101.22639,2.902888,5.665801,112.56137
89.88036,13.996623,85.57642,102.78503,2.901167,5.69131,114.57294
89.51273,14.041161,87.19325,104.34369,2.8994458,5.7168193,116.964676
89.127,14.079928,89.06541,105.05405,2.9941263,5.8870287,124.231636
88.74126,14.118696,90.93756,105.7644,3.0888076,6.057239,130.84868
88.52952,14.137546,91.62056,106.145615,3.1328964,6.161579,135.51707
88.31777,14.156396,92.30356,106.52684,3.1769855,6.265919,138.7763
88.28156,14.156463,92.37635,106.512535,3.1053638,6.206769,135.52118
88.245346,14.15653,92.449135,106.49825,3.033742,6.1476183,132.25984
88.263466,14.158613,92.91496,106.04558,3.1057572,6.275634,137.35385
88.281586,14.160695,93.3808,105.5929,3.177773,6.4036493,142.96202
88.371735,14.166637,91.60934,104.51013,3.1629362,6.3983254,142.49884
88.461876,14.17258,89.83786,103.427345,3.1480994,6.393002,142.2426
88.42366,14.207507,88.64047,102.34628,3.2004955,6.456829,144.83658
88.385445,14.2424345,87.44307,101.265205,3.2528918,6.520657,147.4547
88.554016,14.253566,86.31932,99.62054,3.3937688,6.7180424,157.7909
88.72259,14.264696,85.19559,97.975876,3.5346453,6.9154277,168.42778
88.807014,14.2751045,84.37614,97.07614,3.5332675,6.976712,170.42383
88.89144,14.285512,83.55666,96.17642,3.531889,7.0379977,172.07535
88.69512,14.307033,79.78037,93.69622,3.533989,7.0481153,171.55785
88.4988,14.328552,76.00409,91.215996,3.5360887,7.058233,170.35345
88.0241,14.375428,72.128235,87.80466,3.5452745,7.0536222,167.39172
87.54939,14.422305,68.25239,84.39332,3.5544603,7.049011,165.58546
87.052216,14.431446,64.80643,81.10299,3.5828218,7.0805607,166.67682
86.55504,14.440585,61.36046,77.81266,3.6111836,7.1121106,168.1502
84.960045,14.743789,62.62775,77.62826,3.7645648,7.292137,174.20042
83.36505,15.046993,63.895046,77.443855,3.917946,7.472163,183.33131
83.256714,15.041641,64.112724,78.42591,4.0240216,7.5628924,192.75545
83.14837,15.036289,64.33041,79.40798,4.130098,7.6536217,201.72765
83.20775,15.034971,68.46247,84.292114,4.2280164,7.7274384,210.16759
83.26712,15.033654,72.594536,89.17625,4.325935,7.801255,218.9072
83.27449,15.068012,78.15253,96.57358,4.2464895,7.666627,213.65155
83.28186,15.102369,83.71051,103.9709,4.1670446,7.5319986,206.39044
82.53793,15.202236,91.00779,109.09423,4.609717,8.148524,258.23965
81.794,15.302103,98.30507,114.217545,5.052389,8.765049,304.94617
81.220764,15.366404,101.02639,115.40108,5.1906548,9.058097,324.18597
80.64753,15.430704,103.74771,116.58461,5.3289204,9.351144,340.72232
80.30805,15.41143,106.29561,117.29539,5.7091618,9.899514,368.48373
79.968575,15.392158,108.8435,118.0061,6.089403,10.447885,404.67444
79.485535,15.391575,108.25826,116.39976,6.676021,11.013136,439.38104
79.0025,15.390994,107.67302,114.79341,7.262641,11.578387,467.9192
78.01651,15.438047,108.79165,115.15007,7.54357,11.931991,481.39554
77.03051,15.4851,109.91027,115.50674,7.8244996,12.285594,494.7751
77.01251,15.452115,110.0162,115.22863,7.5779386,12.136194,489.21893
76.994514,15.419128,110.12212,114.95054,7.3313766,11.986795,482.13907
77.35828,15.38938,111.14816,115.77483,7.222956,11.868254,477.28064
77.72204,15.3596325,112.1742,116.59912,7.114535,11.749713,472.8455
78.3762,15.285895,111.177155,115.754005,6.9866157,11.542656,465.1113
79.03036,15.212158,110.18011,114.90888,6.858696,11.3356,457.28528
79.117546,15.193744,108.43678,113.720535,6.734386,11.176405,448.50342
79.20473,15.17533,106.69345,112.53218,6.610076,11.017211,439.0979
79.165764,15.163074,105.09796,111.29048,6.362621,10.744275,420.35236
79.12681,15.150818,103.50247,110.04876,6.115166,10.471338,398.89307
79.11902,15.1128845,101.164185,107.4956,6.125228,10.465329,396.29535
79.11123,15.074951,98.8259,104.94244,6.13529,10.45932,393.76642
79.08613,15.043013,98.037834,103.71969,6.096449,10.430582,390.24402
79.06103,15.011075,97.24976,102.49696,6.0576067,10.401845,386.70425
79.424484,14.985584,95.49416,100.94119,5.941063,10.266244,377.6626
79.78794,14.960096,93.73856,99.38544,5.8245187,10.130643,368.7904
80.4853,14.920429,91.70674,97.40997,5.826867,10.07328,370.56412
81.182655,14.88076,89.674934,95.43451,5.8292155,10.015918,371.56622
81.82139,14.823902,87.03449,92.88732,5.6984606,9.78909,357.8857
82.46012,14.767042,84.39404,90.34014,5.5677066,9.562265,344.86694
83.02941,14.699503,81.603226,87.66144,5.369302,9.293702,326.72778
83.59871,14.631965,78.812416,84.98271,5.1708975,9.025137,309.20724
84.24648,14.555045,74.76205,80.95858,5.255197,9.0490265,316.8695
84.89426,14.478126,70.71168,76.934456,5.339496,9.072915,326.92432
85.71053,14.390682,68.429146,74.23569,5.4488873,9.158572,340.81787
86.52682,14.30324,66.146614,71.53694,5.5582786,9.244229,353.48737
87.051254,14.258631,63.582447,69.25572,5.345858,8.995252,331.5196
87.57571,14.214023,61.01828,66.974495,5.133438,8.746275,310.59888
87.87127,14.186787,58.701736,64.97269,4.9869514,8.583052,296.79367
88.16684,14.159549,56.385197,62.97088,4.840464,8.419828,283.43973
89.461914,14.439021,50.353565,57.007534,5.5079727,9.182162,367.66913
90.75697,14.7184925,44.32194,51.04419,6.1754813,9.944497,446.1506
89.98134,14.799824,46.62934,53.252735,6.4643555,10.322066,468.2061
89.2057,14.881158,48.936737,55.46128,6.7532287,10.699635,489.68536
88.52729,14.953548,52.170395,58.91086,6.8295903,10.801186,493.16193
87.84888,15.025939,55.40406,62.36043,6.905951,10.902736,495.5891
87.30431,15.0614195,58.345623,66.44,6.679955,10.51464,469.25464
86.75976,15.096899,61.28719,70.5196,6.453959,10.126544,437.53955
86.148895,15.147693,64.39953,76.019196,5.872866,9.311861,363.02167
85.53803,15.198486,67.51187,81.51879,5.2917733,8.497179,282.07104
84.99529,15.239264,69.87253,84.96264,4.901347,8.029492,237.71246
84.452545,15.280043,72.23319,88.406494,4.5109205,7.5618052,202.30952
83.985016,15.29841,73.63458,91.09396,4.133378,7.0737367,171.51016
83.51748,15.316779,75.035965,93.78144,3.7558358,6.585668,146.42416
83.14107,15.327724,75.18952,91.00438,4.0059433,6.974811,168.02472
82.76465,15.338671,75.34306,88.22734,4.2560506,7.3639545,192.7724
82.17047,15.355022,76.36903,87.750534,4.432645,7.704304,216.74715
81.57629,15.371374,77.39501,87.27372,4.6092396,8.044654,238.40231
81.15782,15.363455,80.56071,89.2206,4.9276547,8.498008,270.55078
80.73935,15.355533,83.726395,91.16749,5.24607,8.951363,298.03357
80.243454,15.373975,86.27473,92.643524,5.604361,9.452976,328.03775
79.74755,15.392415,88.823074,94.11957,5.9626513,9.954589,357.2594
79.29355,15.4156275,90.78432,95.532906,6.1710424,10.233588,374.0587
78.83954,15.438839,92.745544,96.94623,6.379433,10.5125885,392.47903
77.49774,15.49743,93.71346,97.92163,6.081674,10.246546,365.7526
76.15595,15.55602,94.68137,98.89705,5.7839155,9.980503,347.6532
75.41799,15.540455,92.259315,96.73855,5.796037,9.908652,343.5085
74.68004,15.524892,89.83726,94.58005,5.8081584,9.836801,339.24655
75.825455,15.4021435,87.44719,91.987785,5.8189726,9.736725,327.6555
76.97087,15.279394,85.05713,89.39554,5.829787,9.636649,320.3703
77.31171,15.221022,82.405136,86.89668,5.6388702,9.393649,304.62714
77.65254,15.162648,79.75314,84.39782,5.4479537,9.150651,289.50098
76.4605,15.155072,77.23819,81.820076,5.461249,9.118693,281.68088
75.26846,15.147494,74.723236,79.24234,5.474544,9.086736,275.0175
73.71751,15.106747,72.912865,77.33677,5.4402633,8.989421,265.58487
72.16656,15.065998,71.1025,75.431206,5.405982,8.892106,259.92337
72.68209,14.988741,70.07983,74.3222,5.4743953,8.86617,256.32907
73.197624,14.911481,69.057144,73.2132,5.5428085,8.840233,252.40608
74.33816,14.806386,67.30727,71.652695,5.5517783,8.755124,243.82768
75.47869,14.70129,65.557396,70.092186,5.560748,8.670014,237.53294
76.14918,14.642203,59.849422,65.68487,5.490235,8.546329,226.86356
76.81966,14.583117,54.14145,61.277534,5.4197216,8.422641,220.61867
77.19851,14.5842705,50.22744,58.073055,5.561962,8.621548,233.13715
77.57736,14.585424,46.313427,54.868572,5.704202,8.820454,248.12764
77.550514,14.639156,46.462036,54.568165,6.0047097,9.264055,274.8569
77.523674,14.692887,46.610638,54.267757,6.3052163,9.707659,307.1253
77.64735,14.741834,47.75052,55.159557,6.5985994,10.087128,343.16714
77.77101,14.790781,48.89041,56.051373,6.8919826,10.466596,382.59958
77.85471,14.963628,51.096603,57.969498,7.7441134,11.547775,473.93073
77.938416,15.136475,53.302803,59.88761,8.596244,12.628955,523.4386
78.41767,15.163134,55.45168,62.111904,8.648938,12.6947,527.9189
78.896935,15.189792,57.600548,64.33621,8.701632,12.760445,532.38605
79.10301,15.207538,60.03592,66.72031,8.589204,12.600789,528.87036
79.30909,15.225284,62.471283,69.10441,8.476776,12.441133,524.29645
79.19537,15.22032,65.152275,71.61723,8.33146,12.244289,515.0719
79.08166,15.215356,67.83326,74.13008,8.186143,12.047446,504.49103
78.669846,15.211336,70.11143,76.37951,7.976763,11.825841,488.0808
78.258026,15.207315,72.38961,78.628944,7.7673826,11.604236,470.3236
78.25356,15.188309,72.665924,78.68098,7.515527,11.317157,450.22992
78.2491,15.169301,72.94224,78.73302,7.2636714,11.030078,427.74976
78.84279,15.136415,71.59673,77.39997,7.0656896,10.771529,412.50082
79.436485,15.103529,70.25123,76.06692,6.8677087,10.512981,397.03616
80.14376,15.066372,69.10561,74.814156,6.7972074,10.401946,396.433
80.85104,15.029215,67.96001,73.5614,6.726706,10.290911,395.55475
81.37289,15.009244,67.10674,72.70851,6.624853,10.147974,389.5496
81.89472,14.989271,66.25349,71.85562,6.5230007,10.005037,384.9574
82.51904,14.954591,65.80739,71.46839,6.427707,9.8512,380.72946
83.14336,14.919911,65.36129,71.08115,6.3324137,9.697365,376.59076
83.69092,14.887934,65.10592,71.02985,6.2019987,9.498075,365.6347
84.23848,14.855957,64.85055,70.97856,6.071583,9.298783,353.73682
84.670334,14.815557,63.97487,70.2523,5.98028,9.148224,345.7564
85.10217,14.775156,63.09919,69.52603,5.8889766,8.997663,336.5291
85.55249,14.747911,62.64938,69.00579,5.859525,8.945806,334.67715
86.0028,14.720666,62.19957,68.48557,5.8300734,8.89395,332.50027
86.531,14.70231,62.034954,68.249886,5.8315997,8.885637,333.76147
87.05919,14.683953,61.87033,68.014206,5.8331256,8.877325,335.08698
87.45839,14.670636,62.12028,68.26875,5.847595,8.889668,336.92374
87.85759,14.657317,62.37024,68.52331,5.8620644,8.90201,338.32547
88.02561,14.650145,62.927563,69.121284,5.8679895,8.914545,339.02225
88.19363,14.642971,63.48489,69.71926,5.873915,8.92708,339.71774
88.173645,14.645345,64.19649,70.46554,5.8613334,8.927539,339.2522
88.153656,14.647717,64.9081,71.211815,5.8487515,8.927997,338.80966
87.95661,14.658108,65.913536,72.13103,5.759769,8.859004,332.13977
87.75957,14.668497,66.918976,73.050224,5.670786,8.790011,325.2361
87.53027,14.67998,67.08665,73.01458,5.6298833,8.759013,322.47415
87.30099,14.6914625,67.25432,72.97893,5.588981,8.728016,318.86716
87.37495,14.676084,66.61534,72.201775,5.5544143,8.685545,315.5604
87.4489,14.660705,65.976364,71.42464,5.519848,8.643074,312.23264
87.44557,14.648242,65.82509,71.23363,5.413533,8.515088,299.4389
87.44223,14.635779,65.67382,71.042625,5.307219,8.387103,286.7113
87.55841,14.604663,66.20144,71.73855,5.050399,8.052092,253.75723
87.67458,14.573546,66.72906,72.43448,4.7935786,7.71708,226.5718
87.83312,14.545255,67.70056,73.764275,4.543257,7.3810925,202.95647
87.991646,14.516964,68.672066,75.09407,4.2929363,7.0451045,180.22154
88.2195,14.488175,68.26704,75.5501,4.079238,6.744804,162.36389
88.447334,14.459388,67.86201,76.00614,3.8655403,6.4445033,144.27065
88.76438,14.558869,64.668015,73.07878,4.0827556,6.790247,165.16194
89.081436,14.658353,61.47402,70.151436,4.2999706,7.135991,186.84839
88.68308,14.629964,60.306458,69.62336,4.204727,7.0116396,180.18773
88.28473,14.601575,59.1389,69.0953,4.1094837,6.8872886,173.18745
87.99288,14.605356,59.248775,69.18089,4.198775,7.009474,180.22598
87.701035,14.609137,59.35865,69.26648,4.2880664,7.131659,187.31819
87.295135,14.597486,59.4898,69.2019,4.386687,7.236201,193.85428
86.88923,14.585833,59.62094,69.13733,4.485307,7.340742,200.9468
86.41263,14.590296,59.64933,69.20953,4.466493,7.308546,198.28673
85.93604,14.59476,59.677715,69.28174,4.4476795,7.27635,195.32823
85.459435,14.611321,59.39909,69.18841,4.3586345,7.1633053,185.95078
84.98284,14.627882,59.120472,69.09508,4.2695904,7.05026,176.57178
84.44156,14.658527,59.034233,69.128746,4.147854,6.9105506,166.10168
83.90028,14.689171,58.947998,69.16241,4.0261173,6.7708416,156.39009
83.54182,14.710679,58.75648,68.99083,3.9286015,6.65306,147.92058
83.18335,14.732188,58.564957,68.81926,3.8310864,6.5352793,140.10321
83.0005,14.747771,58.436195,68.76989,3.7086656,6.381997,131.43996
82.817665,14.763355,58.307438,68.72052,3.5862448,6.2287154,123.187164
82.66701,14.764863,56.603985,67.57474,3.4133134,5.980606,109.820885
82.51636,14.76637,54.90053,66.42895,3.2403815,5.732497,97.79018
82.34254,14.7663145,53.420666,64.68696,3.1586869,5.6123357,91.44725
82.16871,14.766258,51.940807,62.94497,3.076992,5.492173,85.10756
82.17725,14.748704,52.316925,61.92399,3.1516595,5.605978,90.01695
82.18579,14.73115,52.69304,60.903008,3.2263267,5.7197824,94.69167
82.52063,14.700523,53.01388,61.071884,3.2066083,5.701079,95.487305
82.85547,14.669898,53.334724,61.240757,3.1868904,5.682375,96.67851
82.78003,14.675148,51.598057,60.41666,3.0153039,5.467748,86.949715
82.70458,14.680399,49.86139,59.592567,2.8437176,5.2531214,77.616455
82.41967,14.693061,48.027294,57.711826,2.8184292,5.207917,74.563934
82.13477,14.705723,46.19321,55.83109,2.7931411,5.1627135,72.207085
82.01596,14.700214,46.019268,55.17386,2.7980957,5.1911836,73.01617
81.897156,14.694708,45.84533,54.516617,2.8030505,5.2196536,73.655174
81.60038,14.695081,45.764153,54.366184,2.785254,5.208649,72.24056
81.3036,14.695455,45.682972,54.215736,2.7674575,5.197644,70.78382
81.14484,14.6853075,43.856873,52.93048,2.6740327,5.0693083,66.524864
80.98608,14.67516,42.03077,51.645226,2.5806072,4.9409723,62.666183
80.95346,14.667833,40.769688,50.341984,2.566102,4.9087777,62.107254
80.920845,14.660505,39.508614,49.03874,2.551597,4.8765836,61.648872
80.95315,14.637203,39.305313,48.716,2.5463922,4.859325,61.04178
80.98545,14.613901,39.102016,48.393272,2.5411875,4.842067,60.40649
80.95689,14.587285,37.933628,47.641525,2.5272028,4.799904,59.423046
80.92832,14.560669,36.76524,46.88979,2.513218,4.757741,58.557964
81.04402,14.5235405,34.028088,45.00477,2.4673078,4.6497865,56.98155
81.15971,14.486412,31.29093,43.119762,2.4213977,4.541832,56.15865
81.51841,14.446906,27.406458,40.164394,2.3332489,4.3646903,54.301422
81.877106,14.407399,23.521982,37.209007,2.2451,4.187548,52.27797
82.54212,14.36231,20.786442,34.638042,2.191478,4.067598,51.961315
83.20712,14.317224,18.050905,32.06706,2.1378562,3.9476466,51.15208
84.563965,14.5512,20.068565,31.408028,2.3934295,4.2856865,55.840046
85.9208,14.785177,22.086227,30.748995,2.6490035,4.6237264,69.39614
86.00429,14.734599,19.648212,28.35876,2.5478194,4.4733047,66.18628
86.08778,14.684021,17.210201,25.968513,2.446635,4.322883,63.190834
86.44813,14.647119,14.700824,23.886686,2.3464696,4.1955,62.569027
86.80847,14.610215,12.191445,21.804844,2.2463043,4.0681167,62.222538
86.6104,14.578691,67.81656,18.482002,2.118359,3.8515759,48.7522
86.41232,14.547166,123.44167,15.159163,1.990414,3.6350353,44.016243
85.913414,14.542889,160.42743,37.361996,1.9420744,3.5441244,40.87848
85.414505,14.538611,197.41321,59.564823,1.8937349,3.4532135,47.29186
84.83963,14.541638,226.1408,63.197166,1.8553411,3.40584,65.07127
84.264755,14.544663,254.86838,66.82949,1.8169472,3.3584666,73.81221
83.67093,14.56286,301.86197,94.75264,1.7648882,3.2787871,73.79223
83.0771,14.581055,348.8556,122.67579,1.7128295,3.1991081,76.03256
82.4966,14.59882,345.47678,175.00984,1.7242907,3.1992717,78.250534
81.916084,14.616584,342.09796,227.34389,1.7357523,3.1994352,60.72017
81.28541,14.643159,338.52725,279.23022,1.7795591,3.2485857,31.71896
80.65474,14.669735,334.95648,331.11655,1.8233659,3.297736,23.57747
80.0402,14.705033,332.94348,333.9727,1.868797,3.3657682,24.479986
79.425674,14.740333,330.9305,336.82883,1.9142282,3.4338002,25.094347
78.923935,14.765693,330.54324,340.4424,2.0051308,3.5775716,27.288235
78.422195,14.791053,330.15598,344.056,2.0960333,3.7213428,29.579815
78.02582,14.819342,330.86105,343.82364,2.1702578,3.8604884,32.02917
77.62943,14.847629,331.56613,343.59125,2.2444823,3.9996343,33.7619
77.40967,14.854411,332.11798,343.61954,2.331434,4.1475406,35.321373
77.1899,14.861193,332.66983,343.64783,2.4183857,4.295448,38.864475
76.896065,14.876138,334.11783,344.81668,2.4318821,4.3436246,40.52552
76.602234,14.891082,335.5658,345.98553,2.4453783,4.391801,42.446526
76.23592,14.904278,337.7497,348.08112,2.4538102,4.4340916,44.349766
75.86961,14.917473,339.9336,350.17667,2.4622421,4.476382,45.699112
75.41554,14.938227,337.80182,349.75455,2.405883,4.391812,45.986317
74.96148,14.958981,335.67004,349.33246,2.349524,4.307242,47.002884
74.63242,14.959155,335.24774,348.90405,2.3327742,4.273999,47.94268
74.30337,14.95933,334.8254,348.47565,2.316024,4.2407556,48.915546
74.07663,14.955181,333.96204,348.3594,2.2481732,4.1322784,48.462452
73.849884,14.951033,333.09866,348.24316,2.1803226,4.0238013,47.925632
73.7872,14.930341,333.00494,342.80444,2.1629984,3.9647114,47.44794
73.724525,14.90965,332.91125,337.36572,2.1456742,3.9056213,46.880413
73.370125,14.912938,339.3066,301.6014,2.1459968,3.9765427,56.02794
73.015724,14.916225,345.70203,265.8371,2.1463194,4.0474644,65.80518
73.03979,14.901792,346.16336,252.4461,2.0235615,3.8730505,66.582146
73.06385,14.887356,346.6247,239.05513,1.9008038,3.6986363,67.82435
73.44452,14.857612,349.42487,126.81893,1.8182932,3.565953,78.324684
73.82519,14.827867,352.225,14.582703,1.7357827,3.4332697,86.84065
74.42607,14.788095,345.71155,126.566025,1.6419263,3.193225,73.349815
75.02695,14.748324,339.1981,238.54935,1.5480698,2.9531798,50.33755
75.56163,14.711357,342.2752,219.41638,1.6295874,3.0521147,59.532143
76.09631,14.67439,345.3523,200.28337,1.711105,3.1510496,71.42463
79.23648,14.803871,347.29144,102.021065,1.7423022,3.196828,79.610794
82.376656,14.933353,349.23056,3.7587523,1.7734993,3.242606,86.905426
82.83116,14.9034815,350.16144,4.252877,1.7444029,3.1577747,84.17726
83.28565,14.87361,351.09235,4.747018,1.7153064,3.0729434,81.8942
83.8119,14.8324375,350.669,4.9805064,1.6428052,2.933664,78.99304
84.338135,14.7912655,350.2457,5.2140107,1.5703043,2.794385,75.70166
84.810425,14.76855,346.0684,107.68113,1.5078973,2.6314752,73.7864
85.282715,14.745836,341.89108,210.14824,1.4454904,2.4685652,47.052567
85.83279,14.704546,340.16058,282.74484,1.4382441,2.402142,17.654232
86.382866,14.663256,338.43005,355.34146,1.4309982,2.3357189,3.536358
86.67502,14.6601715,343.46283,253.26953,1.4044346,2.3251772,24.888763
86.96716,14.657086,348.49564,151.19759,1.3778712,2.314635,62.349373
87.236595,14.642995,285.22983,80.66496,1.1997583,2.0928414,65.07785
87.506035,14.628903,221.96405,10.132301,1.0216454,1.8710481,49.146267
87.76783,14.633694,282.43546,12.303898,0.99971664,1.7500225,63.48859
88.02963,14.638485,342.9069,14.475478,0.9777879,1.628997,62.641815
88.284836,14.6321745,342.65234,87.7019,1.0103698,1.6569088,58.962635
88.54005,14.625865,342.39777,160.92834,1.0429518,1.6848208,45.39391
88.64093,14.640245,280.17438,86.41505,0.99427754,1.6583906,56.19842
88.741806,14.654625,217.95099,11.901753,0.9456032,1.6319606,45.339684
88.865845,14.666943,119.424225,20.985483,0.9764416,1.7277986,16.155674
88.98988,14.679259,20.897463,30.069214,1.00728,1.8236365,-1.5800942
89.09008,14.692314,33.227192,40.270428,1.1387124,2.0275316,0.24801986
89.19026,14.705369,45.556923,50.47165,1.2701447,2.2314265,7.7147593
89.24856,14.722974,54.53739,58.102867,1.2957113,2.3364022,12.873576
89.30684,14.740581,63.517868,65.73407,1.3212779,2.4413774,19.179737
89.4723,14.74008,87.69835,82.744995,1.0513542,2.0421605,23.469812
89.63774,14.739579,111.87882,99.755936,0.7814305,1.6429435,20.759518
89.82845,14.729094,100.47299,99.50491,0.75226575,1.5903126,20.27135
90.01916,14.718607,89.06716,99.25387,0.72310114,1.5376817,20.508463
89.945915,14.720214,115.331215,112.31527,0.46064737,1.1704879,19.03675
89.87268,14.721822,141.59528,125.376656,0.19819352,0.8032942,16.960855
90.120804,14.692569,108.430374,115.292175,0.35389358,0.8706672,18.047297
90.36892,14.663316,75.26548,105.20768,0.5095936,0.9380403,13.135208
90.60719,14.645261,72.97004,105.60877,0.41819504,0.7961635,10.842357
90.84547,14.627204,70.67461,106.00988,0.32679644,0.65428674,8.717833
91.23979,14.609877,72.113846,98.208664,0.58093226,0.93576056,9.320846
91.63412,14.592549,73.553085,90.40744,0.8350681,1.2172343,10.064982
91.47796,14.609172,78.113655,90.68936,1.3630708,1.9210879,15.50931
91.321815,14.6257925,82.67422,90.971275,1.8910736,2.6249416,22.738962
91.07805,14.659645,78.09345,84.29497,2.410978,3.410995,33.669033
90.83428,14.693498,73.51269,77.618675,2.9308825,4.197048,50.099236
90.9894,14.702156,78.90236,81.485825,2.5200634,3.9069517,46.523163
91.14452,14.710814,84.29202,85.352974,2.1092443,3.6168544,41.460747
91.56114,14.705482,93.04866,93.44231,1.9858094,3.4624383,39.16231
91.97776,14.700148,101.8053,101.531654,1.8623745,3.3080223,35.046543
92.49,14.685066,100.92021,102.81202,1.909679,3.3962371,36.451836
93.00224,14.669986,100.035126,104.092384,1.9569837,3.484452,38.28108
93.763885,14.946925,97.10728,101.11062,2.6271904,4.3083067,55.545753
94.52554,15.223864,94.17944,98.12887,3.297397,5.1321607,74.11066
94.19317,15.157136,93.33656,97.22044,3.4890437,5.327551,79.409546
93.8608,15.09041,92.493675,96.31202,3.6806903,5.5229397,85.32993
93.76833,15.097512,94.10201,97.498535,3.8988352,5.8341393,94.94008
93.675865,15.104614,95.71033,98.68505,4.1169806,6.145339,106.71351
93.5013,15.083445,95.797005,98.93214,4.2830243,6.360167,117.02365
93.32672,15.062276,95.88368,99.17921,4.4490685,6.574995,128.06996
92.70868,15.086107,97.378174,100.69348,4.5190535,6.663621,135.41692
92.09063,15.109938,98.87266,102.207756,4.5890384,6.7522473,142.4184
91.72455,15.1329975,103.21048,106.68221,4.674555,6.9374475,157.30034
91.35846,15.156056,107.54831,111.15667,4.760071,7.122647,171.95424
90.750786,15.197946,106.5426,112.062355,4.6166735,7.026441,167.40839
90.14312,15.239834,105.53691,112.96803,4.4732766,6.930236,163.07985
89.84151,15.287457,102.31462,110.262596,4.453914,6.9003367,160.91405
89.5399,15.335079,99.09233,107.55717,4.4345517,6.8704376,159.37997
89.37519,15.406318,99.67964,107.21216,4.799227,7.385773,189.98485
89.21048,15.477555,100.266945,106.867165,5.1639023,7.9011087,220.37271
89.23542,15.5123,103.49875,109.15418,5.3356557,8.18211,236.85208
89.26035,15.547044,106.730545,111.44119,5.5074096,8.463111,258.1834
89.069824,15.565977,109.14051,114.15158,5.070039,8.009155,224.59853
88.8793,15.584909,111.55046,116.86197,4.6326675,7.5551996,198.15619
88.95476,15.577151,111.75857,118.32557,4.49948,7.350773,187.28856
89.03022,15.569393,111.96668,119.7892,4.3662915,7.1463466,177.42593
89.057335,15.5904875,106.82109,115.36209,4.679335,7.4359264,190.36679
89.08444,15.611582,101.67548,110.934975,4.9923787,7.725507,207.36118
89.28411,15.633007,104.908966,112.89761,5.285256,8.143102,231.7078
89.48379,15.654432,108.142456,114.86027,5.5781336,8.560697,263.10873
89.65279,15.650714,110.11376,117.37254,5.547131,8.5245495,259.65262
89.82178,15.646996,112.08508,119.88484,5.5161285,8.488401,256.70853
90.64174,15.620036,115.28447,123.26353,5.4571815,8.449984,258.12955
91.46169,15.593075,118.48384,126.64218,5.398235,8.411566,258.8173
91.834854,15.613909,119.90456,128.40965,5.3252115,8.347428,254.16505
92.20802,15.634742,121.32527,130.17714,5.2521887,8.28329,249.1597
92.496086,15.643462,121.36926,129.98329,5.4155364,8.488244,267.1506
92.78415,15.65218,121.41326,129.78944,5.578884,8.693197,285.73688
92.70243,15.666225,121.3697,128.79659,5.684458,8.867465,300.9555
92.62071,15.68027,121.32612,127.80376,5.790032,9.041731,317.39606
91.96593,15.6956625,121.47413,128.43274,5.9532485,9.234921,328.27478
91.311134,15.711057,121.62214,129.06172,6.116466,9.428112,339.5518
90.9845,15.733166,120.683464,127.36812,5.9843783,9.324867,327.81787
90.65785,15.755276,119.74481,125.67448,5.8522916,9.221621,316.32303
90.546425,15.770684,116.8204,121.332504,5.7110353,9.102113,307.6614
90.43499,15.786092,113.89597,116.99051,5.5697794,8.982606,298.2605
90.38332,15.759533,115.82527,120.00588,5.5671825,8.996597,299.83133
90.33165,15.732974,117.75455,123.021255,5.564586,9.010591,300.58884
91.00027,15.625879,123.305084,128.75023,6.0642147,9.527562,351.01544
91.668884,15.5187845,128.85562,134.4792,6.563843,10.044533,400.05853
90.9648,15.593705,131.80206,136.26556,6.3890285,9.81197,373.20575
90.26071,15.668627,134.7485,138.05196,6.2142143,9.579407,345.43567
90.45694,15.676048,131.787,135.7626,5.9665,9.283477,322.88065
90.65317,15.683472,128.8255,133.47327,5.7187853,8.987547,298.82422
91.290634,15.666099,136.83241,141.34947,5.6549945,8.953579,303.42517
91.9281,15.6487255,144.83931,149.22566,5.5912027,8.919612,310.88028
93.04294,15.533783,156.64285,160.93822,4.526229,7.451909,191.10529
94.157776,15.41884,168.4464,172.65077,3.4612553,5.9842067,85.880905
94.43159,15.374433,177.74338,181.81032,2.7902415,5.038935,50.62114
94.70541,15.330027,187.04037,190.96982,2.119228,4.093664,30.377935
94.647606,15.32385,202.97328,205.45782,2.3132672,4.3013997,34.28948
94.589806,15.317675,218.90617,219.94583,2.5073068,4.5091357,43.798336
94.802734,15.308309,230.0593,232.76924,3.6382587,5.810655,87.31241
95.015656,15.2989435,241.21239,245.59265,4.76921,7.112174,187.14096
95.06358,15.355814,249.91483,254.32776,5.468332,7.924277,249.02536
95.1115,15.412684,258.61728,263.06287,6.167454,8.73638,314.46292
94.34963,15.408273,256.88766,260.49106,6.2561502,8.775929,311.9947
93.58776,15.403858,255.15807,257.91925,6.344847,8.815481,308.98553
93.1733,15.370231,250.90529,253.98872,6.3561735,8.834327,308.79834
92.75884,15.336602,246.6525,250.05821,6.3674994,8.853172,307.77032
92.09552,15.362331,243.44287,247.36273,6.270538,8.792889,297.30774
91.4322,15.388061,240.23326,244.6673,6.173577,8.732604,283.3123
90.807106,15.43165,236.39096,240.78822,6.0426755,8.672586,270.96817
90.18202,15.47524,232.54868,236.9092,5.9117756,8.612569,260.7449
89.6217,15.576295,227.81433,232.83368,5.540435,8.3390875,235.11545
89.06138,15.67735,223.07997,228.7582,5.1690946,8.065607,210.48157
88.11806,15.789926,217.8713,224.87086,4.7651486,7.7075887,182.06194
87.17473,15.902499,212.66266,220.98358,4.3612027,7.3495703,169.91762
86.43294,15.983329,203.71294,214.58617,4.1014085,6.959057,166.41757
85.69114,16.064157,194.76321,208.18875,3.8416145,6.568544,163.3364
86.05755,16.00054,183.39815,195.87556,4.194726,6.8543177,195.85042
86.42396,15.936924,172.03307,183.5624,4.5478373,7.1400914,218.94742
87.174416,15.82912,166.8532,175.74017,5.219931,8.025997,251.60579
87.924866,15.721316,161.67331,167.91792,5.892025,8.911903,295.5972
87.94891,15.714635,161.34439,167.95537,6.1316357,9.245412,317.7316
87.97297,15.7079525,161.01549,167.99278,6.371247,9.578921,341.37555
86.90477,15.882113,163.41063,170.73058,6.2029853,9.542505,341.62836
85.83657,16.056274,165.80579,173.46835,6.0347238,9.506089,346.0461
85.55834,16.172428,166.97078,174.56046,6.1561418,9.718324,360.85712
85.28011,16.288582,168.13579,175.65256,6.27756,9.93056,375.52527
85.15566,16.355566,169.04785,176.81255,6.3789454,10.100351,386.7125
85.03121,16.42255,169.95993,177.97252,6.480331,10.2701435,398.3459
84.738495,16.489798,171.42838,179.92302,6.3404675,10.157543,394.49088
84.445786,16.557047,172.89684,181.87355,6.200603,10.044943,391.11023
84.07135,16.586256,174.58798,183.4321,6.058893,9.910883,387.22723
83.696915,16.615463,176.27914,184.99065,5.9171844,9.776822,382.8537
83.60581,16.570253,177.16646,186.56274,5.787466,9.577792,370.64368
83.51472,16.52504,178.05377,188.13487,5.6577473,9.378762,358.03284
84.52637,16.348846,175.93068,184.69987,5.7312284,9.270663,343.31424
85.538025,16.172651,173.80756,181.26492,5.8047104,9.162565,329.2467
85.92074,16.090153,172.84381,180.19936,5.6538777,8.931137,313.08804
86.30345,16.007656,171.88005,179.13382,5.5030456,8.699708,297.91757
86.44921,15.962584,171.2503,178.4412,5.243907,8.359248,280.86414
86.59497,15.917511,170.62057,177.74854,4.984769,8.018789,263.44748
86.70998,15.859675,167.89554,175.23872,4.813425,7.7333055,249.48624
86.82498,15.801838,165.17049,172.72893,4.642081,7.447822,235.29636
86.73953,15.764967,160.17526,168.16226,4.5935273,7.3148365,226.58075
86.65408,15.728095,155.18004,163.59555,4.544974,7.1818514,218.22618
86.273705,15.723683,151.19167,159.71338,4.4853773,7.0874767,214.92972
85.893326,15.719273,147.20331,155.83118,4.425781,6.9931026,211.89468
85.36666,15.745155,142.77306,150.85822,4.5171895,7.140063,221.3156
84.84,15.77104,138.3428,145.88525,4.6085978,7.2870235,231.39334
84.59441,15.829415,131.49205,139.54213,4.538319,7.305517,229.25946
84.34883,15.88779,124.64129,133.199,4.468041,7.3240113,226.06136
84.21246,15.967507,119.62136,128.20186,4.752673,7.7754025,247.48586
84.076096,16.047224,114.60144,123.20471,5.0373044,8.226792,272.37735
84.563065,16.109856,116.15326,123.90195,5.554615,8.880421,305.31934
85.05003,16.17249,117.70509,124.59918,6.0719256,9.534047,338.4844
86.184235,16.124332,119.96242,126.24885,6.09628,9.466508,324.94058
87.31843,16.076178,122.21975,127.89848,6.120635,9.398969,312.17337
88.54856,15.967591,126.48418,132.03532,5.6980586,8.883052,275.43466
89.77868,15.859005,130.7486,136.17216,5.2754827,8.367133,245.99721
89.84117,15.871678,128.3836,134.29367,5.521449,8.672222,267.8901
89.90366,15.884351,126.01863,132.41519,5.767416,8.97731,287.87772
90.38134,15.887305,128.9993,134.41208,6.342393,9.680657,344.5097
90.85901,15.890259,131.97995,136.40897,6.9173713,10.384006,402.42764
91.40962,15.903539,135.04704,140.03746,7.193852,10.685266,424.33936
91.96025,15.916819,138.11414,143.66591,7.470332,10.986526,444.37573
92.59352,15.949182,140.77896,147.2844,7.363609,10.885317,441.05682
93.22679,15.981544,143.44379,150.90291,7.256887,10.784107,436.52502
93.614456,16.001932,143.25662,150.87778,7.1503043,10.647504,428.78043
94.00212,16.022322,143.06947,150.85266,7.043721,10.5109005,420.53333
94.326294,15.998205,145.29701,152.29308,7.024912,10.526352,424.42612
94.650475,15.974091,147.52457,153.7335,7.006102,10.541802,428.27588
95.19169,15.9658575,150.26248,156.77513,6.843752,10.367283,419.56613
95.73291,15.957624,153.00038,159.81679,6.681402,10.192765,410.64316
96.07557,15.899011,156.54056,163.56067,6.3292694,9.699449,374.2794
96.41824,15.840397,160.08075,167.30458,5.977135,9.206133,331.11838
96.12714,15.80673,169.11856,175.82314,5.3281317,8.383321,265.75668
95.83604,15.773065,178.15639,184.3417,4.679128,7.560509,197.38832
95.43734,15.780289,177.4424,189.03435,4.1047964,6.6710653,118.92532
95.03865,15.787512,176.72841,193.72699,3.5304651,5.781621,67.729935
94.93156,15.823442,187.01227,203.23721,3.2723567,5.51255,59.955837
94.82447,15.859371,197.29611,212.74745,3.0142481,5.243478,55.64455
94.958,15.878344,212.89426,226.19417,3.148383,5.5629478,64.61256
95.09153,15.897315,228.49237,239.64088,3.2825172,5.882417,82.70678
94.291405,15.774796,239.6798,247.62843,4.6120887,7.463379,208.18912
93.49128,15.652276,250.86723,255.61598,5.94166,9.04434,346.53137
92.95979,15.567662,249.57549,254.67337,5.7959957,8.816256,321.38113
92.4283,15.483048,248.28375,253.73076,5.650331,8.588171,293.04614
92.402374,15.447459,248.00352,253.4628,5.6162925,8.607459,296.73447
92.37644,15.411872,247.72328,253.19487,5.5822535,8.626748,300.017
92.00826,15.402151,246.35223,252.25748,5.611951,8.656326,297.90445
91.64008,15.392432,244.98119,251.3201,5.641649,8.685903,295.68732
91.002785,15.398637,245.83907,252.65356,5.5998282,8.610748,279.8191
90.36549,15.404842,246.69696,253.98703,5.5580072,8.535593,264.2654
89.85052,15.384657,246.61414,254.06827,5.536919,8.439468,248.2933
89.335556,15.364471,246.5313,254.14954,5.515832,8.343345,234.02856
88.76447,15.381258,247.49179,255.80786,5.3429174,8.126173,210.42418
88.19339,15.398044,248.45227,257.46622,5.170003,7.9090023,187.21236
87.987175,15.411391,245.5508,254.45209,5.119758,7.8206577,179.0103
87.78096,15.424736,242.64932,251.43794,5.0695133,7.7323136,172.85735
88.07661,15.401232,238.08707,246.21587,4.897229,7.5166597,160.51393
88.37226,15.377726,233.52483,240.9938,4.7249446,7.3010054,149.48326
88.86965,15.351981,231.19531,237.56725,4.822403,7.434898,159.72224
89.36704,15.326236,228.86575,234.14067,4.919861,7.56879,173.80238
89.96421,15.314375,225.9828,232.29189,4.962687,7.6008945,179.26048
90.561386,15.302514,223.09988,230.44312,5.0055127,7.632998,185.12225
90.46722,15.32325,223.23335,230.6956,4.9854274,7.608586,182.06729
90.37305,15.3439865,223.3668,230.9481,4.9653416,7.5841737,179.05128
89.90998,15.381383,224.7202,231.9339,4.9458647,7.6357603,179.78812
89.446915,15.418779,226.07356,232.91968,4.9263883,7.6873474,181.1869
89.19469,15.499188,222.86606,230.87857,4.6387615,7.4534855,161.03627
88.94246,15.5796,219.6586,228.83745,4.3511353,7.219623,148.39424
88.9496,15.684916,213.77812,224.4557,4.1913767,7.0518165,139.35185
88.95675,15.790232,207.89767,220.07393,4.031618,6.8840094,131.73016
88.530426,15.839469,206.16861,218.45366,3.9582098,6.7858467,130.73247
88.104095,15.888705,204.43956,216.83339,3.8848016,6.687684,130.7642
87.58798,15.9094305,201.0406,214.57716,3.7968874,6.5126595,130.04922
87.07188,15.930155,197.64166,212.32097,3.7089736,6.337636,129.24997
86.59929,15.956977,193.95421,209.05919,3.7129853,6.290009,136.26462
86.12669,15.983798,190.26674,205.79736,3.7169974,6.242382,141.62
85.779724,16.012735,186.5265,200.59212,3.967847,6.542586,172.49655
85.432755,16.04167,182.78627,195.38686,4.218697,6.842789,202.42924
85.82249,15.987057,182.0763,192.18544,4.4631634,7.2899013,229.58366
86.21222,15.932444,181.36632,188.98404,4.7076306,7.737014,250.51099
86.40869,15.931015,181.69568,187.94028,4.63028,7.789843,253.53421
86.605156,15.929586,182.02502,186.8965,4.5529294,7.842673,255.70271
86.47404,15.948792,182.80487,187.23645,4.250118,7.4824095,240.07681
86.3429,15.968,183.5847,187.57637,3.9473052,7.1221466,223.06725
86.251785,15.966462,186.26797,189.90388,3.7597709,6.8694615,205.74884
86.16066,15.964925,188.95128,192.2314,3.5722363,6.6167774,186.4226
86.213486,15.934323,192.0771,195.88736,3.1593466,6.0427995,138.99565
86.26631,15.903724,195.20296,199.54335,2.7464564,5.4688225,91.87796
86.91497,15.756982,192.91072,199.27919,2.6610544,5.3659945,82.73965
87.56362,15.610239,190.6185,199.01503,2.575652,5.263167,73.59328
87.71717,15.616733,188.90561,200.3202,2.2851985,4.7320504,52.55134
87.87073,15.623226,187.1927,201.62534,1.9947449,4.2009344,39.983795
88.209,15.6036625,185.01414,202.02582,1.7723094,3.7955086,33.154163
88.54727,15.584099,182.83559,202.42633,1.549874,3.3900833,27.783333
88.880585,15.550101,177.95177,205.13718,1.2401831,2.7858167,23.625534
89.213905,15.516103,173.06795,207.84802,0.93049216,2.1815498,22.759478
89.37184,15.499827,163.29094,222.40497,0.74918336,1.714724,22.751904
89.52978,15.483551,153.51392,236.96191,0.5678747,1.2478981,26.868902
90.27098,15.385474,154.63896,225.0303,0.65327066,1.0738109,19.831968
91.01218,15.287397,155.76399,213.09866,0.73866665,0.8997236,16.825983
91.31437,15.248126,116.778854,186.71367,0.7182755,0.9362953,15.225584
91.61656,15.208855,77.79371,160.32866,0.69788444,0.97286683,18.719685
91.76573,15.223146,95.764145,127.236916,1.1333867,1.5024307,19.872305
91.914894,15.237436,113.73457,94.14514,1.5688893,2.0319943,18.22931
91.83109,15.271574,122.54073,112.10625,1.6326362,2.443767,25.095734
91.747284,15.305711,131.34688,130.06735,1.6963831,2.85554,27.05446
92.23899,15.242383,147.87444,147.70006,1.5479432,2.8375916,22.423925
92.730705,15.179056,164.40196,165.33276,1.3995032,2.8196435,19.046352
92.80168,15.175089,159.41438,171.85046,1.1402272,2.405642,18.201632
92.87264,15.171122,154.4268,178.36818,0.88095105,1.9916403,18.209206
92.699814,15.201015,184.63986,194.80902,0.59829736,1.5591173,18.001749
92.526985,15.230909,214.85292,211.24988,0.3156436,1.1265942,16.342785
92.628075,15.226411,212.67615,230.53711,0.4117535,1.0888556,14.293348
92.729164,15.221913,210.49936,249.82434,0.50786334,1.0511171,18.93243
92.74079,15.2146635,271.0005,281.78595,0.72809124,1.3760421,4.1733007
92.75242,15.207414,331.50165,313.74756,0.94831926,1.7009672,0.011844714
92.72891,15.214344,261.8713,285.74014,1.3046148,2.429834,13.7227125
92.705414,15.221272,192.24095,257.73276,1.6609104,3.1587002,24.954878
92.13926,15.286026,171.67506,146.44412,2.1016347,3.8869884,41.626892
91.57311,15.35078,151.10915,35.155502,2.5423589,4.6152763,53.04487
91.101295,15.407505,117.19552,21.757183,2.9946847,5.299644,86.890076
90.62948,15.464231,83.281876,8.35885,3.447011,5.9840117,134.94382
90.46004,15.499746,46.39718,11.1758175,3.4627163,6.077012,152.82944
90.29059,15.53526,9.512483,13.992786,3.478422,6.1700115,170.96323
90.29715,15.555821,12.289265,17.46358,3.282534,5.9556084,157.61931
90.30371,15.576382,15.0660515,20.934372,3.0866458,5.7412057,144.42966
90.414696,15.576063,18.507599,24.558907,2.90205,5.4781804,126.50229
90.52568,15.575745,21.949152,28.183441,2.7174537,5.2151546,109.517296
90.87106,15.544085,18.53779,26.95121,2.6420996,4.994815,99.16266
91.21645,15.5124235,15.12643,25.718996,2.5667455,4.774475,86.5992
91.572296,15.473182,27.41243,23.062998,2.548284,4.7204065,84.82523
91.92814,15.43394,39.698437,20.407015,2.5298226,4.6663384,78.83216
92.10866,15.408526,65.385315,17.918842,2.3893938,4.416375,63.45629
92.289185,15.383114,91.0722,15.430668,2.248965,4.1664114,54.307865
92.52766,15.327038,215.17049,185.73778,2.3226547,4.1079144,37.003574
92.76613,15.270962,339.26877,356.0449,2.3963442,4.0494175,42.42899
90.81213,15.418053,339.15945,352.32883,2.635681,4.210506,62.32886
88.85814,15.565145,339.05014,348.61276,2.8750174,4.3715944,71.15162
88.63193,15.529538,337.20108,345.63925,2.8985066,4.362014,67.939964
88.405716,15.49393,335.35202,342.6658,2.9219959,4.3524337,64.68006
88.21623,15.447736,335.1988,342.0142,2.9155455,4.241338,58.83128
88.02675,15.40154,335.04556,341.3626,2.9090953,4.1302414,53.257153
87.90017,15.389059,340.05884,345.81094,2.7155702,3.868136,47.39962
87.77359,15.37658,345.07214,350.25928,2.522045,3.6060302,41.06375
87.88921,15.370347,344.30283,350.45926,2.328314,3.3372853,32.770344
88.004845,15.364116,343.53357,350.6592,2.1345832,3.0685403,25.44407
87.89948,15.359495,285.48898,237.10837,1.8208636,2.7077172,23.817406
87.79412,15.354875,227.44443,123.55749,1.5071439,2.3468943,37.252293
87.46833,15.364567,282.35144,150.7966,1.2195197,1.9274936,37.617397
87.14254,15.374261,337.25848,178.03569,0.9318957,1.5080931,39.18062
86.998856,15.367898,271.0735,143.39355,0.6814847,1.1719768,34.786144
86.85517,15.361534,204.88846,108.75143,0.4310736,0.83586043,16.376766
87.10268,15.361712,191.11293,128.10751,0.6169072,0.8644648,10.792649
87.35018,15.361891,177.33742,147.46362,0.8027408,0.8930693,11.802206
87.582924,15.372467,184.31136,164.33073,1.0866653,1.3753847,16.978893
87.815674,15.383042,191.28528,181.19789,1.3705896,1.8577001,20.243956
87.38745,15.41149,190.5835,184.47063,1.6433454,2.400295,22.440794
86.95923,15.439939,189.88171,187.74336,1.9161009,2.9428895,25.460888
86.90009,15.464681,183.6911,185.20789,2.0546138,3.2667763,27.737452
86.84095,15.489423,177.50049,182.67241,2.193127,3.5906632,32.34118
86.74959,15.524748,179.24173,183.78712,2.2826617,3.7824647,35.499226
86.65823,15.560072,180.98294,184.90184,2.3721967,3.9742663,38.828144
86.94849,15.588582,171.40175,179.68965,2.393882,4.007158,39.645622
87.23875,15.617092,161.82053,174.47746,2.4155672,4.04005,39.54595
87.41771,15.659748,161.30383,171.51,2.8767538,4.6691127,64.011986
87.59668,15.702406,160.78714,168.54254,3.33794,5.298176,94.863235
87.85751,15.742485,157.89156,166.35106,3.2749262,5.2886186,93.58611
88.118355,15.782565,154.99599,164.15958,3.2119117,5.279062,92.12565
88.81203,15.793782,156.33607,165.26392,3.5711455,5.740894,112.81964
89.50569,15.804999,157.67618,166.36827,3.9303792,6.202727,134.52295
90.07843,15.825761,160.85727,169.05986,4.0194426,6.407871,140.78125
90.65118,15.846523,164.03836,171.75148,4.1085052,6.613015,145.82593
90.52544,15.88988,169.46988,176.79463,4.086827,6.6679063,149.20068
90.3997,15.933238,174.90141,181.83778,4.065148,6.722797,148.70107
89.91869,16.005821,180.34113,189.42416,3.9378827,6.5854783,137.93349
89.43768,16.078402,185.78084,197.01054,3.810617,6.4481597,128.68088
89.18676,16.179169,189.30484,202.55415,3.6475697,6.2351613,114.223236
88.93583,16.279934,192.82884,208.09778,3.4845216,6.0221634,100.35148
88.75747,16.340923,200.64146,214.04335,3.667722,6.385472,115.62801
88.5791,16.401913,208.45409,219.98888,3.850922,6.7487803,129.24759
87.77933,16.459452,212.0754,223.27591,4.0719423,7.150915,155.37474
86.97955,16.51699,215.6967,226.56294,4.2929626,7.5530496,183.34676
85.97467,16.58289,217.50816,228.85771,4.1521883,7.3340716,171.52095
84.9698,16.648787,219.3196,231.15248,4.011414,7.115093,157.46092
85.45084,16.582397,225.30202,241.53,3.6011467,6.644454,110.862404
85.93189,16.516008,231.28442,251.90749,3.1908786,6.1738143,77.72873
85.90258,16.517282,231.45166,250.77269,2.8663676,5.7252736,57.474155
85.87327,16.518557,231.61888,249.63791,2.5418558,5.276733,41.62522
86.31195,16.48002,217.79608,236.85167,2.5198178,5.0715203,45.77878
86.75063,16.441484,203.97324,224.06538,2.4977796,4.8663077,48.924995
86.449585,16.468542,200.01845,215.9828,3.0732765,5.7387924,88.199135
86.14854,16.495598,196.06367,207.9002,3.6487737,6.611276,159.04355
85.4787,16.574757,199.30435,210.62273,4.220251,7.476969,216.95607
84.80886,16.653917,202.54506,213.34523,4.791728,8.342661,263.7819
85.33471,16.681875,209.12383,219.44188,5.041953,8.646515,268.67334
85.86055,16.709835,215.7026,225.53856,5.292178,8.950367,282.87918
86.36698,16.694162,219.22304,227.66994,5.5210757,9.223805,305.2153
86.87341,16.67849,222.74345,229.80136,5.749974,9.497244,328.32812
87.52073,16.617393,224.41512,231.10889,5.9857025,9.677658,344.4145
88.168045,16.556297,226.08676,232.41641,6.2214313,9.858071,361.8374
88.75994,16.49404,228.1609,234.33002,6.2643127,9.845159,365.90485
89.351845,16.431782,230.23505,236.2436,6.307195,9.832245,369.82416
89.78057,16.39271,229.56819,235.9071,6.093952,9.5536375,350.98328
90.2093,16.353638,228.90137,235.57062,5.880709,9.275032,331.46045
90.395485,16.364077,227.79904,234.46307,5.8085423,9.211101,328.97855
90.58167,16.374516,226.6967,233.35558,5.736376,9.147169,326.30963
90.808304,16.406588,227.6046,233.85323,5.617841,9.082157,324.95215
91.03493,16.438663,228.51254,234.35088,5.4993052,9.017144,323.34137
91.130905,16.489355,227.33795,234.32048,4.994035,8.468888,266.89246
91.22688,16.540045,226.16333,234.29005,4.488764,7.9206324,211.3643
91.077095,16.588509,220.97862,230.94804,4.027475,7.3142586,154.22652
90.92731,16.636969,215.79391,227.60599,3.5661864,6.7078853,114.122795
90.71626,16.685213,213.97803,226.70804,3.3073802,6.371121,96.00461
90.50521,16.73346,212.16211,225.81009,3.0485742,6.0343566,78.926
90.3398,16.770655,204.40768,221.11996,2.995649,5.7864456,70.319016
90.174385,16.80785,196.65323,216.42982,2.942724,5.538534,66.607895
90.199265,16.80208,191.25266,209.98656,3.0835102,5.5718813,71.45171
90.224144,16.796309,185.8521,203.54324,3.224296,5.6052284,77.13175
90.44565,16.74777,180.88034,197.64252,3.3904762,5.7295976,82.90484
90.66717,16.699232,175.90857,191.74174,3.556656,5.853967,89.245125
90.775566,16.662172,174.69258,188.53482,3.7336833,6.233595,110.32525
90.883965,16.62511,173.4766,185.3279,3.910711,6.613222,135.12006
90.48223,16.666588,172.21368,183.21376,3.953124,6.857223,158.21898
90.08049,16.708065,170.95078,181.0996,3.9955363,7.1012235,181.15793
89.57925,16.762362,168.80455,178.62788,4.1366806,7.372107,201.02795
89.078,16.816656,166.65831,176.15614,4.277824,7.6429906,217.40482
88.96251,16.80231,166.4002,175.11865,4.4745493,7.9197273,233.04733
88.847015,16.787964,166.1421,174.08119,4.6712747,8.196465,250.2033
88.80333,16.742758,167.22414,174.4016,4.8635993,8.4054,264.84726
88.75964,16.69755,168.30618,174.72203,5.0559235,8.614338,279.08862
88.69384,16.672443,168.92725,175.09474,5.1118,8.690688,284.145
88.62804,16.647335,169.54831,175.46747,5.167677,8.767037,289.82294
87.69467,16.758612,168.87837,176.46425,4.860844,8.352092,270.2019
86.7613,16.86989,168.20844,177.46103,4.5540113,7.9371467,256.06924
86.50627,16.889769,168.26842,177.61052,4.6250052,8.031113,263.2841
86.25126,16.909647,168.32838,177.75998,4.695999,8.125078,270.19894
86.272545,16.899536,166.42378,175.96086,4.764717,8.170009,271.21136
86.29382,16.889423,164.51918,174.1617,4.8334346,8.214939,272.1893
86.47534,16.831713,163.64168,172.43086,5.0340815,8.364205,276.74036
86.65687,16.774,162.7642,170.70003,5.2347283,8.513472,280.18225
86.66056,16.732939,163.50104,170.77618,5.3176847,8.569485,283.36954
86.66425,16.691877,164.23788,170.85231,5.4006414,8.625498,286.73334
86.5899,16.673084,163.92464,170.58043,5.4578996,8.653341,288.31216
86.51554,16.654293,163.61139,170.30855,5.5151577,8.681185,289.75482
86.97988,16.616364,160.35843,167.07988,5.6058245,8.706963,285.6504
87.444214,16.578432,157.10544,163.85121,5.6964912,8.732739,281.18375
88.07681,16.547916,154.65506,161.16377,5.8075266,8.813257,277.80264
88.70941,16.5174,152.20465,158.47633,5.918562,8.893777,276.19696
88.44122,16.533676,151.02075,157.39781,5.935756,8.937303,279.06122
88.17304,16.54995,149.83684,156.31929,5.952951,8.980829,282.07834
87.23259,16.602156,153.01744,159.1944,5.8561,8.945065,290.26355
86.29215,16.654362,156.19807,162.0695,5.759249,8.9093,298.99307
85.95475,16.703514,154.19836,161.46906,5.659084,8.859503,296.3958
85.61735,16.752668,152.19867,160.86865,5.5589185,8.809707,294.41565
85.93774,16.819592,151.74619,160.15561,5.7561812,9.144183,308.9811
86.258125,16.886515,151.29369,159.44254,5.953444,9.478662,324.2776
86.67827,16.934929,150.199,158.10744,6.2502522,9.877972,341.25385
87.09842,16.983343,149.10431,156.77234,6.54706,10.277281,359.34103
86.75143,17.046139,148.76921,156.51834,6.7588477,10.577886,380.1261
86.404434,17.108934,148.4341,156.26433,6.970636,10.878491,400.8483
85.35422,17.203163,148.52548,156.29002,7.2380447,11.275801,433.03934
84.30401,17.29739,148.61688,156.3157,7.5054526,11.67311,459.93912
82.80986,17.402586,149.51479,156.9823,7.7643056,12.077483,485.59872
81.31572,17.507782,150.4127,157.6489,8.023158,12.481854,509.68076
79.93074,17.604239,150.95364,158.32195,8.450503,13.078899,533.94916
78.54577,17.700697,151.49457,158.995,8.877848,13.675942,552.0296
77.56378,17.790648,151.76877,159.52261,9.215779,14.226463,563.9537
76.5818,17.880598,152.04298,160.05019,9.553712,14.776982,572.66064
75.85076,17.996342,153.43231,161.11873,9.745654,15.168955,577.8848
75.11972,18.112083,154.82164,162.18727,9.937596,15.560928,581.6647
75.232185,18.176743,157.69205,164.71523,9.992265,15.704798,582.9871
75.34465,18.2414,160.56247,167.24313,10.046933,15.848668,583.7569
76.80444,18.17741,168.62227,174.29439,9.703556,15.311713,576.46954
78.26423,18.11342,176.68205,181.3456,9.360177,14.774758,567.6953
82.51942,17.765863,215.74316,225.00641,8.489903,13.057251,519.266
86.77461,17.418306,254.80428,268.6672,7.6196284,11.339745,444.05176
88.90118,17.231123,277.71625,283.14334,7.5602427,11.38644,469.61633
91.02774,17.043938,300.62823,297.61942,7.500857,11.433137,490.86392
91.65527,16.87605,289.5035,289.82944,6.1326337,9.70384,381.83936
92.28281,16.708164,278.37875,282.03943,4.7644114,7.9745455,207.24443
93.83134,16.525692,268.77673,273.8169,5.0023494,8.137633,239.30727
95.379875,16.343222,259.1747,265.5943,5.240288,8.300721,276.2175
93.05999,16.378206,262.36932,267.76694,6.6959143,9.847363,383.76675
90.740105,16.41319,265.56393,269.93958,8.151541,11.394008,462.01123
89.006386,16.27479,265.74594,269.209,8.578494,11.608267,468.56638
87.27267,16.136389,265.92795,268.4785,9.0054455,11.822525,477.81287
87.20461,15.969348,266.54767,268.48605,9.532574,12.135728,484.1208
87.13656,15.802306,267.16733,268.4936,10.059701,12.448932,492.45773
87.30688,15.689795,267.41092,268.59778,10.148255,12.398502,485.89392
87.477196,15.577284,267.65448,268.70193,10.23681,12.348072,478.566
87.25826,15.479712,269.0899,270.1666,10.410605,12.509325,487.25977
87.03934,15.382141,270.52536,271.63123,10.5844,12.670579,495.4897
87.01972,15.325761,273.84756,274.95895,10.541512,12.553125,488.77585
87.00011,15.269382,277.16977,278.2867,10.498622,12.435671,482.65262
86.22417,15.283709,278.9333,280.14468,10.200352,12.033868,466.32397
85.448235,15.298035,280.69687,282.00266,9.9020815,11.632064,440.93436
84.149475,15.330131,281.43134,282.6888,9.878669,11.592001,445.51212
82.850716,15.362226,282.16583,283.37497,9.855256,11.551938,451.27655
81.84765,15.394366,282.6842,283.8147,9.823314,11.525768,454.8405
80.84458,15.426506,283.20258,284.2544,9.79137,11.499598,456.79163
80.2097,15.484019,282.2313,283.31857,9.636176,11.356613,450.31213
79.57482,15.541531,281.26,282.38272,9.480982,11.21363,443.96606
78.95366,15.628333,279.57285,280.98138,8.989666,10.737517,413.0694
78.33249,15.715135,277.8857,279.58002,8.49835,10.261405,372.10843
78.98954,15.780154,271.92422,274.0385,7.866757,9.657258,324.42368
79.64659,15.845175,265.96277,268.497,7.2351627,9.05311,276.9415
79.38289,15.919809,261.36948,264.6494,6.835747,8.727881,245.77972
79.11919,15.994446,256.77615,260.8018,6.436331,8.402652,213.94913
79.11758,16.036997,253.9336,258.5972,6.131972,8.094308,185.93124
79.11596,16.079548,251.09099,256.3926,5.827613,7.7859635,163.75244
79.534294,16.074057,248.54558,254.50372,5.3352966,7.234684,133.50192
79.95262,16.068563,246.00015,252.61482,4.842981,6.6834044,100.784805
79.72489,16.09723,243.39415,250.37714,4.6240697,6.444855,90.431175
79.49717,16.125898,240.78818,248.13948,4.405159,6.2063055,82.852646
78.961716,16.158398,241.0226,247.99968,4.725711,6.641846,108.05413
78.42628,16.190897,241.25697,247.8599,5.0462627,7.077387,138.54878
78.42668,16.182077,245.79938,252.73756,5.376321,7.3657694,149.29889
78.4271,16.173258,250.34177,257.6152,5.7063794,7.6541514,156.88538
78.48502,16.18895,256.4928,263.96426,5.204539,6.9724417,116.96627
78.54296,16.20464,262.64386,270.3133,4.7026987,6.290732,79.50986
79.20942,16.170855,260.4057,268.8829,4.268021,5.7014365,58.91203
79.875885,16.13707,258.16757,267.4525,3.833343,5.1121416,41.850216
79.92398,16.099571,252.81245,261.78934,3.8896654,5.2070265,45.131687
79.972084,16.062073,247.45735,256.12616,3.9459875,5.3019114,47.42753
79.64437,16.046286,246.54305,254.03606,4.4296746,6.021193,71.03033
79.31666,16.0305,245.62872,251.9459,4.9133615,6.740474,107.9076
78.92121,16.06741,252.00584,258.14087,5.7570863,7.8736534,171.9777
78.52576,16.104319,258.38293,264.3358,6.6008105,9.006832,268.7137
78.601906,16.059391,266.4009,270.84354,6.889303,9.250838,288.94403
78.67806,16.014462,274.41888,277.35135,7.1777945,9.494845,311.14667
78.92644,15.935339,274.57257,277.32397,7.2884035,9.479067,312.63586
79.174805,15.856218,274.72626,277.2966,7.399011,9.463287,311.9731
79.82659,15.773091,275.56717,277.9062,7.413488,9.342086,303.14688
80.47838,15.689964,276.40808,278.5158,7.427964,9.220885,293.9113
81.03725,15.657371,278.535,280.64758,7.2232533,8.89962,266.23495
81.596115,15.624776,280.66196,282.77942,7.018543,8.578355,238.30193
82.149445,15.598293,281.3558,283.55872,6.6767216,8.122286,196.74469
82.70277,15.571811,282.04968,284.33804,6.3349013,7.6662173,156.58408
83.21254,15.545991,280.7225,283.21475,6.0121827,7.254156,135.95143
83.72231,15.520172,279.39532,282.09146,5.689465,6.8420944,124.118126
84.077065,15.498124,276.642,279.49112,5.408222,6.465092,111.332855
84.431816,15.476078,273.88864,276.8908,5.126979,6.08809,98.69095
84.8511,15.4387455,269.51382,272.21304,5.1966777,6.1280966,103.30903
85.27037,15.401414,265.139,267.5353,5.266376,6.1681037,106.643364
85.589035,15.353666,263.01843,265.02567,5.45475,6.3601,112.239426
85.90771,15.305918,260.89786,262.51602,5.643124,6.5520954,116.85705
85.90548,15.281144,260.08185,261.602,5.641781,6.5497565,116.76628
85.90325,15.2563715,259.26587,260.6879,5.640437,6.547417,116.70446
86.02876,15.247009,257.8643,259.22678,5.566461,6.4576335,114.89532
86.15428,15.237647,256.46274,257.76562,5.4924846,6.36785,112.87497
86.246735,15.250973,254.3083,255.66878,5.453988,6.357133,111.70715
86.33919,15.264299,252.15385,253.57193,5.4154916,6.3464155,110.19505
86.536316,15.281553,248.51765,249.95648,5.3956976,6.3708577,108.91716
86.73344,15.298808,244.88144,246.34105,5.3759036,6.395299,108.54517
86.94727,15.337531,242.84012,244.6905,5.253432,6.390438,108.43556
87.1611,15.376255,240.79881,243.04,5.1309605,6.385577,108.36141
87.39944,15.445962,235.5054,238.37125,4.813757,6.1519394,100.56836
87.63778,15.515669,230.21199,233.70248,4.496553,5.9183016,91.11979
88.34577,15.573234,225.75952,229.41862,4.3683195,5.8938317,88.35786
89.05377,15.630798,221.30704,225.13478,4.240085,5.8693624,84.64741
89.31103,15.650647,219.59756,223.98033,4.2728386,5.9374156,85.6812
89.56828,15.670498,217.88808,222.82587,4.3055916,6.0054693,86.73035
89.73516,15.612551,217.5519,222.91821,4.2198086,5.796103,78.34396
89.90202,15.554603,217.21571,223.01054,4.1340256,5.586737,70.9495
90.27697,15.446999,212.44518,217.68312,4.245434,5.52192,66.226616
90.65191,15.3393955,207.67465,212.3557,4.3568425,5.4571037,62.167618
91.54524,15.317544,198.4494,202.90825,4.589249,5.7293,67.29402
92.438576,15.2956915,189.22415,193.46082,4.8216553,6.001497,76.00843
92.930374,15.364978,188.1216,191.74805,5.389655,6.732879,115.94616
93.42218,15.434265,187.01904,190.03531,5.9576554,7.464261,171.68837
93.62187,15.491676,191.53412,194.91103,6.2970915,7.9570813,217.51056
93.82156,15.5490885,196.04918,199.78679,6.636528,8.449903,262.35403
94.26108,15.603725,201.02032,205.48944,6.500125,8.4291725,270.9562
94.70059,15.658362,205.99146,211.19214,6.363722,8.408441,279.816
94.53075,15.744712,208.3213,214.423,6.020817,8.168807,263.8811
94.3609,15.831061,210.65117,217.65385,5.677912,7.929174,242.76349
92.68393,15.725524,205.72899,211.52396,6.630324,8.9493885,316.77563
91.006966,15.619988,200.8068,205.39406,7.5827365,9.969603,383.3315
91.20741,15.762023,204.42824,210.24695,7.154605,9.703249,370.7442
91.40785,15.904058,208.0497,215.09984,6.7264724,9.436894,354.21188
91.59529,15.994808,213.30505,221.18198,6.392465,9.159384,332.08878
91.78273,16.085558,218.56042,227.2641,6.0584583,8.881873,305.51807
91.95451,16.131681,220.64735,230.119,5.620327,8.396767,257.05185
92.12629,16.177805,222.73431,232.9739,5.1821957,7.9116607,212.00157
92.209625,16.183971,228.10735,236.82945,4.954055,7.739989,200.36093
92.29297,16.190138,233.48041,240.68497,4.725914,7.568316,190.29796
92.272736,16.191639,232.36902,240.36516,4.6394234,7.4598637,179.60544
92.25251,16.193138,231.25764,240.04535,4.552932,7.351411,169.0373
92.395966,16.182238,231.95793,240.82085,4.574348,7.3382916,169.33202
92.53943,16.171335,232.65823,241.59637,4.595763,7.325172,169.68158
92.70391,16.1708,232.82863,241.65584,4.537069,7.2398076,164.05272
92.868385,16.170263,232.99898,241.71529,4.478374,7.1544437,158.19923
93.00514,16.164993,233.9273,242.82124,4.390522,7.0542054,151.76413
93.14189,16.159721,234.85567,243.92719,4.30267,6.9539666,145.78952
93.24674,16.158855,232.7411,242.20444,4.2775435,6.8881164,141.32811
93.351585,16.15799,230.62656,240.48169,4.2524166,6.8222666,136.3979
93.36609,16.172974,228.48024,237.99245,4.217081,6.825047,135.3953
93.38059,16.187958,226.33392,235.5032,4.181746,6.8278284,134.2833
93.42834,16.195768,227.52989,235.4718,4.3001847,7.0313506,151.34908
93.47608,16.203579,228.7259,235.44038,4.418624,7.2348733,172.15906
93.49442,16.235651,226.439,233.84225,4.2170506,7.036787,151.53596
93.512764,16.267723,224.15211,232.24408,4.0154777,6.8387012,134.34068
93.36939,16.334513,222.04562,231.1231,3.6721659,6.5282917,108.75451
93.22602,16.401299,219.93913,230.00208,3.3288536,6.2178826,87.48269
92.84087,16.490013,212.93651,225.40051,3.0367067,5.8465357,72.47013
92.45573,16.57873,205.93391,220.79893,2.7445595,5.475189,60.95507
92.4364,16.588404,194.17467,210.95033,2.778261,5.3142347,58.33698
92.417076,16.59808,182.41544,201.10175,2.811963,5.153281,60.49702
92.46627,16.588137,176.53336,193.32903,3.342594,5.814451,76.306625
92.51546,16.578194,170.65128,185.55626,3.8732247,6.475621,109.95832
92.28633,16.604898,169.77428,183.06377,4.280657,7.122586,156.11992
92.05719,16.631605,168.8973,180.57123,4.688088,7.7695503,209.53084
91.59507,16.698074,171.51343,182.60165,4.7109904,7.943168,224.41505
91.13296,16.764542,174.12956,184.6321,4.7338934,8.116787,239.08405
90.94179,16.820122,179.46748,189.82817,4.758084,8.210475,247.22577
90.750626,16.875702,184.80537,195.02426,4.7822747,8.304162,256.91562
91.26932,16.808094,202.3832,211.6409,4.549156,7.955216,220.64082
91.78802,16.740488,219.96101,228.25752,4.3160377,7.60627,183.64012
92.8283,16.664845,221.63344,235.98367,3.8768241,6.8343678,121.32433
93.86858,16.5892,223.30585,243.70985,3.4376104,6.0624647,86.47909
94.36573,16.6244,221.36476,240.9619,3.316254,6.101944,86.71176
94.86288,16.6596,219.42369,238.21396,3.194897,6.1414227,86.621994
95.07849,16.637411,221.5902,236.36812,3.472289,6.524549,114.402885
95.29411,16.615225,223.75673,234.5223,3.7496812,6.9076753,151.84517
95.98196,16.363825,244.62111,256.4578,3.0630755,5.542849,76.53355
96.66979,16.112423,265.48547,278.39328,2.37647,4.178023,42.830013
97.032135,16.040081,272.61255,284.0844,2.597658,4.5168858,42.05259
97.39448,15.967739,279.73962,289.77554,2.8188455,4.8557487,49.752743
97.47034,15.893268,297.28925,305.69244,3.3517392,5.4972167,64.07471
97.5462,15.818797,314.83884,321.60934,3.8846328,6.138684,81.38856
96.77337,15.771015,324.36792,329.90338,4.5220027,6.65574,109.67101
96.000534,15.723231,333.897,338.19742,5.159373,7.1727962,151.46136
94.659676,15.686584,333.44028,336.78754,6.0690126,8.135179,221.5307
93.3188,15.649936,332.98355,335.37762,6.9786534,9.097562,285.67996
92.196915,15.507838,334.4831,336.71252,7.085622,9.077645,283.2021
91.075035,15.365739,335.98264,338.04736,7.1925907,9.057731,282.82425
90.915146,15.4203825,335.24963,337.15396,6.511107,8.341073,246.09169
90.755264,15.475026,334.5167,336.26056,5.829624,7.624414,212.2653
91.13299,15.51517,328.30884,330.5123,5.917105,7.757709,207.31784
91.51072,15.555314,322.101,324.764,6.004587,7.891004,203.60683
91.83558,15.486078,321.27057,323.40604,6.271747,8.117723,210.81104
92.160446,15.416842,320.44016,322.04803,6.538907,8.344442,220.19553
92.3568,15.332446,318.02246,319.64636,6.6450796,8.383775,218.43954
92.55314,15.24805,315.6048,317.2447,6.751253,8.423108,220.80563
90.64207,15.291121,312.95364,314.71054,6.9364944,8.611204,224.99326
88.731,15.334191,310.30246,312.17642,7.1217346,8.799299,244.75873
87.1048,15.299164,310.12067,311.69394,7.6940084,9.375334,294.4476
85.47859,15.264136,309.93884,311.2114,8.266282,9.951368,340.2121
84.295815,15.182557,310.33914,311.41104,8.698862,10.370388,377.10852
83.11304,15.100979,310.73947,311.6107,9.131444,10.789409,413.48398
81.206856,15.059069,309.70264,310.4641,9.250858,10.89159,429.71094
79.300674,15.017158,308.66586,309.31757,9.370272,10.993772,435.88263
78.43442,15.006336,307.79724,308.38205,9.117095,10.674972,409.16843
77.56817,14.995513,306.92862,307.44653,8.863917,10.356172,378.09827
76.63737,15.031217,307.60492,308.22128,7.967801,9.29341,279.05963
75.706566,15.066922,308.28128,308.9961,7.0716853,8.23065,189.51917
74.59325,15.109917,304.6301,305.64798,6.5346117,7.634787,145.45264
73.47993,15.152913,300.97894,302.2999,5.997538,7.0389256,115.98537
73.24989,15.172652,301.32202,302.81235,5.805941,6.8234773,105.88633
73.019844,15.192392,301.6651,303.3248,5.6143436,6.6080294,96.11714
72.97711,15.220493,300.92636,302.78198,5.3920884,6.3585143,86.814896
72.93437,15.248592,300.18762,302.2392,5.169833,6.1090007,79.87456
72.9116,15.270172,297.9585,300.33597,4.8395367,5.744569,70.09685
72.888824,15.291751,295.72943,298.43277,4.5092406,5.3801374,59.555172
73.14886,15.29846,292.4865,295.5935,4.191884,5.0034513,47.391018
73.4089,15.305168,289.2436,292.7543,3.8745275,4.6267657,36.782715
74.20078,15.292155,281.78256,284.9786,4.0758276,4.872286,39.378162
74.992676,15.2791395,274.32153,277.20297,4.277128,5.117807,44.030186
76.24728,15.243837,272.02332,274.4587,4.7413087,5.726746,61.077724
77.50187,15.208533,269.72507,271.71445,5.2054896,6.3356853,80.03192
76.47214,15.257814,269.14166,272.03268,4.7257576,5.873581,67.38476
75.442406,15.307095,268.55832,272.35092,4.246026,5.411476,54.474754
76.18522,15.245547,250.26782,252.67104,4.832258,5.9080296,67.63933
76.92803,15.184,231.97733,232.99113,5.418491,6.404584,93.31516
79.40763,15.212589,235.30261,237.18373,5.580778,6.606849,101.91185
81.88724,15.241176,238.62787,241.37631,5.743066,6.8091145,124.542336
79.943344,15.22412,247.81706,249.8293,5.78116,6.698766,94.60748
77.99946,15.207065,257.0063,258.2823,5.8192544,6.5884175,82.94274
78.654526,15.11696,260.8288,261.8874,5.9383774,6.6761785,83.6921
79.3096,15.026855,264.65134,265.49246,6.0575004,6.76394,86.38368
79.55938,14.954407,263.7156,264.5249,6.015718,6.672553,83.039665
79.80915,14.881957,262.77988,263.5574,5.973935,6.5811667,80.560936
79.39152,14.830879,260.94556,261.64896,5.8510695,6.423001,73.84761
78.97388,14.779802,259.11127,259.74054,5.7282033,6.264835,68.20172
78.05061,14.805985,254.3208,254.87334,5.562534,6.074303,64.79668
77.12735,14.83217,249.53032,250.00613,5.396864,5.883771,58.88851
76.97806,14.835958,244.16293,244.68053,5.299368,5.779312,54.67882
76.82877,14.839745,238.79555,239.35495,5.2018714,5.674853,50.25421
76.002594,14.954072,231.4418,232.05049,5.3755584,5.9378824,66.66058
75.17641,15.068399,224.08807,224.74606,5.5492454,6.200913,87.09083
75.04389,15.1827965,220.01935,220.67899,5.9559793,6.766916,130.74577
74.91138,15.297194,215.95059,216.61191,6.362713,7.3329196,177.11818
76.2531,15.326083,214.64836,215.41367,6.7035394,7.786018,207.23569
77.59482,15.354973,213.3461,214.21545,7.044367,8.239117,241.42262
78.25587,15.346837,213.53668,214.41293,7.2918,8.537276,262.35532
78.916916,15.338701,213.72725,214.61044,7.5392337,8.835435,284.03818
77.91066,15.393561,211.43811,212.38885,7.637324,9.004287,302.4546
76.90441,15.4484215,209.14896,210.16725,7.735415,9.173138,319.74414
76.950775,15.553147,207.15923,208.61636,7.5383554,9.078781,313.30658
76.99714,15.657873,205.16948,207.06546,7.3412952,8.984425,306.4175
77.49511,15.730353,199.80298,202.21223,7.163625,8.869449,301.18842
77.99308,15.802833,194.43651,197.359,6.985954,8.754472,297.8953
78.402466,15.835879,191.00584,194.10938,6.9295273,8.731082,299.62778
78.81185,15.868927,187.57521,190.85979,6.8731003,8.70769,299.99298
79.51118,15.880386,189.08336,193.24226,6.920926,8.794762,303.01056
80.2105,15.891846,190.5915,195.62474,6.9687514,8.881832,306.27493
80.396034,15.939917,194.16245,199.32486,6.770768,8.717663,294.2156
80.581566,15.987989,197.73337,203.02498,6.572785,8.5534935,283.15393
80.21951,15.99819,203.88976,207.70338,6.948211,9.022552,312.34973
79.85745,16.008389,210.04613,212.38182,7.323637,9.49161,345.5128
80.99599,15.981057,209.02164,211.59892,7.402556,9.6186285,354.43457
82.13453,15.953725,207.99713,210.816,7.4814754,9.745648,360.11707
83.71843,15.956334,209.06485,211.8981,7.705437,9.97127,362.37073
85.30233,15.958943,210.13257,212.98022,7.929399,10.196892,366.6104
86.66631,15.892735,213.89099,216.25418,8.099779,10.408637,377.26956
88.0303,15.826528,217.64944,219.52814,8.270161,10.620382,398.33395
88.852554,15.804788,219.51233,221.62242,8.383719,10.761044,411.853
89.674805,15.783047,221.37521,223.71666,8.497277,10.901704,425.28122
90.22687,15.782284,225.23708,227.53818,8.3937645,10.77907,415.53873
90.77893,15.781521,229.09895,231.35973,8.29025,10.656436,406.79703
93.49471,15.906173,228.08366,230.45851,8.7300625,11.3845,471.1865
96.210495,16.030823,227.06839,229.5573,9.169874,12.112563,509.47736
95.69984,16.073889,230.63403,233.23123,9.256047,12.168279,508.39093
95.18916,16.116953,234.19965,236.9052,9.34222,12.223995,505.23865
94.79035,16.146149,236.63289,239.6599,9.208202,12.116198,499.92697
94.39153,16.175344,239.06615,242.41458,9.074183,12.008399,494.54834
93.9682,16.174746,241.76343,245.25032,9.062636,11.993296,489.7666
93.54487,16.174147,244.46068,248.08607,9.051088,11.978192,485.6326
93.08281,16.193611,247.92566,251.68611,8.800056,11.726885,472.95346
92.62074,16.213074,251.39066,255.28615,8.549024,11.475576,459.11545
92.44258,16.213182,253.31227,257.07208,8.620597,11.476271,455.34412
92.26443,16.213291,255.2339,258.85803,8.692169,11.476965,451.0466
91.2003,16.219986,260.01422,262.8737,9.148771,11.921594,465.84436
90.136185,16.22668,264.79456,266.88934,9.605371,12.366223,483.5527
89.21396,16.193085,265.1592,267.15024,9.717536,12.380935,484.4293
88.29173,16.159487,265.52383,267.4111,9.8297,12.395647,485.63095
87.3475,16.119963,266.22482,268.06223,9.892467,12.43159,491.22748
86.403275,16.080437,266.9258,268.71335,9.955233,12.467532,496.68762
86.40403,16.029324,266.39807,267.80142,10.336317,12.891258,512.79736
86.404785,15.97821,265.8703,266.88947,10.717402,13.314985,525.7842
85.87504,16.003967,265.698,266.80353,10.53513,13.109352,521.68195
85.3453,16.029724,265.5257,266.7176,10.352857,12.903719,517.8705
85.01769,16.064022,263.28864,264.7815,10.058827,12.587204,507.89285
84.6901,16.09832,261.0516,262.84543,9.764797,12.270688,494.28726
83.69005,16.209795,261.1697,262.89484,9.812139,12.49217,503.68713
82.689995,16.321268,261.28784,262.9442,9.85948,12.713654,511.9268
82.23702,16.392557,257.559,259.93436,9.587907,12.559049,506.3168
81.78404,16.463846,253.83012,256.92453,9.316333,12.404445,500.89603
80.98655,16.556595,254.14743,257.8339,9.178473,12.316591,494.6019
80.18905,16.649342,254.46472,258.74323,9.040614,12.228739,487.08746
78.22558,16.783031,258.29623,262.2639,9.669815,12.978486,507.52777
76.26209,16.916721,262.12772,265.78455,10.299016,13.728235,520.0551
76.12916,16.896837,263.37003,266.99786,9.915861,13.281187,506.30746
75.996216,16.876953,264.6124,268.21118,9.532706,12.834139,489.62976
74.952385,16.845272,267.55185,270.55063,9.869009,13.045837,495.77545
73.908554,16.813591,270.49133,272.89008,10.205312,13.257535,502.3376
73.76293,16.71014,271.22565,273.5494,9.623765,12.45359,473.61456
73.6173,16.60669,271.96,274.20874,9.042219,11.649644,435.39572
73.06599,16.553783,273.14658,275.30725,9.445586,12.069183,457.25076
72.51467,16.500877,274.33316,276.4058,9.848954,12.488723,475.33173
71.84449,16.47955,272.7121,274.48434,10.03776,12.702496,482.13397
71.17431,16.458221,271.09106,272.56293,10.226565,12.916268,488.18417
71.65283,16.329082,270.4145,271.74518,10.81987,13.592374,512.2358
72.131355,16.199944,269.73798,270.92746,11.413176,14.268479,531.15424
71.70534,16.131567,271.31134,272.37527,11.807895,14.716293,537.97205
71.27932,16.06319,272.88467,273.8231,12.202613,15.164108,543.6162
71.243416,15.875683,273.41174,274.3512,12.626366,15.606278,552.87585
71.20751,15.688174,273.93884,274.87936,13.050119,16.048449,558.5984
72.037796,15.545765,272.17154,273.12445,12.9646,15.926422,561.3972
72.86807,15.403354,270.40427,271.36954,12.87908,15.804394,562.8861
72.57416,15.214294,273.28793,274.13196,13.187259,16.103867,564.7922
72.28024,15.025234,276.17154,276.89438,13.495437,16.403337,565.4003
72.82535,14.871384,276.36414,277.02646,13.498688,16.322342,566.3926
73.370445,14.717533,276.5567,277.1585,13.501939,16.241346,566.1771
74.083626,14.578658,277.59943,278.15833,13.552591,16.249624,566.5519
74.79682,14.439786,278.64212,279.15817,13.603245,16.257902,566.9744
75.57827,14.341351,278.78668,279.30634,13.597495,16.2277,567.50464
76.35971,14.242916,278.9312,279.4545,13.591744,16.197498,567.9531
76.518074,14.219164,277.74063,278.31592,13.550599,16.131477,568.0637
76.676445,14.19541,276.55005,277.17734,13.509455,16.065454,568.182
76.91913,14.173678,275.69476,276.35806,13.433833,15.955447,568.0371
77.16182,14.151946,274.83945,275.53882,13.358211,15.84544,567.7735
77.498085,14.135084,274.23282,274.9277,13.239482,15.675333,567.1575
77.83436,14.118221,273.6262,274.3166,13.120753,15.505226,566.45514
77.8092,14.137284,272.34222,273.0404,13.0506935,15.408305,566.1505
77.78403,14.156348,271.05826,271.76422,12.980632,15.311383,565.86743
76.988396,14.237141,270.76135,271.36127,12.939193,15.28018,565.07043
76.19275,14.317932,270.46445,270.9583,12.897753,15.248977,563.7
74.87853,14.507496,270.09207,270.56204,12.79564,15.197839,561.9452
73.564316,14.697062,269.71973,270.16577,12.693527,15.146703,559.7837
73.814285,14.78149,265.74417,266.2426,12.348211,14.732506,556.43463
74.06426,14.865918,261.76865,262.3195,12.002895,14.31831,552.30493
72.58928,15.125969,258.95035,259.70206,11.415962,13.666422,535.13654
71.11429,15.38602,256.13208,257.08456,10.82903,13.014535,508.80106
70.309326,15.519553,255.90723,257.05252,10.9763975,13.259917,511.77426
69.504364,15.653087,255.68237,257.02048,11.123764,13.505299,513.6367
70.081436,15.715845,253.32738,254.76651,10.931813,13.326917,510.80856
70.6585,15.7786045,250.97237,252.51251,10.739862,13.148534,506.7616
70.41174,15.883724,251.17458,252.80154,10.458037,12.868412,495.31848
70.164986,15.988844,251.3768,253.09059,10.176211,12.588289,481.15866
69.49039,16.058828,251.43321,253.10477,10.515191,13.070074,494.77966
68.81579,16.128815,251.48967,253.11897,10.854169,13.551859,506.11612
69.341194,16.107851,251.85747,253.65906,10.643475,13.330369,501.24228
69.86661,16.08689,252.22531,254.19919,10.43278,13.108879,495.71637
69.561325,16.115982,256.5638,258.48038,10.060436,12.655549,476.78384
69.25605,16.145073,260.9023,262.7615,9.688092,12.202221,455.00238
69.481964,16.145306,260.14597,262.04285,9.418332,11.988348,444.05716
69.70788,16.145538,259.38965,261.3242,9.148572,11.774476,433.05228
69.25479,16.108885,261.94412,263.7408,9.720318,12.355915,460.48575
68.801704,16.072231,264.4986,266.15744,10.292063,12.937353,484.98193
69.187416,15.942007,264.37158,265.78387,10.712371,13.337166,500.6537
69.573135,15.811782,264.24454,265.4103,11.132679,13.7369795,514.5234
69.76387,15.705128,264.1947,265.20685,11.5507765,14.201721,526.4492
69.954605,15.598474,264.1448,265.0034,11.968875,14.666464,536.9483
70.741516,15.435883,265.25247,265.96167,12.271603,14.966808,546.97766
71.528435,15.273291,266.36008,266.91995,12.574331,15.267152,554.6344
72.324104,15.165961,266.43503,267.03345,12.542728,15.226475,556.7633
73.11976,15.058631,266.50998,267.1469,12.5111265,15.185798,558.6316
73.77349,14.84159,268.44458,269.01086,12.584882,15.150132,560.01324
74.427216,14.624549,270.37924,270.87482,12.658639,15.114466,560.5866
75.17878,14.460288,270.7048,271.18164,12.438809,14.717962,558.4943
75.93034,14.296027,271.0304,271.48843,12.218981,14.321457,556.19824
76.13549,14.185343,270.9207,271.41647,12.074188,14.082187,553.8664
76.340645,14.074659,270.81097,271.34448,11.929397,13.8429165,551.1389
76.354774,13.995789,270.69055,271.15826,11.82625,13.672842,548.9571
76.36891,13.916917,270.57016,270.97208,11.723104,13.502767,546.5255
76.77494,13.83033,270.0272,270.43152,11.536733,13.225002,542.60364
77.18098,13.743743,269.4842,269.89096,11.350362,12.947236,538.7326
76.860725,13.710772,268.30533,268.6787,11.186527,12.717576,532.52
76.540474,13.677798,267.12646,267.4665,11.022692,12.487916,525.63544
76.73541,13.591052,266.34097,266.63354,10.970532,12.417734,524.77814
76.930336,13.504306,265.55545,265.80054,10.918374,12.347553,523.947
77.39145,13.489059,263.71008,264.02362,10.80794,12.197378,518.70844
77.852554,13.473812,261.86472,262.24667,10.697504,12.047203,511.88812
77.89005,13.481357,259.99112,260.29865,10.805853,12.183448,518.9379
77.92755,13.488901,258.1175,258.35068,10.914203,12.319693,525.20404
77.30028,13.549144,257.17886,257.3738,10.898437,12.339101,524.5997
76.673004,13.609385,256.24017,256.39697,10.882669,12.358509,522.811
74.540306,13.843524,255.17667,255.37363,10.766362,12.3018875,514.06903
72.407616,14.077664,254.11314,254.35031,10.650054,12.245266,502.70593
71.31778,14.285111,253.35786,253.66672,10.784122,12.495746,507.42456
70.22794,14.492559,252.6026,252.98312,10.91819,12.746226,507.8875
70.1371,14.58102,253.02618,253.35286,10.78823,12.58996,502.08118
70.04626,14.66948,253.44978,253.72258,10.65827,12.433696,496.54932
70.60661,14.615325,252.50702,252.75703,10.48768,12.192536,491.34897
71.16697,14.561167,251.56429,251.7915,10.317091,11.951378,485.33893
72.95855,14.363486,249.73605,249.99385,10.196845,11.718712,483.2812
74.75012,14.165805,247.90779,248.1962,10.076599,11.486044,479.55124
74.52931,14.289982,245.41672,245.68488,9.573787,10.88769,447.95456
74.3085,14.414161,242.92561,243.17355,9.070973,10.289335,416.4136
77.218666,14.270115,244.1111,244.48544,9.201009,10.374719,406.24
80.12884,14.126068,245.29659,245.79729,9.331042,10.460102,390.89743
79.79592,14.265663,249.42418,250.07204,8.997381,10.111882,358.73532
79.463005,14.40526,253.55179,254.34676,8.663719,9.763665,328.0225
78.311874,14.559143,254.55766,255.27985,8.40565,9.500307,316.87024
77.16075,14.713026,255.56354,256.2129,8.147582,9.236949,299.19135
76.49698,14.8202915,257.34778,258.1458,8.454713,9.702571,341.9874
75.83321,14.927557,259.13202,260.0788,8.761844,10.168195,381.85574
73.129524,14.962817,265.76617,266.69504,8.688692,10.080082,377.96033
70.42583,14.998077,272.4003,273.31128,8.61554,9.991971,371.6031
68.37247,15.122137,271.98578,272.64517,9.669169,11.380752,439.9534
66.3191,15.246199,271.57126,271.97906,10.722801,12.769531,481.99615
66.99164,15.098753,269.3032,269.684,11.116414,13.223321,498.72958
67.664185,14.951307,267.0351,267.38895,11.510029,13.677111,511.6236
69.43172,14.737274,264.34094,264.81042,11.535297,13.715782,524.3902
71.19926,14.52324,261.64676,262.23187,11.560567,13.754455,533.4288
72.176254,14.344714,262.39633,262.96143,11.670746,13.80691,539.06683
73.15325,14.166188,263.14587,263.69098,11.780924,13.8593645,545.1992
74.449295,14.088291,263.49207,264.0393,11.753833,13.800631,548.06775
75.74535,14.010392,263.8383,264.38763,11.726742,13.741899,549.3766
76.22387,13.990134,262.73495,263.27393,11.582422,13.509257,546.31104
76.702385,13.969876,261.63162,262.16016,11.438101,13.276617,542.59436
77.75159,13.871142,261.18732,261.66458,11.36271,13.1287365,543.6123
78.80077,13.772409,260.743,261.16898,11.28732,12.980855,543.322
79.313774,13.671034,260.1732,260.59985,11.323825,12.988315,545.2121
79.82677,13.569657,259.60336,260.03076,11.360329,12.995774,545.835
80.13571,13.515488,259.80084,260.17297,11.419886,13.055733,547.1831
80.44466,13.461317,259.99832,260.3152,11.479442,13.11569,548.64374
80.714195,13.422187,259.30157,259.6267,11.425955,13.032141,547.08936
80.98375,13.383056,258.6048,258.93823,11.372467,12.94859,545.4476
80.80766,13.393632,257.54062,257.86874,11.236309,12.766766,540.9355
80.631584,13.404208,256.4764,256.79922,11.100152,12.584942,535.5765
80.10431,13.467466,254.98625,255.27592,10.837935,12.250057,522.328
79.57705,13.530725,253.4961,253.75266,10.57572,11.915173,507.0365
78.3492,13.649883,254.65141,254.89175,10.479486,11.844615,501.96478
77.12135,13.769043,255.80676,256.0308,10.383253,11.774057,495.58136
75.13627,14.016365,253.7612,254.03235,9.770279,11.054684,457.63297
73.15118,14.263688,251.71567,252.03386,9.157304,10.33531,416.17615
72.92813,14.398708,245.11911,245.46811,8.793248,9.918902,388.25076
72.705086,14.533729,238.52255,238.90234,8.429193,9.502493,357.0466
72.15107,14.738857,233.53876,234.07169,7.854251,8.935647,302.59747
71.59706,14.943987,228.55495,229.24101,7.2793093,8.368801,247.41104
71.011246,15.125225,225.53815,226.46382,6.8807697,8.032151,225.567
70.42543,15.306464,222.52136,223.68661,6.48223,7.6955013,212.37575
70.75822,15.429548,217.40634,219.09547,6.09545,7.387615,201.44626
71.091,15.552632,212.2913,214.50433,5.708669,7.0797286,191.46385
71.76896,15.6351595,206.30922,209.39825,5.561684,7.114334,201.0779
72.44692,15.717685,200.3271,204.29218,5.4146996,7.1489406,207.27895
72.934326,15.7797575,195.19594,199.73868,5.4937034,7.339828,219.6889
73.421745,15.84183,190.06473,195.18517,5.572707,7.5307155,232.10927
74.23894,15.841888,186.25517,190.71654,5.947734,7.92819,253.93378
75.05614,15.841946,182.44563,186.24792,6.322761,8.325664,277.34
76.12322,15.6608095,187.65675,190.34422,7.0958614,8.929632,317.2647
77.190315,15.4796715,192.86787,194.44054,7.8689623,9.5336,354.57718
77.3503,15.233132,198.05614,199.15862,7.8849835,9.283569,334.09872
77.5103,14.986592,203.24445,203.8767,7.9010053,9.033539,312.4266
77.96759,14.894575,202.40338,203.03082,7.3499165,8.3431015,262.646
78.42489,14.802558,201.56232,202.18494,6.798827,7.6526637,224.10818
79.49069,14.769273,204.24347,204.94255,6.339979,7.1097827,191.47528
80.55649,14.735989,206.92462,207.70016,5.881131,6.566901,153.47842
81.32519,14.737982,211.14828,211.96954,5.6548004,6.317634,130.52519
82.09389,14.739972,215.37192,216.23894,5.4284697,6.0683665,110.67002
82.81436,14.355141,161.43333,161.75644,3.4273922,3.7747524,24.277021
83.534836,13.970309,107.49474,107.27393,1.4263148,1.4811381,3.9665623
84.24674,13.8685875,158.397,158.64891,1.7019229,1.7778202,6.622541
84.95866,13.766866,209.29926,210.02385,1.9775307,2.0745025,11.097198
85.14822,13.748111,203.9004,199.50662,3.2064161,3.41736,19.214962
85.33778,13.729356,198.50156,188.98938,4.4353013,4.7602167,51.277016
85.88365,13.695812,174.54877,169.9201,5.3480735,5.794992,80.11583
86.429504,13.662269,150.596,150.8508,6.260845,6.829767,128.64911
86.84569,13.642284,245.2554,240.54932,7.1036525,7.8278737,168.65393
87.26188,13.6223,339.9148,330.2478,7.9464593,8.82598,233.33618
86.923584,13.663207,340.2657,335.62167,8.640333,9.685889,288.67896
86.58529,13.704115,340.61655,340.99548,9.334208,10.545799,357.0615
86.16609,13.705281,338.4297,338.84045,9.171543,10.338487,341.25354
85.74689,13.706448,336.24283,336.6854,9.008881,10.131174,326.73288
85.73228,13.737911,336.10416,336.39313,8.5787115,9.611176,284.48206
85.71766,13.769375,335.96545,336.10083,8.148541,9.091177,251.32315
85.07259,13.900483,335.09604,335.2153,7.5250883,8.390372,226.6849
84.42753,14.031592,334.22656,334.32977,6.901634,7.689567,196.61679
84.00521,14.153957,327.72232,327.95395,6.61717,7.3891883,167.15657
83.58289,14.276322,321.21808,321.57812,6.3327065,7.0888104,142.70575
84.642914,14.200552,313.41327,313.90317,6.98665,7.8820114,176.79755
85.702934,14.12478,305.6085,306.2282,7.6405935,8.675212,212.93726
86.19561,14.111849,303.19507,303.79367,8.1379795,9.282916,258.10983
86.688286,14.098918,300.78165,301.35913,8.6353655,9.89062,310.45776
88.06628,14.019458,298.81345,299.4178,8.988338,10.3474245,362.10345
89.44426,13.939999,296.84528,297.4764,9.341311,10.80423,402.98813
86.87191,14.075529,298.2232,298.76456,9.716841,11.317564,438.53192
84.29956,14.21106,299.60117,300.0527,10.09237,11.8309,476.3104
81.723854,14.324943,301.62378,302.0932,9.149722,10.633635,406.9149
79.14814,14.438825,303.64642,304.13367,8.207074,9.43637,310.36307
78.2872,14.487804,297.21417,297.8616,7.3650265,8.433634,212.50699
77.42626,14.536783,290.78192,291.5895,6.5229793,7.4308968,140.12784
76.91486,14.585822,283.9486,284.93228,5.9604483,6.7766247,99.26015
76.40346,14.63486,277.1153,278.2751,5.3979163,6.122353,69.77226
76.225006,14.681763,269.94696,271.38675,5.0486007,5.7307863,57.79754
76.046555,14.728664,262.7786,264.49838,4.6992846,5.339219,46.518234
75.79059,14.786321,257.20078,259.4733,4.4471283,5.087711,38.635452
75.534615,14.843977,251.62292,254.4482,4.1949725,4.836203,30.980022
75.70176,14.89072,245.92482,249.68799,4.075526,4.811082,30.384148
75.8689,14.937466,240.22672,244.9278,3.9560804,4.7859607,31.397966
76.37333,14.987465,234.83229,240.39754,4.0038857,4.9515557,37.297146
76.87777,15.037464,229.43787,235.86726,4.051691,5.1171513,44.4688
77.88976,15.10379,229.43723,235.6372,4.4477906,5.802908,67.245415
78.90176,15.170115,229.43654,235.4071,4.8438897,6.4886656,101.55568
78.54212,15.276807,231.69125,238.27019,4.9919643,6.8643565,129.6187
78.18249,15.383496,233.94598,241.13326,5.140038,7.240048,160.865
78.188515,15.418414,235.87436,242.48946,5.3048377,7.4903746,178.13509
78.194534,15.453331,237.80272,243.84563,5.469637,7.740701,195.06049
78.55972,15.380578,245.16074,251.01277,5.482602,7.70202,181.56822
78.9249,15.307823,252.51875,258.17993,5.4955673,7.663339,171.01535
79.07439,15.253424,253.82314,258.439,5.530151,7.63302,167.7755
79.22386,15.199022,255.12753,258.69803,5.5647345,7.6027007,164.52979
79.202576,15.148968,254.9703,258.36713,5.4851933,7.369576,147.20105
79.1813,15.098914,254.81308,258.03622,5.405653,7.1364512,129.88757
78.8405,15.063063,253.25687,256.42612,5.321544,6.974414,120.39953
78.499695,15.027211,251.70065,254.816,5.237435,6.8123765,111.41835
79.08198,14.997568,248.5928,251.70665,5.1359887,6.6469655,99.93443
79.66426,14.967925,245.48494,248.5973,5.034542,6.481555,93.26877
80.80391,14.93189,241.39548,244.03436,5.128182,6.447331,100.48725
81.94356,14.895853,237.30605,239.47145,5.2218227,6.413107,109.18303
82.63967,14.838144,234.13594,235.82932,5.4056,6.5271287,116.66499
83.33579,14.7804365,230.96582,232.18718,5.589378,6.641151,123.822266
83.83187,14.7027025,231.4433,232.50449,5.8404975,6.8449936,131.14848
84.32795,14.6249695,231.92075,232.82175,6.0916166,7.048836,137.33862
84.60168,14.594806,233.01979,233.81863,6.2146454,7.1754684,141.17766
84.875404,14.564643,234.11887,234.8155,6.3376746,7.302101,145.33093
84.80725,14.561329,232.89682,233.57489,6.246485,7.2062025,142.44513
84.739105,14.558014,231.67476,232.33429,6.155296,7.1103044,139.52238
84.805374,14.559629,232.11887,232.6361,6.140235,7.0893984,138.37991
84.87165,14.561244,232.56297,232.93793,6.125174,7.068493,137.27002
85.29051,14.578178,231.04358,231.45169,6.2065887,7.1822233,142.59882
85.70938,14.595113,229.52414,229.96544,6.2880034,7.2959538,148.66527
85.86714,14.663078,224.20807,224.85104,6.070728,7.130817,146.11996
86.024895,14.731045,218.892,219.73662,5.853453,6.9656806,139.51376
86.11971,14.83965,215.28206,216.74883,5.69811,6.9692492,141.81865
86.21453,14.948256,211.6721,213.76099,5.5427675,6.972818,144.93745
86.10222,15.048426,208.46109,211.88611,5.147613,6.7772903,138.89961
85.98991,15.148597,205.25005,210.01125,4.752458,6.581763,135.69057
85.779236,15.2371025,195.34189,202.89645,4.279064,6.1330247,129.3501
85.56856,15.325609,185.43367,195.7817,3.8056703,5.684286,111.04403
85.73362,15.392982,175.22528,184.238,4.115636,6.1309476,152.7653
85.89868,15.460353,165.01689,172.69437,4.425602,6.577609,186.2673
86.41581,15.5309305,162.29121,169.00325,4.8352284,7.2063775,216.91275
86.932945,15.601508,159.56557,165.31215,5.244854,7.8351455,240.57816
86.20612,15.707839,160.13438,166.40666,5.453133,8.195495,265.15536
85.479294,15.814171,160.70322,167.50122,5.661412,8.555844,291.39932
84.39929,15.914956,163.18109,169.98634,5.719933,8.732347,310.23038
83.31929,16.01574,165.65894,172.47148,5.778454,8.90885,328.65042
83.702415,16.02446,167.26044,172.7523,6.3132486,9.523087,358.70215
84.08553,16.033178,168.86194,173.03316,6.8480444,10.137324,392.4311
82.808914,16.143402,171.63188,176.2681,7.0534725,10.605331,428.62292
81.532295,16.253626,174.40181,179.50305,7.2589,11.073339,457.40457
81.97252,16.31513,177.80754,183.59645,7.429588,11.266797,466.49872
82.41274,16.376635,181.21327,187.68982,7.600275,11.460254,475.41666
81.96209,16.444445,186.16454,192.13184,7.561075,11.534772,479.49536
81.51144,16.512253,191.11583,196.57387,7.521875,11.609289,481.99866
80.27418,16.475283,196.6474,201.7066,7.2242265,11.025192,450.11896
79.03693,16.43831,202.17894,206.83939,6.926578,10.441095,411.47983
78.72066,16.39468,201.43236,205.94981,6.725438,10.106627,390.8864
78.40438,16.35105,200.68578,205.06027,6.5242996,9.77216,369.10284
79.23944,16.253729,197.9985,202.02531,6.6889367,9.801811,379.17838
80.07451,16.156408,195.31125,198.99037,6.8535743,9.831463,384.75452
79.88457,16.08745,197.59256,201.42921,6.7639008,9.589832,368.27557
79.69462,16.01849,199.87389,203.86801,6.6742263,9.348204,350.63278
79.51625,15.932666,200.84764,204.83995,6.677709,9.25433,345.00565
79.33789,15.846842,201.8214,205.81192,6.6811914,9.160456,339.18613
79.20867,15.815508,201.09091,204.97325,6.664472,9.131375,338.69772
79.07946,15.784172,200.36044,204.1346,6.6477537,9.102297,337.9796
78.63797,15.815022,200.21335,203.87181,6.6590757,9.169825,341.62512
78.19648,15.845873,200.06625,203.609,6.6703973,9.237352,343.51523
78.03804,15.885198,199.8035,203.68828,6.3010902,8.912297,322.07712
77.87961,15.924523,199.54077,203.76755,5.931783,8.587241,305.97205
78.30875,15.964091,196.07071,201.28593,5.4136887,8.04407,282.45587
78.737885,16.003662,192.60063,198.8043,4.8955936,7.500898,252.84818
79.72328,16.020111,186.2554,192.83519,4.632389,7.1741834,246.231
80.70868,16.03656,179.91019,186.86607,4.3691845,6.8474693,232.67224
81.712296,16.062204,174.18008,181.24858,4.113067,6.605086,225.0288
82.71592,16.087849,168.45,175.63107,3.8569496,6.362703,207.28319
83.72664,16.112013,162.34264,170.09303,3.6148477,6.098299,178.33165
84.73736,16.136177,156.23528,164.55495,3.3727455,5.833895,150.3797
85.7612,16.130745,148.01959,157.61818,3.2588387,5.6441026,128.89452
86.78505,16.125315,139.80391,150.6814,3.1449316,5.454309,110.47047
87.52499,16.119162,132.29439,143.6596,3.2968578,5.5963106,111.82672
88.26493,16.113008,124.78488,136.63782,3.4487836,5.7383122,113.04353
88.500656,16.138672,122.25714,134.22153,3.700309,6.069646,129.11983
88.73638,16.164333,119.7294,131.80525,3.9518347,6.4009795,145.4875
88.20759,16.228256,120.79753,132.83594,4.229141,6.840634,169.24739
87.678795,16.292177,121.86567,133.86665,4.5064483,7.2802887,192.19286
86.47235,16.40731,123.43491,135.80771,4.739807,7.751388,223.37903
85.26591,16.522444,125.00416,137.74876,4.973166,8.222487,259.5747
84.00849,16.687653,126.6677,139.09416,5.246274,8.776032,300.42694
82.751076,16.85286,128.33125,140.43954,5.519382,9.3295765,341.3853
81.39045,17.03915,130.4146,141.50586,5.900765,9.98319,383.66983
80.029816,17.22544,132.49796,142.57217,6.2821484,10.636804,424.2631
78.859695,17.353157,132.78899,141.70563,6.555415,11.054755,447.55127
77.689575,17.480871,133.08003,140.83908,6.828683,11.472706,470.5856
76.76105,17.555313,131.21565,138.09561,7.0914392,11.814729,487.86517
75.83252,17.629753,129.35127,135.35216,7.354195,12.156753,505.06833
75.03447,17.666794,127.95143,133.18288,7.8247786,12.702192,527.16266
74.23641,17.703833,126.55159,131.01361,8.295362,13.247633,540.905
73.543884,17.816153,126.72384,130.48492,8.442462,13.507857,546.5878
72.85136,17.92847,126.896095,129.95622,8.589562,13.768081,551.2137
74.412994,17.818777,125.96295,129.15977,8.713407,13.896519,554.0991
75.97464,17.709082,125.0298,128.36333,8.83725,14.024955,554.9881
76.6962,17.874977,122.9751,126.69679,8.833298,13.952868,552.1896
77.417755,18.040869,120.920395,125.03025,8.829345,13.880782,549.601
77.50793,18.031738,121.82925,125.98139,8.8900385,13.969335,551.3667
77.5981,18.022606,122.738106,126.93253,8.950731,14.057887,553.159
77.25079,18.017107,123.49667,127.48235,9.111172,14.265864,556.962
76.90349,18.01161,124.255226,128.03217,9.271611,14.473841,560.59564
77.1608,17.9316,124.48042,128.32864,9.259674,14.376486,558.94116
77.41811,17.851593,124.70561,128.62514,9.247736,14.279131,557.25226
77.71911,17.783401,124.03096,127.94619,9.138792,14.043057,552.8703
78.020096,17.71521,123.35631,127.26724,9.029847,13.806982,548.28015
78.2899,17.664747,122.10456,125.97594,9.017351,13.744769,546.1988
78.55971,17.614288,120.8528,124.68459,9.004856,13.682556,543.72394
78.37,17.588408,118.97348,122.840866,9.189088,13.885499,546.6668
78.1803,17.562527,117.09415,120.99711,9.37332,14.088443,549.4751
78.26724,17.533916,115.40931,119.09354,9.552623,14.296496,552.1533
78.35418,17.505306,113.72447,117.18993,9.731926,14.50455,554.9631
78.7072,17.473858,112.51211,115.82814,9.570816,14.252028,550.1614
79.06022,17.44241,111.29974,114.46634,9.409706,13.999507,545.7808
79.42768,17.422686,111.12267,114.26299,9.379065,13.943449,544.65045
79.795135,17.402964,110.94562,114.05963,9.348421,13.887392,543.7252
80.06216,17.385002,111.67995,114.59148,9.134387,13.59672,538.6522
80.329185,17.36704,112.414276,115.123314,8.920353,13.306047,532.4699
80.53086,17.364714,114.88708,117.44001,8.406723,12.629263,513.3503
80.73254,17.362385,117.35989,119.756676,7.893092,11.952479,485.16644
81.57504,17.297108,120.462494,122.93647,6.8420105,10.705914,416.8127
82.41756,17.23183,123.56508,126.116264,5.790929,9.459348,344.38116
83.3331,17.15197,124.74508,128.67267,5.0112953,8.41959,279.80154
84.24865,17.07211,125.92508,131.22906,4.2316613,7.379832,217.73555
84.583786,17.049458,117.89791,125.64543,4.246954,7.2852974,202.46599
84.91892,17.026808,109.87074,120.061806,4.262247,7.1907635,187.64671
85.51971,16.976488,110.121056,120.98369,3.5288875,6.27375,134.92026
86.12048,16.92617,110.37138,121.90556,2.7955282,5.3567367,93.78767
86.67149,16.8749,103.81179,117.51147,2.792838,5.167074,83.17518
87.222496,16.823631,97.2522,113.11738,2.7901475,4.9774117,76.16741
87.34949,16.829338,92.36581,106.51299,3.571001,5.911944,110.93948
87.47648,16.835045,87.47941,99.90861,4.351855,6.846476,155.7085
87.150444,16.92378,90.88299,100.87034,4.927066,7.8387303,213.03526
86.82441,17.01252,94.28657,101.83207,5.502277,8.830985,276.03763
86.80838,17.06207,106.471245,109.72861,4.9455304,8.353075,236.26546
86.79235,17.111622,118.65593,117.62517,4.3887835,7.875166,207.18843
87.742775,17.000608,149.27463,143.36752,3.360182,6.2548423,154.48499
88.69319,16.889595,179.8933,169.1099,2.3315809,4.634519,59.79449
89.2135,16.810217,188.88199,181.31956,2.0627303,4.256018,44.831234
89.73381,16.730837,197.8707,193.52924,1.7938797,3.877517,32.272343
90.03518,16.628984,237.64786,224.60953,1.444026,3.3432856,23.303282
90.33655,16.527132,277.42502,255.68982,1.0941724,2.809054,11.377573
90.49408,16.457838,260.736,260.9731,0.94580954,2.4914396,14.857514
90.65161,16.388542,244.04692,266.2564,0.79744667,2.1738253,19.270756
89.84832,16.635056,192.76204,211.33206,1.2181654,2.774417,24.498985
89.04502,16.881567,141.47711,156.40771,1.6388842,3.375008,29.90471
88.91835,16.893448,138.82944,163.2201,1.4702857,2.971998,23.835585
88.79167,16.905329,136.18178,170.03249,1.3016875,2.568988,20.116299
89.138794,16.880531,137.44742,170.41042,1.1847942,2.3210099,19.475851
89.48592,16.855736,138.71306,170.78835,1.0679009,2.0730317,19.324263
89.347466,16.872023,149.28787,171.70638,1.5768572,2.8854496,22.636389
89.209015,16.888308,159.86266,172.62442,2.0858133,3.6978676,34.184055
88.90078,16.893764,177.72679,185.39737,2.357234,4.2594633,50.369675
88.592545,16.89922,195.59094,198.1703,2.6286547,4.8210597,59.628887
88.25641,16.907673,200.24794,203.02548,2.7755861,5.0567617,62.640865
87.92028,16.916128,204.90498,207.88068,2.9225168,5.292464,67.81374
87.955246,16.921955,206.71303,210.50616,3.0253894,5.471511,71.75425
87.99021,16.927784,208.5211,213.13165,3.1282616,5.650558,76.08964
88.45921,16.92812,211.95848,216.51584,3.286114,5.8929653,83.00444
88.92821,16.928452,215.39589,219.90004,3.4439662,6.135372,91.351845
89.51736,16.912737,221.156,226.0827,3.3403487,6.0375533,80.720535
90.10651,16.89702,226.91614,232.26535,3.2367315,5.9397335,75.92627
90.63825,16.861475,234.13448,239.21107,3.3629124,6.061669,83.31272
91.17,16.825932,241.35278,246.1568,3.4890933,6.1836047,90.48617
92.15674,16.776281,240.16501,245.89662,3.3479106,5.902175,84.91479
93.14347,16.726633,238.97723,245.63644,3.2067282,5.620745,80.02771
93.70178,16.692991,240.43152,245.82498,3.543564,6.0378103,94.572845
94.260086,16.65935,241.8858,246.01352,3.8803995,6.454876,114.9762
93.776726,16.613869,242.27121,246.23013,3.636057,6.123995,99.416046
93.29336,16.56839,242.65666,246.4468,3.3917143,5.7931128,87.09676
92.363,16.543388,235.87889,239.43187,3.647273,6.028248,91.57309
91.43263,16.518385,229.10114,232.41695,3.9028318,6.263383,98.99744
87.470314,16.55936,213.13564,219.58858,3.1880467,5.2498426,66.55108
83.507996,16.600338,197.17015,206.76024,2.473261,4.2363014,39.82273
80.9119,16.669434,195.09523,205.51134,2.3621643,4.1717362,48.66706
78.3158,16.73853,193.02031,204.26244,2.2510672,4.1071715,51.19316
79.54861,16.762764,193.08522,202.99217,2.6888752,4.7459044,69.58671
80.78141,16.787,193.15013,201.72191,3.1266835,5.3846374,95.45834
83.37896,16.75973,182.20154,192.95015,3.0600588,5.1695857,89.92919
85.97652,16.732458,171.25293,184.17842,2.9934344,4.954534,77.62778
87.11832,16.7399,167.29987,177.96967,3.3505461,5.4801726,108.34159
88.26011,16.747341,163.34679,171.76094,3.7076578,6.0058117,139.06033
87.999344,16.777046,164.14813,171.72064,3.761562,6.1384883,150.35522
87.73859,16.806753,164.9495,171.68037,3.8154666,6.2711654,161.85762
87.2234,16.833805,164.38072,171.64442,3.9650142,6.471005,178.69902
86.70822,16.860857,163.81197,171.6085,4.1145616,6.6708436,195.24113
86.300316,16.88652,163.8127,171.24908,4.374738,7.055056,221.22289
85.89242,16.912188,163.81342,170.88963,4.634915,7.439268,244.3606
85.66708,16.957544,168.12608,174.15685,4.886318,7.8360143,263.64328
85.441734,17.002903,172.43872,177.42403,5.137721,8.232761,283.49374
86.19583,17.03579,180.52089,185.7882,5.4810033,8.725849,297.86768
86.94992,17.068674,188.60306,194.15234,5.824285,9.218937,320.02203
88.809296,16.84205,191.91391,198.48833,5.629773,8.863056,290.9386
90.66867,16.615427,195.22476,202.82431,5.4352603,8.5071745,271.18646
90.525894,16.592548,203.90942,211.80804,5.0852795,8.064595,221.04999
90.38312,16.569672,212.59407,220.79178,4.7352986,7.622016,178.83002
90.54481,16.51086,219.64375,227.5112,4.455038,7.2992454,152.26074
90.70649,16.45205,226.69342,234.23059,4.174778,6.976475,130.94406
90.88105,16.41535,230.5234,237.46939,4.063302,6.839126,123.294586
91.05562,16.37865,234.3534,240.70815,3.951826,6.701778,115.99535
91.45649,16.310797,235.56483,241.70287,3.9694877,6.6132092,112.51665
91.85735,16.242943,236.77632,242.69757,3.987149,6.5246415,109.96315
91.96941,16.170639,237.39032,242.70824,4.052554,6.4359736,108.88083
92.08148,16.098333,238.00432,242.71893,4.1179595,6.347306,108.0215
92.03716,16.014305,238.12906,242.61755,4.1879516,6.227019,106.04479
91.99285,15.930274,238.25383,242.51614,4.257943,6.106732,104.23773
91.88656,15.863626,238.60263,242.5834,4.4253483,6.123239,107.247505
91.780266,15.796977,238.95143,242.65065,4.592753,6.139745,108.080605
91.44662,15.759919,237.89178,241.35608,4.702037,6.174229,108.63606
91.112976,15.722862,236.83214,240.06148,4.8113203,6.208714,109.14567
90.74941,15.699092,235.7253,238.79767,4.6773753,6.0218315,101.60156
90.38586,15.67532,234.61847,237.53384,4.5434303,5.8349495,93.788795
89.98851,15.682992,231.73575,234.47778,4.5651994,5.851811,92.18244
89.59118,15.690664,228.853,231.42169,4.586968,5.868672,90.92442
89.26446,15.71999,224.2299,226.81378,4.6634855,6.022807,93.65415
88.93774,15.749315,219.60678,222.20586,4.740003,6.176943,97.34748
88.574394,15.807629,215.49919,218.30075,4.9117713,6.515339,112.18094
88.21106,15.865943,211.3916,214.39561,5.0835395,6.853736,135.24176
87.18991,15.960961,202.78825,207.50938,4.6161547,6.4681406,131.71555
86.16876,16.055979,194.18492,200.62314,4.1487703,6.0825443,130.05785
85.647354,16.15298,186.66486,193.45816,3.9717999,6.007838,142.60123
85.12595,16.249983,179.1448,186.29318,3.7948296,5.9331317,150.8268
85.76506,16.329174,171.13988,177.33667,4.4187226,6.772263,207.9028
86.40415,16.408365,163.13493,168.38016,5.042616,7.6113944,244.60693
87.115776,16.47584,162.04591,166.59795,5.712923,8.506388,275.42245
87.8274,16.543314,160.95691,164.81569,6.3832297,9.4013815,314.87897
87.69192,16.597784,159.15099,163.7914,6.456812,9.522719,319.98056
87.556435,16.65225,157.34505,162.76707,6.5303946,9.644057,325.21573
86.89172,16.749537,159.50511,166.09279,6.4875703,9.68006,334.6722
86.227005,16.846823,161.66518,169.41847,6.444745,9.716064,344.1677
85.56051,16.958704,166.39772,173.66713,6.605814,10.000656,371.26224
84.89402,17.070587,171.13025,177.91574,6.7668834,10.285247,397.9662
84.39346,17.1594,171.97815,178.44131,7.1585517,10.843528,432.31815
83.89291,17.248217,172.82605,178.96692,7.55022,11.401809,463.3024
83.333595,17.349339,175.28928,180.61812,8.128108,12.211418,501.68753
82.77427,17.450459,177.75249,182.26932,8.7059965,13.021028,530.73206
82.46737,17.467955,180.83813,185.71124,9.100495,13.569926,546.284
82.16046,17.48545,183.92377,189.1532,9.494993,14.118825,558.59143
81.17139,17.450035,193.46439,198.23341,9.689277,14.269582,559.90576
80.18232,17.414621,203.00504,207.31363,9.883559,14.420338,558.52216
83.25599,16.933899,201.07085,204.20024,9.804537,13.93943,555.5801
86.32965,16.453176,199.1367,201.08688,9.725515,13.458523,549.26654
87.73046,16.305882,190.89153,193.71935,9.3144455,12.662727,523.3438
89.13126,16.158587,182.64635,186.3518,8.903375,11.866934,490.13367
90.80328,16.054813,181.34016,185.06627,9.152826,12.100834,500.3861
92.4753,15.951042,180.03398,183.78073,9.402276,12.334736,505.64365
93.63068,15.904226,177.26346,180.28645,9.111007,12.032694,495.10538
94.78604,15.857411,174.49297,176.79219,8.8197365,11.730653,480.96573
94.74218,15.935891,172.38785,174.59076,9.376697,12.368495,500.56854
94.698326,16.01437,170.28276,172.3893,9.933657,13.006336,514.07434
93.04975,16.151363,175.40889,177.31638,11.14296,14.571597,543.4082
91.40118,16.288357,180.53502,182.24345,12.3522625,16.136856,556.15155
91.13727,16.398563,186.54709,188.19954,11.857892,15.582861,554.6489
90.87336,16.508768,192.55914,194.15561,11.363523,15.028866,554.4158
90.75323,16.527382,195.07603,197.14574,10.990188,14.631439,553.3256
90.633095,16.545998,197.5929,200.13586,10.616853,14.234013,551.0236
90.866394,16.552128,204.17274,206.85324,10.499591,14.14229,550.9122
91.099686,16.558262,210.75258,213.57063,10.38233,14.050566,548.62823
90.81466,16.548843,215.52563,218.84329,9.882318,13.518685,541.4834
90.529625,16.539425,220.29869,224.11598,9.382307,12.986804,532.3733
90.09371,16.5139,221.03554,225.0645,9.087333,12.631713,525.37866
89.6578,16.488377,221.7724,226.013,8.792357,12.276622,515.03235
88.45667,16.51806,221.74341,225.8554,8.615407,12.055897,501.96954
87.25555,16.547747,221.71442,225.69777,8.438456,11.835171,487.9774
86.61292,16.587133,220.09863,223.91283,8.566965,12.073478,499.65164
85.97029,16.626518,218.48285,222.12791,8.695475,12.311785,509.9617
84.91367,16.712442,215.98029,220.04076,8.726917,12.4609,514.678
83.857056,16.798367,213.47772,217.95363,8.758359,12.610017,517.5912
82.801796,16.88926,212.11009,216.79301,8.658008,12.542237,512.6095
81.74654,16.98015,210.74245,215.63242,8.557655,12.474459,508.81586
81.298965,17.040451,209.38254,214.82474,8.5021105,12.486706,507.59976
80.851395,17.100756,208.02266,214.01709,8.446566,12.498953,506.09558
80.82818,17.123196,208.96123,214.88618,8.362838,12.440032,503.5124
80.80497,17.145636,209.89977,215.75526,8.279112,12.38111,501.01865
81.319595,17.133533,210.84354,216.7272,8.030911,12.06335,490.30286
81.83421,17.121431,211.78734,217.69914,7.78271,11.745589,477.0391
82.278656,17.0716,212.84563,218.30774,7.9925623,11.894094,484.5528
82.7231,17.021769,213.90395,218.91637,8.2024145,12.042601,491.85605
83.546265,16.939177,214.69249,219.99022,7.918626,11.669065,474.23837
84.36943,16.856585,215.48106,221.0641,7.634837,11.29553,453.46667
84.823586,16.818308,214.0471,219.95287,7.252461,10.832587,423.37866
85.27775,16.780033,212.61311,218.84163,6.8700852,10.369643,390.31277
85.55056,16.731104,214.75868,220.88657,6.5687847,9.964252,358.835
85.823364,16.682173,216.90424,222.9315,6.267484,9.558863,327.49933
86.36911,16.602757,221.00677,226.3014,6.244105,9.485112,319.9207
86.91485,16.523338,225.10928,229.67131,6.2207246,9.411363,314.6516
87.48733,16.42205,229.53625,233.8319,6.269711,9.339004,307.08417
88.05979,16.320763,233.96326,237.99251,6.318697,9.266646,299.0388
91.07015,15.999243,239.24304,243.5634,5.938428,8.623061,260.31442
94.08051,15.677721,244.52283,249.1343,5.5581594,7.979477,243.83205
93.67323,15.634992,248.85315,253.43929,5.559303,7.891986,229.83249
93.265945,15.592261,253.18349,257.74426,5.5604467,7.804495,215.55711
91.913734,15.544421,257.93298,261.4338,5.9469085,8.130645,222.84763
90.56152,15.496582,262.68253,265.12335,6.3333716,8.456796,241.6137
88.017136,15.418509,265.05878,266.82556,6.821988,8.681575,232.67142
85.47274,15.340436,267.43506,268.5278,7.3106055,8.906354,244.1327
85.23973,15.188898,269.28015,270.2673,7.664753,9.172202,259.02332
85.00673,15.03736,271.1252,272.00687,8.0189,9.438051,273.6502
85.328476,14.949913,270.5099,271.3677,8.251027,9.651607,283.305
85.65023,14.862467,269.8946,270.7285,8.483154,9.865162,294.84204
85.948715,14.841834,267.1393,267.9295,8.512752,9.891144,293.4805
86.24721,14.8212,264.38403,265.1305,8.542349,9.917126,293.22284
86.232765,14.829015,261.57767,262.2892,8.541569,9.901417,290.0867
86.21832,14.836828,258.77133,259.4479,8.54079,9.885707,287.0571
85.94931,14.881916,254.81755,255.55592,8.48099,9.82293,281.47784
85.6803,14.927002,250.86382,251.66393,8.421191,9.760154,277.24582
85.651085,14.941968,248.38895,249.26424,8.305157,9.629116,267.8107
85.62186,14.956932,245.9141,246.86458,8.189121,9.498078,258.46738
85.237976,15.015277,241.94685,242.87752,8.230264,9.586151,271.65628
84.854095,15.073622,237.97964,238.89046,8.271404,9.674224,286.335
85.09413,15.158514,234.64449,235.60791,8.385427,9.9255495,309.8591
85.33417,15.243408,231.30933,232.32538,8.49945,10.176875,334.69144
84.059525,15.394823,227.11617,228.50739,8.177394,9.939106,334.06876
82.78489,15.546238,222.92297,224.68939,7.855337,9.701336,329.70953
82.2368,15.662707,222.21075,224.53412,7.745233,9.79097,347.27493
81.68871,15.779178,221.49852,224.37883,7.6351285,9.880605,364.52
81.30434,15.817585,223.44376,226.20276,7.989813,10.317289,398.37567
80.91996,15.855994,225.38898,228.0267,8.344498,10.753975,428.02335
81.685104,15.885966,225.51733,229.06259,8.031796,10.558925,412.28064
82.45025,15.915936,225.64574,230.0985,7.719095,10.363876,395.4647
82.74012,15.988493,222.61221,227.65906,7.213965,9.956308,367.87482
83.02999,16.061049,219.57874,225.21964,6.7088346,9.548739,339.96454
83.25906,16.105917,222.254,227.81505,6.6361794,9.467944,330.47614
83.488144,16.150784,224.92923,230.41043,6.563524,9.387149,320.71558
83.68927,16.151201,227.03726,232.25322,6.571354,9.488779,326.94562
83.89039,16.151617,229.14531,234.096,6.579184,9.59041,332.43134
84.00588,16.173,227.40987,232.27837,6.877241,9.945034,358.70285
84.121376,16.194384,225.67444,230.46074,7.175298,10.299658,386.11084
84.144844,16.136217,226.634,230.9815,7.5638413,10.594714,408.56683
84.16832,16.07805,227.59357,231.5023,7.9523854,10.889771,429.97433
84.29627,16.077654,228.56566,232.28345,7.756505,10.7398,419.8222
84.42424,16.07726,229.53773,233.06462,7.5606246,10.5898285,408.9649
83.99468,16.093586,232.39624,236.31442,7.63047,10.65059,412.74948
83.56513,16.109911,235.25476,239.56422,7.7003145,10.711351,415.97192
83.19404,16.073357,238.54266,242.43315,7.632361,10.569151,406.78293
82.82294,16.036804,241.83055,245.30211,7.5644073,10.426951,398.69998
81.18238,16.017376,247.51714,249.92519,8.60071,11.091475,437.97913
79.54183,15.997949,253.20374,254.54826,9.637012,11.755997,469.81482
80.07128,15.921868,255.40877,256.62674,9.946049,12.081758,485.0272
80.60073,15.845787,257.6138,258.70517,10.255086,12.407518,499.93607
81.56621,15.727871,259.2903,260.15836,10.257668,12.282562,496.20465
82.53167,15.609954,260.9669,261.61157,10.260249,12.157606,488.33694
83.30914,15.503199,262.18173,262.89166,10.188338,12.013426,476.74347
84.08661,15.396443,263.39658,264.17175,10.116427,11.869244,461.35858
84.689445,15.295617,265.68784,266.4548,9.977638,11.64247,440.84543
85.29228,15.19479,267.97906,268.73788,9.83885,11.415697,419.00378
85.615906,15.125855,269.06262,269.7473,9.712253,11.183415,395.7294
85.93953,15.056922,270.14615,270.75668,9.585655,10.951133,371.55905
85.9449,14.991287,270.25986,270.81744,9.383322,10.635506,340.134
85.95028,14.925652,270.37357,270.87817,9.180987,10.319878,308.13165
85.95588,14.879754,269.87344,270.42093,8.968096,10.023272,279.4755
85.96147,14.833856,269.3733,269.96368,8.755206,9.726665,253.1896
85.62994,14.841221,268.5007,269.05405,8.599152,9.527881,240.41028
85.2984,14.848588,267.62808,268.14444,8.443097,9.329097,228.91898
84.917015,14.880442,267.0506,267.55814,8.348423,9.220734,225.75598
84.53564,14.912295,266.4731,266.97183,8.253749,9.112371,222.66655
83.9574,14.954082,266.0172,266.49423,8.124532,8.977861,221.56917
83.37917,14.995866,265.56137,266.01666,7.995314,8.843351,221.04492
82.44098,15.096286,265.38516,265.859,7.895918,8.780645,231.33392
81.5028,15.196706,265.20895,265.7014,7.796521,8.71794,238.91762
80.64788,15.342672,265.8518,266.4228,7.2201304,8.12655,190.71556
79.79295,15.488641,266.49466,267.14417,6.643739,7.535158,136.20033
79.23853,15.623119,263.3135,264.17908,5.719449,6.4996176,75.35391
78.68411,15.757599,260.1324,261.21402,4.7951593,5.4640765,44.95527
78.671524,15.846006,249.51152,250.76855,4.4756823,5.1257052,34.494907
78.658936,15.934414,238.89062,240.32314,4.1562057,4.7873344,25.910105
78.90074,16.009764,228.77913,230.75859,4.0839086,4.8155146,27.361538
79.14255,16.085114,218.66765,221.19402,4.0116115,4.843695,32.461132
79.725746,16.16384,211.5031,214.48225,4.1279984,5.149739,45.501335
80.30895,16.242563,204.33852,207.77045,4.2443852,5.455783,68.43886
81.38322,16.295004,198.99629,203.17238,4.2625647,5.607699,91.32591
82.45747,16.347443,193.65405,198.57433,4.280745,5.7596154,116.963264
83.172295,16.401306,190.74387,195.78009,4.424483,6.049568,143.42094
83.887115,16.45517,187.83368,192.98581,4.5682216,6.339521,171.81392
84.31477,16.4976,186.7989,191.06192,4.8257446,6.7182717,197.25969
84.74245,16.540031,185.76413,189.13799,5.083268,7.0970225,216.86179
85.697556,16.54877,185.63797,188.12169,5.441126,7.515833,227.41469
86.652664,16.557508,185.5118,187.10544,5.798984,7.9346423,241.58586
87.41176,16.520004,187.40945,188.61235,5.894566,8.013501,240.10403
88.17086,16.482498,189.30713,190.11931,5.9901476,8.092359,240.14214
87.708176,16.468231,191.68085,192.55487,5.6670876,7.7188005,220.03093
87.24548,16.453962,194.0546,194.99045,5.3440275,7.3452435,201.07451
86.7729,16.448755,199.24873,200.62003,4.9252744,6.918941,175.33487
86.30032,16.443548,204.4429,206.2496,4.506521,6.492638,144.0053
88.86578,16.198078,216.73982,217.85805,3.9861596,6.1300516,98.91866
91.43124,15.952605,229.03674,229.46652,3.4657984,5.7674646,78.538536
92.00774,15.906698,232.32898,234.0189,3.115825,5.282841,66.03454
92.58423,15.860792,235.62122,238.5713,2.7658517,4.798218,57.784725
93.25833,15.793697,239.3555,244.82234,2.4348986,4.2701983,52.333893
93.93243,15.7266035,243.08975,251.0734,2.1039455,3.742179,43.440037
94.238144,15.684635,246.98767,257.9042,1.8490489,3.2749462,35.252846
94.54386,15.642666,250.88559,264.735,1.5941526,2.8077135,28.791656
94.36346,15.616518,252.69293,271.6444,1.366576,2.3980324,25.018219
94.18305,15.590369,254.5003,278.55386,1.1389995,1.988351,17.959564
94.02213,15.563566,223.4466,257.65408,0.92093706,1.3245593,19.268316
93.86122,15.536764,192.39287,236.75433,0.70287436,0.66076744,21.112991
94.30478,15.5199375,178.99443,195.08696,0.90929407,0.86599606,16.434715
94.74833,15.503112,165.59596,153.41956,1.1157136,1.0712249,15.472118
94.086525,15.536312,162.39615,151.8872,1.1209754,1.3275448,14.46454
93.42471,15.569511,159.19633,150.35484,1.1262373,1.583865,13.443621
93.29427,15.602965,157.74692,152.81812,1.3489769,2.0338452,15.39169
93.16384,15.63642,156.29753,155.28136,1.5717167,2.483825,17.796577
93.340904,15.67476,156.81044,158.41795,1.8578353,2.960523,21.467491
93.517975,15.7131,157.32336,161.55457,2.1439538,3.4372208,27.641733
93.850204,15.745358,162.9622,167.41577,2.5847383,4.039246,38.481243
94.182434,15.777615,168.60104,173.277,3.0255227,4.641272,50.269924
94.02917,15.789863,170.79839,176.36108,3.2293723,4.859937,52.99696
93.875885,15.802111,172.99573,179.44516,3.433222,5.078602,55.86015
92.53898,15.816948,172.9839,179.24626,3.604058,5.264188,63.267708
91.20207,15.831786,172.97208,179.04738,3.774894,5.449774,73.791794
89.92389,15.850633,172.09688,177.11234,4.1815906,5.9438376,101.40535
88.64571,15.86948,171.22166,175.1773,4.588287,6.4379015,143.36092
88.179985,15.885947,163.46533,167.1227,5.09693,7.02126,178.70729
87.71426,15.902414,155.709,159.06808,5.6055727,7.6046185,207.99799
87.86832,15.900554,151.06174,154.3862,6.533131,8.648087,255.45653
88.02237,15.898692,146.41447,149.70435,7.4606895,9.691553,307.2554
88.61352,15.852911,147.33278,149.92467,8.298187,10.630907,384.01843
89.20467,15.807129,148.2511,150.145,9.135685,11.57026,457.5321
88.64201,15.714231,145.85678,147.19939,9.874038,12.314889,495.36945
88.079346,15.621334,143.46248,144.25374,10.6123905,13.059517,520.6181
88.65244,15.672318,141.94873,142.76834,11.09465,13.779113,537.0413
89.22555,15.723304,140.43497,141.28294,11.576912,14.498707,545.2496
90.49435,15.754001,137.27786,138.28331,11.805475,14.847204,546.1945
91.763145,15.7846985,134.12074,135.28368,12.03404,15.195702,547.4212
92.81632,15.788755,130.5251,131.90405,12.338729,15.67216,550.205
93.8695,15.792812,126.92947,128.52446,12.643418,16.148617,553.45154
93.08935,15.9237385,127.94232,129.36548,13.329132,17.079557,559.60455
92.3092,16.054663,128.9552,130.20653,14.014847,18.010496,563.83014
91.354164,16.305294,136.62016,138.18825,13.945735,18.108902,564.2702
90.39913,16.555925,144.28514,146.16995,13.876624,18.207308,564.72473
90.588394,16.677536,154.04625,155.98116,13.295196,17.583424,562.79877
90.77765,16.799147,163.80736,165.79236,12.713765,16.959541,559.5944
91.120834,16.8293,159.49638,161.7735,12.252962,16.308943,553.9442
91.46403,16.859453,155.18538,157.75462,11.792158,15.658344,547.60297
92.718636,16.885277,169.08858,173.45563,10.422182,14.240323,536.8989
93.97324,16.911102,182.99178,189.15659,9.052205,12.822302,514.3398
94.13379,16.906944,191.55905,197.4572,8.518441,12.269852,506.9131
94.294334,16.902788,200.12633,205.75778,7.9846783,11.717401,499.67993
93.218544,16.800327,212.57956,217.53197,8.157798,11.68747,503.34976
92.14275,16.697868,225.03284,229.30618,8.330916,11.657542,492.4964
88.15852,16.59066,226.90567,230.21451,8.033401,11.10536,441.38373
84.17429,16.483452,228.7785,231.12285,7.7358837,10.553178,403.6651
85.38298,16.415916,223.27243,225.70132,7.5837417,10.407859,390.688
86.59167,16.34838,217.76636,220.27979,7.4315996,10.26254,380.62573
86.72082,16.346355,209.12065,211.80817,7.588461,10.4030075,395.9483
86.849976,16.344332,200.47496,203.33658,7.745322,10.543474,407.64124
87.17784,16.30264,198.10464,200.43134,8.517442,11.256996,449.90594
87.505714,16.260948,195.73433,197.52611,9.28956,11.970517,486.18307
87.218895,16.202333,193.11174,194.97542,9.531683,12.20692,496.23422
86.93208,16.143717,190.48914,192.42471,9.773805,12.443323,505.65598
87.480446,16.189737,186.71881,188.31569,10.104408,12.9141245,522.2957
88.02881,16.235756,182.94849,184.20668,10.435011,13.384925,533.55994
88.45653,16.3159,179.20076,180.76974,10.617931,13.759617,538.6827
88.88424,16.396048,175.45303,177.33281,10.800852,14.134309,543.1465
89.50206,16.477388,174.34537,176.20868,11.374212,14.865324,548.1062
90.11988,16.55873,173.2377,175.08455,11.947573,15.596339,550.50433
90.1821,16.603529,175.3799,177.12924,12.13522,15.878016,552.6007
90.24431,16.648329,177.5221,179.17393,12.3228655,16.159695,554.71814
90.28157,16.569593,180.97021,182.58255,11.833806,15.620974,553.7616
90.318825,16.490858,184.41833,185.99115,11.344747,15.082253,553.55884
88.32435,16.568996,186.00761,188.40634,10.946277,14.526914,552.85
86.32987,16.647135,187.59688,190.82156,10.547809,13.971575,549.1086
84.27451,16.786171,189.78886,192.92792,10.339047,13.877422,552.3573
82.219154,16.925207,191.98088,195.03427,10.130287,13.783271,552.27875
80.76901,16.943308,196.28146,199.1515,10.831104,14.58837,564.6696
79.31887,16.961409,200.58205,203.26874,11.531922,15.39347,573.75116
78.49371,17.005226,201.42422,203.94589,11.681349,15.583168,575.6416
77.66856,17.049042,202.26645,204.62306,11.830776,15.772866,577.1211
77.49447,17.10242,202.25806,204.83017,11.329638,15.271129,570.1317
77.32037,17.155802,202.2497,205.03728,10.828499,14.76939,562.3554
76.87295,17.212204,201.13995,204.15247,10.974004,14.968401,564.63776
76.42553,17.268604,200.0302,203.2677,11.119508,15.167412,567.0357
76.496864,17.203297,201.05725,203.67987,11.520826,15.558054,572.66235
76.5682,17.13799,202.0843,204.09206,11.922144,15.948694,578.2737
76.62334,17.01624,202.09692,203.86531,12.6599245,16.751858,585.1233
76.67848,16.894487,202.10953,203.6386,13.397704,17.55502,588.60156
78.00646,16.662548,201.34767,202.66734,14.098563,18.331345,591.3668
79.33444,16.43061,200.58583,201.69608,14.799421,19.10767,591.6596
80.05271,16.321968,202.8294,203.97299,15.147625,19.539324,590.3315
80.77097,16.213327,205.07297,206.24992,15.49583,19.970978,588.5024
82.81227,16.071444,205.8703,206.9556,15.254625,19.605158,584.3099
84.85357,15.929558,206.66765,207.66127,15.013422,19.239336,580.50287
84.74232,15.940701,209.52734,210.56343,15.20207,19.483625,579.9783
84.631065,15.951843,212.38707,213.4656,15.390718,19.727917,579.31213
84.74076,15.946492,212.78809,213.78345,15.551724,19.962015,578.3168
84.85045,15.941142,213.1891,214.10127,15.712729,20.196114,577.4115
84.74886,15.891227,215.89584,216.77956,16.083025,20.67078,576.04926
84.64727,15.841312,218.60257,219.45781,16.45332,21.145447,574.6315
84.05834,15.824815,220.72586,221.56213,16.517603,21.238081,574.70544
83.46941,15.808319,222.84915,223.66641,16.581884,21.330717,574.3683
82.86342,15.774214,223.45648,224.22034,16.532593,21.235723,575.7758
82.257416,15.7401085,224.06378,224.77429,16.4833,21.140732,577.31885
81.61673,15.725701,225.03336,225.73767,16.300861,20.872744,579.87933
80.97604,15.711293,226.00291,226.70105,16.118423,20.604755,581.88727
81.74152,15.603128,227.36243,228.07867,16.106602,20.513556,580.95703
82.507,15.494965,228.72194,229.45627,16.09478,20.422356,579.5602
82.58746,15.495164,229.52399,230.25893,15.8267145,20.036766,579.90735
82.66792,15.495364,230.32603,231.06158,15.55865,19.651173,580.4544
82.14198,15.590298,231.07327,231.91289,15.2221775,19.21986,581.3267
81.61605,15.685232,231.82048,232.76422,14.885705,18.788548,581.53845
81.39767,15.801476,231.42194,232.48633,14.065385,17.754297,579.74854
81.179276,15.917721,231.02336,232.20845,13.245066,16.720045,577.63165
80.75879,16.03756,230.62088,231.89796,12.597945,15.958368,573.25696
80.3383,16.157398,230.21837,231.58746,11.950825,15.196691,568.242
80.09434,16.23457,229.25485,230.84752,11.377604,14.530901,561.92224
79.85038,16.31174,228.29134,230.10756,10.804383,13.86511,550.7376
79.75922,16.397512,226.53262,228.76051,10.382179,13.459485,541.9024
79.66805,16.483286,224.77391,227.41347,9.959975,13.053859,531.92163
79.179924,16.565657,225.79228,228.80815,9.6606245,12.869092,523.2487
78.69179,16.648027,226.81067,230.20285,9.361274,12.684326,513.52124
78.5957,16.702923,226.64653,230.26382,9.309543,12.7269335,513.43317
78.49962,16.75782,226.48239,230.3248,9.257812,12.76954,513.12256
79.32914,16.694681,227.88135,231.17052,9.605531,13.129472,528.0061
80.15867,16.631544,229.28027,232.01624,9.95325,13.489404,541.2735
82.25451,16.482397,230.64795,233.12877,9.876012,13.149109,536.9239
84.35035,16.333248,232.01558,234.24132,9.798774,12.808814,526.776
84.22575,16.308592,232.19931,234.41464,9.513887,12.421421,512.95184
84.101166,16.283936,232.38303,234.58798,9.229003,12.034028,495.42535
84.73389,16.238642,233.00278,235.30588,9.092944,11.863232,484.32248
85.36661,16.19335,233.62254,236.02382,8.956885,11.692435,473.4596
85.01039,16.181305,233.41685,235.61629,8.89758,11.533881,463.7352
84.654175,16.16926,233.21117,235.20874,8.838276,11.375327,453.0273
84.28588,16.137758,234.40475,236.2445,8.791269,11.297042,448.96207
83.91759,16.106255,235.59837,237.28024,8.744262,11.218756,444.6375
83.388,16.059595,237.39157,238.84074,8.732462,11.12695,437.95328
82.85841,16.012936,239.1848,240.4012,8.72066,11.035143,431.89774
82.662735,15.920073,240.37642,241.5743,9.1331005,11.423039,456.66382
82.46706,15.8272085,241.56802,242.74738,9.545541,11.810935,479.67764
83.82681,15.678744,236.11008,237.36201,9.432159,11.869472,488.8466
85.18656,15.53028,230.65211,231.97665,9.318778,11.928008,494.80078
85.06549,15.507166,233.00995,234.33519,9.570697,12.127272,503.7638
84.94442,15.484053,235.36775,236.69374,9.822615,12.326536,511.50082
83.88852,15.39807,239.95618,241.20088,9.806879,12.148284,503.0757
82.8326,15.312089,244.5446,245.70802,9.791144,11.970032,492.282
82.23647,15.212834,245.93185,246.92932,10.051739,12.22322,505.8274
81.64034,15.113579,247.31912,248.15062,10.312333,12.476409,517.1681
82.02385,14.998557,247.2182,247.90192,10.339293,12.422489,516.044
82.40736,14.883535,247.11731,247.65321,10.366251,12.36857,513.81396
83.088394,14.76972,246.94638,247.46468,10.37577,12.293784,508.42978
83.76943,14.655908,246.77545,247.27611,10.385288,12.218999,502.89978
84.33108,14.563563,247.66098,248.19127,10.276147,12.025186,490.4126
84.892715,14.471218,248.54651,249.10645,10.167004,11.831371,475.54016
85.201,14.402061,248.64873,249.20245,10.048817,11.630235,459.99402
85.50927,14.332907,248.75095,249.2985,9.93063,11.429098,443.53748
85.62636,14.307736,248.49292,249.06078,9.914394,11.393035,440.72772
85.74344,14.282566,248.2349,248.82307,9.898159,11.356971,438.0072
85.482056,14.300327,248.76076,249.369,9.794587,11.23303,426.881
85.22067,14.318091,249.28667,249.91496,9.691015,11.109092,415.04
84.65186,14.40417,249.85043,250.46239,9.542684,10.956166,399.78473
84.08305,14.490248,250.41422,251.00986,9.394353,10.803242,384.98224
83.080315,14.629478,250.3716,250.92943,9.063273,10.462866,362.31393
82.07757,14.76871,250.32901,250.84901,8.732195,10.122492,344.22446
81.596466,14.90135,247.69678,248.339,8.073182,9.439408,295.78992
81.11537,15.033989,245.06453,245.82903,7.414168,8.756327,249.56229
81.22443,15.155992,243.40099,244.3361,7.1007695,8.548968,236.51913
81.33349,15.277994,241.7374,242.8432,6.787371,8.341611,223.0255
81.31953,15.365209,241.05875,242.6578,6.45853,8.0933485,205.1323
81.305565,15.452422,240.3801,242.47243,6.1296887,7.845086,188.08702
81.67535,15.474275,241.57762,243.80818,5.9834065,7.6991076,177.80428
82.04513,15.496128,242.77516,245.14394,5.837124,7.553129,169.91718
83.10643,15.484748,241.99922,244.49344,5.770694,7.543359,171.97676
84.16774,15.473369,241.2233,243.84294,5.7042637,7.5335884,173.83717
84.41967,15.48619,239.49467,242.46791,5.688171,7.564377,176.12352
84.6716,15.499013,237.76602,241.09288,5.672078,7.5951653,177.46121
84.7642,15.533951,239.80797,244.131,5.3222814,7.2912188,156.19453
84.8568,15.568888,241.8499,247.16911,4.972484,6.9872723,137.58217
84.98785,15.592358,238.88214,245.00291,4.756045,6.7849336,126.89757
85.11889,15.615828,235.91437,242.83672,4.539606,6.582596,117.3845
85.17573,15.652833,233.51631,240.41168,4.4302893,6.5433784,116.74338
85.23256,15.689839,231.11829,237.98665,4.3209715,6.50416,116.23516
85.18968,15.725119,228.05371,234.95894,4.3760395,6.628325,124.58331
85.14681,15.760399,224.98915,231.93127,4.4311075,6.7524896,135.18192
84.87764,15.807703,227.65094,234.58813,4.6875515,7.080132,151.15594
84.608475,15.855007,230.31277,237.245,4.9439955,7.407775,168.83296
83.905014,15.8538265,238.50519,246.22086,4.8907065,7.3110495,158.09569
83.20155,15.852644,246.69759,255.19672,4.8374176,7.214325,142.94029
82.09121,15.716034,258.99503,265.5973,5.113271,7.4074464,151.35397
80.98085,15.579424,271.29248,275.99786,5.3891244,7.600568,154.67647
80.598564,15.460667,273.21307,276.7149,5.599788,7.5633945,146.91916
80.216286,15.341909,275.1337,277.4319,5.8104515,7.526221,139.5706
80.517876,15.18842,276.3152,278.16742,5.9956336,7.4681973,132.59413
80.819466,15.034932,277.49667,278.90295,6.1808157,7.4101734,128.98495
81.20219,14.950282,280.22925,281.56332,5.9191904,7.0015383,110.10426
81.5849,14.86563,282.96182,284.22372,5.6575646,6.5929036,100.05452
81.8425,14.814855,282.28976,283.54575,5.19745,5.9803433,80.4378
82.1001,14.764078,281.61768,282.86777,4.737336,5.367783,65.17867
82.23165,14.729872,280.37286,281.50418,4.4234548,4.962337,56.49831
82.3632,14.695665,279.12808,280.1406,4.1095734,4.5568914,45.239906
82.42227,14.674281,276.5247,277.41736,3.7795353,4.1522536,35.78877
82.48135,14.652897,273.92133,274.69415,3.449497,3.747616,30.817934
82.660286,14.639651,271.61697,272.21262,3.3560839,3.6339598,30.01961
82.83922,14.626407,269.3126,269.73102,3.262671,3.5203032,28.882214
82.78712,14.628226,266.32144,266.6653,3.0754592,3.3076086,25.908693
82.73501,14.630045,263.3303,263.59958,2.8882475,3.094914,22.929808
82.82945,14.633484,258.18826,258.33,2.817095,3.0194511,21.762142
82.9239,14.636922,253.0462,253.06038,2.7459428,2.9439886,22.43702
82.6081,14.671371,248.06323,247.96725,2.7708595,2.9780912,23.243279
82.2923,14.70582,243.08025,242.8741,2.7957757,3.012194,23.2479
81.49465,14.749488,239.77165,239.66103,2.8496485,3.0987804,20.795336
80.69701,14.793156,236.46309,236.44795,2.9035213,3.1853673,20.104486
80.74373,14.84777,232.48045,232.5618,2.6827345,2.9637868,19.395178
80.79045,14.902385,228.49782,228.67566,2.4619482,2.7422063,19.288805
81.323586,14.955149,222.772,223.39114,2.2530954,2.568819,21.330025
81.856735,15.007914,217.04616,218.10666,2.0442426,2.3954318,21.324198
82.46082,15.067617,203.5846,206.43481,2.0446563,2.4781804,17.503107
83.06492,15.127323,190.12303,194.76299,2.0450702,2.5609288,16.65085
83.9124,15.14506,191.863,195.78445,2.264443,2.9239063,24.056368
84.75987,15.162797,193.60301,196.80588,2.4838157,3.2868836,28.444834
85.871864,15.084948,190.25082,194.05872,2.674352,3.4320343,26.438993
86.98386,15.007096,186.8986,191.31155,2.8648884,3.5771847,27.253496
87.64008,14.9011345,186.46143,190.12291,3.288777,3.9618742,32.24405
88.2963,14.795172,186.02423,188.93427,3.7126658,4.346564,38.950924
88.58479,14.728044,191.12767,193.26407,3.8418899,4.5083575,41.581112
88.873276,14.660915,196.23117,197.59389,3.9711134,4.670151,44.354492
88.449455,14.705455,192.36002,193.66232,3.9388266,4.5923567,43.71358
88.025635,14.749992,188.48886,189.73074,3.9065394,4.514562,43.640076
87.58605,14.824127,184.19093,185.03477,3.8272536,4.398501,43.36116
87.14648,14.898261,179.893,180.3388,3.7479675,4.2824397,41.60684
86.99378,14.95462,182.4892,182.7708,3.754891,4.353123,44.932755
86.841095,15.010979,185.08537,185.2028,3.7618144,4.423807,47.902473
86.6875,15.046839,190.16084,190.38588,3.7222323,4.412523,48.049232
86.53391,15.0827,195.23633,195.56894,3.6826503,4.4012375,47.527508
87.014404,15.07981,203.24953,203.64735,3.6825166,4.450128,46.313293
87.494896,15.076921,211.26271,211.72577,3.6823823,4.499018,46.431683
90.318115,15.014104,222.46556,221.25092,2.9846072,3.6375873,34.344193
93.14134,14.951287,233.66841,230.77606,2.2868319,2.7761562,22.172512
93.07176,14.936826,248.67017,246.23456,2.2805989,2.7644253,24.463913
93.0022,14.922366,263.6719,261.69305,2.274366,2.7526941,25.393055
92.60884,14.9013405,268.79047,267.55734,2.5060794,2.8877482,28.912819
92.215485,14.880317,273.90906,273.42166,2.7377934,3.0228019,32.947117
91.45923,14.862987,276.27097,275.89932,2.626239,2.8696246,24.975212
90.70296,14.845655,278.63287,278.37698,2.5146852,2.7164469,17.610058
90.43766,14.85521,279.8818,279.62735,2.6679218,2.9061797,20.141178
90.17236,14.864765,281.1307,280.87772,2.8211586,3.0959122,23.256271
89.87879,14.877806,281.90295,281.76633,2.7705102,3.0411637,19.863626
89.58523,14.890844,282.6752,282.65497,2.7198613,2.9864154,17.482798
89.57838,14.887181,285.85367,285.62338,2.6986058,2.973691,16.70518
89.57154,14.883517,289.03214,288.59183,2.6773498,2.9609666,16.32322
89.828575,14.862731,292.10434,291.91074,2.5530772,2.828289,14.749805
90.08561,14.841942,295.17654,295.22964,2.4288049,2.6956115,12.57162
90.146194,14.819185,301.49637,301.53098,2.4354677,2.6791391,12.698174
90.20678,14.796427,307.8162,307.83234,2.44213,2.6626668,14.46934
90.030075,14.808981,308.65176,308.7128,2.334948,2.5350688,11.844622
89.85337,14.821536,309.48734,309.59332,2.2277656,2.4074712,9.978739
89.745705,14.834522,307.97916,308.07785,2.3995187,2.587357,11.905537
89.63805,14.8475065,306.47095,306.5624,2.5712717,2.7672427,14.572607
89.43847,14.869462,314.06378,314.27438,2.599152,2.8064282,16.873276
89.23889,14.8914175,321.65656,321.98636,2.6270325,2.8456135,20.394594
88.86258,14.95136,321.53284,322.0263,2.9245272,3.21896,27.792755
88.48627,15.011301,321.40912,322.06622,3.2220218,3.5923069,37.142376
87.95973,15.063716,326.0605,326.83298,3.534826,3.9968462,50.79301
87.433205,15.11613,330.71182,331.59967,3.8476305,4.4013853,66.63766
86.72106,15.15804,337.4503,338.4463,4.2417803,4.9013515,83.92739
86.00892,15.199951,344.18878,345.29294,4.6359296,5.4013186,100.673965
85.329994,15.191738,349.51675,350.4684,4.9589868,5.7686057,112.45698
84.65108,15.183526,354.84467,355.64386,5.282043,6.1358924,127.16754
84.274284,15.13371,277.38208,238.03975,5.377782,6.1942477,159.39407
83.89751,15.083897,199.91945,120.43562,5.4735208,6.2526026,197.33414
82.6132,15.0604105,228.80261,169.3124,5.241532,5.944585,167.80394
81.3289,15.036926,257.6858,218.18915,5.009543,5.6365676,110.00063
79.65651,15.060962,291.1162,271.51715,4.729025,5.3297615,64.725296
77.98413,15.084998,324.5466,324.84515,4.4485073,5.0229554,39.151936
77.02108,15.108582,337.22537,337.52966,4.2424397,4.803096,31.57428
76.05803,15.132164,349.90414,350.21417,4.0363727,4.583236,26.915245
77.15244,15.121382,349.33762,349.74493,3.7393596,4.228886,18.016474
78.24686,15.1105995,348.7711,349.27576,3.4423463,3.874536,13.523202
78.69033,15.08478,344.86194,345.38162,3.3888896,3.7860565,12.990758
79.133804,15.058959,340.9528,341.48746,3.3354323,3.6975772,12.696403
79.34766,15.02753,335.289,335.77722,3.2599733,3.6001391,14.687569
79.56151,14.9961,329.62524,330.06696,3.1845136,3.5027018,16.52757
79.518936,14.981633,325.9385,326.3526,3.1447663,3.4449284,17.826065
79.476364,14.967166,322.25177,322.63818,3.1050186,3.3871558,18.720968
80.89701,14.887972,322.40875,322.72388,3.3754382,3.6941798,20.379162
82.31766,14.808777,322.5657,322.80954,3.6458578,4.001204,23.118008
81.749344,14.782134,323.58197,323.80017,3.381274,3.6847324,18.85199
81.18103,14.755493,324.59818,324.7908,3.1166904,3.3682616,17.807066
80.806114,14.731656,317.48047,317.70322,2.924045,3.1463912,19.131262
80.43121,14.707822,310.36276,310.6156,2.7314,2.924521,19.152237
80.434746,14.664681,304.4036,304.5967,2.6197622,2.7980607,19.329039
80.43828,14.621541,298.4444,298.57785,2.5081248,2.6716008,17.940166
79.94378,14.607772,291.5494,291.7636,2.3556862,2.505118,15.71981
79.44928,14.594005,284.6544,284.94934,2.2032473,2.3386352,13.547311
79.88821,14.585672,272.6043,272.90564,2.2674546,2.4072294,14.392815
80.32712,14.577342,260.55423,260.86194,2.331662,2.475824,14.161955
81.57036,14.547608,254.76236,254.99513,2.6546407,2.8179307,16.283026
82.81359,14.517877,248.97047,249.1283,2.9776196,3.1600373,24.327192
84.56055,14.417343,245.08313,245.15526,3.2601523,3.4520733,23.819538
86.30751,14.316809,241.19579,241.18225,3.5426846,3.744109,33.92987
87.175545,14.256845,238.75192,238.69759,3.5300825,3.735061,33.88427
88.04358,14.196883,236.30801,236.21292,3.5174801,3.7260122,31.987705
87.648705,14.266229,232.83128,232.76012,3.5596552,3.796873,32.217884
87.25382,14.335574,229.35454,229.30731,3.60183,3.867734,31.361483
85.84926,14.451424,231.00612,230.91417,3.672929,3.9848201,35.680367
84.444695,14.567273,232.65767,232.52098,3.7440286,4.1019063,37.667564
84.70437,14.565477,236.00948,235.81737,3.75777,4.1045303,38.10551
84.964035,14.56368,239.3613,239.11375,3.7715116,4.1071544,38.303905
85.50032,14.563069,241.45808,241.33852,3.8287988,4.155952,41.979954
86.03661,14.562459,243.55486,243.56328,3.886086,4.2047496,46.4504
85.41353,14.650047,248.30394,248.36224,4.006824,4.365654,50.055687
84.79045,14.737637,253.05305,253.1612,4.127562,4.5265594,51.545376
85.563095,14.677401,262.15167,262.12274,4.167939,4.553027,59.55584
86.33574,14.617164,271.2503,271.08432,4.2083154,4.579495,68.10115
86.52965,14.58569,275.59335,275.57605,3.7830765,4.08999,51.001263
86.723564,14.554216,279.9364,280.0678,3.3578377,3.6004856,33.176373
86.17272,14.576075,278.97382,279.31125,3.170237,3.403699,27.672415
85.62187,14.597935,278.01123,278.5547,2.9826367,3.2069128,24.989052
85.11124,14.641178,277.2187,277.69745,2.833484,3.0512242,22.197546
84.6006,14.684423,276.42615,276.84024,2.6843312,2.8955357,20.846096
83.99584,14.7242365,277.71902,278.10632,2.488168,2.6802661,19.642227
83.391075,14.764049,279.01187,279.3724,2.2920046,2.4649968,18.658192
82.74427,14.812203,278.47446,278.82764,2.376213,2.5626972,19.791452
82.097466,14.860358,277.93707,278.28287,2.4604218,2.660398,19.33325
81.511765,14.880082,278.7629,279.1266,2.3707182,2.5612512,17.841007
80.92606,14.899807,279.58878,279.97034,2.2810147,2.4621046,16.89844
80.81153,14.893389,277.26755,277.45682,2.2403538,2.414822,16.193893
80.697,14.88697,274.94638,274.9433,2.1996927,2.36754,15.680693
80.66413,14.886116,271.49936,271.4054,2.101713,2.2678294,15.03149
80.63126,14.885263,268.05237,267.8675,2.0037334,2.168119,14.844586
80.485344,14.900648,263.81174,263.7727,1.8995701,2.081748,14.740999
80.339424,14.916032,259.57108,259.67792,1.7954069,1.9953774,14.878465
81.868195,14.789259,225.93266,226.55908,1.7889148,1.96166,17.905453
83.396965,14.662485,192.29425,193.44025,1.7824227,1.9279426,10.7037735
83.78034,14.736773,196.12228,196.96497,2.050715,2.2362623,15.412873
84.16372,14.811059,199.95032,200.48967,2.3190074,2.5445814,19.824549
84.50751,14.860657,204.56494,205.2026,2.5221612,2.7730112,22.212181
84.8513,14.910254,209.17957,209.91551,2.7253146,3.001441,23.473356
84.79429,14.96762,216.45602,217.11882,2.823762,3.0912266,23.909683
84.737274,15.024986,223.73247,224.32213,2.9222093,3.1810122,22.35694
84.54661,14.912624,240.44386,240.64586,3.3514745,3.628342,24.505327
84.35595,14.800262,257.15524,256.9696,3.7807398,4.0756717,31.38002
85.21038,14.714237,267.16998,267.2233,4.0369344,4.343664,50.201626
86.06481,14.62821,277.18472,277.47702,4.293129,4.611657,70.91042
84.61423,14.626983,282.75418,282.9934,4.6892333,5.063114,84.44033
83.163635,14.625755,288.3237,288.50974,5.085337,5.5145707,87.2816
83.77018,14.462567,290.09146,290.22647,5.6015472,6.0803804,112.52658
84.37672,14.29938,291.85922,291.94324,6.117757,6.6461897,113.93331
84.546394,14.209635,292.83923,292.9676,6.284589,6.826226,115.33203
84.716064,14.11989,293.81927,293.99194,6.4514213,7.006263,117.0405
84.47923,14.104776,294.8666,294.94812,6.809051,7.4199853,125.80962
84.2424,14.0896635,295.91394,295.9043,7.166682,7.8337073,141.29147
83.285484,14.081978,293.69995,293.75293,7.484052,8.172328,169.93996
82.32857,14.074292,291.48596,291.6016,7.8014216,8.51095,208.1299
82.1378,14.077609,289.86295,290.0117,8.186727,8.973591,245.89676
81.94704,14.080925,288.23993,288.42175,8.572032,9.436232,285.7939
81.96511,14.047455,290.43115,290.64484,8.66114,9.54401,295.25403
81.98318,14.013984,292.62234,292.8679,8.750248,9.65179,304.6492
80.651855,14.134591,300.2286,300.53848,8.439068,9.3002825,298.50354
79.32054,14.255198,307.83487,308.2091,8.127889,8.948774,265.39426
78.296974,14.322133,314.7339,315.1159,7.618514,8.368227,205.69873
77.27339,14.389068,321.6329,322.0227,7.109141,7.7876782,150.72234
76.832535,14.402682,322.54865,322.98798,6.4844284,7.0607142,105.44209
76.39167,14.416297,323.4644,323.95325,5.8597174,6.3337502,71.21165
77.420876,14.349918,320.69196,321.0931,5.2569904,5.643882,52.76945
78.45008,14.283539,317.91956,318.23297,4.654263,4.954014,38.843525
78.985664,14.253631,311.5961,311.85156,4.1737456,4.426983,31.075329
79.521255,14.223724,305.27267,305.47018,3.693227,3.8999512,27.457254
79.460815,14.223231,295.52307,295.64838,3.237754,3.409087,24.397362
79.400375,14.222736,285.77344,285.82654,2.782281,2.918222,18.85353
79.25971,14.248553,271.39575,271.41992,2.9016013,3.0538325,18.636162
79.11905,14.27437,257.0181,257.0133,3.0209212,3.1894433,17.09284
79.02802,14.345807,251.45882,251.4594,3.3558927,3.5632474,17.492798
78.937004,14.417242,245.89958,245.9055,3.6908643,3.9370518,16.825815
79.04923,14.476502,241.22087,241.3037,3.8588085,4.13226,18.126171
79.16147,14.535763,236.54219,236.70192,4.026753,4.327468,20.474058
79.580925,14.634379,232.79927,232.99217,4.2214885,4.5781865,22.789492
80.00039,14.732994,229.0563,229.28238,4.416225,4.8289046,28.157602
80.65741,14.873286,229.6311,229.96663,4.6254153,5.137426,39.84458
81.314445,15.01358,230.2059,230.65088,4.834605,5.445947,56.673286
82.65774,14.857222,230.40822,230.61552,4.658862,5.1598454,56.747234
84.00104,14.700862,230.6105,230.58018,4.483119,4.873745,55.30497
84.18763,14.821927,234.34193,234.45148,4.8499103,5.3421497,70.04709
84.374214,14.942989,238.07335,238.32275,5.216702,5.810555,85.440056
85.24701,14.992947,241.31181,241.74185,5.2382507,5.8977947,91.61196
86.119804,15.042905,244.55026,245.16093,5.2597995,5.9850345,98.00737
86.78006,14.929983,247.64378,248.24208,5.5502877,6.3172755,108.74832
87.440315,14.8170595,250.73732,251.32323,5.8407764,6.649516,113.18642
86.586426,14.82391,253.3445,253.72725,5.5358286,6.209248,106.493835
85.73254,14.83076,255.95168,256.13126,5.2308807,5.768979,97.68093
84.020645,14.7249975,255.8257,255.94238,5.157175,5.638646,83.72206
82.30877,14.619235,255.69972,255.7535,5.083469,5.508314,65.96966
80.498276,14.531107,245.40262,245.36432,4.7257485,5.107626,39.155968
78.687775,14.442979,235.1055,234.9751,4.3680286,4.7069383,25.452312
80.90343,14.417121,225.65848,225.64226,5.2496157,5.6880193,76.45611
83.11909,14.391262,216.21144,216.30945,6.131203,6.669101,140.24124
84.28258,14.371934,213.34581,213.55002,7.0553718,7.783814,190.6946
85.446075,14.352606,210.48018,210.79056,7.97954,8.898528,240.49245
85.75191,14.447774,218.46225,218.79768,8.9320965,10.119739,332.2232
86.05774,14.542941,226.44432,226.80481,9.884653,11.340952,438.12238
86.39026,14.566726,226.17891,226.48396,9.899424,11.374029,440.03516
86.72278,14.590511,225.91351,226.16309,9.914194,11.407108,441.91397
86.806725,14.584022,222.53767,222.84444,9.897685,11.377201,439.60007
86.89066,14.577531,219.16185,219.52579,9.881175,11.347294,437.4786
86.05964,14.704811,219.62611,219.95908,10.157313,11.779623,469.40112
85.228615,14.832092,220.09038,220.39236,10.433452,12.211953,497.03552
85.051186,14.951677,222.75163,223.04575,10.39797,12.225638,496.59497
84.87376,15.071261,225.41289,225.69913,10.36249,12.239325,496.7194
85.004166,15.12116,223.72255,223.90385,10.425395,12.333131,500.40088
85.13458,15.171058,222.03221,222.10858,10.488299,12.426936,503.72913
85.666985,15.186471,220.24675,220.48715,10.488254,12.505823,507.2621
86.19939,15.201883,218.46129,218.86568,10.488207,12.584709,510.85934
85.85961,15.275184,215.33766,215.83823,10.168106,12.226847,495.56647
85.51984,15.348483,212.21407,212.81079,9.848005,11.868982,476.4402
86.043144,15.482561,211.36201,211.93611,9.789288,11.916261,477.88715
86.56644,15.616637,210.50998,211.06143,9.730569,11.963538,479.7939
87.02808,15.570791,210.35716,211.1353,9.760817,11.999162,480.5049
87.48972,15.524942,210.2043,211.20917,9.791064,12.034784,481.29727
87.54429,15.548436,210.30664,211.23148,9.450901,11.578211,452.35715
87.59886,15.571929,210.40897,211.25377,9.11074,11.121637,419.464
88.14779,15.578678,209.3406,210.02017,8.732392,10.609293,380.3883
88.696724,15.585425,208.27223,208.78662,8.354045,10.096949,336.6443
89.55307,15.538748,204.26398,205.06622,8.179989,9.891495,324.7497
90.40941,15.492072,200.2557,201.34584,8.005934,9.686041,312.11084
90.48477,15.535503,203.46971,204.62384,7.798171,9.522654,305.1449
90.560135,15.578935,206.68375,207.90184,7.590408,9.359266,299.04053
91.17543,15.623854,209.30193,210.96242,7.2802672,9.068708,285.17725
91.79074,15.668772,211.9201,214.02298,6.9701257,8.7781515,270.25674
93.83593,15.668738,207.90157,210.55757,7.749914,10.032213,398.57706
95.88111,15.668704,203.88301,207.09213,8.529701,11.286274,480.04544
95.72135,15.700437,205.07631,207.71992,8.868817,11.632944,492.89206
95.561584,15.732167,206.2696,208.3477,9.207932,11.979614,502.38605
95.51215,15.733337,203.35344,205.54471,8.838293,11.490627,481.6431
95.46272,15.734508,200.43724,202.74174,8.468655,11.001639,455.6576
95.043144,15.776398,198.8442,201.44589,8.158806,10.676724,439.27228
94.62356,15.818288,197.25116,200.15004,7.8489566,10.3518095,420.75305
94.546326,15.8321905,197.85153,200.85735,7.5773587,10.081339,406.5126
94.469086,15.846092,198.4519,201.56468,7.3057604,9.810867,390.90213
94.16685,15.894464,200.02846,203.29564,7.4515586,10.051596,411.09473
93.8646,15.942833,201.60501,205.02658,7.5973573,10.292324,428.77457
93.74571,16.007816,207.38582,210.77899,8.115361,10.929469,465.2711
93.62682,16.072798,213.16663,216.53139,8.633366,11.566614,493.63028
93.22657,16.145195,218.50322,221.33382,9.069805,12.14247,513.654
92.82632,16.21759,223.83983,226.13625,9.506245,12.7183275,525.24316
92.509895,16.230982,225.49942,227.73161,9.750642,12.989292,528.30304
92.19348,16.244375,227.159,229.32695,9.995038,13.260256,531.399
92.03562,16.243275,228.61049,230.64316,10.156333,13.463054,533.9006
91.87776,16.242174,230.06198,231.95935,10.317629,13.66585,536.69604
91.497604,16.255886,232.21346,234.22714,10.410666,13.809451,538.19446
91.117455,16.269598,234.36493,236.49493,10.503705,13.953052,540.7402
90.90257,16.272936,237.1051,239.35345,10.3440075,13.756794,537.0407
90.6877,16.276272,239.84532,242.21196,10.184309,13.560536,532.40924
91.11477,16.210585,243.2934,245.72508,9.796999,13.066684,520.3817
91.54184,16.144897,246.74152,249.23817,9.409689,12.572832,506.19116
91.71223,16.122896,248.20102,250.68123,8.904505,12.002723,488.5668
91.88263,16.100893,249.66054,252.12428,8.39932,11.432614,465.8044
91.920166,16.115524,249.56409,252.1231,7.951343,10.979146,444.68045
91.9577,16.130157,249.46759,252.12193,7.503366,10.525677,422.31662
91.97895,16.128548,249.66371,252.79994,7.1725698,10.137331,396.781
92.000206,16.12694,249.85986,253.47798,6.8417726,9.748984,366.65945
92.76342,16.020811,252.58707,256.30396,6.214302,8.786452,287.90878
93.52663,15.914682,255.31429,259.12988,5.586832,7.82392,209.40756
94.32819,15.796318,260.63657,264.77148,5.1470575,7.053321,149.53677
95.12975,15.677954,265.9588,270.41312,4.7072825,6.282723,109.056114
95.5491,15.603795,260.33914,265.75192,4.3622622,5.7975626,92.92839
95.96845,15.529635,254.71951,261.09073,4.017242,5.3124022,76.905525
95.59245,15.553978,214.99628,212.10188,4.2809787,5.672419,85.51028
95.216446,15.578321,175.27303,163.11299,4.5447154,6.0324364,82.41074
94.21611,15.598413,147.14742,134.89346,5.4465814,7.111513,128.03526
93.21577,15.618506,119.02178,106.67392,6.3484464,8.19059,212.76476
92.07042,15.602581,74.69897,69.23166,7.207942,9.135109,287.459
90.92506,15.586657,30.37614,31.789408,8.067436,10.079628,384.70587
90.73534,15.527964,31.316288,32.546127,8.460229,10.497123,419.77045
90.5456,15.469272,32.25643,33.302853,8.853023,10.914617,448.88834
90.35834,15.350152,30.583399,31.46058,9.12815,11.091781,454.31662
90.17107,15.231031,28.91036,29.618313,9.403276,11.268946,458.51184
89.69371,14.985403,24.036066,24.798872,9.338521,11.150054,455.5246
89.216354,14.739777,19.161768,19.979433,9.273766,11.031164,452.1479
88.117905,14.682525,18.313015,19.040977,9.199867,10.893765,445.06934
87.01945,14.625275,17.46426,18.102537,9.125969,10.756367,439.15427
85.359184,14.65118,19.277502,19.84903,9.07547,10.65947,436.88956
83.69891,14.677086,21.090742,21.595537,9.024971,10.562572,429.18274
83.207825,14.668434,20.181393,20.73857,8.880532,10.41664,419.86545
82.71674,14.659782,19.272041,19.881603,8.736093,10.270708,408.64325
83.188644,14.631255,17.517624,18.238869,8.162616,9.560112,341.85153
83.66054,14.602728,15.763206,16.596136,7.5891376,8.849516,276.7285
84.6702,14.519928,14.386437,15.125618,7.4863133,8.659137,260.1551
85.67985,14.437127,13.009671,13.655084,7.383489,8.468759,244.87863
86.60543,14.314877,11.004361,11.4945755,7.5745687,8.654665,258.6679
87.53103,14.192626,8.99905,9.334066,7.7656484,8.840572,268.4912
86.14201,14.28094,8.628216,8.912507,7.9771996,9.106908,294.76
84.75301,14.369252,8.257381,8.490963,8.18875,9.373245,320.37842
82.545654,14.506971,6.0518475,6.397452,7.994046,9.218566,305.69467
80.338295,14.64469,3.8463094,4.303941,7.7993426,9.063886,284.16214
79.14135,14.711501,166.16023,141.7491,7.669513,8.938402,297.00055
77.944405,14.778314,328.47412,279.19427,7.539683,8.812919,316.75882
79.180214,14.650694,340.92188,316.57907,7.7593274,8.977575,321.69214
80.41601,14.523074,353.36963,353.96384,7.9789724,9.142234,320.25488
81.1762,14.449201,352.31448,352.82092,7.918873,9.032547,317.17322
81.936386,14.375328,351.2594,351.678,7.8587737,8.92286,310.6047
81.17482,14.445897,349.96524,350.44537,7.7826633,8.878128,305.42096
80.413246,14.516465,348.67114,349.21274,7.706553,8.833396,295.68222
79.53944,14.563958,346.47964,347.07837,7.927044,9.096423,303.7105
78.665634,14.61145,344.28815,344.944,8.147536,9.359449,312.40353
79.97039,14.442412,343.58377,344.1377,8.508321,9.709777,356.2508
81.27516,14.2733755,342.87933,343.3314,8.869105,10.060105,380.41696
82.183846,14.220759,343.5613,343.9843,9.064889,10.327742,392.05994
83.09252,14.168141,344.2433,344.63727,9.260673,10.595377,409.6243
82.39871,14.190738,342.64124,343.0024,9.417079,10.812278,428.64307
81.704895,14.213335,341.03918,341.36758,9.573484,11.029178,447.71066
79.95256,14.274338,338.57608,338.9208,9.475593,10.928152,442.06064
78.20022,14.33534,336.11298,336.474,9.377701,10.8271265,428.6145
76.74132,14.340553,335.7708,336.12433,9.267926,10.659625,404.0906
75.28242,14.345767,335.42862,335.77466,9.158153,10.492124,378.41837
75.2254,14.31054,336.2548,336.6146,8.978698,10.238512,355.52713
75.168396,14.275312,337.081,337.4545,8.799244,9.9849,334.477
75.77717,14.225124,338.1651,338.46707,8.657304,9.796122,321.74384
76.38594,14.174936,339.24924,339.4796,8.515363,9.607344,311.83057
74.80228,14.1656275,339.04883,339.3118,8.330797,9.366118,278.7545
73.21861,14.156318,338.8484,339.14392,8.146231,9.124894,250.71172
70.73578,14.161692,336.4087,336.67203,7.599358,8.48868,207.25552
68.25294,14.167067,333.969,334.20013,7.052485,7.8524656,183.32272
68.1724,14.213443,329.98746,330.25034,6.808835,7.5997143,170.98816
68.091866,14.25982,326.00592,326.30054,6.565186,7.3469625,158.3663
67.43342,14.445319,327.11108,327.26157,6.7195015,7.530172,167.19603
66.77498,14.630818,328.21622,328.2226,6.873819,7.713382,174.12523
67.053314,14.616541,323.6284,323.7282,6.860018,7.673625,172.59148
67.33165,14.602264,319.04062,319.2338,6.8462176,7.633868,170.91971
69.64988,14.335188,316.6204,316.7355,7.089137,7.840603,179.7727
71.96811,14.068111,314.20016,314.23727,7.332057,8.047338,184.9443
72.81078,13.989148,311.05063,311.04132,7.108598,7.7795997,166.52887
73.65346,13.910183,307.90112,307.84537,6.8851404,7.5118623,151.37495
74.97186,13.851215,304.9875,304.88562,6.6354423,7.2229705,131.80862
76.290276,13.792251,302.07388,301.92584,6.385744,6.9340787,114.73562
75.83726,13.871925,298.2305,298.07602,6.0227966,6.547619,92.53995
75.38424,13.951602,294.38712,294.22617,5.659849,6.161158,73.85927
74.04614,14.027493,290.46448,290.42563,5.6703815,6.170513,79.20666
72.70805,14.103383,286.5419,286.6251,5.6809134,6.1798677,86.852104
72.69685,14.1249075,285.1632,285.31647,5.7543445,6.256164,89.65565
72.68566,14.146433,283.78455,284.00784,5.8277755,6.3324604,92.17635
74.790955,14.094416,285.4877,285.6589,5.7903175,6.2774324,78.25713
76.896255,14.042398,287.1909,287.31,5.7528596,6.222405,72.272995
77.3687,14.055294,290.86658,291.06796,5.5474663,5.9954934,66.49906
77.84113,14.068189,294.5423,294.82593,5.3420734,5.768582,60.87974
77.7468,14.143012,297.0346,297.2826,5.224264,5.646602,56.52116
77.65248,14.2178335,299.52692,299.73926,5.1064544,5.5246224,53.156277
78.05344,14.234589,301.5357,301.71216,5.315646,5.763171,62.032078
78.454384,14.251343,303.5445,303.68503,5.524838,6.001721,72.429665
78.41915,14.27132,303.75824,303.86255,5.5820413,6.0775156,74.641525
78.38391,14.2913,303.97195,304.04007,5.6392446,6.1533103,76.91344
78.97326,14.286187,304.56158,304.62686,5.702789,6.2289205,81.73761
79.5626,14.281074,305.15118,305.21362,5.7663326,6.3045306,85.726364
79.27317,14.320358,305.61078,305.81903,5.6792006,6.229701,82.568825
78.98374,14.359643,306.0703,306.4244,5.592069,6.154872,78.42176
77.747795,14.462119,305.11374,305.52783,5.5307393,6.1083994,71.84619
76.51185,14.564595,304.15717,304.63123,5.46941,6.0619264,65.97156
75.80342,14.595,303.078,303.5096,5.495111,6.0864925,67.20906
75.095,14.625403,301.99887,302.38797,5.5208125,6.111059,69.57502
74.784004,14.631131,301.16046,301.47925,5.5218453,6.1183352,71.37158
74.47301,14.636861,300.32208,300.57056,5.5228786,6.1256113,73.22588
74.106186,14.654625,299.0806,299.36206,5.3604074,5.941491,70.1092
73.739365,14.67239,297.8391,298.15353,5.1979365,5.757371,66.504295
73.80281,14.694359,293.1549,293.49356,5.017414,5.5497556,57.88935
73.86624,14.716328,288.47067,288.83356,4.836892,5.3421407,48.744804
74.69499,14.715854,281.8207,282.19662,5.240739,5.815514,61.647255
75.52373,14.715379,275.17075,275.5597,5.6445856,6.288887,77.26326
78.1577,14.478233,269.47968,269.87985,5.9161644,6.5105224,84.07492
80.791664,14.241089,263.7886,264.20004,6.1877437,6.7321577,99.82726
82.32935,14.201085,258.74588,259.2159,6.2307143,6.8065777,113.99005
83.86704,14.161081,253.70316,254.23178,6.273686,6.880997,110.8177
84.98569,14.234835,255.93102,256.40576,6.7200475,7.4406815,123.55647
86.10434,14.308586,258.15884,258.57974,7.166409,8.000366,145.77545
86.241104,14.477184,266.60794,267.03122,7.0463037,7.9547906,143.7493
86.37788,14.6457815,275.057,275.48267,6.9261985,7.9092145,143.88206
86.09399,14.663854,278.49878,278.96417,7.155189,8.237844,171.96628
85.81008,14.681925,281.94058,282.44565,7.3841796,8.566477,201.38202
86.19743,14.634766,282.66098,283.21436,7.6429,8.881875,225.29271
86.5848,14.5876045,283.3814,283.98303,7.901621,9.197272,251.00514
86.15656,14.544774,287.33603,287.89294,8.08566,9.351808,262.56912
85.728325,14.501943,291.29065,291.80283,8.269699,9.506341,274.44266
85.29428,14.523652,292.30795,292.87317,8.153633,9.346477,262.20572
84.86022,14.545363,293.32523,293.94354,8.037567,9.186613,252.6082
85.38136,14.447305,292.88297,293.42358,7.963761,9.049927,235.00735
85.9025,14.349246,292.44067,292.9036,7.889955,8.913241,219.10872
85.65115,14.3199005,293.5227,293.98163,7.7310534,8.713711,205.8904
85.399826,14.290554,294.6047,295.05966,7.5721507,8.514179,191.92549
85.71685,14.254483,293.60007,294.0141,7.400968,8.304449,174.8911
86.03388,14.218413,292.59543,292.9686,7.2297845,8.094717,159.45248
85.471924,14.256327,290.52185,290.86264,6.8581953,7.660373,133.2663
84.909966,14.29424,288.4483,288.75665,6.4866066,7.2260294,124.6771
84.273735,14.339359,285.1684,285.48245,6.365381,7.091413,122.56628
83.63751,14.384477,281.8885,282.20822,6.2441554,6.956797,122.05326
83.838486,14.396498,278.87225,279.24063,6.3446703,7.0694203,122.02617
84.03947,14.408519,275.856,276.27307,6.445185,7.182043,122.273346
84.27438,14.437316,271.89825,272.36432,6.2618365,6.9788465,118.12436
84.509285,14.466115,267.94052,268.4556,6.078488,6.77565,116.219734
84.54474,14.559647,263.272,263.88336,5.7948227,6.4969287,115.05674
84.580185,14.653178,258.60355,259.3111,5.511157,6.218207,107.721405
84.581314,14.767151,252.4522,253.50267,5.2917075,6.0633817,99.215164
84.58245,14.8811245,246.30084,247.69424,5.0722585,5.908557,90.90576
84.472435,15.001373,240.5498,242.82353,4.9071484,5.955948,89.34282
84.36241,15.121623,234.7988,237.9528,4.7420382,6.0033393,92.418915
84.230484,15.254111,229.60443,233.77612,4.527988,6.0446367,97.48241
84.098564,15.3866005,224.41003,229.59946,4.3139377,6.085934,103.01954
84.32527,15.487927,216.94574,223.84927,3.9305558,5.857519,97.11463
84.55198,15.589256,209.48141,218.09914,3.5471745,5.6291037,90.19201
84.42862,15.672721,200.6818,210.86603,3.570286,5.741414,106.621796
84.30526,15.756185,191.88216,203.63292,3.5933979,5.8537254,125.29496
83.58417,15.847227,185.66174,196.85068,3.9484134,6.332085,178.05554
82.863075,15.93827,179.44135,190.06845,4.303429,6.8104453,229.97162
82.452354,15.984223,177.75385,185.37431,5.1614757,7.811987,289.94675
82.04163,16.030178,176.06636,180.68016,6.0195227,8.813528,335.4423
81.51299,16.088915,174.5337,179.70662,6.0626545,8.930067,344.37347
80.984344,16.14765,173.00104,178.73308,6.105786,9.046605,352.08307
81.8135,16.190681,171.03076,176.91869,5.9153633,8.901966,341.96646
82.64265,16.233713,169.06047,175.10428,5.7249413,8.757327,327.8571
83.28054,16.253262,171.69765,178.02475,5.381046,8.429108,311.15192
83.91843,16.27281,174.33482,180.9452,5.0371504,8.100886,293.5611
83.310555,16.284273,183.65125,190.60541,5.4033628,8.441791,307.67865
82.70269,16.295738,192.96767,200.26562,5.769575,8.782696,320.70087
85.3999,15.6094,191.85246,195.7737,5.876772,7.947336,238.03383
88.097115,14.92306,190.73726,191.28178,5.983969,7.1119757,145.0104
89.23567,14.906553,182.23355,182.84131,6.5748158,7.8372316,187.1975
90.37422,14.890045,173.72984,174.40083,7.1656632,8.562488,234.50273
90.07475,14.854398,167.27913,168.00696,7.7456775,9.22457,274.65506
89.77528,14.818749,160.82841,161.61313,8.325691,9.886654,325.03513
90.08593,14.975403,158.74286,160.07494,8.088327,9.847648,330.13513
90.396576,15.132056,156.6573,158.53674,7.8509645,9.808641,335.82843
90.94704,15.309524,158.13916,161.40234,7.234593,9.315092,298.8173
91.4975,15.486992,159.62103,164.26797,6.6182194,8.821541,270.86075
92.27873,15.547101,168.94269,175.31369,5.610769,7.68436,191.466
93.05996,15.607212,178.26434,186.35939,4.6033177,6.547178,105.527794
93.71694,15.576492,187.42656,196.33034,3.878771,5.7361827,64.35396
94.37392,15.545773,196.58876,206.30127,3.1542244,4.9251876,50.2566
94.75909,15.529342,196.34604,207.39041,2.863418,4.557368,41.863953
95.14426,15.512912,196.10329,208.47957,2.5726113,4.189548,35.063515
95.36577,15.51961,197.32092,209.477,2.4982667,4.1504693,35.947033
95.58728,15.526309,198.53851,210.47449,2.4239218,4.111391,36.855453
95.747314,15.532599,193.5535,207.85385,2.3382187,3.9598286,31.566193
95.90735,15.538889,188.56845,205.23322,2.2525156,3.8082664,29.043327
96.03849,15.537851,198.73087,213.95317,2.1707313,3.7884598,33.692142
96.16963,15.536815,208.89326,222.67311,2.088947,3.7686534,38.687035
96.251434,15.534774,218.42674,230.63884,2.1973684,3.944136,43.807453
96.33324,15.532735,227.96025,238.60455,2.3057897,4.1196184,48.133884
96.28234,15.55139,232.59045,242.49846,2.3616097,4.2655787,49.158566
96.231445,15.5700445,237.22066,246.3924,2.4174297,4.411539,49.888466
96.10058,15.599091,241.41731,250.13512,2.5233262,4.578365,52.85151
95.9697,15.628136,245.61395,253.87784,2.6292224,4.7451916,54.43894
95.85801,15.665715,247.1864,256.64136,2.460526,4.585185,52.811504
95.746315,15.703294,248.75883,259.40482,2.2918298,4.425179,50.04796
95.664795,15.735725,246.06914,258.0016,2.270144,4.451852,49.95137
95.583275,15.768158,243.37944,256.59842,2.2484581,4.478524,50.154564
95.50655,15.8014555,243.82735,256.40997,2.2222135,4.4330015,49.58162
95.429825,15.834754,244.27524,256.22147,2.1959689,4.387479,49.07381
95.296715,15.886711,238.99875,252.24533,2.229211,4.5320725,51.592308
95.16361,15.938669,233.72227,248.26915,2.2624533,4.676666,53.14069
94.95505,15.990793,229.68787,244.91653,2.4692442,4.996487,57.72033
94.74649,16.04292,225.65344,241.56393,2.6760352,5.316308,62.259098
94.73188,16.068222,234.94762,248.6255,3.1156454,5.9533916,83.00074
94.71726,16.093525,244.24176,255.68706,3.555256,6.590475,123.164566
94.6473,16.100584,252.11768,263.39462,3.766873,6.730087,130.16168
94.57733,16.107643,259.9936,271.1022,3.9784894,6.8696985,137.80846
94.55422,16.061941,262.90915,274.39282,3.9287739,6.6868067,122.73399
94.53111,16.016237,265.82474,277.68344,3.879058,6.503914,110.52272
94.45773,16.01488,264.9271,274.87857,4.1157646,6.8889375,136.98724
94.38435,16.01352,264.02948,272.07373,4.352471,7.2739615,170.23476
94.40215,16.015877,265.34927,272.39987,4.386437,7.392171,179.60942
94.41995,16.018236,266.66907,272.72604,4.420403,7.5103807,189.78247
94.34512,16.111069,268.34952,274.98468,3.5849788,6.1340423,94.981316
94.270294,16.203901,270.02994,277.2433,2.7495544,4.7577033,56.161297
94.14863,16.195377,270.80762,278.3615,2.5957828,4.5885706,54.49211
94.02697,16.186853,271.58533,279.47974,2.4420109,4.4194384,51.068504
94.194695,16.159819,267.80743,277.6648,2.2485187,4.0982122,46.51261
94.36242,16.132784,264.02954,275.8498,2.0550263,3.7769856,41.409756
94.47132,16.096323,261.58102,274.096,2.0657022,3.7105806,42.875614
94.58022,16.059862,259.13254,272.34222,2.076378,3.644175,43.84088
94.71652,16.02362,251.46707,265.3242,2.2134764,3.6867926,48.587364
94.85282,15.987379,243.80159,258.30615,2.3505745,3.7294102,50.76456
94.85598,15.952421,244.61975,256.38998,2.6636267,4.1746774,58.92253
94.85913,15.917462,245.43794,254.4738,2.9766793,4.6199455,64.92955
94.83092,15.911292,249.75543,258.8534,2.83232,4.5052743,61.703613
94.80271,15.905121,254.0729,263.23297,2.6879606,4.3906035,57.891945
94.78083,15.9172125,253.512,264.14944,2.5398092,4.1505623,54.725834
94.758965,15.929303,252.95108,265.06586,2.3916576,3.9105206,51.85882
94.664566,15.925849,244.62085,257.28745,2.457968,3.870431,52.717327
94.57016,15.922394,236.29063,249.50908,2.5242786,3.8303418,53.778236
94.326065,15.916629,235.36057,246.32884,2.5580208,3.947845,54.31313
94.08196,15.910865,234.43053,243.14862,2.5917628,4.0653477,54.720264
93.74383,15.917945,230.47227,238.97762,2.5908773,4.1053476,53.682003
93.405685,15.925024,226.51399,234.80663,2.589992,4.145347,52.15609
92.914024,15.961253,224.75742,232.46475,2.7661736,4.483401,54.81259
92.42236,15.99748,223.00084,230.12286,2.9423552,4.821454,57.836563
92.13134,16.072094,218.0779,226.50726,2.8396533,4.790516,55.20206
91.840324,16.146708,213.15495,222.89168,2.7369509,4.7595773,51.91002
92.04951,16.209465,207.7582,218.0422,2.894459,5.019098,53.664932
92.25869,16.272224,202.36139,213.19273,3.0519671,5.278619,57.844444
92.352036,16.332066,197.90152,209.76404,3.230788,5.541493,63.667885
92.44538,16.391907,193.44165,206.33536,3.4096088,5.804367,70.53351
92.24739,16.450127,192.15063,204.56888,3.6736126,6.1651826,83.20722
92.04939,16.508347,190.85963,202.80241,3.9376168,6.525999,103.579544
91.62258,16.566528,188.42273,199.94772,4.1094785,6.771521,123.088005
91.19576,16.624708,185.98581,197.093,4.28134,7.017042,143.98547
90.832375,16.677706,186.12708,196.19612,4.447378,7.3131194,167.67564
90.468994,16.730705,186.26834,195.29926,4.613417,7.6091957,194.1048
90.08703,16.79366,185.57605,194.99773,4.596378,7.643615,199.50558
89.70506,16.856611,184.88374,194.69617,4.5793386,7.6780343,205.08911
89.76127,16.88663,180.5797,189.40443,4.8043666,7.970482,229.34724
89.81748,16.916647,176.27567,184.1127,5.029394,8.26293,252.36142
90.275246,16.929535,172.72327,179.76917,5.0905657,8.388531,261.53616
90.733025,16.942423,169.17088,175.42566,5.151737,8.514131,268.5295
90.61622,16.975882,167.8414,173.99226,4.9884353,8.363912,256.08902
90.49942,17.009338,166.51193,172.5589,4.8251333,8.213693,243.71933
90.348465,16.989748,172.79376,178.47064,4.6772156,8.090972,237.35234
90.1975,16.970158,179.07559,184.38239,4.5292974,7.9682508,228.5903
89.77891,16.978695,180.29077,186.64934,4.574941,8.043461,233.1161
89.36031,16.987232,181.50595,188.91629,4.6205854,8.118669,237.92958
88.216324,17.233904,187.31265,195.55635,4.8530245,8.368047,255.62193
87.072334,17.480576,193.11934,202.1964,5.085463,8.617425,268.1995
87.718056,17.316736,200.00307,208.56316,5.308148,8.7802725,274.25293
88.363785,17.152897,206.88678,214.92993,5.530833,8.943119,285.35107
88.56744,17.150375,210.21608,217.93298,5.745776,9.2481575,309.79364
88.77108,17.147854,213.54538,220.93604,5.9607196,9.553196,333.81158
89.80378,16.80904,223.86224,229.49422,6.872381,10.100968,381.07285
90.83648,16.470228,234.17915,238.05241,7.784043,10.648741,413.88672
91.156235,16.456459,229.71779,233.71384,7.241438,10.190146,395.9522
91.476,16.44269,225.25644,229.37529,6.698834,9.731552,374.95395
91.45179,16.423777,227.17274,231.69794,6.8815107,9.850755,379.2739
91.42759,16.40486,229.08905,234.02063,7.064186,9.969957,382.9238
89.05763,16.34672,234.91516,238.58777,7.2001114,9.7573,327.84216
86.687675,16.288582,240.74129,243.15495,7.3360376,9.544644,293.72232
86.447296,16.181492,239.39186,241.4738,7.4918585,9.639709,300.99344
86.20692,16.074402,238.04245,239.79266,7.6476803,9.734776,307.69806
85.392365,16.054998,237.7062,239.32968,7.743221,9.785868,314.69238
84.5778,16.035593,237.36998,238.86665,7.8387613,9.83696,323.40402
84.92135,16.008247,236.28378,237.61348,7.8964643,9.882733,324.84808
85.2649,15.980902,235.1976,236.36035,7.954167,9.928506,326.63193
85.162704,15.980878,234.01723,235.22935,7.941198,9.892523,323.73224
85.0605,15.980856,232.83685,234.09836,7.928228,9.856542,320.95786
85.34877,16.022665,230.368,231.96628,7.5703416,9.589828,300.0552
85.63704,16.064476,227.89914,229.8342,7.212455,9.3231125,278.30112
85.54436,16.1478,224.22261,226.61426,7.045955,9.27928,279.28195
85.451675,16.231127,220.54608,223.39432,6.879455,9.235448,281.59357
85.000336,16.330017,218.80406,222.10855,6.9054155,9.468637,312.7132
84.54899,16.428907,217.06204,220.82283,6.931375,9.701826,341.39087
84.32396,16.49622,219.08951,222.53062,7.2089734,10.042456,368.5198
84.09893,16.563532,221.11696,224.2384,7.486571,10.383086,393.45004
84.478745,16.580292,222.44276,225.83707,7.550562,10.537422,402.04776
84.85856,16.597052,223.76859,227.4357,7.614553,10.691757,410.9943
85.271034,16.599117,221.51506,225.6123,7.3910847,10.41777,390.14578
85.6835,16.601181,219.26154,223.78886,7.167616,10.143784,369.08987
85.32019,16.647251,217.15239,221.88184,6.822452,9.863724,350.58737
84.95689,16.69332,215.04324,219.9748,6.477288,9.583664,334.1382
83.99456,16.792505,212.53593,217.77301,6.375724,9.57267,342.7924
83.032234,16.891693,210.02866,215.57124,6.2741613,9.561677,349.28696
81.87412,16.966417,213.03787,221.72993,5.936986,9.067438,297.3026
80.71601,17.041142,216.04706,227.88863,5.5998116,8.5732,258.29504
79.62796,17.076931,216.91696,228.77654,5.1368246,8.078254,225.41467
78.5399,17.112722,217.78685,229.66441,4.673838,7.5833087,195.12051
79.034454,17.081055,217.7051,228.06842,4.9359827,7.9806376,224.34593
79.529,17.049387,217.62335,226.47238,5.198128,8.377967,249.39857
80.135605,17.005007,221.24849,229.61502,5.340789,8.492802,249.11276
80.74221,16.960625,224.87363,232.75768,5.483449,8.607637,250.72697
80.89565,16.919344,230.66464,237.8067,5.5822673,8.718615,252.41261
81.0491,16.878061,236.45566,242.85574,5.6810856,8.829592,261.37744
79.41038,16.871796,237.43835,242.67693,6.750837,10.085649,350.2399
77.77166,16.865532,238.42105,242.49811,7.8205876,11.341705,425.07663
77.09073,16.732405,239.09584,242.7422,8.11804,11.504234,435.14328
76.409805,16.599277,239.77063,242.98633,8.415491,11.666763,445.77914
78.153534,16.436829,236.31755,238.9542,8.665872,11.587785,459.2955
79.89727,16.274384,232.86447,234.92206,8.916252,11.508807,465.04196
79.74734,16.106457,234.79582,236.56616,9.413504,11.897161,486.53757
79.597404,15.938531,236.72717,238.21028,9.910755,12.285514,504.26083
80.297356,15.713405,238.41539,239.67532,10.350321,12.67077,520.80457
80.9973,15.4882765,240.10362,241.14034,10.7898855,13.056025,534.25635
81.535164,15.332323,241.27486,242.24464,10.934985,13.141313,537.25903
82.07302,15.176368,242.44606,243.34892,11.080084,13.226601,539.30145
82.468956,15.105058,244.37872,245.18709,11.275018,13.449815,543.35504
82.864876,15.033749,246.31137,247.02527,11.469951,13.67303,546.2746
82.818,15.003845,245.1926,245.82397,11.402394,13.556653,544.72565
82.77112,14.973941,244.07379,244.62273,11.334838,13.440278,542.9884
82.45429,14.991053,242.8705,243.43367,11.502097,13.691865,548.03094
82.137474,15.008164,241.66722,242.24461,11.669355,13.943453,552.1525
81.66347,15.099017,243.50163,244.21255,11.761778,14.143596,554.2048
81.18947,15.189869,245.33607,246.18045,11.8542,14.343738,556.4787
80.94709,15.3218775,245.0623,245.81491,11.591144,14.0891075,553.8806
80.704704,15.453884,244.78853,245.4494,11.328086,13.834476,550.5558
79.993256,15.632443,244.1808,245.0398,11.019269,13.563421,544.10535
79.281815,15.811001,243.57309,244.63022,10.710452,13.292367,534.59033
78.82854,15.928076,241.16153,242.56418,10.139829,12.668019,514.3598
78.37526,16.045153,238.74998,240.49815,9.569206,12.043673,487.92776
78.19678,16.173283,234.28584,236.7338,9.285946,11.916857,481.36267
78.0183,16.301413,229.82167,232.96945,9.002687,11.790041,474.3777
77.64307,16.421759,228.65923,232.38881,8.724152,11.695857,466.53467
77.26784,16.542107,227.49677,231.8082,8.445616,11.601674,455.95163
76.583664,16.66013,228.8302,233.75107,8.320645,11.62932,448.99536
75.89949,16.77815,230.16367,235.69397,8.195676,11.656967,442.9269
76.13558,16.812494,230.31436,236.49446,7.5824633,10.968719,400.95886
76.37167,16.84684,230.46503,237.29498,6.96925,10.280471,354.05634
76.81877,16.86148,231.80977,238.87038,6.6152105,9.885945,327.65125
77.26588,16.876122,233.1545,240.44577,6.2611723,9.49142,299.76456
77.39069,16.8612,234.91148,242.2814,6.147644,9.335341,287.72568
77.5155,16.84628,236.66847,244.11703,6.034115,9.179264,276.06885
77.685585,16.806364,238.85606,245.70033,6.262917,9.405293,292.5387
77.85566,16.766449,241.04367,247.28363,6.49172,9.631323,309.7886
77.762115,16.696556,241.57358,247.06868,6.8691916,9.9678545,335.63474
77.668564,16.626665,242.10349,246.85376,7.246663,10.304386,358.77588
78.29449,16.337471,243.84074,247.16492,8.3462305,11.0534725,421.04395
78.92042,16.048279,245.57796,247.47606,9.445798,11.80256,474.76334
80.76075,15.807007,247.52078,249.07379,9.228788,11.316428,451.84552
82.601074,15.565735,249.4636,250.67148,9.01178,10.830297,403.00113
85.10173,15.477966,248.37524,249.3792,8.422196,10.013045,313.12665
87.60239,15.390197,247.2869,248.08691,7.832614,9.195794,233.43797
90.64751,15.350414,245.12575,246.15317,7.1901813,8.579371,218.90535
93.692635,15.310631,242.96461,244.21939,6.5477486,7.962949,213.4964
93.8516,15.438752,241.0295,242.36525,6.189751,7.6621294,194.67186
94.01057,15.5668745,239.09438,240.51108,5.8317537,7.361309,175.86778
95.123245,15.564314,233.54285,235.52911,5.8152704,7.48551,200.28502
96.23592,15.561754,227.99133,230.54715,5.7987866,7.6097097,221.91933
95.48902,15.672489,229.37656,231.77469,6.291573,8.199135,262.66382
94.74212,15.783223,230.76178,233.00223,6.784359,8.78856,299.51276
94.41098,15.855484,228.64641,230.9104,6.7373323,8.908378,314.11496
94.07983,15.927744,226.53104,228.81857,6.6903057,9.028195,329.85193
93.445175,16.024792,230.70142,232.79578,7.7117844,10.22341,408.09247
92.810524,16.12184,234.87181,236.77296,8.733263,11.418624,461.53305
92.94751,16.125244,235.1857,237.1423,8.629196,11.39315,465.25742
93.084496,16.128649,235.49959,237.51167,8.525129,11.367676,468.61053
92.96969,16.16369,235.43803,237.82178,8.352238,11.235302,463.59232
92.85488,16.198734,235.37651,238.13193,8.179346,11.102928,458.6528
93.082405,16.195368,237.01123,239.93799,8.01909,10.925931,449.9947
93.30992,16.192001,238.64598,241.74408,7.8588343,10.748934,441.69635
93.173035,16.213518,239.16682,242.70541,7.9868917,10.960507,452.41034
93.03613,16.235033,239.68764,243.66678,8.114949,11.17208,462.8596
92.37246,16.288666,239.60619,243.57999,8.120631,11.219711,463.02368
91.708786,16.342299,239.52473,243.49324,8.126314,11.267343,463.065
90.94689,16.391825,237.47151,241.43883,8.057308,11.260786,461.95084
90.185005,16.44135,235.41829,239.38445,7.9883037,11.254229,460.24753
89.53916,16.49865,234.81993,238.606,8.190236,11.546163,475.05948
88.89332,16.555948,234.22156,237.82756,8.392168,11.838097,488.34198
88.61607,16.566559,233.42543,236.66219,8.728468,12.291225,507.8561
88.33883,16.577168,232.62927,235.49684,9.064768,12.744355,523.20184
87.534584,16.555216,231.96779,234.88934,9.097297,12.730277,522.5876
86.73034,16.53326,231.3063,234.28185,9.129825,12.716198,522.5261
87.70081,16.40982,231.39874,234.28464,9.146568,12.560624,517.2059
88.671295,16.286383,231.4912,234.2874,9.163312,12.40505,512.1188
90.35761,16.06073,232.8318,235.09912,9.569209,12.492378,505.10764
92.04393,15.835079,234.17238,235.91081,9.975106,12.579705,498.23804
91.50112,15.816666,237.94893,239.87598,9.626715,12.161177,481.5137
90.95831,15.798251,241.7255,243.84114,9.278324,11.742647,457.53644
90.66793,15.762012,241.45706,243.43346,8.933016,11.216739,422.56775
90.377556,15.725772,241.18866,243.02576,8.587707,10.690831,383.05545
91.03813,15.606765,243.72581,245.49197,8.882884,10.922469,398.13965
91.698715,15.487759,246.26299,247.95819,9.178063,11.154108,413.18893
90.29022,15.540735,247.05566,248.6762,9.0208235,10.996972,395.1918
88.88173,15.593713,247.84833,249.3942,8.863585,10.839838,381.9393
88.78392,15.597719,248.02795,249.47662,9.36485,11.497923,431.73727
88.68611,15.601725,248.2076,249.55905,9.866115,12.156009,474.35855
88.09895,15.599021,250.4788,251.78093,10.341609,12.717028,502.2835
87.5118,15.596317,252.75003,254.0028,10.817102,13.278048,523.6255
87.49617,15.609985,254.27975,255.53667,10.596002,13.023076,515.16504
87.48054,15.623652,255.80945,257.07056,10.374901,12.768105,505.24716
88.77205,15.543321,255.96513,257.1688,9.978557,12.160565,468.81696
90.06356,15.462988,256.12082,257.26706,9.582212,11.553026,424.16605
89.95293,15.453133,259.06934,260.04147,9.879585,11.906327,445.9272
89.8423,15.443277,262.01788,262.81592,10.176958,12.259628,465.87054
90.1863,15.41145,264.75073,265.4873,10.48019,12.5862465,479.09714
90.530304,15.379625,267.48358,268.15863,10.7834215,12.912864,489.5461
90.62014,15.367892,270.02115,270.7155,10.80132,12.9235115,488.71503
90.70998,15.356161,272.5587,273.27237,10.819219,12.934159,487.8502
90.2853,15.346379,274.90982,275.5608,10.692963,12.77197,483.12396
89.86064,15.336598,277.26096,277.84915,10.566708,12.60978,478.21246
89.36178,15.368603,277.48428,278.13037,10.632681,12.661359,480.6594
88.862915,15.400607,277.7076,278.4116,10.698654,12.712936,483.1995
88.55984,15.384424,278.14944,278.87073,10.572155,12.522256,475.63803
88.25676,15.368241,278.59128,279.32983,10.445655,12.3315735,467.37503
88.05797,15.403934,278.7415,279.54364,10.267766,12.088624,454.56516
87.859184,15.439627,278.8917,279.7574,10.089876,11.845676,439.80942
87.726295,15.461535,278.93634,279.8118,10.162408,11.956658,447.76407
87.59342,15.483446,278.981,279.8662,10.234939,12.067641,455.63855
87.585205,15.472384,277.88644,278.68616,10.158409,11.95677,448.31787
87.577,15.461324,276.79193,277.5061,10.081879,11.845899,440.93408
87.309296,15.505816,277.7079,278.51535,10.1232815,11.924935,448.12762
87.04159,15.550309,278.6238,279.52463,10.164683,12.003972,455.3188
86.42496,15.640153,279.7224,280.6062,9.964155,11.787165,444.07224
85.808334,15.729997,280.82098,281.68774,9.763628,11.570358,432.93448
86.00161,15.812736,279.65607,280.54138,9.66089,11.515863,428.88852
86.19489,15.8954735,278.4912,279.39502,9.558151,11.461367,425.23254
86.322105,15.962904,279.4586,280.58923,9.117317,11.006296,392.4886
86.44931,16.030334,280.42603,281.78342,8.676483,10.551227,362.08
86.49112,16.088253,285.05356,286.50784,7.801944,9.560583,296.00793
86.53292,16.146173,289.68106,291.23227,6.927405,8.56994,229.42682
87.551735,16.117449,291.29364,293.13983,5.938436,7.3523827,149.20186
88.57056,16.088724,292.90622,295.04742,4.949468,6.134826,121.143555
88.940025,16.055878,296.4765,298.77963,4.2416563,5.204632,94.76223
89.309494,16.023031,300.0468,302.51187,3.533844,4.274437,59.46441
89.47703,16.01415,299.98715,303.38687,3.0819473,3.7197027,33.768784
89.64457,16.005272,299.92746,304.26187,2.6300507,3.1649685,16.791437
89.90968,16.003822,301.5257,307.7278,2.3110633,2.7905478,10.825616
90.1748,16.00237,303.12393,311.1938,1.992076,2.416127,6.861052
90.45028,15.984759,287.45316,292.77225,1.7770443,2.095271,9.714397
90.72575,15.967149,271.78235,274.35068,1.5620122,1.7744151,9.959957
91.11955,15.929665,262.20984,263.97482,1.5838523,1.7735829,11.435613
91.51336,15.89218,252.63737,253.59894,1.605692,1.7727506,15.0445595
91.76072,15.8503475,240.89456,241.0171,1.2856144,1.4124316,13.516899
92.00808,15.808516,229.15178,228.43524,0.96553695,1.0521127,13.269504
91.98891,15.778037,209.40419,208.61786,1.2756356,1.3764741,19.20554
91.969734,15.747559,189.65662,188.80049,1.5857344,1.7008356,17.366835
91.844666,15.729049,177.78902,177.39684,1.9424899,2.0937402,15.393591
91.71959,15.710541,165.92139,165.99316,2.2992456,2.4866445,14.890725
90.731964,16.035347,157.67569,161.51175,2.797023,3.4836164,27.971945
89.74435,16.360155,149.43001,157.03032,3.2948003,4.4805884,53.89996
89.301895,16.460016,146.39087,154.03412,3.6963885,5.1356087,78.41811
88.85945,16.559877,143.35176,151.0379,4.097977,5.7906294,106.93563
88.53944,16.626047,141.5541,148.94362,4.325319,6.2061744,133.38525
88.21942,16.692217,139.75642,146.84935,4.552661,6.621719,159.39574
87.4375,16.763931,137.2657,144.24211,4.909523,7.119707,189.54924
86.65559,16.83565,134.77501,141.63487,5.266385,7.6176944,218.54553
87.338,16.829943,133.11334,138.99478,5.93784,8.299834,240.29968
88.02042,16.824238,131.45169,136.35468,6.609294,8.981973,269.48114
89.75536,16.727392,135.44313,139.12587,6.78414,9.024945,260.0476
91.49031,16.630543,139.43459,141.89702,6.9589863,9.067919,246.57085
91.61472,16.520441,138.24628,140.24127,7.222489,9.198501,247.96959
91.739136,16.41034,137.05795,138.58553,7.4859915,9.3290825,248.84178
91.84805,16.206089,138.64844,139.91275,8.201313,9.95821,280.94965
91.95697,16.00184,140.23894,141.24,8.916635,10.587337,321.88156
90.57053,15.625972,135.64609,136.0773,9.08585,10.600468,337.10193
89.18409,15.250101,131.05324,130.91464,9.255064,10.613598,354.30014
88.87648,14.9952135,113.91463,114.09934,9.177552,10.467366,354.83585
88.56887,14.740326,96.776024,97.284035,9.1000395,10.321135,356.3019
89.34464,15.246306,95.3379,96.14512,10.097628,11.887069,466.4432
90.12041,15.752288,93.899765,95.00622,11.095216,13.453005,521.8138
91.704,15.850609,95.86576,97.41795,11.000366,13.396681,515.04846
93.28759,15.94893,97.83176,99.82969,10.905517,13.340357,506.86676
93.55174,16.04244,108.98502,111.911575,10.16779,12.5265665,475.72784
93.8159,16.135952,120.13827,123.99348,9.430065,11.712775,423.70255
93.91831,16.188745,135.85396,140.0331,8.223259,10.198358,297.23434
94.02071,16.241539,151.56966,156.07272,7.016453,8.68394,198.95726
93.04334,16.29647,164.19691,169.01297,6.3664007,7.853873,173.55005
92.06596,16.351402,176.82417,181.95325,5.7163486,7.0238066,137.20425
91.54181,16.351461,181.43013,186.85237,5.223206,6.505507,107.953766
91.01764,16.351519,186.03609,191.7515,4.7300634,5.9872074,84.836555
90.74982,16.296707,190.15152,194.91455,4.4296412,5.5350547,70.92219
90.481995,16.241896,194.26695,198.07762,4.129218,5.082903,61.449684
90.446365,16.199842,172.82747,174.02586,3.9992957,4.7986903,63.81246
90.410736,16.15779,151.388,149.97406,3.8693726,4.5144773,53.434647
90.15196,16.162743,138.22133,127.66942,4.7814403,5.6747203,81.78814
89.8932,16.167696,125.05468,105.364746,5.6935077,6.834963,127.109825
89.67392,16.227219,84.76916,75.50432,6.66811,8.166411,230.37875
89.45464,16.28674,44.48364,45.643883,7.6427126,9.497858,330.68164
89.51411,16.249647,30.583445,31.722927,9.090053,11.26468,466.76218
89.57358,16.212555,16.683254,17.801956,10.537394,13.031501,517.50867
89.21387,16.206934,15.31345,11.437081,11.258278,13.929932,530.3815
88.85416,16.201313,13.943649,5.072205,11.979162,14.828362,540.4177
87.31288,16.274847,97.279724,78.533295,12.760944,15.912701,553.20734
85.771614,16.34838,180.61578,151.99438,13.542726,16.997036,568.0748
86.3802,16.2921,179.29573,165.64749,14.207015,17.870785,568.51044
86.988785,16.235823,177.97565,179.30058,14.871305,18.744532,568.559
89.251976,15.92048,217.483,209.01625,14.819119,18.802937,569.7255
91.51516,15.605137,256.99036,238.7319,14.766933,18.861341,560.4419
90.975525,15.525491,271.4623,238.11678,14.751829,18.790121,565.65515
90.4359,15.445845,285.93427,237.50166,14.736727,18.7189,572.18854
89.242714,15.420694,315.1409,291.681,14.579375,18.480743,562.2272
88.049545,15.395545,344.34753,345.86035,14.422026,18.242582,558.14966
86.74184,15.309483,348.75897,335.12668,13.969704,17.586926,572.70636
85.434135,15.223419,353.1704,324.393,13.517383,16.931265,584.427
85.19182,15.309178,353.85522,335.04822,12.906239,16.134096,581.6606
84.9495,15.3949375,354.54004,345.7035,12.2950945,15.336926,574.59595
86.050964,15.333067,351.54132,347.59644,12.076559,15.051039,564.7441
87.15243,15.271196,348.54257,349.4894,11.858024,14.765151,553.64496
83.83842,15.448674,347.58038,348.56906,11.521802,14.394443,563.4908
80.52441,15.626153,346.61823,347.6487,11.185579,14.023732,564.86127
80.00523,15.636149,344.8075,346.0293,10.946046,13.698422,558.68915
79.48606,15.646145,342.99683,344.4099,10.706512,13.373114,551.0841
80.03947,15.603666,340.46533,341.9045,10.371633,12.908085,540.4349
80.59287,15.561188,337.9338,339.3991,10.036753,12.443057,525.65405
80.78833,15.545453,333.91162,335.43674,9.865177,12.19629,514.97864
80.9838,15.5297165,329.88943,331.47433,9.693602,11.949522,502.02243
81.77391,15.446109,328.69577,330.18143,9.693779,11.889171,498.8938
82.564026,15.362501,327.50214,328.88852,9.693955,11.828819,494.5667
82.18418,15.421167,326.8259,328.17743,9.104312,11.161604,456.3286
81.80434,15.479835,326.14963,327.4664,8.5146675,10.49439,411.42554
81.667755,15.536709,322.04083,323.80527,7.9862685,9.958374,372.2796
81.531166,15.593584,317.932,320.14413,7.457868,9.4223585,330.13867
82.49377,15.589966,314.9439,317.3057,7.3752985,9.337822,331.19086
83.45636,15.586348,311.95578,314.46725,7.292729,9.2532835,325.77966
84.20706,15.588425,309.0857,311.7979,7.201792,9.170058,317.81418
84.957756,15.590501,306.21555,309.1286,7.1108546,9.086831,309.42545
85.37934,15.572013,305.5285,308.67368,7.1394753,9.151964,313.4474
85.80093,15.553525,304.84146,308.21878,7.168095,9.217095,316.8658
86.02648,15.58452,306.2962,309.52475,7.0918794,9.201013,319.4471
86.25204,15.615516,307.75098,310.8307,7.015663,9.18493,322.38763
86.49715,15.60122,309.11237,312.04984,7.1367865,9.316293,330.23758
86.742256,15.586925,310.47372,313.26898,7.2579093,9.447658,339.32553
86.74054,15.6276045,311.59378,314.55768,7.195673,9.456996,345.87912
86.73884,15.668284,312.71387,315.8464,7.1334367,9.466333,352.46857
87.80012,15.639851,314.76538,317.9281,7.133065,9.431882,345.94156
88.861404,15.611416,316.81696,320.00983,7.132694,9.397431,334.60736
89.535,15.5924015,318.77298,321.7803,7.100201,9.3020525,319.93146
90.20861,15.573388,320.72903,323.55075,7.0677094,9.206675,303.6048
90.75406,15.518936,320.83063,323.48196,6.933955,8.99354,279.05203
91.29951,15.464484,320.9322,323.4132,6.8002005,8.780404,257.1105
90.31284,15.458477,320.3455,322.65698,6.874338,8.806923,262.1919
89.32619,15.452471,319.7588,321.9008,6.9484754,8.833442,269.48187
89.224174,15.44654,318.10657,320.48566,6.7528377,8.6317425,256.35965
89.122154,15.440608,316.45438,319.07056,6.5571995,8.430043,243.78732
88.95288,15.501579,315.90286,317.6324,7.3167305,8.942056,250.91948
88.7836,15.562551,315.35135,316.19427,8.076261,9.454067,264.53668
89.39228,15.524176,315.6801,316.49408,8.143413,9.511337,262.90018
90.00096,15.4858,316.0089,316.7939,8.210565,9.568608,261.6557
89.65162,15.481861,317.87738,318.57693,8.375503,9.764949,281.8806
89.302284,15.477924,319.74588,320.35992,8.540441,9.96129,302.8802
87.654396,15.543884,318.7573,319.33755,8.711814,10.182524,331.8963
86.00651,15.609842,317.7687,318.31522,8.883185,10.403758,362.43854
87.39371,15.489091,317.79327,318.36685,8.916804,10.413812,350.6514
88.780914,15.3683405,317.8178,318.41855,8.950422,10.423864,342.22473
89.020775,15.358522,320.64798,321.42535,8.917107,10.405289,341.89542
89.26063,15.348703,323.47815,324.43213,8.883792,10.386714,340.6584
88.495056,15.383929,325.11685,325.92215,8.680384,10.1070595,323.12558
87.729485,15.419155,326.75555,327.41214,8.476975,9.827404,306.23035
87.87541,15.395153,328.1226,328.85132,8.391791,9.730953,299.03857
88.02133,15.371151,329.48956,330.29047,8.306608,9.634501,292.73886
87.98104,15.38144,331.14502,331.91245,8.157902,9.4453945,282.50247
87.94075,15.391729,332.80048,333.53442,8.009196,9.256287,272.5509
87.90507,15.405406,334.20523,334.9228,7.790652,9.010545,260.13345
87.86939,15.419081,335.61002,336.3112,7.5721073,8.764804,246.22304
87.19176,15.444657,335.68295,336.34546,7.3819575,8.498979,232.84683
86.51412,15.470235,335.7559,336.37976,7.191808,8.233152,221.14134
86.186195,15.479722,334.5954,335.2345,7.098587,8.129975,217.60464
85.85828,15.48921,333.4349,334.08917,7.005367,8.026798,213.70718
85.03909,15.531739,333.3429,334.0064,6.881729,7.890036,210.76248
84.2199,15.574269,333.25085,333.9236,6.758092,7.7532735,202.77771
84.64394,15.563648,333.5308,334.20016,6.7597466,7.752674,202.89122
85.067986,15.553025,333.81073,334.4767,6.7614007,7.7520742,201.64148
85.34161,15.520824,335.16507,335.78998,6.7853155,7.756711,200.9362
85.615234,15.488624,336.5194,337.10324,6.809231,7.761348,200.43124
85.74667,15.441003,336.17014,336.6997,6.7597985,7.6876416,194.85979
85.87812,15.393381,335.8209,336.29617,6.710366,7.613935,189.71097
85.14554,15.428709,337.56213,337.92593,6.412674,7.2823057,176.5756
84.41296,15.464037,339.30338,339.55573,6.114981,6.9506764,155.14603
83.44082,15.496196,339.38663,339.74875,5.8575273,6.647734,133.73744
82.46868,15.528355,339.46985,339.94174,5.6000733,6.344792,104.02252
81.3804,15.545793,339.4706,339.8784,5.279619,5.9654875,70.4419
80.29213,15.563232,339.4714,339.81503,4.9591656,5.586183,49.608936
79.97508,15.575996,341.76874,342.08148,4.4974055,5.0506473,36.689716
79.65803,15.588762,344.06604,344.34796,4.035645,4.5151114,25.724524
79.67868,15.5891075,344.74005,345.0916,3.6558187,4.0640554,16.02197
79.699326,15.589454,345.414,345.83527,3.2759924,3.6129992,8.883799
79.596466,15.564584,340.24063,340.7424,2.7394693,2.9870164,8.517552
79.493614,15.539713,335.06723,335.6495,2.202946,2.3610334,8.357607
79.63256,15.499432,326.40463,326.7353,1.8037645,1.914836,7.19758
79.7715,15.45915,317.74203,317.82108,1.4045829,1.4686387,4.8673577
79.9075,15.410732,285.4766,285.26135,1.0671588,1.1105351,11.140281
80.0435,15.362315,253.21115,252.70161,0.7297349,0.75243163,13.009322
81.697586,14.916031,173.1032,172.93404,1.0445694,1.0910321,2.2440767
83.35168,14.469747,92.995224,93.16646,1.3594037,1.4296324,7.937853
83.25971,14.506154,104.27754,104.46968,1.7775428,1.8869145,12.19563
83.16775,14.542562,115.559845,115.7729,2.1956818,2.344197,13.779135
82.9539,14.582211,118.8393,119.09247,2.5683722,2.7533195,16.866331
82.74007,14.62186,122.118744,122.41203,2.9410622,3.162442,19.59401
83.1331,14.632946,123.30129,123.66774,3.3651876,3.6388159,25.998737
83.52614,14.644033,124.48385,124.92345,3.7893128,4.1151896,34.61327
84.37089,14.638192,120.339714,120.87412,4.205935,4.610854,49.062565
85.21564,14.632351,116.19558,116.8248,4.622557,5.1065187,62.32139
86.21676,14.624869,116.7106,117.380325,4.996495,5.6532826,73.74807
87.21788,14.617388,117.225624,117.935844,5.370433,6.200046,88.8413
88.27886,14.594023,125.48602,126.208954,5.856382,6.764196,111.30112
89.33984,14.570659,133.74641,134.48209,6.3423314,7.328346,141.1719
89.29706,14.629364,148.45215,149.20688,5.93784,6.7975693,114.28055
89.25428,14.68807,163.15787,163.9317,5.533349,6.2667933,92.10613
88.303,14.73756,177.08578,177.75706,5.6583376,6.392306,95.17912
87.35172,14.787052,191.01372,191.58243,5.7833266,6.5178185,105.94839
86.32091,14.698011,213.20914,213.45348,5.1243534,5.7125316,77.601204
85.2901,14.608972,235.40456,235.32451,4.46538,4.907245,64.0622
84.21998,14.577473,230.2279,230.0739,3.8852234,4.223914,40.023643
83.14985,14.545974,225.05122,224.82332,3.3050668,3.5405831,23.303282
82.30163,14.507066,210.70038,210.5915,2.9536867,3.1506402,20.496243
81.45341,14.46816,196.3495,196.35966,2.6023068,2.7606974,14.178027
80.96049,14.403014,171.15175,171.24008,2.6618593,2.8187747,8.716395
80.467575,14.337871,145.95398,146.1205,2.7214117,2.876852,6.6951385
80.360214,14.282142,133.53825,133.77611,2.8936381,3.0694132,12.112634
80.25286,14.226414,121.12252,121.43169,3.0658643,3.2619746,21.804096
79.838745,14.263033,114.8453,115.05798,3.4649992,3.7133458,35.118896
79.42463,14.299652,108.5681,108.68426,3.864134,4.1647162,48.25166
79.21148,14.351979,103.83006,104.18658,4.105402,4.453447,56.450733
78.998314,14.404307,99.092026,99.6889,4.3466697,4.742177,64.57733
78.476685,14.430022,96.56986,97.0614,4.52186,4.9176593,67.248856
77.95506,14.455739,94.047714,94.433914,4.6970506,5.093141,69.59785
79.01725,14.378709,85.992226,86.25843,4.4820895,4.8346424,58.428406
80.07944,14.301679,77.93673,78.08294,4.267129,4.576144,47.95924
80.79842,14.274092,64.26484,64.33723,4.3743706,4.695329,38.23227
81.5174,14.246504,50.59294,50.5915,4.4816117,4.8145146,33.920113
81.498,14.283381,43.53242,43.54882,4.7357783,5.108266,38.47811
81.4786,14.320258,36.471905,36.506123,4.9899454,5.402016,47.187336
81.48317,14.354649,31.277958,31.266724,5.2276683,5.681235,60.79763
81.48775,14.389041,26.084013,26.027325,5.4653907,5.9604545,75.31373
81.118515,14.435597,26.125065,26.068665,5.534563,6.057963,79.89207
80.7493,14.482154,26.166111,26.10999,5.603735,6.155471,84.83029
80.19352,14.541179,56.783165,56.744827,5.5092764,6.0671215,71.056595
79.63775,14.600203,87.40021,87.37968,5.414818,5.978772,95.64043
79.24052,14.649815,110.40807,115.381645,5.236636,5.78311,101.99681
78.843285,14.699426,133.41597,143.38362,5.0584545,5.5874476,99.18541
81.0546,14.316882,172.51501,177.5247,3.6402647,3.941005,32.73612
83.265915,13.934339,211.61409,211.6658,2.2220755,2.2945623,11.417396
81.888306,13.967241,150.87083,151.26295,2.5161388,2.6007938,5.984007
80.51069,14.000142,90.12759,90.860085,2.8102016,2.907025,23.806751
79.6344,14.033758,60.777626,56.386673,3.5285285,3.7032561,20.031107
78.758095,14.067372,31.42766,21.91326,4.246855,4.499487,37.935154
78.34751,14.100201,190.20825,185.63669,4.9905667,5.3568482,97.24271
77.93693,14.133029,348.98883,349.36008,5.7342787,6.2142096,58.57232
81.40247,14.054472,346.888,347.38315,7.2752385,8.089363,240.05211
84.86802,13.975914,344.78717,345.40625,8.816197,9.964515,334.84888
87.287506,13.795427,347.80707,348.54822,11.304272,13.329967,521.6444
89.70699,13.614939,350.82697,351.6902,13.792346,16.695417,552.1798
88.64632,13.579281,347.76016,348.45746,14.291421,17.320036,554.87756
87.58563,13.543623,344.69336,345.22476,14.790495,17.944654,556.0931
86.04843,13.578775,345.19223,345.81522,14.759884,17.92836,562.54193
84.51123,13.613929,345.6911,346.4057,14.729275,17.912064,567.0439
82.852905,13.765233,348.6167,349.3082,14.249421,17.292213,573.18066
81.19459,13.916537,351.5423,352.2107,13.7695675,16.672365,580.87897
79.93983,14.038598,349.19266,349.85577,13.229829,15.946885,582.122
78.68507,14.160658,346.843,347.50082,12.690088,15.221406,577.9915
80.36932,14.023219,345.05032,345.64807,12.55507,14.934457,574.6575
82.05357,13.885778,343.2577,343.7953,12.42005,14.647507,567.0453
82.48944,13.854648,342.77127,343.41153,12.198328,14.365493,562.96375
82.925316,13.823516,342.28482,343.02774,11.976607,14.083481,557.98914
80.73226,14.004455,337.94955,338.70404,11.781043,13.87189,562.4431
78.5392,14.185393,333.6143,334.38034,11.585479,13.660299,559.9519
76.17229,14.370112,332.27036,332.97827,11.8400345,14.09521,566.88196
73.805374,14.554829,330.9264,331.57617,12.09459,14.530123,564.5994
77.8278,14.244965,334.54025,335.08917,12.366177,14.747081,572.1898
81.85023,13.935099,338.15408,338.6022,12.637763,14.96404,569.67523
79.57468,14.106163,337.90933,338.47998,11.973184,14.1736555,568.05554
77.299126,14.277228,337.6646,338.35782,11.308604,13.383271,557.18176
74.60603,14.445227,336.0417,336.72668,11.495121,13.702186,556.9688
71.91293,14.613227,334.41876,335.09558,11.681639,14.0211,549.36
71.12153,14.741659,334.46524,335.22458,11.530208,13.903123,542.339
70.33011,14.870093,334.51172,335.35358,11.378777,13.785145,534.3175
72.06849,14.764319,335.29745,336.038,11.5104265,13.877932,546.1267
73.80686,14.6585455,336.08322,336.72238,11.642077,13.970718,556.93695
75.29377,14.529527,338.37057,338.90347,11.42263,13.62526,557.4943
76.78068,14.400509,340.6579,341.08453,11.203184,13.279802,553.90625
75.98967,14.5069895,340.55957,341.03687,10.519109,12.444631,519.55927
75.198654,14.613471,340.46127,340.98914,9.835032,11.609459,464.576
73.9633,14.680242,338.1401,338.71127,9.688175,11.4148655,444.75705
72.72794,14.747013,335.81894,336.43344,9.541318,11.220272,427.1255
72.54883,14.748099,335.31918,335.92166,9.415166,11.064042,414.1499
72.36972,14.7491865,334.81937,335.40982,9.289015,10.907811,402.2708
72.04296,14.806235,332.63654,333.21857,9.146349,10.763897,390.4851
71.7162,14.863285,330.45367,331.02725,9.003684,10.619982,379.57922
71.858635,14.815849,326.50613,326.9937,9.974158,11.6682,460.0562
72.00105,14.768415,322.55865,322.9602,10.944633,12.716419,514.78046
71.30333,14.789759,323.12564,323.54028,11.012973,12.822127,516.31573
70.605606,14.811103,323.69263,324.12036,11.081314,12.927837,516.4675
70.79459,14.761527,323.7957,324.19244,11.026133,12.831947,514.9716
70.983574,14.711951,323.89877,324.26453,10.97095,12.736059,513.18353
70.86489,14.680992,323.9678,324.34677,10.860872,12.581701,507.35626
70.74621,14.650034,324.03687,324.429,10.750793,12.427343,501.44058
70.39699,14.656486,323.49445,323.89032,10.584953,12.207047,490.5192
70.04778,14.662937,322.95206,323.35165,10.419112,11.986752,479.05643
70.217606,14.66572,321.66028,322.05,10.25007,11.768011,469.01077
70.387436,14.668504,320.36853,320.7483,10.081029,11.549271,456.56076
69.95174,14.7502165,319.48392,319.92288,9.91288,11.352729,443.44278
69.51604,14.83193,318.59937,319.0974,9.744731,11.156187,432.7718
69.50685,14.856067,316.91647,317.4619,9.525345,10.877048,416.9419
69.49766,14.880204,315.23358,315.8264,9.305959,10.597909,400.71942
69.947525,14.874894,312.36145,313.0114,9.123369,10.333546,383.02628
70.39739,14.869584,309.48932,310.1964,8.940781,10.069181,365.93356
71.36572,14.783833,305.5254,306.10593,8.653894,9.68508,338.3369
72.33406,14.69808,301.56143,302.0155,8.36701,9.300977,304.8778
72.98651,14.707437,296.77954,297.15015,8.215684,9.127208,287.08936
73.63896,14.716793,291.99762,292.28482,8.064359,8.953438,269.51627
74.84351,14.716428,287.6677,287.94006,8.092243,8.994919,269.53506
76.04806,14.716064,283.33783,283.59537,8.120127,9.036399,273.41226
76.86032,14.75289,284.49338,284.7741,8.1308365,9.03902,268.19492
77.67259,14.789718,285.64893,285.95288,8.141547,9.041641,264.02524
79.833115,14.715746,285.7132,285.9057,8.015842,8.914447,254.47676
81.99364,14.641774,285.77747,285.85855,7.890138,8.787252,242.4013
81.02869,14.783113,283.94562,284.12106,7.845543,8.784506,247.33545
80.063736,14.924452,282.11374,282.3836,7.8009467,8.781759,243.87595
78.84418,15.030668,280.339,280.74023,7.4528046,8.423902,210.74905
77.62461,15.136885,278.5642,279.09686,7.104663,8.066043,181.5069
78.03241,15.216454,274.38995,275.08255,6.7982626,7.7507973,152.22968
78.44019,15.296023,270.21567,271.0682,6.491863,7.4355507,126.146996
78.74498,15.354837,265.6855,266.86353,6.2187724,7.1506643,107.278366
79.04976,15.413652,261.1553,262.65884,5.9456825,6.8657775,91.50423
78.92341,15.506153,258.1491,260.1982,5.8594365,6.8900514,94.46729
78.797066,15.598656,255.14293,257.73758,5.773191,6.914325,98.968376
78.71449,15.685317,256.13007,258.965,5.935714,7.334899,129.13051
78.63192,15.771979,257.11716,260.19244,6.098237,7.7554727,160.12001
78.79688,15.838861,261.84418,265.19003,6.4784703,8.333207,205.36702
78.96186,15.905745,266.5712,270.18765,6.858705,8.91094,260.00488
78.28229,15.9503,272.9197,275.75574,7.570081,9.657626,322.49603
77.602715,15.994855,279.26822,281.32385,8.281457,10.404311,377.98016
78.43699,15.828027,280.893,282.49792,8.8036585,10.861656,418.33408
79.271255,15.661197,282.5178,283.67197,9.325859,11.319,451.94937
79.94548,15.537725,280.78314,281.7813,9.396583,11.271259,447.12064
80.619705,15.414256,279.0485,279.8907,9.467306,11.223516,440.84567
81.20673,15.15396,277.99475,278.88092,9.770622,11.6867695,471.79166
81.79377,14.893666,276.94098,277.8712,10.073937,12.150021,499.766
82.134636,14.756293,277.41846,278.361,10.229902,12.281299,507.4003
82.47551,14.61892,277.89597,278.85077,10.385867,12.412578,513.362
82.6613,14.568442,277.14197,278.16336,10.295811,12.270081,506.7903
82.84709,14.517964,276.38797,277.47595,10.205755,12.127585,499.51273
83.54783,14.44051,276.63513,277.6131,10.235791,12.106771,496.19232
84.24857,14.363054,276.8823,277.75018,10.265827,12.0859585,492.76132
84.54156,14.3531885,278.3376,279.12454,10.238127,12.030101,488.3179
84.83455,14.343323,279.79288,280.49893,10.210426,11.974242,483.14923
84.774185,14.292247,281.16046,282.1048,10.287206,12.080319,490.79037
84.71382,14.24117,282.52798,283.71063,10.363985,12.186397,497.95142
83.519005,14.205609,285.76276,286.70776,10.46687,12.277753,507.66696
82.324196,14.170047,288.99753,289.70486,10.569757,12.369109,514.5296
81.19222,14.127455,290.9211,291.4994,10.598179,12.377821,517.8809
80.06026,14.084862,292.84467,293.29398,10.626602,12.386532,520.97406
79.33083,14.050714,292.66638,293.07346,10.645262,12.378187,521.31616
78.6014,14.016563,292.4881,292.85294,10.663923,12.369844,521.4529
78.27918,13.956229,292.1457,292.51273,10.50801,12.129034,510.91464
77.95696,13.895894,291.80328,292.1725,10.3520975,11.888224,499.18994
78.14445,13.852287,291.2417,291.57632,10.200268,11.664959,486.2519
78.331924,13.808682,290.68008,290.9801,10.048438,11.441695,471.93192
77.914734,13.845707,289.04282,289.36606,9.932632,11.312131,464.7851
77.49754,13.8827305,287.4056,287.75208,9.816828,11.182567,457.6666
76.06935,13.969006,287.9161,288.20123,9.778503,11.172415,460.33365
74.64116,14.055281,288.42664,288.6504,9.740178,11.162262,453.25473
73.599205,14.133297,290.41156,290.62167,9.271989,10.590284,409.2647
72.55725,14.211313,292.39648,292.59302,8.803799,10.018305,366.19125
72.36935,14.2542715,294.2764,294.47412,8.323903,9.448156,317.861
72.18144,14.297231,296.1563,296.3553,7.8440065,8.878009,269.33954
71.94774,14.339082,296.66806,297.02,7.083388,7.9954205,195.89075
71.71404,14.380934,297.17975,297.6847,6.322769,7.1128335,127.215836
71.486626,14.472912,293.01685,293.92746,5.7770705,6.5347977,102.744965
71.25922,14.564891,288.8539,290.1702,5.2313724,5.9567623,81.469406
71.22628,14.646601,285.74634,287.49622,4.7974024,5.4684076,61.340923
71.193344,14.728312,282.6388,284.82227,4.363433,4.9800534,42.706875
71.20572,14.777837,276.24133,278.99924,3.9259806,4.466978,23.768854
71.218094,14.827361,269.8439,273.17624,3.4885285,3.9539022,14.786431
71.83,14.855963,260.46835,263.3114,3.8661082,4.365238,17.094765
72.441925,14.884565,251.0928,253.44656,4.243688,4.776574,24.094213
73.25181,14.907463,246.93138,249.12607,4.667877,5.3298244,39.012314
74.06169,14.930363,242.76994,244.80559,5.092066,5.8830743,65.053406
74.53482,14.9687395,243.69745,245.7906,5.4087877,6.391583,99.354095
75.00795,15.007116,244.62494,246.77559,5.7255096,6.9000916,134.00478
75.2635,15.059106,245.66614,247.86578,5.803908,7.1656423,153.04047
75.51905,15.1110935,246.7073,248.95598,5.8823056,7.431193,171.4797
75.98629,15.157827,247.06506,249.35815,6.170759,7.9035273,201.54521
76.45352,15.204562,247.42282,249.76033,6.4592133,8.375861,239.0711
76.730675,15.148795,242.83344,244.79727,6.621379,8.209265,223.52425
77.00782,15.093028,238.24405,239.8342,6.7835436,8.042669,205.90508
78.26074,15.215678,248.3418,250.25769,7.1028376,8.503451,235.13358
79.513664,15.338328,258.43954,260.68115,7.4221306,8.9642315,270.17697
78.050156,15.388114,270.3299,272.36478,7.6977663,9.21078,284.4457
76.58663,15.437901,282.22028,284.04834,7.973403,9.457328,301.5792
76.42608,15.38289,286.6753,288.2354,8.1068325,9.55896,308.56598
76.265526,15.32788,291.13034,292.4225,8.240261,9.660594,315.26086
76.5072,15.254763,292.7585,293.83862,8.410724,9.782699,326.28372
76.748886,15.181644,294.3867,295.25476,8.581185,9.904804,336.90454
76.90136,15.086785,294.72235,295.65378,8.508027,9.7694235,324.7985
77.05384,14.991925,295.058,296.05276,8.434869,9.634041,313.13995
77.47562,14.91296,294.83087,295.6394,8.40191,9.533983,304.58444
77.8974,14.833994,294.60376,295.226,8.368952,9.433925,296.58945
78.27718,14.764056,294.46918,295.00974,8.38956,9.423025,297.03046
78.656975,14.694119,294.33463,294.79346,8.410167,9.412126,298.10254
78.48249,14.63177,295.10892,295.595,8.291716,9.243109,282.4112
78.30801,14.569421,295.8832,296.39648,8.1732645,9.074092,267.0484
77.78939,14.537799,296.4261,296.85922,7.916885,8.756201,240.30804
77.27078,14.506178,296.96893,297.32196,7.660505,8.438309,210.72597
77.10648,14.492216,296.8536,297.16766,7.4060397,8.13945,185.53886
76.94219,14.478254,296.73825,297.01334,7.1515756,7.8405914,162.78062
76.46602,14.487685,295.54312,295.81235,6.87033,7.516508,144.31529
75.98984,14.497113,294.34802,294.6114,6.589083,7.1924243,125.302765
75.260635,14.517222,293.3582,293.58612,6.5590243,7.162176,123.71007
74.53143,14.53733,292.36835,292.56085,6.528965,7.1319284,122.60641
73.75868,14.60079,292.446,292.61096,6.388622,6.99388,115.79201
72.98594,14.664252,292.52368,292.661,6.2482786,6.8558307,108.37472
72.41339,14.755783,291.5396,291.67877,5.9294405,6.5191813,95.227646
71.84084,14.847313,290.55557,290.69656,5.6106014,6.1825323,81.80273
71.85984,14.917829,292.5591,292.78513,4.864666,5.3538556,55.639698
71.87884,14.988346,294.56268,294.87372,4.1187305,4.5251794,34.651657
71.81305,15.04024,293.73483,294.12662,3.7563484,4.1207542,27.589638
71.74726,15.092136,292.90698,293.37955,3.3939655,3.7163289,21.816214
71.742386,15.146265,283.98682,284.55304,2.89469,3.1543596,11.716642
71.73751,15.200395,275.06668,275.7266,2.3954144,2.5923903,5.6484804
71.94547,15.260608,259.13678,260.1307,2.221529,2.3942437,5.862318
72.15344,15.320821,243.20686,244.5348,2.0476437,2.1960971,9.131258
72.72127,15.374325,234.47769,235.88979,2.0229018,2.1794326,9.921187
73.2891,15.42783,225.74855,227.24478,1.99816,2.162768,7.9822454
74.13916,15.47958,216.10257,217.63956,2.117023,2.3544445,7.119321
74.98922,15.531332,206.45657,208.03433,2.2358859,2.5461211,8.664685
76.39809,15.569698,197.89803,201.2945,2.2454264,2.6783972,12.6721525
77.806946,15.608066,189.3395,194.55469,2.2549672,2.8106732,17.44033
79.038734,15.656706,185.0184,191.1623,2.330527,3.0537024,22.092867
80.27052,15.705346,180.69733,187.7699,2.406087,3.2967315,28.057238
81.728134,15.759892,176.3889,185.00266,2.5529852,3.6404595,31.36007
83.18575,15.814439,172.08049,182.23538,2.6998835,3.9841876,39.131527
81.20102,15.797703,167.0058,173.92725,3.2170503,4.6607757,72.02063
79.216286,15.780969,161.9311,165.61906,3.7342172,5.3373637,118.93758
80.61484,15.820975,162.57193,167.61288,3.6510308,5.4439697,126.969246
82.01338,15.860983,163.21275,169.60669,3.5678442,5.5505757,136.8794
83.383484,15.889297,161.5333,169.64537,3.512494,5.5888734,136.07841
84.75358,15.917612,159.85384,169.68405,3.4571443,5.6271715,131.2339
86.05975,15.923741,161.65147,172.53691,3.326878,5.491399,113.98679
87.36593,15.92987,163.44911,175.38979,3.196612,5.355627,99.00365
88.22443,15.950902,165.33875,177.91383,3.2380216,5.377879,94.14417
89.082924,15.971933,167.22836,180.43787,3.279431,5.400131,90.1264
89.85592,15.976867,172.33801,187.69788,2.7562745,4.755658,59.84076
90.62892,15.981802,177.44766,194.95786,2.233118,4.1111846,38.75913
91.03943,15.971887,180.74158,201.55147,2.0848715,3.750395,30.113375
91.449936,15.961971,184.03548,208.14508,1.9366249,3.3896058,25.488104
91.48529,15.96487,189.15941,213.33325,1.9128834,3.266315,24.031206
91.52065,15.96777,194.28331,218.52141,1.8891416,3.143024,23.699247
91.458984,15.97178,203.80518,225.46086,1.8157275,3.1077254,25.951649
91.39731,15.975789,213.32701,232.40031,1.7423131,3.0724268,26.13872
91.465065,15.9677725,221.36763,238.46265,1.666155,3.0057878,26.923079
91.53282,15.959757,229.40825,244.525,1.5899967,2.939149,26.83406
91.71279,15.949818,231.04834,244.36775,1.7195727,3.144813,29.251118
91.89276,15.939877,232.6884,244.21054,1.8491486,3.3504775,33.02191
91.9463,15.940734,232.7427,243.52867,1.872409,3.494112,33.79261
91.99983,15.941592,232.79703,242.84682,1.8956693,3.6377466,34.851078
91.982025,15.950338,229.86542,240.67035,1.7634771,3.5016043,31.005339
91.96422,15.959086,226.93379,238.4939,1.6312848,3.3654623,27.479464
92.00473,15.9703045,225.93553,237.18474,1.5836571,3.3490639,26.365227
92.04525,15.9815235,224.93729,235.87558,1.5360295,3.3326657,25.396366
91.90699,16.005714,212.90707,233.42436,1.1550049,2.7999613,24.917442
91.76873,16.029903,200.87686,230.9731,0.7739802,2.2672567,26.314287
91.90064,16.02016,162.58363,212.0942,0.91191834,1.7407818,22.171356
92.032555,16.01042,124.290405,193.21529,1.0498563,1.2143068,16.109446
92.34463,15.993745,125.65491,170.41983,1.4448897,1.8910854,17.531324
92.6567,15.977071,127.0194,147.62437,1.839923,2.5678642,20.15748
92.20448,16.056503,131.8693,149.29138,2.1443722,3.3437958,26.58976
91.75227,16.135935,136.71918,150.95839,2.4488215,4.119728,41.04062
91.798805,16.186493,136.2292,151.57837,2.6361532,4.597745,56.626507
91.84534,16.237051,135.73923,152.19835,2.8234847,5.0757623,73.28119
91.23982,16.31181,134.89886,151.62975,3.0737727,5.492174,92.4907
90.6343,16.386568,134.05853,151.06114,3.324061,5.9085855,115.93843
89.4392,16.477917,135.69296,152.47171,3.6433165,6.416546,153.58553
88.24411,16.569263,137.32741,153.88228,3.9625723,6.924506,185.79863
86.367874,16.654697,141.84782,156.53659,4.2654076,7.4513173,221.84517
84.49164,16.740131,146.36826,159.19092,4.5682425,7.9781284,268.64578
82.18641,16.834097,150.29594,162.3942,4.91514,8.47861,316.31137
79.88119,16.928059,154.22363,165.59749,5.2620373,8.979093,353.39627
78.98703,16.980127,158.27365,168.36275,5.537898,9.359939,374.65775
78.09289,17.032196,162.32365,171.12804,5.8137593,9.740787,392.07687
79.6971,17.266624,165.21385,173.35713,6.517134,10.479617,432.67426
81.30131,17.501055,168.10403,175.58623,7.22051,11.218446,465.0627
81.37975,17.502892,170.27216,177.11482,7.309924,11.371315,472.3219
81.45819,17.50473,172.44029,178.6434,7.399339,11.524184,479.7511
82.0483,17.49703,175.15651,181.25739,7.432918,11.559584,480.72546
82.638405,17.489332,177.87274,183.87141,7.466496,11.594984,481.10895
83.56485,17.424946,180.24684,186.57594,7.173059,11.183495,460.75
84.49129,17.360561,182.62093,189.28046,6.879621,10.772006,437.6958
85.12925,17.285284,186.79543,193.8864,6.647638,10.443566,414.13425
85.76722,17.210009,190.9699,198.49234,6.415654,10.115128,385.24948
86.53557,17.13568,194.15036,201.77586,6.355851,9.992379,369.7749
87.303925,17.06135,197.33081,205.05936,6.2960477,9.869632,356.7665
88.50405,16.990515,202.45212,209.85152,6.4247575,9.968253,368.19894
89.70418,16.919682,207.5734,214.64369,6.553466,10.0668745,384.62546
90.74297,16.840288,209.23305,215.6989,6.689681,10.146964,404.57535
91.78177,16.760895,210.8927,216.75412,6.825895,10.227055,423.33215
92.302025,16.733679,213.59557,219.47783,7.090373,10.546359,448.04712
92.82229,16.706465,216.29845,222.20149,7.3548503,10.865664,469.01517
93.32263,16.711279,217.69408,223.51457,7.5731597,11.109352,481.89282
93.82298,16.716091,219.08966,224.82768,7.7914696,11.35304,492.1815
93.780754,16.76556,221.05182,226.53622,7.752373,11.386724,493.31952
93.738525,16.81503,223.01398,228.2448,7.713276,11.420409,494.13043
92.50315,16.936827,224.05699,229.24976,7.3183174,11.13858,476.59567
91.26777,17.058624,225.09999,230.25473,6.92336,10.856751,455.3907
90.99429,17.103798,222.30502,227.84283,6.7499614,10.705669,443.58847
90.72082,17.148973,219.51007,225.43091,6.5765624,10.554586,431.3051
89.79557,17.215317,219.46677,226.54396,6.027327,9.977572,378.4495
88.87032,17.281664,219.42348,227.65698,5.4780903,9.400559,325.99554
88.14256,17.309427,216.81284,226.33388,5.064974,8.842373,273.76648
87.414795,17.337193,214.20222,225.01073,4.6518574,8.284185,223.34695
87.299225,17.322407,206.07666,219.66884,4.0936117,7.4272947,176.43059
87.183655,17.307625,197.95111,214.32698,3.5353665,6.570405,128.10472
87.55887,17.264536,183.93285,202.02243,3.6125283,6.3575253,140.57613
87.934074,17.221449,169.9146,189.71788,3.6896908,6.1446457,136.1246
88.62335,17.182274,163.06987,179.64285,4.208259,6.7883677,174.0856
89.31263,17.1431,156.22516,169.56784,4.7268276,7.4320903,202.56288
89.28379,17.207394,156.3866,168.22835,4.877369,7.888561,224.96143
89.25495,17.271687,156.54802,166.88885,5.02791,8.345032,244.06102
88.863365,17.350193,158.71313,169.13623,5.0985584,8.51793,256.50717
88.47177,17.428696,160.87825,171.38358,5.1692066,8.690828,267.74704
87.67221,17.506807,166.74171,178.07823,5.1205997,8.705965,276.73645
86.87264,17.584917,172.6052,184.77284,5.071993,8.721101,286.2861
85.46596,17.664797,181.95802,194.98174,4.9625373,8.676053,291.7086
84.059265,17.74468,191.31085,205.1906,4.8530817,8.631006,286.1406
83.26162,17.766602,195.59732,209.73393,4.776997,8.503457,272.17493
82.46397,17.788523,199.88376,214.2773,4.700912,8.37591,261.09583
82.593544,17.735804,201.60722,215.2388,4.748802,8.45498,263.08737
82.72313,17.683084,203.33069,216.20026,4.796693,8.534048,265.1927
82.86167,17.802526,204.90344,218.47377,4.0801735,7.2782693,185.8285
83.00021,17.921967,206.47623,220.74727,3.3636544,6.022491,90.55624
82.607895,17.850464,208.8001,220.79805,3.5947437,6.3698144,113.58515
82.21557,17.778961,211.12398,220.84883,3.8258333,6.7171383,136.23717
82.35691,17.72589,215.46965,223.92079,3.9580343,6.966022,150.60074
82.498245,17.672817,219.81532,226.99278,4.0902357,7.2149057,166.94261
82.66116,17.595951,227.57481,234.27774,3.9882894,7.103057,154.72299
82.82409,17.519087,235.33429,241.56271,3.8863432,6.991207,139.74033
82.69769,17.451092,238.51628,244.9445,3.914626,6.9697495,135.4954
82.571304,17.383097,241.6983,248.32634,3.9429083,6.948292,131.97061
81.942795,17.311014,240.81879,247.05466,4.0743966,6.974196,136.97906
81.314285,17.238932,239.93925,245.78299,4.205885,7.0001006,140.93677
81.39566,17.127398,234.82668,240.76085,4.2710457,6.8341174,126.934975
81.47704,17.015865,229.7141,235.73866,4.336207,6.6681337,114.092316
82.0715,16.91169,222.48483,228.51784,4.4557195,6.6625037,118.861084
82.66596,16.807514,215.25562,221.297,4.575232,6.6568737,129.3119
84.08799,16.757553,211.66452,216.66742,5.0039797,7.1299834,165.6773
85.51001,16.707594,208.07343,212.03783,5.432727,7.6030927,201.03517
87.82318,16.539995,208.06241,210.68008,6.434545,8.430681,229.64528
90.136345,16.372396,208.05136,209.32237,7.4363627,9.25827,277.86386
89.85625,16.120523,212.0911,212.9528,8.208155,9.833628,300.75842
89.57616,15.868649,216.1308,216.58324,8.979946,10.408984,322.59805
87.95589,15.965709,213.39012,214.17543,8.586531,10.111895,308.7717
86.33561,16.062767,210.64944,211.76761,8.193114,9.814803,305.87543
85.268074,16.34315,205.5913,208.07922,7.6810946,9.71906,325.64932
84.20053,16.623531,200.53313,204.39085,7.169075,9.623315,346.3837
83.315674,16.830221,197.85095,203.23701,6.683813,9.337049,339.69745
82.43081,17.03691,195.16881,202.08316,6.1985517,9.050783,329.1703
82.48693,17.119682,194.45221,202.74702,5.7955737,8.679373,304.63736
82.54305,17.202456,193.73561,203.41089,5.3925962,8.307962,282.38412
82.640816,17.26902,194.32472,204.98674,5.4310713,8.366918,281.8557
82.738594,17.335585,194.91388,206.5626,5.4695463,8.425873,281.61432
82.73586,17.362171,194.11597,206.3018,5.40524,8.452691,283.2463
82.73314,17.38876,193.31804,206.04102,5.340934,8.479509,284.90637
82.7975,17.431562,192.73424,204.9397,5.491684,8.696161,298.72348
82.86187,17.474365,192.15045,203.83836,5.642434,8.912813,314.75427
83.47509,17.460579,190.18935,201.6672,5.5860014,8.812604,311.94492
84.08831,17.44679,188.22824,199.49602,5.5295687,8.712396,303.24307
83.99252,17.544676,193.59644,203.71089,6.036064,9.426491,346.21094
83.89672,17.642561,198.9646,207.92577,6.5425606,10.140587,390.8081
84.03399,17.635857,204.65814,212.89804,6.56366,10.102421,384.05927
84.17126,17.62915,210.35168,217.87035,6.58476,10.064257,377.23224
84.02575,17.625607,209.29445,216.01495,6.618199,10.198352,389.23697
83.88023,17.622063,208.23723,214.15959,6.651638,10.332449,400.53528
84.07323,17.610527,211.46184,217.0042,7.2959185,11.010342,437.4632
84.26622,17.598991,214.68648,219.84885,7.940198,11.688235,472.08795
84.30907,17.55662,220.17278,224.75664,8.301479,12.058865,489.50858
84.351906,17.514248,225.6591,229.66441,8.66276,12.429492,504.88562
85.33175,17.340122,226.226,229.77696,9.104817,12.904874,523.6343
86.31159,17.165995,226.79292,229.8895,9.546874,13.380256,538.09265
86.153465,17.046297,227.45168,230.19661,9.436041,13.0074835,527.8017
85.99533,16.9266,228.11043,230.50368,9.325207,12.634711,515.02277
86.19318,16.833246,225.7533,228.32773,9.260825,12.460515,508.59842
86.39102,16.739895,223.39618,226.15173,9.196443,12.286319,501.40762
86.74309,16.655622,222.53963,224.95103,9.363477,12.329507,502.89038
87.09515,16.57135,221.68309,223.75035,9.530511,12.372696,503.95517
87.2764,16.534832,221.99777,224.00673,9.406982,12.173688,493.75552
87.45764,16.498314,222.31247,224.26312,9.283455,11.974681,481.74484
87.33454,16.46827,223.2906,225.16434,9.268281,11.892595,475.51224
87.21144,16.438225,224.26874,226.0655,9.253108,11.810508,469.0388
87.85702,16.416224,223.49973,225.18297,9.1591215,11.677997,458.9286
88.502594,16.394222,222.73068,224.30042,9.065135,11.545485,449.23306
87.95508,16.379871,222.12692,223.92447,8.984594,11.3871,437.1286
87.40755,16.365522,221.52315,223.54848,8.904055,11.228717,424.52734
88.09664,16.306238,219.7451,221.5132,8.83948,11.0879,411.68594
88.785736,16.246956,217.96704,219.47795,8.774906,10.947084,400.95502
88.92061,16.220627,215.9847,217.44669,8.796327,10.943141,401.69424
89.05549,16.194298,214.00235,215.41542,8.817747,10.9391985,402.26804
88.87703,16.204874,212.21767,213.73537,8.598034,10.6985035,385.6417
88.69858,16.21545,210.43298,212.05527,8.378321,10.457809,370.1793
88.611275,16.284712,208.9476,211.08627,7.879091,9.996748,340.7002
88.52397,16.353973,207.46222,210.1173,7.379861,9.535686,305.58185
88.55226,16.401754,206.87068,209.94838,7.000378,9.22309,283.2903
88.58054,16.449537,206.27913,209.77948,6.6208944,8.910495,261.88617
88.36677,16.51413,203.97168,208.18275,6.3058796,8.660529,251.06609
88.15299,16.57872,201.66425,206.58606,5.990865,8.410564,241.75609
87.753914,16.645067,197.90749,204.06546,5.8290153,8.410338,248.19763
87.35485,16.711416,194.1507,201.54482,5.6671658,8.410112,254.92685
86.79593,16.792551,188.52556,197.35564,5.5026045,8.260978,254.31561
86.237015,16.873688,182.90042,193.16646,5.3380427,8.111843,257.06577
85.82524,16.934654,179.84222,190.70372,5.441836,8.221854,267.68942
85.41347,16.995619,176.78404,188.24098,5.5456285,8.331864,278.52176
85.26485,17.038313,174.88841,186.85579,5.605415,8.358258,281.51984
85.116234,17.081007,172.99275,185.47061,5.6652017,8.384652,284.1454
84.79031,17.129509,175.38934,188.22514,5.6454177,8.391254,287.07382
84.46439,17.178013,177.78593,190.9797,5.625634,8.397855,288.3418
84.067955,17.197992,180.656,193.62173,5.506627,8.283464,282.66913
83.671524,17.217974,183.5261,196.26375,5.38762,8.169074,280.53415
83.15711,17.2269,186.30852,199.02296,5.117546,7.8954034,266.65207
82.6427,17.235826,189.09093,201.78217,4.8474727,7.6217337,245.70973
82.30075,17.234968,190.64613,202.83043,4.8548794,7.6722965,248.75401
81.9588,17.23411,192.20132,203.87865,4.8622856,7.72286,251.42662
81.93355,17.220251,194.7319,206.44373,4.7828655,7.6150665,238.75972
81.908295,17.206394,197.26248,209.00877,4.703446,7.5072722,226.12714
81.97048,17.174545,195.61096,206.89665,4.5021534,7.230658,212.09604
82.03266,17.142696,193.95947,204.78453,4.3008604,6.954044,197.66069
81.86279,17.184227,200.04419,209.18158,4.750855,7.405078,213.33472
81.69293,17.225756,206.1289,213.5786,5.200849,7.8561125,228.20053
81.83571,17.192795,206.05486,213.17975,4.9105787,7.4537263,200.69865
81.978485,17.159834,205.9808,212.7809,4.620308,7.0513406,173.22656
82.73501,17.12807,204.75194,210.73824,4.62699,7.0385513,178.35745
83.49153,17.096306,203.52312,208.69559,4.6336718,7.025762,179.92668
84.51529,17.032118,200.92061,205.98203,4.903927,7.19336,195.23315
85.53905,16.96793,198.31808,203.26845,5.174182,7.3609576,202.90681
85.914314,16.916292,198.62032,203.26016,5.3548265,7.461752,205.58812
86.28957,16.864655,198.92253,203.25186,5.535471,7.5625463,206.57693
86.64165,16.68872,200.41684,203.60231,6.155252,7.9821672,220.54117
86.99371,16.512787,201.91116,203.95279,6.775032,8.401787,232.49838
88.37306,16.231236,203.86266,205.21223,7.3370037,8.75789,236.11742
89.7524,15.949683,205.81416,206.47168,7.898975,9.113992,241.32007
89.441605,15.817416,197.87805,198.43683,7.776708,8.8908825,224.56068
89.1308,15.685149,189.94194,190.40201,7.6544423,8.667772,211.86497
88.86695,15.816337,185.98415,186.37659,8.459852,9.58844,263.12964
88.603096,15.947522,182.02637,182.35115,9.265262,10.5091095,318.79446
89.7425,16.016262,183.38686,183.67816,9.5924225,11.117535,373.43372
90.881905,16.085001,184.74733,185.00519,9.919582,11.72596,424.95926
90.95598,16.224585,179.27028,179.85706,9.6044235,11.612748,426.7336
91.030045,16.36417,173.79321,174.70895,9.289266,11.4995365,427.3286
90.87017,16.654757,174.04733,175.5777,9.526523,12.051762,462.29443
90.710304,16.945343,174.30145,176.44647,9.76378,12.603988,489.21515
91.04371,16.948637,177.76842,179.98613,9.338563,12.118986,471.01025
91.37713,16.951931,181.23538,183.52576,8.913348,11.633985,452.75958
91.49015,17.004179,180.97577,183.89145,8.4738,11.240377,433.29114
91.60318,17.056427,180.71614,184.25711,8.034252,10.846769,413.26733
91.169106,17.146524,176.74939,181.42065,7.5368147,10.455138,386.26416
90.73503,17.236624,172.78262,178.58418,7.0393777,10.063507,353.73013
90.73372,17.291649,169.36053,174.85928,7.2708035,10.366702,367.16064
90.732414,17.346672,165.93845,171.13438,7.5022283,10.669896,381.03552
90.868034,17.365803,167.65123,172.15807,8.033827,11.330765,427.90146
91.00367,17.384935,169.36403,173.1818,8.565426,11.991633,465.06604
90.0809,17.444208,167.93663,172.29765,8.714068,12.274133,477.27264
89.158134,17.503483,166.50923,171.4135,8.86271,12.556631,490.5729
88.80414,17.553217,169.64478,174.30624,9.021847,12.822116,504.37744
88.45014,17.602951,172.78032,177.19894,9.180984,13.087601,516.28546
88.75436,17.538881,173.68842,177.78326,9.507566,13.429129,525.2708
89.05858,17.474812,174.59653,178.36754,9.834148,13.770657,532.2465
89.487656,17.445345,176.03896,179.76666,9.799935,13.636829,528.05646
89.91674,17.415876,177.4814,181.16577,9.765722,13.503002,523.53296
90.10357,17.406366,179.92664,183.4675,9.675836,13.3695135,520.7333
90.290405,17.396858,182.37186,185.76924,9.58595,13.236023,518.7041
90.50197,17.39076,180.99904,184.54994,9.597528,13.294657,519.29614
90.71354,17.384663,179.6262,183.33063,9.609107,13.3532915,520.10443
90.70953,17.393476,182.49484,186.23697,9.61213,13.280735,519.31055
90.70553,17.40229,185.3635,189.14331,9.615154,13.208179,518.4111
88.03012,17.236862,204.15297,207.05998,10.109257,13.526097,539.654
85.35472,17.071434,222.94246,224.97664,10.603359,13.844014,546.4483
85.68372,16.882854,223.14005,225.05232,10.499028,13.497915,539.11804
86.012726,16.694275,223.3376,225.128,10.394696,13.151818,529.3791
85.81872,16.533966,224.72403,226.52643,10.387298,12.986159,523.4005
85.624695,16.373657,226.11044,227.92488,10.3799,12.8205,516.8469
86.47195,16.280285,228.92252,230.5949,10.348683,12.711787,507.34094
87.3192,16.186913,231.73462,233.2649,10.317469,12.603075,496.44482
87.7183,16.130806,234.767,236.38406,10.171337,12.336341,478.4133
88.1174,16.0747,237.79936,239.50322,10.025206,12.069607,456.69287
88.13522,16.038319,239.31064,240.90387,9.671641,11.577042,419.7057
88.15304,16.00194,240.82191,242.30455,9.318078,11.084477,378.0508
87.95862,15.980438,241.95918,243.41843,9.051829,10.7062,344.83038
87.76421,15.958937,243.09642,244.5323,8.78558,10.327921,311.1057
87.75167,15.938715,243.51765,244.78342,8.651208,10.122528,293.54187
87.73913,15.918494,243.93889,245.0345,8.516837,9.917134,275.02252
87.70432,15.919366,245.67642,246.69542,8.493504,9.887315,272.17255
87.66951,15.920238,247.41396,248.35632,8.47017,9.857493,269.2363
87.66472,15.891084,248.41278,249.26596,8.458442,9.821165,265.34814
87.65993,15.861932,249.41159,250.17558,8.446713,9.784836,261.36978
87.58832,15.870579,251.60141,252.45332,8.38909,9.73808,258.08676
87.51671,15.879229,253.79123,254.73106,8.331466,9.691324,255.0885
87.47375,15.932605,258.82635,259.9456,8.026086,9.39866,238.27481
87.430786,15.985982,263.86148,265.16016,7.720706,9.105997,224.35066
86.90271,16.08195,269.78262,271.34418,7.241317,8.640425,208.20657
86.37463,16.177917,275.7037,277.5282,6.7619267,8.174852,186.71796
85.96349,16.205479,277.89215,280.2121,5.912409,7.2036457,139.7914
85.55235,16.23304,280.0806,282.89603,5.06289,6.2324386,105.56354
85.55403,16.241606,277.26895,280.7401,4.345997,5.3725634,72.709114
85.55571,16.250172,274.45734,278.5842,3.629104,4.5126886,38.715816
85.83926,16.25204,268.484,273.11563,3.1403382,3.9381077,23.687798
86.12281,16.253908,262.51068,267.6471,2.651573,3.3635273,18.879667
86.38227,16.276537,258.65363,264.2297,2.4273844,3.1255758,18.476
86.641716,16.299166,254.79659,260.81232,2.203196,2.8876245,17.769514
86.65576,16.317717,241.24112,257.37772,1.9449861,2.593595,14.230546
86.66979,16.336266,227.68564,253.94318,1.686776,2.299566,14.049368
86.629875,16.355124,219.2688,245.23994,1.650187,2.1773086,14.944168
86.589966,16.37398,210.85197,236.53674,1.6135982,2.0550513,16.255463
86.80743,16.402925,206.23233,226.43958,1.6701409,2.1752787,18.406008
87.024895,16.431875,201.61267,216.3424,1.7266833,2.2955062,22.534124
87.25048,16.446432,197.17067,209.93866,1.7522063,2.4179738,24.41685
87.476074,16.460989,192.72868,203.53494,1.7777294,2.5404413,24.01313
88.12817,16.465706,182.53638,195.4185,1.7669142,2.587744,20.803268
88.78027,16.470425,172.34407,187.3021,1.7560992,2.6350467,18.701096
89.24722,16.486876,174.07831,187.75499,1.6062608,2.6092308,19.16035
89.71417,16.503326,175.81253,188.20789,1.4564222,2.5834148,19.225258
89.99215,16.518114,172.44092,187.97816,1.3194978,2.4523432,18.678553
90.27012,16.5329,169.0693,187.74844,1.1825733,2.3212721,18.767414
89.12399,16.238764,156.74673,187.28268,1.1114991,1.7634803,16.635933
87.977875,15.944627,144.42418,186.81696,1.0404247,1.2056884,11.236037
87.938385,15.929899,104.9685,136.30235,1.2656462,1.5065418,12.914143
87.8989,15.915171,65.51281,85.78776,1.4908676,1.8073955,7.8436112
88.01685,15.888526,56.936005,76.66914,1.5068105,1.8843372,6.933136
88.1348,15.86188,48.35919,67.55055,1.5227534,1.9612787,4.56788
88.4453,15.828358,53.830505,63.141445,1.5317495,2.0383847,8.516512
88.75579,15.794834,59.301826,58.732353,1.5407459,2.1154904,12.405616
88.849464,15.802566,63.696373,63.82157,1.5989655,2.277463,16.793348
88.94313,15.8103,68.09092,68.91077,1.6571852,2.4394352,20.607313
88.894966,15.821035,69.14508,71.19919,1.7674367,2.6357617,23.826803
88.846794,15.831773,70.19923,73.487595,1.8776884,2.832088,26.830954
88.54739,15.857044,73.674934,77.13697,1.9995396,2.9575915,29.00294
88.248,15.882318,77.150635,80.78635,2.1213908,3.083095,30.43116
88.65042,15.894719,80.837845,84.60463,2.2400203,3.2496321,33.952568
89.05283,15.907121,84.525055,88.42291,2.3586495,3.4161694,37.388832
89.43626,15.932735,85.70014,90.11859,2.411368,3.563739,41.08563
89.81968,15.95835,86.87523,91.81427,2.4640868,3.711308,44.703907
90.023544,15.973755,88.32951,93.565796,2.5140965,3.8315682,47.6145
90.227394,15.98916,89.78378,95.31731,2.5641062,3.9518285,50.08799
90.398415,15.995981,92.25521,97.87844,2.6310647,4.0726695,52.730885
90.56943,16.002804,94.72665,100.43957,2.6980233,4.19351,55.032887
90.674644,16.015339,94.864944,101.46706,2.660416,4.1703625,54.314747
90.77986,16.027872,95.003235,102.49453,2.6228082,4.1472144,53.627136
90.78361,16.045515,93.53459,102.00155,2.5517516,4.070636,51.98848
90.78735,16.063158,92.065956,101.50856,2.4806952,3.9940574,50.302277
90.78878,16.078627,88.2304,98.47527,2.4842227,3.9944499,50.58373
90.79021,16.094095,84.39485,95.442,2.48775,3.994842,50.73008
90.86051,16.104652,81.47664,92.07847,2.639784,4.1844935,55.191998
90.93081,16.115211,78.55843,88.71493,2.7918184,4.374145,59.662445
91.01203,16.12504,78.20223,87.03464,3.0048914,4.6872272,68.60133
91.093254,16.13487,77.84604,85.354324,3.2179644,5.000309,78.46826
91.19636,16.130814,77.95194,84.656395,3.2554576,5.073053,81.072464
91.29947,16.126755,78.057846,83.95847,3.2929504,5.1457963,83.77639
91.41301,16.117754,78.75599,83.95411,3.3275678,5.1745663,84.46524
91.52656,16.108751,79.45413,83.94975,3.3621848,5.2033362,84.80374
91.55448,16.094625,80.20839,84.53645,3.562487,5.411627,89.3089
91.582405,16.080498,80.962654,85.12315,3.7627888,5.619918,94.036285
91.39036,16.075136,80.92044,84.97785,4.071748,5.941736,104.12068
91.1983,16.069777,80.87824,84.83255,4.380707,6.263555,116.23267
91.055305,16.049517,80.30652,83.82543,4.6528397,6.53987,128.78499
90.91231,16.029259,79.7348,82.81831,4.924973,6.8161845,143.53648
90.88668,16.001314,80.378845,82.94602,4.9682856,6.8276324,143.7187
90.86106,15.9733715,81.022896,83.07373,5.011598,6.8390794,143.85382
90.93665,15.950784,81.82955,83.80524,4.8395996,6.5953,129.58627
91.012245,15.928195,82.6362,84.53675,4.6676006,6.351521,117.07393
90.99086,15.905383,82.75583,84.55688,4.634362,6.233622,111.063805
86.21067,16.305315,79.36516,79.6489,5.3184404,6.110228,110.47815
86.134315,16.268253,78.08443,78.41168,5.298522,6.069641,108.63781
86.00421,16.236515,78.104294,78.47155,5.516213,6.3184543,120.45784
85.87411,16.204775,78.12415,78.531395,5.733903,6.567267,135.01726
85.79484,16.12986,78.828094,79.20884,5.8767233,6.6785226,140.37892
85.71556,16.054945,79.532036,79.8863,6.019544,6.7897787,145.35342
85.033646,16.068825,80.176476,80.518524,5.896218,6.66766,138.85463
84.35173,16.082703,80.82092,81.15076,5.7728915,6.5455427,130.22754
83.53453,16.173943,79.90681,80.29494,5.60902,6.41725,122.421906
82.71733,16.26518,78.99269,79.439095,5.445149,6.288958,114.12015
82.59072,16.249535,77.959625,78.3532,5.592729,6.426841,121.16859
82.46411,16.233887,76.926544,77.26731,5.7403097,6.564724,128.86592
81.37064,16.230394,76.18229,76.33135,5.8145647,6.6425676,129.07707
80.277176,16.2269,75.43804,75.395386,5.8888197,6.7204113,126.94037
79.77988,16.29619,74.51518,74.576935,5.907787,6.8046927,129.81894
79.28258,16.365479,73.592316,73.75847,5.926754,6.888974,132.63492
79.45019,16.387276,74.26957,74.45866,6.0922318,7.100962,145.85751
79.617805,16.409073,74.94681,75.15885,6.2577105,7.3129497,160.67616
79.4427,16.36758,76.36407,76.57269,6.367277,7.3972416,163.40292
79.2676,16.326086,77.78132,77.986534,6.4768434,7.481533,166.34569
79.098015,16.346323,77.6486,77.879684,6.268249,7.264324,151.96379
78.92844,16.36656,77.515884,77.772835,6.0596557,7.047115,138.2236
79.01548,16.425863,76.475494,77.01878,6.078348,7.141214,145.50203
79.10252,16.485168,75.435104,76.26471,6.09704,7.235313,153.2472
79.08521,16.490181,74.34302,75.06032,6.233068,7.38246,163.11089
79.0679,16.495192,73.25093,73.85591,6.369095,7.5296073,172.87845
78.86373,16.473316,72.102615,72.62212,6.4681854,7.619365,178.06326
78.65956,16.451443,70.95429,71.38833,6.567276,7.7091227,183.78741
78.381386,16.48026,70.40024,70.897354,6.601081,7.7960954,190.54213
78.1032,16.509077,69.84619,70.406395,6.6348844,7.883067,197.37746
78.32802,16.541967,69.93505,70.56557,6.592166,7.876626,198.16782
78.55284,16.57486,70.0239,70.72473,6.549447,7.8701844,198.8282
79.04448,16.617107,70.56866,71.31015,6.398761,7.785226,195.14215
79.53612,16.659355,71.11342,71.89556,6.2480745,7.7002673,193.57013
79.84011,16.669151,70.90611,71.77905,6.573639,8.08399,223.29678
80.144104,16.678947,70.698814,71.662544,6.8992043,8.467711,257.67102
80.13054,16.654621,70.12148,71.10645,7.042361,8.593019,268.08185
80.11698,16.630293,69.54417,70.55037,7.185518,8.718324,278.45215
79.742035,16.703524,69.9272,71.25181,7.156162,8.809069,284.294
79.36708,16.776754,70.310234,71.95326,7.1268063,8.899815,289.79306
80.23769,16.686472,72.005066,73.15199,7.567754,9.274002,322.3963
81.10831,16.596191,73.69988,74.35072,8.008701,9.64819,353.85883
80.622925,16.627363,73.731895,74.458435,7.6903305,9.33569,327.79462
80.13754,16.658535,73.763916,74.56615,7.37196,9.02319,301.9245
80.068794,16.673927,75.02817,75.90943,7.5281625,9.217805,316.5042
80.000046,16.689322,76.29242,77.25272,7.684365,9.412419,331.34778
80.42948,16.519993,72.367035,73.33365,8.045272,9.68077,354.14844
80.8589,16.350664,68.44164,69.41459,8.406179,9.949119,375.9359
81.49605,16.399015,68.24851,69.16965,8.321008,9.920399,375.5873
82.133194,16.447367,68.05538,68.92473,8.235836,9.891678,375.02472
82.47445,16.55287,66.476036,67.6228,7.764622,9.517572,350.04184
82.8157,16.658373,64.8967,66.32088,7.29341,9.143468,323.69733
83.334694,16.687883,65.457016,67.09706,6.950239,8.791059,297.60208
83.85368,16.717396,66.017334,67.873245,6.607068,8.438648,273.6727
85.21082,16.757854,69.84325,71.84199,6.492806,8.437977,276.72675
86.56796,16.798313,73.66914,75.81074,6.378544,8.437306,276.51633
87.965675,16.832779,76.91791,79.067474,6.684961,8.871975,296.65158
89.36339,16.867245,80.16666,82.3242,6.9913783,9.306643,314.0747
90.07013,16.866127,82.01691,84.18564,6.9993157,9.317195,303.8842
90.77687,16.865011,83.86715,86.04707,7.007253,9.327748,293.87094
91.05236,16.871239,83.96948,86.22655,6.8184843,9.120002,272.61905
91.32786,16.877468,84.07183,86.40603,6.629717,8.912254,254.84607
91.27439,16.917017,84.703896,87.376854,6.4572463,8.762084,246.31963
91.220924,16.956566,85.33595,88.34768,6.2847767,8.611912,236.68314
90.60276,16.933756,87.67993,90.11045,6.570406,8.878554,261.72153
89.9846,16.910942,90.02391,91.87322,6.8560357,9.145197,288.13647
89.21526,16.90477,88.90362,90.52732,7.342839,9.630429,330.24503
88.44592,16.898596,87.78331,89.181404,7.829642,10.115662,369.1511
87.9085,16.918163,86.23743,87.745766,7.7034264,10.033249,367.66592
87.371086,16.93773,84.691536,86.31013,7.5772104,9.950838,365.08032
87.65801,16.931358,84.214836,85.79669,7.2072997,9.534306,336.105
87.944954,16.924984,83.738144,85.283264,6.8373876,9.117774,309.65155
88.375374,16.940811,82.671524,84.654594,6.528804,8.834069,286.99567
88.8058,16.956636,81.60489,84.025925,6.2202196,8.550366,266.87613
89.041466,16.9756,80.77253,83.52143,6.3384705,8.706674,273.47708
89.27712,16.99456,79.94018,83.016945,6.4567213,8.862983,280.4498
89.40909,17.022942,78.69305,81.90696,6.8011107,9.303887,311.7825
89.54105,17.051323,77.44592,80.79697,7.1455,9.744793,341.6401
90.297844,17.04213,78.518295,81.53047,7.507861,10.177311,370.23563
91.054634,17.032934,79.59067,82.26397,7.8702216,10.609829,398.84625
91.77695,17.027014,81.53733,84.33073,7.7589984,10.506547,383.75928
92.499275,17.021091,83.48402,86.39746,7.647775,10.403264,370.62555
93.02829,17.032562,87.45362,90.54694,7.363163,10.128406,343.06036
93.55731,17.044033,91.423225,94.69642,7.078551,9.853546,315.89877
93.837776,17.068941,93.99758,97.63451,7.0061846,9.84795,315.27014
94.11825,17.09385,96.57194,100.57258,6.9338183,9.842354,315.41782
94.20242,17.134043,99.075905,103.31387,6.915601,9.900604,320.34592
94.286606,17.174238,101.57987,106.055176,6.8973823,9.958856,324.66098
93.92844,17.267096,102.909744,107.4049,7.057168,10.319842,355.55588
93.57027,17.359955,104.23962,108.75465,7.216954,10.68083,383.00797
93.223656,17.479445,106.34965,110.91897,7.315049,10.972866,400.83762
92.877045,17.598934,108.45968,113.08328,7.4131436,11.264902,416.83514
92.734795,17.72035,110.16947,115.314606,7.8105764,11.827504,445.01566
92.59254,17.841766,111.87925,117.545906,8.20801,12.390105,468.8182
93.846146,17.979902,114.88497,120.76256,8.1279,12.482903,469.5863
95.09976,18.118038,117.89068,123.97917,8.047791,12.575699,472.0601
94.43351,18.296436,124.98121,130.73767,8.448384,13.171135,487.3776
93.76726,18.474833,132.07173,137.49619,8.848977,13.76657,502.6122
94.50291,18.465235,135.44829,140.67017,8.792026,13.703142,500.79248
95.238556,18.455637,138.82486,143.8442,8.735074,13.639714,499.95456
95.3062,18.438574,139.19756,144.61938,8.8267,13.6961565,501.83743
95.37384,18.421509,139.57025,145.39456,8.918328,13.7526,503.69766
95.57607,18.404886,155.96393,161.69104,9.737372,14.826145,531.8398
95.778305,18.388266,172.35757,177.98749,10.5564165,15.899692,548.683
95.377335,18.30175,173.40543,178.61574,9.555538,14.567391,532.5824
94.97636,18.215237,174.45326,179.244,8.55466,13.235091,506.5165
94.87897,18.192205,178.21083,184.5973,8.340634,12.739483,493.18893
94.78157,18.169176,181.9684,189.95062,8.126609,12.243875,477.8772
94.49396,18.19136,186.17271,194.55478,7.540539,11.731347,466.84683
94.20634,18.213545,190.37706,199.15894,6.9544683,11.21882,456.97464
93.52284,18.225311,199.97638,207.97273,7.2088637,11.476495,474.89883
92.83936,18.237078,209.57574,216.78653,7.46326,11.734171,485.65268
90.443695,18.068956,214.90146,220.10577,7.653814,11.672575,478.73434
88.048035,17.900839,220.22719,223.42499,7.844369,11.61098,469.244
86.27508,17.800234,219.87634,223.33353,7.8535767,11.576331,465.99072
84.50212,17.699633,219.52548,223.24203,7.8627853,11.541683,463.314
84.932304,17.65686,220.22598,223.58057,8.0239525,11.721152,474.03183
85.362495,17.614088,220.92647,223.9191,8.185119,11.900622,484.04956
85.33426,17.654026,220.54451,223.72578,7.9870343,11.779034,477.89075
85.30602,17.693964,220.16258,223.53249,7.788951,11.657445,471.35724
84.922134,17.747252,218.58989,222.28578,7.6115804,11.508944,463.01114
84.538246,17.800539,217.0172,221.03903,7.43421,11.360441,454.33963
83.77523,17.874931,213.09055,218.79552,7.004011,10.926524,432.9545
83.012215,17.949324,209.16388,216.55197,6.573813,10.492608,407.1166
82.08431,18.013706,205.22916,213.94391,6.2013345,10.113397,373.7192
81.15641,18.078087,201.2944,211.33583,5.8288565,9.734184,339.83884
80.760605,18.12383,197.17918,208.66602,5.580911,9.391004,319.88528
80.364784,18.169575,193.06396,205.9962,5.332966,9.047824,305.3796
80.97749,18.129217,187.85031,201.52792,5.183704,8.714311,296.82187
81.59019,18.088856,182.63667,197.05963,5.034442,8.380796,288.00595
82.22139,18.05555,177.89629,192.71297,5.1408634,8.381178,296.78595
82.8526,18.022243,173.15588,188.36626,5.2472844,8.38156,300.1885
82.72384,18.072586,175.11339,190.02753,5.279987,8.517182,306.26425
82.59507,18.122929,177.07089,191.68877,5.3126893,8.652805,311.80304
82.40574,18.16824,184.04855,198.14374,5.3031354,8.785833,308.81146
82.21641,18.21355,191.02621,204.59874,5.293582,8.918862,304.89877
82.35188,18.201536,197.97906,211.33482,5.1772404,8.811749,286.28354
82.48736,18.18952,204.93195,218.07094,5.0608983,8.704637,266.44577
82.63587,18.161161,208.54361,221.23654,4.841784,8.514115,249.2552
82.784386,18.132801,212.15526,224.40216,4.62267,8.323593,233.02312
82.95233,18.106394,213.86594,225.0341,4.6541915,8.3939495,236.17102
83.120285,18.079987,215.57661,225.66606,4.685713,8.464308,239.61646
83.04119,17.938488,220.64207,229.17853,5.122471,9.008443,272.9528
82.96209,17.79699,225.70755,232.69102,5.5592284,9.55258,312.59195
83.23756,17.676369,229.0481,235.38483,5.4341884,9.265982,291.8763
83.51302,17.555744,232.38866,238.07861,5.309149,8.979385,272.23798
84.03984,17.415052,234.01527,239.63853,5.2871323,8.7810955,260.02325
84.56666,17.274359,235.64186,241.19846,5.2651157,8.582806,244.95879
85.1493,17.147945,234.86234,241.04994,4.9878783,8.106061,203.34624
85.73196,17.021532,234.08282,240.90146,4.7106414,7.629318,167.43869
86.233284,16.926506,232.09404,239.69229,4.4859567,7.22665,141.5122
86.73463,16.831482,230.1053,238.48317,4.2612724,6.8239827,120.10488
86.959496,16.768484,228.8151,236.80586,4.432098,6.9079456,126.609795
87.18437,16.705488,227.5249,235.12854,4.602924,6.991909,133.53172
87.374466,16.659147,225.7165,232.62857,4.7286487,7.066621,140.06096
87.56456,16.612806,223.90813,230.12857,4.8543735,7.1413326,144.72153
88.10996,16.567171,221.71645,227.51839,4.954377,7.2199287,148.92007
88.655365,16.521534,219.52478,224.90816,5.0543814,7.2985253,156.04485
89.371284,16.511572,220.43091,225.23578,5.3234763,7.6141825,175.96754
90.0872,16.501612,221.33705,225.5634,5.592571,7.929839,197.40234
90.75496,16.459555,222.93538,226.8714,5.8735332,8.2101145,220.41931
91.42272,16.4175,224.5337,228.17943,6.1544957,8.490391,249.55206
91.78604,16.351843,225.61258,228.65283,6.3974657,8.604355,260.0389
92.14936,16.286184,226.69144,229.12624,6.6404357,8.718321,266.75903
92.046364,16.252308,225.79416,228.2234,6.59541,8.619572,256.95535
91.94337,16.21843,224.89688,227.32059,6.5503845,8.5208235,246.5999
91.53051,16.273264,224.2862,227.03026,6.403746,8.5130005,247.9776
91.11765,16.328098,223.67554,226.73997,6.2571077,8.505176,246.26459
90.501495,16.442505,221.64511,225.46513,5.8693595,8.281509,226.50455
89.88533,16.556911,219.61465,224.19029,5.4816117,8.057845,206.61577
89.10719,16.662695,217.57164,223.03351,5.2432146,7.9401546,197.81258
88.32905,16.768476,215.52861,221.87672,5.004818,7.8224654,191.68921
87.47559,16.859724,210.43925,218.38234,4.8421497,7.6844373,187.33226
86.62214,16.950972,205.3499,214.88791,4.6794815,7.5464087,194.40572
86.26197,17.00978,200.94952,211.06479,4.522176,7.3389244,193.54373
85.901794,17.068592,196.54912,207.24168,4.36487,7.13144,189.32724
86.066864,17.078548,191.2723,201.98564,4.410496,7.159015,201.79117
86.23194,17.088505,185.9955,196.72957,4.456122,7.18659,210.81123
86.73023,17.091013,182.4927,191.87712,4.612312,7.4241166,225.95453
87.22853,17.093523,178.98994,187.02467,4.7685018,7.661643,238.08548
87.18795,17.142794,178.59798,186.49794,4.808199,7.788302,245.09322
87.14737,17.192064,178.206,185.9712,4.8478966,7.91496,250.6424
86.71263,17.26031,179.65979,187.23633,4.7548704,7.8699307,251.41656
86.27791,17.328556,181.1136,188.5014,4.6618447,7.8249,250.85869
85.711395,17.377151,185.90944,193.594,4.660294,7.9125915,255.49797
85.14488,17.425747,190.70528,198.6866,4.658744,8.000282,259.0936
84.34553,17.475025,194.6024,203.83197,4.6016936,7.934023,252.91096
83.54618,17.524305,198.49957,208.97733,4.544643,7.867763,241.0402
83.244316,17.525139,204.63239,214.75702,4.5435014,7.9003763,234.02461
82.94246,17.52597,210.76521,220.53671,4.54236,7.932989,227.69418
83.54322,17.61763,210.696,220.65167,4.451515,7.642435,205.34471
84.14398,17.70929,210.62682,220.76665,4.3606706,7.3518806,177.94963
84.16534,17.70499,213.57466,223.45758,4.2506757,7.187431,161.19923
84.18669,17.700691,216.52249,226.14847,4.1406803,7.0229816,145.36829
84.86586,17.631977,219.07938,227.92119,4.219443,7.0688343,144.81468
85.54503,17.563263,221.63625,229.6939,4.298205,7.1146865,143.64655
85.65532,17.504385,227.04265,235.14209,4.2329874,6.977093,128.19658
85.7656,17.445509,232.44907,240.59027,4.1677704,6.839499,113.16305
85.56169,17.36671,235.29039,243.41563,4.122055,6.6503534,101.59407
85.35779,17.287912,238.1317,246.24097,4.0763397,6.461208,91.16944
85.45225,17.201664,239.1762,246.40564,4.236689,6.477867,95.23653
85.546715,17.115414,240.22067,246.57027,4.397038,6.494526,98.06827
85.85922,17.021612,241.08784,247.21437,4.4328413,6.3742995,94.810036
86.17172,16.927809,241.95499,247.85847,4.4686446,6.254074,91.18105
86.4102,16.883919,240.63416,246.30052,4.4304442,6.1148634,86.78478
86.648674,16.840029,239.31332,244.74257,4.3922443,5.9756527,81.78603
87.25369,16.772272,238.20427,242.45543,4.573716,6.068546,87.73312
87.85872,16.704515,237.09523,240.1683,4.7551885,6.1614394,93.126526
87.75218,16.62648,235.85065,238.25209,4.9186497,6.187068,93.96929
87.645645,16.548445,234.60603,236.3359,5.082112,6.2126956,95.43539
87.35751,16.48811,232.92117,234.22632,5.279948,6.317874,99.49828
87.06938,16.427774,231.23631,232.11674,5.477785,6.423052,104.263176
87.28465,16.404255,228.95169,229.80882,5.6319876,6.6251473,111.69647
87.499916,16.380733,226.66708,227.50092,5.78619,6.827243,119.71459
87.67471,16.43232,224.69505,225.89534,5.8073,7.0138173,130.4854
87.84951,16.483906,222.72305,224.28978,5.82841,7.2003922,142.83598
87.49967,16.600761,220.4428,222.64081,5.8415046,7.469578,162.29808
87.14982,16.717613,218.16254,220.99184,5.8545995,7.7387633,182.92482
86.5054,16.840164,216.26315,219.9739,5.7865233,7.940031,201.46555
85.86098,16.962715,214.36378,218.95596,5.7184467,8.141298,221.5269
85.20096,17.12263,208.5046,214.82079,5.496483,8.140429,235.80879
84.54094,17.282545,202.6454,210.68558,5.274519,8.139559,249.35934
84.51756,17.356434,192.82155,201.66348,5.4537163,8.322214,275.74683
84.49418,17.43032,182.99773,192.64136,5.6329136,8.504871,292.0903
84.98445,17.44362,177.55344,185.62115,6.2997217,9.269537,340.06488
85.474724,17.456919,172.10915,178.60097,6.9665294,10.034204,379.4261
86.065544,17.530487,170.78166,176.71346,7.139102,10.358616,391.2456
86.656364,17.604053,169.45418,174.82597,7.311675,10.683028,401.79172
86.99714,17.677353,169.31123,174.83601,7.296546,10.739451,401.33685
87.33791,17.75065,169.16827,174.84602,7.2814164,10.7958765,401.16495
86.921906,17.811451,172.73996,178.56377,7.259591,10.855646,413.41147
86.5059,17.87225,176.31165,182.28152,7.237766,10.915416,423.7036
85.2558,17.966326,182.0266,189.03824,6.922843,10.609157,423.18066
84.0057,18.060402,187.74153,195.79498,6.6079187,10.3028965,410.75012
84.0258,17.999283,196.55768,206.92238,5.7909713,9.19728,325.99457
84.04592,17.938164,205.37386,218.04976,4.974024,8.091664,230.00716
84.59256,17.870436,206.67056,217.43765,5.0793204,8.264346,241.52419
85.139206,17.802708,207.9673,216.82552,5.184617,8.43703,254.5776
85.14254,17.839897,215.84406,224.42422,4.86134,8.004237,209.76637
85.145874,17.877085,223.72083,232.02292,4.538063,7.5714464,169.13293
85.72341,17.806334,220.27379,228.81618,4.3323345,7.2508335,150.1522
86.30095,17.73558,216.82675,225.60945,4.126606,6.9302216,131.25175
87.098366,17.654968,212.17093,220.96664,4.2977223,7.1114826,145.21796
87.89578,17.574354,207.51512,216.32387,4.4688387,7.292744,164.15547
88.46288,17.533455,210.17082,218.83723,4.6940856,7.5115337,173.1406
89.02998,17.492558,212.82654,221.3506,4.919333,7.730323,183.04416
89.68943,17.43283,217.74823,225.70053,5.116534,7.8581123,187.54594
90.34887,17.373104,222.66994,230.0505,5.3137355,7.9859014,193.19331
90.61373,17.316196,224.54288,231.45975,5.426552,8.040383,196.51042
90.87859,17.25929,226.41585,232.86899,5.5393686,8.094863,199.9841
90.81318,17.253954,225.61557,231.67651,5.7929997,8.332914,217.60036
90.74776,17.24862,224.81532,230.48401,6.046631,8.570966,235.96777
91.02403,17.190561,225.67183,230.51556,6.3636546,8.782453,253.25389
91.3003,17.132504,226.52832,230.54712,6.6806793,8.993939,268.57935
91.279564,17.069387,227.27957,230.79846,6.8982787,9.057142,265.63873
91.25883,17.006273,228.03082,231.04979,7.115878,9.120345,260.56415
90.972496,16.980755,230.0257,233.13397,6.8922734,8.85134,238.80579
90.686165,16.955236,232.02054,235.21812,6.6686697,8.582335,215.67276
90.70209,16.94104,232.34523,235.23643,6.721586,8.6188,217.55327
90.718,16.926842,232.66994,235.25473,6.7745028,8.655265,219.49783
90.23662,16.957155,230.89255,234.3314,6.483094,8.410815,205.68599
89.75523,16.987467,229.11516,233.40805,6.1916847,8.166366,192.1507
89.22072,17.072886,226.71933,231.59373,6.1924605,8.406434,210.0657
88.686195,17.158304,224.3235,229.7794,6.193236,8.6465025,228.04999
87.82894,17.25847,221.14015,226.99281,6.1691775,8.72005,237.921
86.971695,17.358639,217.95682,224.20622,6.1451187,8.793596,251.57364
86.12685,17.44339,216.27316,222.93884,5.8383703,8.52665,241.96632
85.282,17.528143,214.58952,221.67148,5.531622,8.259704,231.43256
84.41346,17.615183,210.96774,218.8299,5.4029284,8.212134,236.14822
83.54492,17.702223,207.346,215.98833,5.274235,8.164565,239.76024
83.0095,17.790386,209.66556,219.48065,5.2441535,8.197598,237.43008
82.474075,17.87855,211.98515,222.97295,5.214072,8.230634,234.14297
82.41232,17.93898,213.4405,224.73383,4.9992037,8.029927,215.94284
82.35058,17.99941,214.89583,226.49469,4.784335,7.829222,197.40016
82.2376,18.034985,213.87523,225.05164,4.8010707,7.9276485,207.61734
82.124626,18.07056,212.85461,223.60854,4.8178062,8.026075,216.46906
82.49687,18.06089,215.03276,225.51259,4.7597365,7.940354,208.79277
82.8691,18.051222,217.21092,227.4166,4.701667,7.8546324,200.48593
83.284386,18.015404,222.90787,233.03398,4.5393887,7.61294,175.59792
83.69966,17.979586,228.60483,238.65132,4.377111,7.3712473,152.83595
84.088356,17.918734,235.46776,245.58073,4.236915,7.1030526,125.61857
84.47705,17.85788,242.33066,252.51016,4.0967197,6.834858,104.47549
84.64902,17.799244,248.28073,258.93304,3.8754299,6.5091414,83.81121
84.82098,17.740606,254.23077,265.35596,3.65414,6.1834254,70.324615
84.75023,17.701637,258.43802,269.40326,3.542229,6.037624,67.04132
84.679474,17.662664,262.64526,273.45056,3.4303179,5.891822,63.397495
83.424484,17.645744,267.85928,276.12723,3.871703,6.0583034,73.26434
82.1695,17.628824,273.07333,278.8039,4.3130875,6.2247844,74.64848
82.12361,17.518377,272.76727,277.70245,4.588804,6.424605,79.97335
82.07773,17.407932,272.46124,276.60104,4.86452,6.6244254,86.88519
82.30074,17.315723,270.65512,274.21832,4.883245,6.551294,84.83189
82.52374,17.223515,268.849,271.83563,4.90197,6.4781613,83.5221
82.453026,17.14992,267.44772,270.26105,5.091461,6.620391,89.24877
82.38231,17.076324,266.04645,268.68646,5.2809515,6.7626204,95.97159
82.37723,17.023245,266.9769,269.2858,5.4929066,6.918525,102.46243
82.37215,16.970167,267.90732,269.88516,5.704861,7.0744295,109.30817
82.66645,16.91497,268.09802,269.89465,5.67776,6.9702435,107.85648
82.960754,16.859774,268.2887,269.9042,5.650659,6.8660574,106.05301
83.608665,16.826164,265.49365,267.08716,5.498213,6.641042,103.84269
84.25657,16.792555,262.69858,264.2701,5.3457656,6.416027,97.93681
85.06188,16.764772,259.61584,260.9968,5.340847,6.3343854,96.96256
85.8672,16.736992,256.5331,257.72348,5.335929,6.2527432,96.77367
85.772705,16.709568,254.18924,255.23198,5.3049126,6.143146,92.07309
85.67822,16.682146,251.84534,252.74048,5.273896,6.033549,87.43267
85.24029,16.66603,253.02078,253.94258,5.4292393,6.2000594,92.61543
84.80236,16.649916,254.19624,255.14471,5.5845823,6.3665695,99.00509
84.50445,16.605913,254.37994,255.25801,5.6296735,6.410525,100.801056
84.206535,16.561909,254.56366,255.37134,5.674765,6.45448,102.767975
83.89466,16.546547,255.24728,256.01093,5.657754,6.429155,100.86214
83.58277,16.531185,255.93091,256.65054,5.6407433,6.403829,98.76461
83.14508,16.55696,258.12012,258.8629,5.594691,6.367098,94.102066
82.70738,16.582731,260.30933,261.0753,5.548639,6.3303666,86.92694
82.52026,16.623884,259.84744,260.76645,5.2345676,5.989539,69.59613
82.333145,16.665035,259.38553,260.4576,4.920496,5.6487117,53.881653
82.336624,16.726553,255.27182,256.9329,4.403633,5.102905,35.954605
82.340096,16.788073,251.15811,253.40813,3.88677,4.5570984,20.705164
82.3232,16.834282,243.9142,247.39577,3.4701748,4.124705,15.1139345
82.306305,16.880493,236.6703,241.38339,3.0535793,3.6923106,14.014206
82.39482,16.91616,224.98293,230.63708,2.8764493,3.5107734,15.082803
82.483345,16.951828,213.29555,219.89076,2.6993194,3.3292365,16.554722
82.79952,16.974163,201.9193,209.6934,2.62158,3.26491,16.834122
83.11571,16.996498,190.54303,199.49602,2.5438404,3.2005837,16.319727
83.57672,17.025455,185.46613,193.47281,2.7503066,3.502545,21.710175
84.037735,17.054413,180.38922,187.44962,2.956773,3.8045073,31.073763
84.43528,17.071108,176.97841,182.91478,3.1872454,4.156222,40.883385
84.832825,17.087807,173.5676,178.37993,3.4177182,4.507937,53.572166
85.01126,17.104725,170.79758,174.86823,3.7870848,4.9578533,80.18448
85.18968,17.121643,168.02756,171.35648,4.156452,5.4077697,110.78921
85.89363,17.111961,171.98792,174.40065,4.4250317,5.745211,127.2352
86.59758,17.102278,175.94827,177.44482,4.693611,6.082652,143.57098
86.51636,17.146616,175.82832,177.76227,4.7109103,6.264514,158.17836
86.43513,17.190954,175.70839,178.07973,4.72821,6.446376,172.16643
86.279465,17.23724,172.00313,175.08694,4.7050195,6.5207934,179.71587
86.12381,17.283525,168.29787,172.09415,4.6818285,6.5952106,186.65877
86.185394,17.275137,163.96414,167.57132,5.172862,7.2243657,222.20576
86.24698,17.26675,159.63042,163.0485,5.6638956,7.853521,253.98866
85.95932,17.321917,161.62508,164.9186,5.906103,8.1656065,270.62762
85.67166,17.377085,163.61972,166.78871,6.1483107,8.477692,289.21417
85.998474,17.410831,164.31291,167.39818,6.1863284,8.589284,293.60822
86.325294,17.444576,165.00609,168.00766,6.2243457,8.700878,297.97684
86.355316,17.480438,164.85019,167.93745,6.1875825,8.727473,299.4972
86.38534,17.516302,164.69429,167.86726,6.150818,8.754069,300.82364
86.55824,17.538033,164.74362,167.85541,6.190691,8.833284,303.62958
86.73115,17.559763,164.79297,167.84358,6.2305636,8.912498,306.4412
87.14803,17.560036,167.40675,170.01706,6.1282754,8.806352,299.70782
87.56491,17.560308,170.02054,172.19057,6.0259867,8.700206,292.83386
87.88232,17.546074,173.401,175.68544,6.048275,8.750789,294.7317
88.19974,17.531836,176.78145,179.18033,6.0705643,8.801371,297.18008
88.3501,17.520735,175.4304,178.65213,5.660506,8.306109,270.05106
88.50047,17.509632,174.07938,178.12393,5.250448,7.8108487,240.37161
89.15056,17.502346,172.20691,176.18193,4.9780517,7.4917974,215.58298
89.80065,17.49506,170.33444,174.2399,4.7056556,7.1727467,190.15761
90.179085,17.51044,168.57866,172.72997,4.6120543,7.0922914,182.85738
90.55752,17.52582,166.82285,171.22008,4.518453,7.0118356,175.27898
90.921616,17.513132,169.97537,174.66861,4.2035537,6.661831,149.2321
91.28571,17.500444,173.12791,178.11716,3.8886538,6.311827,123.23612
91.73847,17.490677,173.35054,179.5724,3.360349,5.64298,82.78604
92.191246,17.48091,173.57318,181.02766,2.8320446,4.9741335,64.28856
92.71518,17.451727,183.15327,189.1245,2.3924973,4.3557515,50.188354
93.239105,17.422543,192.73338,197.22133,1.9529501,3.7373698,38.159893
93.62729,17.378468,205.5591,210.25389,1.8451047,3.4658442,34.839214
94.015465,17.33439,218.38478,223.28644,1.7372594,3.1943188,35.737495
94.20838,17.279453,237.06721,240.04588,1.9537499,3.3144948,44.97232
94.4013,17.224518,255.74963,256.80533,2.1702406,3.4346712,49.98367
94.098,17.168781,265.86353,268.13895,2.5097826,3.8270836,53.276283
93.7947,17.113045,275.97745,279.4726,2.849325,4.2194963,56.501034
93.32439,17.102448,281.43515,284.0165,3.05986,4.469289,60.70679
92.85407,17.09185,286.89282,288.56042,3.2703955,4.719081,66.504196
92.31678,17.10757,284.0807,287.40228,3.0256662,4.497661,63.313744
91.779495,17.123291,281.2685,286.24414,2.7809377,4.276241,54.42053
91.71119,17.145735,275.76672,284.49948,2.3560023,3.7833784,36.683838
91.64289,17.168179,270.26498,282.7548,1.9310671,3.2905154,24.012102
91.6061,17.182905,265.2914,277.6102,2.082678,3.4439793,29.014803
91.56932,17.197632,260.3179,272.46558,2.2342887,3.5974433,33.73561
91.40807,17.195105,264.2308,274.20792,2.254177,3.6331463,34.51976
91.24682,17.19258,268.1437,275.95026,2.2740653,3.66885,35.01291
90.96189,17.17258,272.35727,278.12137,2.4659562,3.8190243,39.479965
90.676956,17.15258,276.57086,280.29248,2.6578472,3.9691992,44.275795
90.19711,17.108414,278.66733,281.8761,2.8442857,4.0376415,46.721893
89.71728,17.064249,280.7638,283.45972,3.0307243,4.1060834,48.026844
89.883865,16.954752,286.76462,288.7183,3.1524363,4.0987506,51.631977
90.05045,16.845255,292.76544,293.9769,3.2741482,4.0914183,53.657024
91.24086,16.770983,281.20227,282.2902,4.0568156,4.8712044,80.598495
92.43127,16.696709,269.63907,270.6035,4.839483,5.650991,73.01927
89.30842,16.564665,276.31848,277.01047,5.210459,5.9296618,98.68484
86.18557,16.432621,282.99786,283.4174,5.581435,6.208332,110.909775
86.01338,16.270372,282.37552,282.73425,5.5761666,6.1304164,108.79538
85.84118,16.108124,281.7532,282.05115,5.570898,6.0525007,106.449234
85.68412,16.027,282.2358,282.5241,5.303156,5.746301,97.67559
85.527054,15.945878,282.71838,282.9971,5.0354137,5.440101,87.49188
85.99696,15.975931,285.35236,285.69803,4.7603445,5.148473,81.818954
86.46687,16.005985,287.9863,288.399,4.4852753,4.856844,74.927826
86.212814,15.979555,293.0204,293.35083,4.546348,4.896929,76.00478
85.958755,15.953125,298.05444,298.30267,4.607421,4.937013,77.03909
84.293495,15.8987875,297.95154,298.13757,4.7378087,5.0838776,68.82276
82.628235,15.844452,297.84866,297.97253,4.8681974,5.2307415,58.316463
81.29095,15.808898,292.31226,292.56543,4.875295,5.2107654,48.695892
79.95366,15.773342,286.7759,287.1583,4.882393,5.190789,40.01956
78.67923,15.6896,280.69327,281.0439,4.840086,5.1241646,33.972004
77.404816,15.605859,274.61066,274.9295,4.7977786,5.05754,33.081886
77.04399,15.530953,269.5444,269.71613,5.021508,5.3058476,38.96556
76.683174,15.456047,264.4782,264.50278,5.2452383,5.554156,45.27878
78.22829,15.39587,263.43088,263.44705,5.3757725,5.703473,48.270374
79.7734,15.335693,262.3836,262.39136,5.5063066,5.85279,50.879948
80.62217,15.307931,264.17953,264.2469,5.4154496,5.7587423,49.289276
81.47094,15.280168,265.9755,266.10242,5.3245926,5.664695,55.243607
79.823105,15.381104,264.07123,264.21838,5.2942657,5.657075,46.041187
78.17528,15.482041,262.16696,262.33432,5.2639384,5.649455,47.234116
77.994804,15.558385,259.9805,260.0377,5.2221766,5.605413,45.428417
77.81434,15.6347275,257.79407,257.74106,5.1804147,5.5613704,43.65499
77.320786,15.722834,255.69199,255.74716,4.8925476,5.26158,34.318134
76.82723,15.810939,253.58995,253.75328,4.60468,4.961789,26.366896
76.44752,15.900711,242.29231,242.64622,3.8513267,4.1367726,13.322728
76.0678,15.990481,230.99467,231.5392,3.097973,3.3117557,7.952321
76.41189,16.059307,215.1114,215.76659,3.1910627,3.4052908,8.664197
76.755974,16.128132,199.22813,199.99399,3.2841527,3.4988263,10.973635
77.15849,16.193478,196.01605,196.83975,3.4518962,3.6949725,12.002128
77.561005,16.258823,192.804,193.68556,3.61964,3.8911185,15.1768265
78.02589,16.34199,188.61523,189.41307,3.9989715,4.336474,25.741392
78.490776,16.425156,184.42645,185.14056,4.378303,4.78183,43.35957
78.75881,16.517944,185.95921,186.76207,5.150468,5.7535295,82.45891
79.02685,16.610731,187.49196,188.38354,5.9226327,6.7252293,139.66478
79.045105,16.614147,193.09244,193.81981,6.6860733,7.640342,187.66124
79.063354,16.617563,198.6929,199.25604,7.4495144,8.555454,246.84259
79.10877,16.585733,202.4029,203.00764,7.4391384,8.502551,241.52377
79.15418,16.553904,206.11287,206.7592,7.4287624,8.449648,235.23715
79.126915,16.566584,206.27226,206.79779,7.2652774,8.268448,220.87613
79.09964,16.579264,206.43166,206.83636,7.1017933,8.087248,207.76613
80.20976,16.4161,209.88684,210.15512,6.9530277,7.873889,198.80775
81.31989,16.252935,213.34204,213.47386,6.8042626,7.66053,188.37355
82.87371,16.083328,211.70633,211.77106,6.0101194,6.648192,131.44293
84.42754,15.913723,210.07062,210.06827,5.215976,5.635854,77.965126
84.86779,15.7838125,217.68126,217.70511,5.10918,5.500908,70.0161
85.30805,15.653903,225.29192,225.34192,5.002384,5.365963,69.14373
85.399506,15.607492,231.22906,231.31638,5.0244384,5.3867927,71.398155
85.49095,15.561082,237.16621,237.29082,5.0464926,5.407623,74.88765
85.14433,15.571517,244.45726,244.60056,4.772193,5.1022153,67.00833
84.797714,15.581953,251.7483,251.91025,4.497894,4.7968082,55.42341
84.67197,15.584497,256.9219,257.05627,4.401424,4.668872,49.587345
84.54623,15.587043,262.09555,262.2023,4.3049536,4.540935,45.241936
84.058426,15.531808,269.01807,269.14847,4.3522,4.5995064,46.00116
83.570625,15.476572,275.9406,276.09464,4.3994474,4.6580772,47.814304
81.34242,15.549016,276.26797,276.35938,4.299376,4.553491,28.444757
79.11422,15.621459,276.59537,276.62415,4.199305,4.4489055,23.704666
78.679405,15.583816,272.8612,272.8354,4.393347,4.635075,25.318108
78.2446,15.546169,269.12708,269.04666,4.5873885,4.821244,27.603657
78.83995,15.452471,266.3545,266.26642,4.811492,5.0646386,32.020443
79.4353,15.358771,263.58188,263.4862,5.035596,5.308034,37.43202
78.66289,15.359005,261.5296,261.46622,4.9397535,5.2152452,34.829536
77.89049,15.35924,259.47736,259.44626,4.843911,5.122457,33.32945
77.32896,15.427649,255.62236,255.59212,4.8010015,5.0808825,30.084541
76.767426,15.496056,251.76736,251.73796,4.7580914,5.039308,27.120676
76.05233,15.568119,248.70296,248.65938,4.74664,5.0315886,25.63823
75.33724,15.640181,245.63852,245.58076,4.735189,5.023868,23.745695
75.21345,15.693918,243.14671,243.11317,4.7287154,5.019062,22.581905
75.08965,15.747657,240.6549,240.64557,4.722242,5.0142565,21.500946
75.44276,15.775452,239.22882,239.21986,4.5536933,4.831511,17.71683
75.79585,15.803246,237.80275,237.79411,4.3851438,4.648766,14.816228
75.666336,15.856991,233.26997,233.26216,4.172295,4.4232144,12.249869
75.53683,15.910735,228.73721,228.73018,3.9594462,4.197664,10.072248
75.50573,15.959138,221.05624,221.152,3.672015,3.8936293,9.381401
75.47464,16.007542,213.37527,213.57376,3.3845835,3.589595,8.564101
75.516884,16.063805,204.68382,204.912,3.424297,3.6339612,11.241096
75.55912,16.12007,195.99234,196.25023,3.4640105,3.678327,14.097792
76.28107,16.07085,192.21144,192.2993,3.6649773,3.8867059,18.021698
77.00302,16.02163,188.43056,188.34837,3.8659444,4.095085,23.104477
79.6645,15.851298,184.81845,184.71889,3.9642048,4.19183,26.574713
82.32597,15.680966,181.20636,181.08937,4.062465,4.288575,40.122852
83.70761,15.585657,180.85472,180.74283,4.0475626,4.274239,45.38623
85.08926,15.490349,180.50308,180.3963,4.03266,4.259902,44.464024
85.01001,15.529345,177.06393,177.01021,3.886542,4.1074696,39.064564
84.93076,15.568338,173.62477,173.62411,3.7404244,3.955038,33.877747
85.19252,15.605033,172.24718,172.22884,3.495584,3.6974247,27.491404
85.45428,15.6417265,170.86958,170.83351,3.2507432,3.4398117,23.384007
86.2712,15.564336,183.48215,183.21281,2.6280847,2.7783825,18.257732
87.08813,15.486945,196.09473,195.59209,2.005426,2.1169536,18.506989
87.84414,15.3858,220.5223,219.44046,1.5456302,1.6247106,18.669
88.60016,15.2846575,244.94989,243.28885,1.0858345,1.1324674,14.089113
86.457695,15.322769,173.42339,173.77148,1.0474163,1.0796819,16.639643
84.31524,15.36088,101.89689,104.254074,1.0089984,1.0268962,11.832695
84.518326,15.353235,75.50973,76.906944,1.4335145,1.4685589,2.6887746
84.72141,15.345592,49.12256,49.559826,1.8580303,1.9102215,-5.990473
84.35242,15.391245,37.621967,38.00147,2.0701194,2.145784,-5.578434
83.98343,15.436899,26.121372,26.443096,2.282208,2.3813462,2.4397104
85.588196,15.241318,26.6031,26.939636,2.7676547,2.901144,7.2276325
87.19297,15.045735,27.084827,27.436176,3.2531009,3.4209416,14.241215
86.72718,15.037942,22.060347,22.378733,3.6237764,3.8194401,21.963772
86.26139,15.0301485,17.035868,17.321272,3.994452,4.217938,33.347065
86.0664,15.035075,18.862606,19.186625,4.218003,4.451378,37.491047
85.8714,15.040002,20.689344,21.051964,4.4415536,4.6848183,42.4208
86.2498,15.004549,100.57661,100.905846,4.5389056,4.785353,48.004993
86.62821,14.969095,180.46385,180.75974,4.6362586,4.8858886,58.095757
87.425896,14.925132,261.8856,262.16495,4.975861,5.256738,87.93037
88.22358,14.881168,343.30734,343.57013,5.3154635,5.6275887,93.025696
88.05701,14.903371,340.07767,340.2943,5.6682496,6.011049,104.22456
87.890434,14.925574,336.848,337.01846,6.021035,6.3945093,114.453674
87.198,15.031588,334.70493,334.82138,6.1758943,6.5657907,120.330154
86.50556,15.1376,332.56186,332.62433,6.330754,6.737072,126.878
84.93504,15.304705,327.8225,327.88226,6.6667924,7.1414666,142.21599
83.364525,15.4718075,323.08316,323.14017,7.0028315,7.5458612,154.38495
81.58112,15.589638,321.00427,321.05624,7.442123,8.055094,187.15579
79.797714,15.707469,318.92535,318.97232,7.881415,8.564326,216.26868
78.591675,15.806527,319.0303,319.15082,7.817232,8.493952,202.66872
77.38563,15.905584,319.13525,319.3293,7.753049,8.423579,194.4026
77.071915,15.946387,319.33423,319.5501,7.4451485,8.078765,163.05777
76.75821,15.987189,319.53317,319.7709,7.1372476,7.73395,131.76965
76.78369,16.027243,318.96808,319.2175,6.993025,7.578912,119.84787
76.80917,16.067299,318.40295,318.66412,6.848801,7.4238734,110.06354
76.769424,16.095486,318.24332,318.5395,6.780767,7.34774,105.652245
76.729675,16.123674,318.08368,318.4149,6.712734,7.271607,101.652504
76.92237,16.127954,317.8436,318.15396,6.476764,7.0083036,89.48632
77.11507,16.132235,317.60355,317.89304,6.240794,6.745,77.593834
77.80991,16.099237,315.8089,316.11047,6.0810213,6.5621753,69.799065
78.50476,16.06624,314.01425,314.32794,5.9212484,6.3793507,62.327217
78.753914,16.08483,313.41608,313.68253,5.8033385,6.243668,56.962265
79.00307,16.10342,312.8179,313.0371,5.6854296,6.1079855,54.25808
79.79389,16.068117,311.61374,311.76144,5.8328466,6.2767873,64.72373
80.58472,16.032812,310.40958,310.48584,5.980264,6.4455886,76.73009
80.30782,16.069313,310.7868,310.7701,5.821059,6.280974,69.3214
80.03094,16.105814,311.164,311.05438,5.661854,6.1163583,61.894123
79.573715,16.142706,310.8372,310.74863,5.631241,6.0836816,56.92894
79.1165,16.179596,310.5104,310.44287,5.6006274,6.051005,53.570137
78.99633,16.195202,310.3774,310.36462,5.6624494,6.1152287,54.104874
78.87617,16.21081,310.24442,310.28644,5.724272,6.179452,54.91427
79.10918,16.190197,310.74738,310.844,5.6222143,6.0592284,53.26378
79.342186,16.169586,311.2504,311.40158,5.520157,5.939005,52.311966
80.34139,15.915037,308.7232,308.8835,5.194496,5.57165,52.72131
81.3406,15.660488,306.19604,306.36548,4.868836,5.2042947,50.28448
81.035995,15.673155,307.89633,308.06482,5.044513,5.4079723,54.035835
80.73139,15.685821,309.5966,309.76413,5.220191,5.61165,57.820797
81.819374,15.643701,310.24023,310.4701,5.3518043,5.752571,70.66253
82.90737,15.60158,310.8839,311.176,5.483418,5.893492,86.290146
84.53253,15.498481,312.75803,313.05148,5.562903,5.972802,109.89272
86.1577,15.395381,314.63214,314.92694,5.642389,6.0521116,114.21481
86.11984,15.390473,317.6387,317.87674,5.7102532,6.1279373,114.05352
86.081985,15.385565,320.64532,320.82657,5.7781177,6.203763,113.58577
85.50975,15.412123,324.10522,324.25082,5.873676,6.314361,115.01422
84.937515,15.43868,327.56512,327.67505,5.969234,6.4249597,119.370384
84.150925,15.478191,329.34106,329.48663,5.5519757,5.9632287,103.95595
83.364334,15.517704,331.11703,331.2982,5.134718,5.5014977,75.948326
83.03953,15.524733,328.68613,328.86783,4.580388,4.8860846,50.62052
82.714714,15.531762,326.25522,326.43747,4.0260587,4.2706723,33.41246
82.449486,15.568858,321.4222,321.62045,3.6722171,3.885788,25.266346
82.18426,15.605956,316.5892,316.8035,3.3183753,3.5009038,16.819654
82.16348,15.62382,312.1819,312.34155,3.3992941,3.5807207,17.926058
82.14271,15.641686,307.77463,307.8796,3.4802127,3.6605372,18.643274
82.764244,15.59901,303.29315,303.41278,3.9071276,4.119481,30.841888
83.38577,15.556335,298.81168,298.94598,4.3340425,4.5784254,48.574448
83.9767,15.515177,297.3597,297.4845,4.3932366,4.6579247,57.204693
84.56763,15.474019,295.90775,296.02307,4.4524307,4.7374244,64.4138
84.28487,15.515304,293.6721,293.78067,4.2919884,4.562029,54.61597
84.0021,15.55659,291.43646,291.53833,4.131546,4.3866334,46.438488
84.13788,15.565305,291.0557,291.17566,4.3068604,4.5794435,53.477165
84.27367,15.5740185,290.67496,290.813,4.4821754,4.7722535,60.639545
84.18115,15.596999,294.42184,294.5601,4.5354166,4.8342876,63.17217
84.08864,15.619982,298.1687,298.30722,4.5886574,4.8963227,65.060905
83.80241,15.655265,300.23724,300.3955,4.576577,4.891519,61.351704
83.516174,15.690548,302.30582,302.48376,4.5644975,4.886716,57.391376
82.352165,15.788516,303.3272,303.45807,4.6349115,4.980828,49.506054
81.18815,15.886485,304.34863,304.4324,4.705325,5.07494,45.78605
80.32451,15.941633,304.06192,304.21414,4.5199,4.8723674,37.009377
79.46085,15.996782,303.77527,303.99585,4.3344746,4.6697946,31.120596
79.5839,16.000029,301.38928,301.62576,4.4128847,4.751573,32.26939
79.70695,16.003275,299.00336,299.25568,4.4912953,4.833352,33.79659
79.99985,15.962116,299.73178,299.93604,4.0578055,4.3453994,23.616701
80.29274,15.920959,300.4602,300.61642,3.6243165,3.8574467,16.113836
80.73624,15.877165,296.90833,297.03857,3.2831671,3.4779203,14.207194
81.17974,15.833371,293.35645,293.4608,2.9420178,3.0983932,13.621115
81.59868,15.787176,288.3855,288.46094,2.9202247,3.0704503,14.721896
82.01762,15.740983,283.41452,283.46106,2.8984318,3.0425074,15.453813
82.35921,15.712561,280.0966,280.1098,3.190875,3.3599572,16.472279
82.7008,15.684139,276.77866,276.7585,3.4833179,3.6774077,18.134491
82.727936,15.660404,275.87946,275.87872,3.5929704,3.799706,19.479137
82.75508,15.636668,274.98026,274.999,3.7026224,3.9220042,21.76512
82.972275,15.674516,245.25151,245.281,3.6685007,3.8830996,19.405704
83.189476,15.712365,215.52277,215.56306,3.6343794,3.8441954,28.363829
81.93455,15.80733,220.17053,220.26344,4.1446767,4.4216533,25.375723
80.67961,15.902295,224.8183,224.96384,4.654974,4.999112,25.63163
80.3243,15.967577,230.52467,230.68306,4.859116,5.228083,28.520884
79.96901,16.032856,236.23103,236.40231,5.0632577,5.457054,32.33034
80.07558,16.082417,243.00327,243.1722,5.2250643,5.6185765,36.566013
80.18215,16.131975,249.7755,249.9421,5.386871,5.780099,42.766136
80.825096,16.070894,253.4795,253.6887,5.455888,5.8420854,48.12138
81.46803,16.009813,257.1835,257.4353,5.5249043,5.9040713,57.160965
81.438484,15.934278,255.76683,255.96233,5.6198263,5.9964986,61.378254
81.40893,15.858741,254.35016,254.48935,5.714748,6.0889254,66.77214
82.23555,15.775294,254.21268,254.33032,5.719896,6.0944347,77.54092
83.062164,15.691847,254.07516,254.1713,5.7250433,6.0999436,85.42732
82.83755,15.659237,256.91312,257.03806,5.66921,6.0384135,80.210464
82.61294,15.626627,259.75104,259.90482,5.6133776,5.9768834,76.38994
82.541504,15.608359,263.00555,263.21802,5.811635,6.193386,84.13482
82.47008,15.590091,266.2601,266.53122,6.009893,6.409889,90.456566
81.98023,15.56814,266.7811,267.04175,6.1576185,6.5597444,91.8595
81.49039,15.546189,267.30212,267.5523,6.305344,6.7095995,95.17789
81.0301,15.487324,267.73682,267.90765,6.463536,6.887036,100.84432
80.56982,15.42846,268.1715,268.263,6.621728,7.064472,106.92241
80.24433,15.478383,267.39832,267.515,6.4059815,6.8486853,91.63366
79.91886,15.528307,266.62512,266.76703,6.190236,6.632899,76.28
80.27611,15.648392,266.3262,266.4903,6.084476,6.534866,73.429054
80.63336,15.7684765,266.02725,266.21356,5.978716,6.4368334,71.25088
80.52754,15.912495,261.503,261.69507,5.715487,6.1553555,58.928925
80.421715,16.05651,256.97873,257.17657,5.4522586,5.8738775,48.290325
79.693306,16.153364,258.0499,258.34308,5.615808,6.0906014,54.96921
78.9649,16.250216,259.1211,259.50955,5.779358,6.3073254,61.760277
77.87277,16.37988,258.67307,259.0664,5.6541386,6.198453,60.727024
76.78064,16.509544,258.22507,258.62323,5.5289187,6.0895815,57.474003
77.38635,16.507055,254.0513,254.42136,5.5094066,6.076302,56.341305
77.992065,16.504566,249.8775,250.21944,5.4898944,6.063022,54.413906
77.861946,16.61372,244.07512,244.51698,5.419211,5.9814363,48.860012
77.731834,16.722872,238.27275,238.81454,5.348527,5.89985,45.46675
78.4593,16.763645,235.72673,236.31044,5.422273,6.016611,49.74576
79.18675,16.804419,233.1807,233.80637,5.496019,6.133372,56.920338
80.28306,16.74784,233.54793,233.93973,5.695798,6.3941793,75.82162
81.379364,16.69126,233.91515,234.07314,5.895577,6.6549864,100.12525
81.72112,16.67836,233.58755,233.74432,6.1962676,7.020168,122.470764
82.062874,16.665459,233.26,233.41554,6.4969583,7.3853493,147.13565
81.273026,16.573063,244.97542,245.2783,6.9227004,7.854427,166.47778
80.48318,16.480669,256.69086,257.14108,7.3484416,8.323505,201.12114
79.31028,16.491428,263.96207,264.38516,6.8449993,7.6652036,137.77028
78.13737,16.50219,271.2333,271.62927,6.341558,7.0069017,92.70519
77.71237,16.306566,279.16135,279.51025,6.678984,7.3304906,112.96574
77.28738,16.11094,287.08936,287.3913,7.016411,7.65408,138.58344
76.91166,15.938591,281.09045,281.42722,7.0488324,7.7152715,146.18552
76.53594,15.766241,275.09158,275.4632,7.0812545,7.776463,155.06972
75.84235,15.640837,275.4035,275.79672,7.1784606,7.850518,164.46817
75.14874,15.515431,275.71545,276.13025,7.275666,7.924573,175.30022
76.393654,15.343435,275.2225,275.56137,7.4372144,8.070434,184.55234
77.638565,15.171437,274.72955,274.9925,7.5987625,8.216294,195.43062
78.63253,15.04209,278.65488,278.89816,7.6397653,8.24676,192.11388
79.626495,14.912744,282.5802,282.8038,7.6807685,8.277226,192.71173
81.36724,14.704335,289.1546,289.28104,7.771616,8.365554,202.1729
83.107994,14.495928,295.729,295.75827,7.862463,8.453882,197.3042
83.31214,14.353212,296.69153,296.68842,7.6803055,8.242198,176.9897
83.5163,14.210496,297.65408,297.6185,7.4981484,8.030514,157.73392
80.72287,14.3608675,297.46854,297.5121,7.447478,7.9894223,175.90836
77.92945,14.511237,297.283,297.40567,7.3968067,7.948331,165.78345
77.345055,14.3866,298.55762,298.7655,7.412613,7.921649,166.39218
76.76066,14.261963,299.83224,300.12534,7.4284196,7.8949685,167.22327
78.87942,14.041105,303.10016,303.31805,7.517296,7.9900074,176.66895
80.99816,13.820249,306.36807,306.5108,7.6061716,8.085047,188.37756
78.633415,14.052102,308.90582,308.98645,7.815781,8.3922,215.53793
76.26867,14.283956,311.44354,311.46207,8.025392,8.699356,233.95775
72.7656,14.418573,308.38055,308.4937,8.252643,8.912333,267.85632
69.26254,14.553192,305.3176,305.52536,8.479894,9.125309,311.21313
69.18089,14.507281,302.86078,303.0463,8.422216,9.050164,305.81308
69.09924,14.461371,300.40402,300.56726,8.364539,8.97502,301.12866
71.53439,14.2021055,298.1861,298.38727,8.559247,9.18559,308.25626
73.96954,13.94284,295.96814,296.20728,8.753956,9.396159,313.90225
72.16676,14.129564,293.36603,293.54785,8.775952,9.479723,330.98853
70.36399,14.316288,290.76392,290.8884,8.797948,9.563287,345.70883
73.31783,14.17237,288.3875,288.45618,9.047318,9.838763,361.1027
76.271675,14.028453,286.01114,286.02393,9.296689,10.11424,377.33734
79.35319,13.938044,282.41754,282.50098,9.569111,10.457552,390.8732
82.434685,13.847636,278.8239,278.97803,9.841535,10.800864,396.2173
83.98148,13.777329,282.63684,282.86838,10.261567,11.340406,441.18997
85.528275,13.707025,286.44977,286.75873,10.681599,11.87995,470.39456
84.482666,13.915764,295.23706,295.64633,10.499397,11.699273,460.48346
83.43706,14.124505,304.02435,304.53397,10.317196,11.518599,446.1728
81.22921,14.42584,310.27362,310.83536,10.080883,11.239979,440.8389
79.02136,14.727176,316.52292,317.1368,9.844569,10.961359,431.9132
77.13144,14.892245,320.54465,321.0426,9.377904,10.400854,378.80237
75.24152,15.057315,324.56638,324.94836,8.911238,9.840348,322.93826
74.53078,15.110794,323.8579,324.23672,8.679537,9.544011,298.8768
73.82003,15.164272,323.14948,323.52505,8.447837,9.247675,277.30045
76.29549,15.002963,321.06937,321.51926,8.476951,9.245944,271.22504
78.77095,14.841654,318.98923,319.51343,8.506064,9.244215,283.54553
81.090965,14.724624,319.1897,319.59506,8.607954,9.365633,297.8536
83.41098,14.607595,319.39017,319.67667,8.709844,9.48705,287.44397
83.11373,14.626151,321.29822,321.52884,8.778566,9.574446,300.1086
82.81648,14.644708,323.20624,323.38098,8.847289,9.661841,311.64386
80.263145,14.8989725,324.51733,324.65338,8.72489,9.544747,314.82114
77.70981,15.153238,325.8285,325.92572,8.602491,9.427653,289.5362
78.365974,15.080192,325.84253,325.96176,8.400694,9.176259,272.0421
79.02214,15.007145,325.8566,325.99783,8.198895,8.924866,255.52498
79.08126,15.015912,323.69006,323.82114,7.999433,8.702463,236.0431
79.14038,15.024681,321.5235,321.6444,7.7999716,8.480062,215.2233
79.32627,14.969618,319.62006,319.75674,7.71768,8.375523,207.23062
79.51216,14.914555,317.7166,317.86908,7.6353893,8.270982,199.00186
79.2794,14.926236,316.18777,316.41187,7.490158,8.089765,179.75856
79.04665,14.937921,314.6589,314.95465,7.344926,7.908546,159.54915
79.0544,14.907289,315.08112,315.197,7.0186925,7.5460706,134.04958
79.06214,14.876658,315.50336,315.4393,6.692459,7.183595,112.59028
77.49443,15.030086,314.00757,313.9313,6.5015,6.999838,101.67859
75.92672,15.183513,312.51178,312.42325,6.31054,6.816081,92.18447
74.19082,15.263552,308.95706,308.98264,6.3694773,6.8667283,95.37402
72.454926,15.343591,305.40237,305.54202,6.428416,6.917376,99.86532
71.37742,15.382024,304.0383,304.19418,6.2309923,6.701341,92.765144
70.29992,15.420457,302.67422,302.8463,6.0335693,6.485307,87.92795
69.88113,15.470701,301.90424,302.1201,5.8289146,6.261095,80.06057
69.462326,15.520945,301.13425,301.3939,5.62426,6.036883,73.23872
69.609764,15.551771,300.69778,300.9325,5.449469,5.8366885,66.91202
69.757195,15.582597,300.26132,300.4711,5.274678,5.636495,62.135345
70.08365,15.579904,297.66602,297.86578,5.0000196,5.338053,53.827995
70.41011,15.577209,295.07074,295.26053,4.725361,5.039612,43.39549
70.874886,15.65001,291.33203,291.59705,4.5708165,4.882673,35.67164
71.33965,15.722812,287.59335,287.9336,4.4162726,4.7257338,29.000141
71.74559,15.752741,286.10654,286.4261,4.226884,4.5157404,23.345211
72.151535,15.78267,284.61972,284.9186,4.0374956,4.3057475,20.712301
72.87734,15.803724,283.4779,283.72897,3.741527,3.9757032,19.039986
73.60316,15.824778,282.33606,282.5393,3.4455588,3.6456594,17.045418
74.10763,15.815659,277.8027,277.89532,3.2016923,3.3828518,14.978791
74.6121,15.806539,273.26932,273.2513,2.9578264,3.1200445,13.585015
74.60757,15.813915,274.1644,274.10986,2.471898,2.6011424,10.468291
74.603035,15.821293,275.0595,274.96838,1.98597,2.0822403,6.685908
74.657005,15.830407,265.5681,265.4037,1.5920699,1.6606615,5.522851
74.710976,15.839521,256.07672,255.839,1.1981697,1.2390825,8.781919
74.68109,15.849555,228.0898,227.99248,1.047303,1.0820469,11.266283
74.6512,15.859589,200.10286,200.14594,0.89643633,0.92501116,7.8978763
74.73383,15.873731,184.68416,184.7626,1.1922272,1.240868,2.7008421
74.816475,15.887875,169.26546,169.37929,1.4880184,1.556725,2.0625646
75.05617,15.922102,165.07484,165.31497,1.8879365,1.9894785,3.9979377
75.29586,15.956329,160.88423,161.25066,2.2878544,2.4222322,4.6766667
75.35832,16.010601,158.68542,159.03926,2.669641,2.8494213,7.8952956
75.420784,16.064873,156.4866,156.82782,3.051427,3.27661,13.323743
75.00167,16.152235,158.34383,158.72318,3.2640147,3.5318265,20.399857
74.58256,16.239595,160.20103,160.61853,3.4766023,3.787043,27.25221
74.527466,16.315454,157.92632,158.46347,3.5706055,3.9124606,31.2947
74.47238,16.391314,155.65158,156.30844,3.6646092,4.037878,34.539787
75.35898,16.383621,155.28802,155.83847,3.6212265,3.9864943,29.5089
76.24557,16.375929,154.9245,155.36855,3.5778444,3.93511,27.730621
76.46769,16.416004,154.93742,155.31155,3.471707,3.822476,24.670984
76.68981,16.45608,154.95038,155.25453,3.3655698,3.7098413,21.817781
76.80345,16.507286,150.09102,150.40717,3.36101,3.717003,23.058031
76.91708,16.558493,145.23167,145.5598,3.3564498,3.7241645,23.906809
77.32079,16.555984,142.30602,142.62701,3.3724864,3.7475111,24.766523
77.7245,16.55348,139.38036,139.69421,3.3885226,3.7708578,25.37996
77.72484,16.591785,127.56717,128.03175,3.44782,3.843261,25.9783
77.72517,16.630089,115.753975,116.3693,3.5071175,3.915665,28.587511
77.15853,16.724026,110.88921,111.6983,3.6266596,4.104087,34.718876
76.591896,16.817963,106.02445,107.02728,3.7462018,4.2925096,39.773743
76.36257,16.857115,105.601524,106.63632,4.410968,5.0908937,58.64665
76.133255,16.896267,105.1786,106.24536,5.075733,5.889278,83.512505
76.91881,16.823563,104.27344,105.06018,5.4473925,6.3331366,98.38028
77.70436,16.750856,103.36829,103.875,5.819051,6.7769947,118.83631
77.96841,16.749083,103.830574,104.4089,5.95745,6.9395976,129.24774
78.23245,16.747307,104.29286,104.942795,6.095849,7.1021996,140.73596
78.36321,16.764694,101.73707,102.50562,6.2382245,7.2881804,152.27965
78.49398,16.78208,99.18128,100.06845,6.3806005,7.4741607,164.68721
79.12995,16.736908,100.17346,100.990814,6.4658637,7.5540524,173.77466
79.765915,16.691734,101.16564,101.91318,6.5511265,7.6339436,182.98201
80.61755,16.660059,102.57641,103.48369,6.3862033,7.432079,174.93575
81.46919,16.628384,103.98716,105.05422,6.2212806,7.2302146,169.32642
82.26751,16.615,103.89602,105.29137,5.8660617,6.7911425,141.74834
83.065834,16.601614,103.80487,105.52849,5.510843,6.352071,118.67925
83.87429,16.668947,104.10945,106.819374,5.110354,5.9484773,99.80424
84.68275,16.73628,104.41401,108.110245,4.709865,5.544884,84.194595
85.77912,16.77889,104.26178,109.18414,4.3433022,5.2617197,75.70998
86.875496,16.821499,104.109566,110.25805,3.9767392,4.978555,66.76862
86.30731,16.946991,103.8166,109.83828,3.842175,4.931825,66.4114
85.739136,17.072483,103.52363,109.41851,3.7076104,4.885094,66.54461
85.24999,17.120796,105.25974,110.57949,3.6720104,4.9357104,69.75773
84.76085,17.169111,106.99586,111.740456,3.6364107,4.986326,73.4136
84.740005,17.175047,104.7008,109.04507,3.7522404,5.1260676,77.51154
84.71917,17.180983,102.40574,106.349686,3.86807,5.2658095,81.180664
84.376915,17.182732,98.24217,102.00049,3.9416776,5.3237457,81.464294
84.03465,17.184483,94.07862,97.65127,4.0152845,5.3816824,82.26647
83.67706,17.21546,92.177956,95.54038,4.0566854,5.46789,84.91582
83.319466,17.246439,90.27729,93.42948,4.098086,5.554097,86.97098
83.39603,17.231834,89.294846,92.56243,4.1092153,5.5440583,86.30961
83.47259,17.217228,88.3124,91.69537,4.1203446,5.534019,85.64692
83.987274,17.18209,86.40021,89.84215,4.126897,5.4905334,83.713615
84.50197,17.146955,84.48803,87.988914,4.1334486,5.4470477,82.47532
84.40665,17.141539,83.686455,87.22347,4.0361176,5.327898,78.63435
84.31133,17.136122,82.884865,86.45803,3.9387863,5.2087483,74.552635
84.28272,17.138828,81.30664,85.14116,3.7514691,4.9803,66.990486
84.25412,17.141537,79.728424,83.8243,3.564152,4.751852,60.765766
81.460335,16.896238,75.123665,77.68766,3.577064,4.513893,53.073036
78.66655,16.65094,70.518906,71.55104,3.5899758,4.2759347,42.186924
78.41095,16.60151,68.87424,69.8196,3.468186,4.0754013,36.81473
78.155334,16.552076,67.22956,68.088165,3.3463953,3.8748682,31.632229
77.88699,16.507158,67.647766,68.36878,3.2187445,3.6959052,28.002626
77.61865,16.46224,68.06596,68.64938,3.0910935,3.5169423,24.894283
77.35553,16.434381,65.94334,66.55088,2.9349475,3.31466,21.330051
77.0924,16.406525,63.82071,64.45239,2.778801,3.112378,17.707253
77.03214,16.39016,58.52219,59.15669,2.5773885,2.866771,14.107446
76.97188,16.373796,53.223667,53.86099,2.3759763,2.621164,10.529707
76.96494,16.359863,47.93923,48.55039,2.2710075,2.491656,9.431955
76.95799,16.34593,42.654797,43.239788,2.166039,2.3621476,8.367017
76.892914,16.330372,34.47443,35.021255,2.3364623,2.5457308,9.668284
76.82783,16.314812,26.29407,26.802723,2.506885,2.7293139,14.225604
76.80659,16.31513,21.480074,21.952452,2.8538907,3.1317048,19.285263
76.78535,16.315447,16.66608,17.102179,3.200896,3.5340955,24.23322
76.9856,16.342737,23.906767,14.4055,3.307003,3.6892438,24.90517
77.18585,16.37003,31.147448,11.708821,3.41311,3.8443925,29.165646
77.84423,16.414127,30.97122,11.639141,3.3332105,3.7921119,30.369564
78.5026,16.458223,30.794992,11.569446,3.2533107,3.7398317,33.1793
79.21565,16.474638,22.155172,13.14835,3.0317585,3.5016975,32.389244
79.9287,16.49105,13.51535,14.727238,2.8102062,3.2635632,31.399456
80.77729,16.506271,51.513046,33.44447,2.6465461,3.1140506,28.633701
81.62588,16.52149,89.51075,52.1617,2.4828858,2.9645383,29.963945
82.45164,16.528843,135.15236,108.6313,2.3741999,2.8604426,17.754173
83.277405,16.536194,180.79398,165.1009,2.2655137,2.7563474,14.707827
83.96654,16.53172,257.79587,227.69742,2.3315272,2.8353715,34.511646
84.65568,16.527245,334.79776,290.29395,2.3975408,2.9143956,32.434917
85.108086,16.510532,336.55142,316.97073,2.3758838,2.8971944,18.82005
85.56048,16.493822,338.3051,343.64752,2.354227,2.8799934,7.7580094
85.74214,16.476025,332.75565,338.59393,2.2075524,2.6758685,5.874437
85.9238,16.45823,327.20618,333.5404,2.0608778,2.4717433,4.878912
86.17249,16.445425,323.59494,329.4227,2.0268295,2.4163015,5.371032
86.421196,16.432623,319.9837,325.305,1.9927808,2.3608596,5.0879354
86.51297,16.416197,317.8921,322.21936,2.0258148,2.4191709,6.288337
86.604744,16.39977,315.80045,319.1337,2.0588486,2.4774823,7.6090665
86.287384,16.381508,315.95474,318.28427,1.7342353,2.0903468,3.5524309
85.97003,16.363243,316.109,317.43484,1.409622,1.7032113,-0.5628092
85.83624,16.347408,298.06766,301.68854,1.1999199,1.4336349,1.6240029
85.70245,16.331573,280.02625,285.94226,0.9902178,1.1640587,5.8345504
85.70746,16.322594,278.8395,267.76776,0.83127403,0.98784083,10.610238
85.712456,16.313616,277.65274,249.5933,0.6723303,0.8116231,11.78205
85.909035,16.30217,277.6342,264.41132,0.8403667,1.0114939,11.43931
86.105606,16.290724,277.61566,279.22934,1.0084032,1.2113644,8.477716
86.04011,16.296022,250.62254,254.47716,1.1643425,1.4086304,22.692644
85.9746,16.301321,223.62943,229.72496,1.3202821,1.605896,21.59728
86.28314,16.297472,217.49599,222.90457,1.7966565,2.2105308,18.985758
86.59168,16.293627,211.36256,216.08414,2.2730312,2.8151658,25.663544
88.99518,16.074247,208.08638,210.53442,3.0283453,3.5108223,35.159
91.398674,15.854868,204.8102,204.98471,3.7836597,4.206479,45.81265
90.438255,15.957991,208.98853,209.20859,4.1222525,4.617942,55.82826
89.47784,16.061113,213.16684,213.43246,4.460845,5.029404,66.46008
89.159515,16.136726,218.59439,218.83397,4.6945233,5.3353467,75.5978
88.841194,16.212341,224.02196,224.23546,4.928202,5.6412888,81.94836
88.53869,16.266998,228.93713,229.343,4.9217925,5.719364,84.42737
88.23619,16.321655,233.85234,234.45053,4.915383,5.797439,87.10074
87.94812,16.365744,233.60129,234.37512,4.9302607,5.880888,87.88369
87.66006,16.40983,233.35025,234.29973,4.9451385,5.9643373,88.53938
88.127686,16.423136,235.5204,236.87296,4.6936774,5.7108874,83.84952
88.595314,16.436441,237.69054,239.44623,4.442217,5.457438,80.496
88.30701,16.470669,230.90608,234.17422,4.509179,5.6311293,79.99582
88.01871,16.504896,224.12161,228.90222,4.576141,5.8048215,82.66871
87.43012,16.569874,221.98804,226.72925,4.7707224,6.1463,94.01192
86.84154,16.634853,219.85448,224.5563,4.965304,6.487778,110.34263
87.392265,16.683405,219.7535,224.12364,5.139013,6.772772,124.61561
87.943,16.731956,219.6525,223.69098,5.3127217,7.0577655,140.9855
88.32942,16.762207,220.37424,224.30151,5.3592467,7.17858,148.30319
88.715836,16.792458,221.09595,224.91205,5.4057727,7.2993937,155.95012
88.94261,16.816854,222.09148,225.8009,5.380372,7.3302903,157.98541
89.16939,16.84125,223.08699,226.68976,5.3549714,7.3611865,159.9722
89.39171,16.847832,225.80104,229.57393,5.047911,7.066163,141.20433
89.61404,16.85441,228.51509,232.45813,4.7408504,6.7711387,123.91403
89.775566,16.854528,226.69167,231.47104,4.528242,6.5401607,110.26979
89.93709,16.854647,224.86826,230.48395,4.315634,6.309182,100.281746
89.9335,16.875042,223.00996,228.87631,4.3012733,6.328778,100.20397
89.92992,16.895437,221.15164,227.26868,4.286912,6.348374,100.48825
89.78561,16.929825,217.60631,223.75923,4.4147305,6.5545163,111.005264
89.641304,16.964212,214.06096,220.24977,4.542549,6.760659,124.28538
89.440636,17.00041,212.64734,218.91891,4.3279552,6.601217,116.33535
89.23996,17.036608,211.2337,217.58809,4.1133614,6.441775,109.04423
89.04943,17.062616,207.77884,214.97075,3.8775985,6.208222,100.31559
88.8589,17.088625,204.32396,212.35341,3.641835,5.9746695,92.1799
88.41552,17.122444,199.9571,208.55014,3.6777854,6.0483475,101.6239
87.97214,17.156263,195.59026,204.74689,3.7137353,6.122025,112.414635
87.2043,17.198294,191.79161,201.25626,3.7824576,6.223189,128.79567
86.43646,17.240322,187.99298,197.76562,3.8511796,6.3243523,146.97757
85.9012,17.261545,183.73636,194.06976,3.7172797,6.14298,144.3772
85.36594,17.282766,179.47974,190.37393,3.5833797,5.9616084,139.03114
85.17526,17.310616,180.38292,189.3508,3.7428493,6.262051,164.36485
84.98458,17.338463,181.28609,188.32767,3.9023192,6.562493,188.39186
85.35324,17.349659,183.04854,188.9055,3.8872623,6.6139264,189.0092
85.7219,17.360853,184.81097,189.48329,3.872206,6.66536,188.766
86.3194,17.354143,187.33688,191.30667,3.8819087,6.654965,179.86021
86.91689,17.347435,189.8628,193.13004,3.8916118,6.6445694,170.63094
87.49084,17.32361,191.4698,194.74162,3.9439185,6.6823406,165.94957
88.06477,17.299788,193.07681,196.35321,3.9962256,6.720112,160.03253
90.10106,17.383707,193.37064,196.60634,4.5148926,7.227529,172.40123
92.137344,17.467627,193.66447,196.85942,5.03356,7.7349467,202.98863
92.100136,17.463055,195.43866,199.07256,4.716713,7.3639674,171.36687
92.06292,17.458483,197.21284,201.28568,4.3998666,6.992987,140.00452
92.39921,17.420609,196.48743,201.55833,3.9932745,6.4684014,107.91621
92.735504,17.382734,195.76205,201.83101,3.5866828,5.9438157,83.2114
92.89241,17.356348,192.08244,199.05048,3.3732312,5.591558,72.145256
93.049324,17.329962,188.40288,196.26993,3.1597798,5.2393,65.0287
93.13928,17.307304,186.29181,193.72586,3.1798606,5.2137227,64.459145
93.22924,17.284647,184.18071,191.18176,3.1999414,5.188145,63.803474
93.11199,17.27821,182.13542,188.95189,3.1964695,5.159679,63.84761
92.994736,17.271772,180.09013,186.72198,3.1929982,5.1312127,65.01474
92.628716,17.276646,176.10307,182.80428,3.1778421,5.107403,67.636734
92.2627,17.28152,172.11601,178.88657,3.1626863,5.083593,69.714645
91.38506,17.31034,171.16287,177.2568,3.1731114,5.1329308,74.58637
90.507416,17.339157,170.20973,175.62706,3.1835365,5.182268,78.29292
89.65858,17.381342,167.66022,173.32288,3.1357715,5.166702,79.712105
88.80974,17.423525,165.1107,171.0187,3.0880063,5.1511354,82.45003
88.90234,17.437551,164.21228,170.0252,3.0447533,5.149995,81.740074
88.99495,17.451578,163.31387,169.03172,3.0015,5.1488547,80.993645
89.84247,17.463375,165.00536,170.36243,2.9151828,5.097665,73.878914
90.68998,17.475172,166.69684,171.69316,2.8288662,5.046476,68.95055
91.414024,17.47879,164.78159,170.80786,2.7501214,4.9738045,65.97009
92.13807,17.482407,162.86632,169.92252,2.6713765,4.9011335,63.95216
92.418816,17.498781,161.56374,169.1952,2.5991864,4.8215537,62.271397
92.69957,17.515154,160.26114,168.4679,2.526997,4.741973,61.09498
92.731,17.525703,158.90015,167.5287,2.4929793,4.7017617,60.135
92.76243,17.536255,157.53914,166.58951,2.458962,4.661551,59.109882
92.59353,17.542109,153.27306,163.56604,2.3916175,4.540057,55.981182
92.42463,17.547962,149.00694,160.54257,2.324273,4.418564,52.903194
92.16851,17.55102,143.3448,155.71269,2.338719,4.3845406,51.7449
91.91239,17.554077,137.68266,150.8828,2.353165,4.350518,49.64288
91.707794,17.547808,132.72191,145.69131,2.4220915,4.4035544,49.47478
91.503204,17.541536,127.76114,140.49979,2.491018,4.4565907,49.762424
91.35729,17.537289,125.5547,136.84367,2.6140184,4.6486506,55.04434
91.21138,17.53304,123.348274,133.18755,2.737019,4.84071,61.044807
91.09446,17.524254,122.12001,131.1049,2.7552807,4.9217634,64.02927
90.97753,17.515469,120.891754,129.02226,2.7735426,5.0028176,67.37885
90.82763,17.519247,119.22795,127.04458,2.7986567,5.0419574,68.937164
90.67772,17.523027,117.56413,125.06689,2.8237715,5.0810976,70.39761
90.50301,17.52364,118.25196,125.42402,2.850487,5.141886,72.40132
90.328316,17.52425,118.9398,125.78118,2.877202,5.2026753,74.4647
89.839615,17.534807,119.986206,126.90669,2.8956652,5.2604117,77.46137
89.35092,17.545362,121.03261,128.03223,2.9141283,5.318148,81.50143
89.263916,17.53906,121.381485,129.31898,2.6832895,5.060306,72.644875
89.17691,17.532759,121.73034,130.60576,2.4524505,4.8024645,65.30292
89.28231,17.523613,115.200035,128.29887,2.1802976,4.363179,54.6162
89.3877,17.514465,108.66972,125.99203,1.9081448,3.9238944,45.134228
90.35195,17.549622,104.55216,119.90852,2.2334485,4.3586082,51.15996
91.31619,17.584778,100.43461,113.82501,2.5587525,4.793322,60.443874
91.64011,17.529411,93.201805,108.59223,2.470946,4.5671034,54.36638
91.96401,17.474047,85.96901,103.359436,2.3831398,4.3408847,48.77862
92.481285,17.426003,81.70787,98.39733,2.4391072,4.3941693,49.77254
92.99856,17.377956,77.44675,93.4352,2.4950747,4.4474535,50.2025
93.00276,17.363424,73.79345,89.27252,2.5655096,4.54496,52.985123
93.00696,17.34889,70.14016,85.10984,2.635944,4.6424675,55.939793
93.02503,17.337687,67.22018,81.3068,2.7512534,4.8177347,61.08681
93.04311,17.326483,64.30019,77.50376,2.8665633,4.9930024,66.638504
93.03553,17.324139,62.94502,75.23685,2.9958692,5.18431,72.87213
93.027954,17.321795,61.589844,72.969925,3.1251755,5.375618,79.78315
93.00939,17.317764,61.306843,71.92053,3.302319,5.6300793,89.066986
92.99082,17.313734,61.02384,70.87113,3.4794621,5.8845406,97.52254
92.79061,17.332336,60.958763,70.11475,3.7398248,6.2339935,112.496056
92.59039,17.350939,60.89369,69.35838,4.000187,6.5834465,127.148155
92.1902,17.39799,61.729275,69.55243,4.243082,6.9250526,144.1128
91.79,17.44504,62.564857,69.746475,4.4859767,7.2666583,159.75194
91.4068,17.481562,62.765907,69.77067,4.6829185,7.531423,172.98909
91.02359,17.518084,62.966953,69.79485,4.87986,7.7961874,188.28195
90.68466,17.563362,63.370934,70.00976,5.057283,8.045778,204.33539
90.34573,17.608643,63.774902,70.22466,5.2347064,8.295369,219.32059
90.16259,17.636692,64.86313,71.24908,5.3505173,8.466311,229.33765
89.97944,17.66474,65.95134,72.27349,5.466328,8.637254,241.34045
89.769485,17.699541,65.75754,72.41933,5.457159,8.6505,243.42853
89.55954,17.734344,65.563736,72.56516,5.4479895,8.663747,245.80449
89.42442,17.750496,65.29512,72.32796,5.6120706,8.864447,263.44272
89.2893,17.76665,65.026505,72.09075,5.7761517,9.065147,281.15308
89.13367,17.794073,65.60779,72.476555,5.943392,9.284114,299.6451
88.97803,17.821499,66.18908,72.86237,6.110632,9.50308,317.8609
88.944305,17.830338,67.06046,73.65772,6.176722,9.596192,324.28262
88.91058,17.839176,67.93184,74.45307,6.242813,9.689303,330.4512
89.01561,17.84184,69.47154,75.8045,6.101246,9.542763,317.95862
89.12063,17.844505,71.01124,77.155914,5.9596777,9.396222,303.07874
89.421684,17.819693,70.41476,77.05573,5.751215,9.120842,276.71198
89.72273,17.794882,69.81827,76.95557,5.542752,8.845462,252.12828
89.93618,17.779001,68.50326,75.77146,5.6303954,8.912806,257.09525
90.149635,17.763123,67.188255,74.58738,5.7180386,8.980148,262.6214
90.18625,17.766977,67.292404,74.25418,6.0997415,9.412947,298.35468
90.22286,17.770834,67.39656,73.920975,6.481444,9.845747,336.8385
90.24035,17.77426,68.649605,74.795746,6.467684,9.85786,336.979
90.257835,17.777685,69.90265,75.67051,6.4539237,9.869972,337.1691
90.26128,17.77796,70.01274,75.835236,6.653247,10.069244,354.43018
90.26471,17.778233,70.12283,75.999954,6.8525696,10.268517,371.8975
90.2812,17.784054,70.93127,76.676186,6.985947,10.423438,384.71646
90.29768,17.789875,71.73969,77.352425,7.1193247,10.57836,396.9287
90.203514,17.811525,74.000595,79.453026,7.2247453,10.729905,405.32465
90.10936,17.833174,76.261505,81.553604,7.330167,10.88145,413.90857
91.0858,17.965208,76.16228,81.47311,6.721051,10.041706,332.1737
92.06224,18.097242,76.06304,81.3926,6.111935,9.201963,240.63454
92.097374,18.11757,76.591354,82.72922,5.7325206,8.816052,208.52481
92.13251,18.1379,77.119675,84.06584,5.3531065,8.430141,186.09679
92.39464,18.14811,78.40311,86.10142,5.068828,8.15034,168.36261
92.65677,18.158321,79.68653,88.13701,4.7845497,7.8705387,153.42915
92.90037,18.161465,80.554054,90.05611,4.4408236,7.4448457,135.48419
93.143974,18.164608,81.42157,91.97521,4.0970974,7.0191526,120.14686
93.3992,18.167076,83.06959,94.508766,3.7582812,6.584728,106.15433
93.65443,18.169542,84.717606,97.04231,3.419465,6.150304,93.719604
93.91884,18.159374,85.8814,99.29056,3.1921508,5.8085217,82.58339
94.18325,18.149206,87.045204,101.53881,2.9648366,5.46674,69.26954
94.32003,18.153646,89.0241,104.06961,2.7946045,5.213584,60.302685
94.45681,18.158083,91.003006,106.60041,2.6243732,4.9604278,51.742252
94.62169,18.143343,92.03133,108.91966,2.41149,4.641096,43.277664
94.786575,18.128601,93.05964,111.2389,2.198607,4.321765,36.570328
94.77665,18.13698,94.08814,113.64607,2.007652,4.0052643,32.094154
94.76673,18.145357,95.11662,116.05324,1.8166971,3.6887636,28.347525
94.81708,18.13477,99.406044,122.29447,1.5126489,3.2597578,26.100079
94.86744,18.12418,103.69546,128.53569,1.2086009,2.8307521,24.852844
94.89097,18.115591,101.26311,135.84065,1.0163678,2.4344158,23.65935
94.9145,18.107004,98.83077,143.14558,0.824135,2.0380797,23.511766
94.9856,18.08928,123.86167,157.89458,0.64647007,1.6836097,24.197248
95.0567,18.071552,148.89256,172.64359,0.46880525,1.3291398,24.046457
95.26051,18.018387,116.87631,180.32893,0.5008259,1.079953,26.924414
95.464325,17.96522,84.860054,188.01424,0.53284645,0.8307658,26.1684
95.66737,17.898716,79.915184,144.11574,0.61188877,0.8555076,21.682087
95.87043,17.832214,74.97032,100.21722,0.6909311,0.8802495,9.982782
95.755875,17.840246,85.95842,105.74397,0.8063167,1.2038562,12.810619
95.64132,17.84828,96.94652,111.27074,0.9217019,1.527463,14.637424
95.437904,17.897615,131.2065,128.20522,0.70605165,1.4200233,18.822258
95.23449,17.94695,165.46649,145.13974,0.4904013,1.3125837,25.937193
95.3563,17.92235,176.70439,154.70755,0.43716258,1.2602394,29.064817
95.47811,17.897753,187.94228,164.27534,0.3839239,1.2078949,29.586721
95.59378,17.873775,180.27847,166.19896,0.3755659,1.2327545,29.737309
95.70945,17.849798,172.61467,168.1226,0.3672078,1.257614,29.18639
95.751495,17.84156,192.86972,178.29797,0.34703228,1.2130713,31.721245
95.79353,17.83332,213.12477,188.47337,0.32685667,1.1685287,34.065666
95.85043,17.826168,146.59926,172.20828,0.40322012,0.96494055,24.315458
95.907326,17.819017,80.07377,155.94324,0.47958344,0.7613524,24.995958
96.131325,17.750645,76.67654,135.38242,0.6601948,0.92968965,21.167192
96.35532,17.682272,73.2793,114.82161,0.840806,1.0980266,15.1596365
96.14025,17.72014,73.26727,120.416336,0.6744566,1.0059857,17.514917
95.92517,17.758009,73.25524,126.01109,0.5081071,0.9139449,19.581736
95.85596,17.765741,77.825645,118.66294,0.78849405,1.2441478,16.429478
95.78674,17.773474,82.39606,111.31482,1.0688808,1.5743506,13.054382
95.607574,17.807772,86.5212,113.106964,1.0209066,1.7185667,14.698981
95.428406,17.842072,90.64633,114.89909,0.9729322,1.8627827,15.880422
94.533226,18.32488,84.78028,107.13921,1.1948619,2.409701,12.486969
93.63805,18.807688,78.91423,99.37932,1.4167919,2.9566195,10.96823
93.8356,18.687273,70.26826,95.73618,1.3193344,2.6590374,7.7042193
94.03315,18.566856,61.622288,92.09303,1.2218769,2.3614552,5.43653
94.07491,18.50598,53.919754,86.25944,1.2678378,2.2621922,3.8941576
94.11667,18.445103,46.217228,80.42584,1.3137989,2.1629295,1.684905
93.97081,18.40154,44.150475,73.89529,1.5392542,2.3667436,1.5959911
93.82496,18.35798,42.08372,67.36475,1.7647095,2.5705578,1.2897735
93.35736,18.381577,47.074997,68.47461,1.9712846,2.9875522,9.471406
92.889755,18.40517,52.066265,69.584465,2.1778598,3.4045463,18.988377
92.39325,18.455221,57.234715,73.63796,2.3134284,3.8338814,28.717558
91.89674,18.505272,62.403152,77.691475,2.4489973,4.263216,37.437233
91.66268,18.5404,62.35739,79.586235,2.29336,4.237722,36.8877
91.42861,18.575527,62.31163,81.480995,2.1377227,4.2122283,35.9972
91.19338,18.628204,64.15246,81.773544,2.361399,4.4953704,42.99516
90.95817,18.680882,65.9933,82.06611,2.585075,4.7785134,49.517994
90.343956,18.769148,72.679985,85.38754,3.1106377,5.615105,70.587425
89.72975,18.857414,79.36668,88.70897,3.6362,6.451696,91.47822
89.409,18.923676,80.20438,90.2853,3.518384,6.4486446,85.25386
89.08824,18.989935,81.04207,91.86162,3.400568,6.445593,79.15035
89.250725,19.00498,81.72301,92.93219,3.4261615,6.4716144,79.98696
89.41321,19.020025,82.40395,94.00274,3.451755,6.4976363,80.86113
89.716324,19.022793,86.03327,97.43767,3.508095,6.543791,83.228195
90.01944,19.02556,89.66259,100.87261,3.564435,6.589946,86.19532
90.17006,18.997957,92.065475,104.17557,3.315883,6.24294,76.39908
90.32067,18.970354,94.46836,107.47853,3.067331,5.8959346,67.33004
90.439835,18.931074,92.77119,107.900314,2.7937944,5.4350624,57.116856
90.559,18.891794,91.074005,108.322105,2.520258,4.97419,47.84301
90.53713,18.852863,90.23913,107.07056,2.643337,5.008282,49.600925
90.515274,18.81393,89.40425,105.819016,2.7664154,5.042374,51.156315
90.34861,18.788162,88.43139,104.19147,2.832112,5.083322,52.534134
90.18194,18.762394,87.45852,102.56391,2.8978083,5.12427,53.90879
89.97988,18.734138,86.00889,100.47903,2.956754,5.1979675,56.214676
89.777824,18.705885,84.55924,98.39416,3.0156996,5.2716646,58.53609
89.46478,18.707134,87.0437,99.745735,3.0770109,5.4277024,62.780155
89.15174,18.708384,89.52816,101.09731,3.138322,5.5837407,65.385826
88.86039,18.734537,92.53916,103.46905,3.3442132,5.916594,74.270386
88.569046,18.76069,95.550156,105.84079,3.550104,6.249448,88.03098
88.16156,18.81604,96.23115,106.4584,3.688532,6.5046334,98.1427
87.75407,18.871387,96.912155,107.07601,3.8269603,6.759819,107.8468
87.577736,18.910135,97.53729,107.62056,3.7067552,6.728749,103.75201
87.40141,18.94888,98.162415,108.16509,3.5865505,6.6976786,99.87736
87.47872,18.964367,97.152275,109.00531,3.1746802,6.1417418,74.649765
87.55604,18.979855,96.14214,109.84554,2.7628102,5.5858045,54.190247
87.71423,18.97815,95.202805,110.50705,2.6555674,5.369386,49.04875
87.87243,18.976442,94.26349,111.168564,2.548324,5.1529684,44.85809
88.14687,18.971672,95.236855,113.01238,2.3701363,4.90169,40.978664
88.42133,18.966902,96.210236,114.856186,2.191948,4.6504116,38.090977
88.786385,18.911842,103.634995,120.02238,2.2068465,4.745649,40.583572
89.151436,18.856785,111.05975,125.18858,2.221745,4.8408866,44.47373
89.301384,18.805973,112.22816,129.6937,1.9399054,4.3191986,37.459003
89.45132,18.755163,113.39655,134.19879,1.6580658,3.7975106,32.45939
89.70974,18.69246,113.0948,137.31345,1.477718,3.431054,29.581535
89.96817,18.629753,112.79305,140.42809,1.2973701,3.0645986,26.338602
90.280754,18.555742,102.86266,139.03099,1.1227624,2.5688677,22.998362
90.593346,18.48173,92.93226,137.63388,0.9481546,2.073137,21.429106
91.041016,18.390905,89.24634,135.59784,0.83327496,1.7844474,20.657484
91.48868,18.30008,85.56042,133.56181,0.71839535,1.4957578,20.489952
91.78279,18.245996,91.770096,133.93733,0.75662404,1.4909782,20.068798
92.07691,18.191916,97.97977,134.31284,0.79485285,1.4861989,19.605768
92.2554,18.15749,113.44847,140.28474,0.861177,1.6845014,19.553467
92.4339,18.123064,128.91718,146.25668,0.9275014,1.882804,19.22079
92.67346,18.073906,170.96985,172.54398,0.9199644,1.8633317,21.65623
92.91303,18.024746,213.02252,198.83128,0.91242737,1.8438593,29.758156
93.159454,17.97358,226.273,214.70285,0.66802037,1.4940838,31.200779
93.40588,17.922413,239.52345,230.5744,0.42361352,1.1443082,27.084192
93.6142,17.880081,233.46695,234.37268,0.54271615,1.2333987,28.001394
93.82251,17.837748,227.41046,238.17091,0.66181874,1.3224889,31.276855
94.15555,17.779802,237.17935,248.46036,0.7282339,1.3677695,28.363956
94.48858,17.721855,246.94826,258.74982,0.79464895,1.4130502,23.841593
94.73837,17.677504,244.72601,256.15662,1.0836262,1.7729415,29.037832
94.98817,17.633152,242.50375,253.56346,1.3726033,2.1328325,35.123108
95.06245,17.623795,253.98769,266.07446,1.387251,2.3046865,31.098026
95.136734,17.614437,265.47162,278.58545,1.4018991,2.4765403,25.04166
95.188866,17.608538,264.35486,280.36697,1.437272,2.4774432,26.869673
95.241005,17.602638,263.2381,282.1485,1.4726447,2.478346,28.51023
95.32097,17.576466,262.3164,279.93134,1.6407385,2.6632564,33.343468
95.40094,17.550293,261.39474,277.71414,1.8088323,2.8481665,37.048454
95.39529,17.516838,262.82092,276.94122,1.8932317,2.96374,38.71063
95.38963,17.483385,264.24716,276.16827,1.9776313,3.0793138,40.523262
95.35274,17.449175,266.37976,277.14227,1.9992223,3.1392617,40.016197
95.31584,17.414967,268.51236,278.1163,2.0208132,3.19921,39.458527
95.52965,17.375202,270.52036,279.75336,1.8814093,2.9496837,34.30804
95.74345,17.335438,272.52835,281.39044,1.7420056,2.7001576,29.89647
96.30609,17.24646,268.23004,274.38925,1.8343272,2.4998035,35.345432
96.86874,17.15748,263.93176,267.38806,1.9266491,2.29945,38.521297
97.65375,17.015898,259.42462,261.36707,2.001082,2.257723,40.82212
98.43876,16.874315,254.91751,255.34612,2.0755146,2.2159967,37.7117
98.99618,16.715403,249.4472,249.55115,2.4347405,2.5930805,34.577454
99.5536,16.556492,243.9769,243.75621,2.7939665,2.9701645,29.104614
99.31583,16.497364,244.0752,243.51488,2.7366784,2.9596484,31.481052
99.07806,16.438236,244.17351,243.27351,2.6793904,2.9491322,33.84712
98.27549,16.536844,242.57176,242.19695,2.6634192,3.1686234,42.290985
97.47292,16.635454,240.97003,241.12033,2.6474483,3.388115,50.8573
95.92859,16.836296,238.31284,241.04602,2.399848,3.3353245,54.74142
94.38424,17.037136,235.65565,240.97176,2.1522474,3.282534,50.945187
93.13671,17.50864,232.65355,239.29433,2.251486,3.3322785,40.934017
91.88918,17.980146,229.65141,237.61693,2.3507247,3.3820229,32.597626
91.08522,18.04531,225.35812,235.8014,2.2034094,3.2929597,27.417253
90.28126,18.11047,221.06483,233.9859,2.0560944,3.2038965,25.423506
90.10714,18.18761,219.82787,231.182,2.2336059,3.6003907,28.271807
89.93303,18.26475,218.59088,228.37813,2.4111173,3.996885,30.474268
89.940636,18.327812,217.16183,227.966,2.2386825,3.8944373,27.667074
89.94824,18.390875,215.73277,227.55392,2.066248,3.7919903,24.38478
90.032845,18.44872,214.17638,225.78792,2.1343937,3.9552796,25.3549
90.11745,18.506563,212.61996,224.02194,2.2025394,4.1185694,26.741732
89.95082,18.564644,204.65115,220.02591,2.0343158,3.88833,24.44499
89.784195,18.62272,196.68233,216.0299,1.866092,3.6580904,22.324049
89.61905,18.677017,200.73466,217.92363,1.9411715,3.7904885,21.43681
89.45392,18.731314,204.78697,219.81737,2.016251,3.922886,20.643414
89.527855,18.760721,203.95967,218.62303,2.1338706,4.0911336,22.834244
89.60178,18.79013,203.13235,217.42868,2.2514904,4.2593813,25.667986
89.77703,18.818443,204.75264,219.48387,2.2690456,4.2587566,25.710505
89.95228,18.846758,206.37296,221.53908,2.2866006,4.258132,25.4984
90.17843,18.844627,207.78249,223.38882,2.3110118,4.2438483,25.726423
90.40458,18.842499,209.19202,225.23854,2.3354228,4.2295647,25.882017
90.54564,18.843618,213.8384,228.92908,2.3498538,4.2547626,24.436594
90.68671,18.844736,218.48479,232.61957,2.3642845,4.2799616,23.6803
90.88412,18.8296,221.1034,235.54837,2.2751527,4.1432357,21.489597
91.08153,18.814463,223.72203,238.47717,2.1860204,4.0065103,19.528332
91.14038,18.821863,225.33435,241.67015,2.0062888,3.7527845,17.197145
91.199234,18.829264,226.94669,244.86311,1.8265569,3.4990587,15.974368
91.321266,18.824007,221.10085,241.1931,1.737852,3.2344747,18.433815
91.4433,18.818748,215.25499,237.52309,1.6491472,2.9698908,20.67199
91.48127,18.820938,215.6097,236.65836,1.6042486,2.9311242,20.191502
91.51924,18.823126,215.96443,235.79362,1.5593499,2.892357,19.700407
91.58371,18.81747,206.39159,227.49777,1.5181316,2.7300353,21.517456
91.64818,18.811815,196.81874,219.2019,1.4769131,2.5677135,22.23321
91.75957,18.797195,195.18007,214.80525,1.4368185,2.53531,22.962133
91.87095,18.782576,193.54138,210.40862,1.3967237,2.5029063,24.01752
92.01304,18.7654,188.07996,205.52063,1.3468927,2.4686413,24.194424
92.15513,18.748226,182.61852,200.63263,1.2970618,2.4343767,24.128798
92.316986,18.730906,185.20058,200.2139,1.3288132,2.6166618,25.467512
92.47884,18.713587,187.78264,199.79517,1.3605646,2.798947,26.461895
92.2807,18.74909,181.0854,195.59976,1.334034,2.8339748,25.255177
92.08256,18.784594,174.38814,191.40437,1.3075032,2.8690028,24.697277
91.84102,18.817402,175.02725,192.94055,1.1976956,2.7885373,22.459692
91.59948,18.85021,175.66634,194.47673,1.087888,2.7080712,20.41082
91.44975,18.870234,174.82855,194.91756,1.1240432,2.7270536,20.073547
91.30002,18.890255,173.99075,195.35837,1.1601988,2.7460356,19.621944
91.10341,18.917158,166.76839,194.95482,1.0594585,2.5296726,17.824255
90.9068,18.94406,159.54604,194.55125,0.9587182,2.3133097,16.627678
90.89195,18.936232,150.90752,187.54309,1.088714,2.3400018,17.685608
90.877106,18.928402,142.26901,180.53491,1.2187098,2.3666937,18.383877
86.46602,19.01902,177.4559,195.25195,1.5178833,3.2239864,6.4465103
82.05493,19.109638,212.64279,209.96902,1.8170568,4.0812783,46.081215
82.77219,18.99663,192.03116,209.12358,1.512717,3.374304,21.314594
83.48944,18.883621,171.41954,208.27817,1.2083771,2.6673293,5.952246
84.063835,18.817429,155.40118,192.62749,1.2840906,2.6022286,1.7280141
84.63823,18.751234,139.38284,176.97684,1.3598038,2.537128,7.7587414
84.968,18.719954,133.8893,165.83229,1.5294334,2.7497525,11.261302
85.29776,18.688673,128.39574,154.68771,1.6990633,2.9623773,15.514958
85.404335,18.693327,129.73712,152.8352,1.7446867,3.1805718,18.369524
85.510895,18.697985,131.07849,150.9827,1.7903101,3.3987665,21.925259
85.79928,18.689608,131.94363,150.41046,1.9566889,3.6890044,26.972324
86.08767,18.68123,132.80878,149.83821,2.1230676,3.9792423,32.267464
86.31704,18.704615,135.58295,150.9423,2.3234692,4.3295836,39.711945
86.54641,18.728,138.35713,152.04639,2.523871,4.679925,49.96426
86.99133,18.739395,141.50708,154.16733,2.4350288,4.673245,48.757385
87.436264,18.75079,144.65703,156.28827,2.3461869,4.6665654,47.464245
87.879845,18.759045,143.04259,155.94157,2.1420994,4.407232,40.598694
88.32342,18.7673,141.42815,155.5949,1.9380119,4.1478977,35.192867
88.80432,18.758493,136.05135,151.85016,1.9754786,4.1185284,35.369694
89.28523,18.749687,130.67456,148.1054,2.0129452,4.089159,36.46878
89.730255,18.750044,130.14066,146.54333,2.108382,4.2428937,39.81118
90.17527,18.7504,129.60672,144.98128,2.2038186,4.396629,43.35721
90.59451,18.765247,128.53516,143.548,2.331648,4.5918393,47.505093
91.013756,18.780092,127.463585,142.11473,2.4594777,4.7870493,52.02874
91.23514,18.816275,127.93668,141.55325,2.6196587,5.035212,58.927845
91.456505,18.852453,128.40977,140.99178,2.7798395,5.2833753,66.721794
91.46696,18.875002,128.0442,140.4699,2.751989,5.290212,66.48748
91.47741,18.897549,127.67864,139.94803,2.7241378,5.297049,66.23401
91.51155,18.898891,126.28171,138.3654,2.8562312,5.4630413,70.71699
91.545685,18.900234,124.88478,136.78279,2.9883249,5.6290336,74.73988
91.612816,18.905249,124.11714,135.55371,3.2423775,5.9950237,85.072075
91.67995,18.910265,123.34951,134.32466,3.4964302,6.3610144,97.40656
91.83639,18.905062,123.6243,134.99132,3.500133,6.373244,97.89435
91.99283,18.899858,123.89908,135.65797,3.503836,6.3854737,98.29855
92.13631,18.898066,126.87497,138.38553,3.436598,6.342895,98.40418
92.279785,18.896273,129.85088,141.11313,3.3693604,6.3003173,98.63906
92.1126,18.913786,136.35321,147.1945,3.2416177,6.1874566,99.50828
91.94542,18.931297,142.85558,153.27588,3.1138742,6.0745964,98.121574
91.3907,18.960371,141.85526,156.79718,2.639486,5.431679,71.74534
90.835976,18.989445,140.85493,160.31845,2.165097,4.7887616,48.963585
89.819786,19.06649,147.23407,164.86362,2.6824555,5.5700607,76.929535
88.80359,19.143538,153.6132,169.40881,3.1998138,6.3513603,116.49061
88.52743,19.122337,168.41023,180.61034,3.1335034,6.188862,108.75756
88.25127,19.10114,183.20728,191.81187,3.0671933,6.0263643,93.62353
87.249405,19.25075,176.17589,187.26453,3.834646,7.1540008,165.89813
86.24755,19.40036,169.14449,182.71716,4.6020985,8.281638,241.0021
86.15914,19.511683,180.64096,190.84088,5.363055,9.340285,334.62653
86.07074,19.623005,192.13744,198.96461,6.1240125,10.398932,408.64725
86.601166,19.664415,190.17789,196.94421,5.661834,9.752375,363.9658
87.13159,19.705828,188.21835,194.92377,5.1996555,9.105817,309.41235
87.438255,19.679358,192.27466,201.72939,5.0005665,8.706512,272.18457
87.74491,19.65289,196.33096,208.53496,4.8014774,8.307209,231.50587
88.159744,19.660494,201.86732,213.79605,4.860869,8.400753,231.76302
88.574585,19.668097,207.40369,219.05714,4.9202604,8.494298,233.3278
89.363045,19.654919,212.51712,222.47682,4.9180627,8.56246,237.12408
90.151505,19.64174,217.63054,225.89651,4.915865,8.630621,246.19896
90.81665,19.54319,220.0976,227.48268,5.1155653,8.743062,266.66763
91.48181,19.444641,222.56468,229.06886,5.3152657,8.855504,279.7705
91.939674,19.32753,225.30481,231.9661,5.489587,8.9053755,284.93457
92.39755,19.210419,228.04494,234.86334,5.663908,8.955246,286.9582
92.88818,19.134846,231.33855,238.10097,5.620716,8.834105,274.6323
93.378815,19.059275,234.63216,241.33864,5.5775237,8.712962,261.72446
93.66665,19.008907,236.56981,242.72794,5.5218134,8.592064,250.19641
93.95449,18.95854,238.50742,244.1172,5.466103,8.471166,239.18465
94.028015,18.891897,239.84297,244.8043,5.624981,8.536141,243.6727
94.10153,18.825253,241.17854,245.49141,5.783859,8.601118,248.26044
94.062225,18.760445,243.4228,247.57367,5.7823315,8.499006,235.581
94.02292,18.695637,245.66707,249.65598,5.7808037,8.396895,223.30502
93.87313,18.647964,244.02788,248.30905,5.715401,8.250134,210.06831
93.72335,18.60029,242.38867,246.96213,5.6499987,8.1033745,195.9307
93.3833,18.59876,240.14983,244.68787,5.621515,8.073671,193.06694
93.04327,18.597233,237.91098,242.41365,5.5930305,8.04397,191.08154
92.75835,18.625889,236.58356,241.19391,5.529833,8.018493,189.41423
92.473434,18.654547,235.25613,239.97418,5.4666343,7.993016,188.31956
92.16239,18.706139,233.51993,238.62384,5.3495994,7.9566073,186.53366
91.85134,18.75773,231.78372,237.27353,5.2325644,7.9201975,185.35242
91.486374,18.809046,229.24164,235.59467,4.905542,7.629451,167.1421
91.12141,18.860361,226.69957,233.91577,4.578519,7.338705,145.02817
90.75232,18.902607,225.41275,232.55988,4.3434896,7.0970225,125.46616
90.38325,18.944855,224.12595,231.20395,4.108461,6.855341,107.267
89.87748,18.982895,223.63914,231.0839,3.8079922,6.5196333,87.78591
89.37171,19.020939,223.15231,230.96379,3.507524,6.1839266,70.96106
89.0098,19.045803,221.74823,230.55075,3.3481047,5.942254,61.407497
88.64789,19.07067,220.34415,230.1377,3.1886847,5.700582,51.88031
88.87269,19.028343,225.456,234.25632,3.0470033,5.434495,42.633392
89.097496,18.98602,230.56784,238.3749,2.9053216,5.168409,34.45619
89.954796,18.870062,234.03041,242.07162,2.6753385,4.6777287,26.085674
90.8121,18.754107,237.49298,245.76837,2.4453554,4.1870494,24.115498
91.60206,18.658346,232.04039,243.20047,2.09289,3.6094735,21.87188
92.392006,18.562588,226.58781,240.63255,1.7404248,3.0318973,22.10609
92.82088,18.511452,231.1754,242.10193,1.9111984,3.2148273,24.702745
93.24974,18.460316,235.76297,243.57133,2.0819724,3.3977573,33.280693
93.54869,18.405008,237.99069,245.64526,2.158886,3.4687884,38.82925
93.84765,18.349699,240.21838,247.71918,2.2357996,3.53982,45.381073
94.138504,18.3052,248.91002,254.99193,2.369722,3.6414099,50.733955
94.42937,18.2607,257.60165,262.2647,2.503644,3.7429998,53.11833
94.92392,17.994383,288.00876,292.36063,2.957059,3.9700253,44.726864
95.41848,17.728064,318.41586,322.45654,3.410474,4.1970515,30.26029
94.00844,17.652912,324.76047,327.61905,4.000508,4.769094,42.081757
92.598404,17.577759,331.1051,332.78152,4.5905414,5.3411365,65.102005
91.80732,17.498224,216.0631,217.27295,4.813619,5.536538,83.385254
91.01624,17.418692,101.021126,101.7644,5.0366964,5.7319403,77.48456
90.86773,17.349773,65.33123,66.14419,5.150753,5.818304,86.9536
90.719215,17.280855,29.641329,30.524006,5.264809,5.904669,47.61008
90.798676,17.203182,22.879274,23.696733,5.1297917,5.7014923,34.53858
90.87814,17.12551,16.117216,16.869474,4.9947743,5.498317,22.57007
90.32145,17.059608,59.5112,60.248226,4.949982,5.428039,77.2732
89.76476,16.993706,102.90519,103.62695,4.90519,5.357761,71.56412
89.25411,16.897905,176.6489,172.31697,5.175975,5.6123357,99.94607
88.743454,16.802107,250.3926,241.00697,5.4467597,5.86691,97.6113
87.93258,16.669128,133.61208,124.21257,5.738363,6.1831284,97.55271
87.12172,16.53615,16.83155,7.41815,6.029966,6.499347,80.70274
86.40887,16.503729,13.374049,8.928551,5.870241,6.3254905,71.44789
85.696014,16.471306,9.916549,10.438951,5.7105165,6.1516333,62.777126
85.52492,16.470427,13.570389,14.122955,5.340746,5.74043,57.519806
85.35383,16.469547,17.224232,17.80696,4.9709744,5.3292265,53.9842
85.43138,16.503487,19.00564,19.567566,4.7783117,5.1213613,52.249832
85.50893,16.537428,20.787052,21.32819,4.585648,4.9134965,50.079823
85.7013,16.55718,23.059372,23.44869,4.6979465,5.035871,53.409077
85.893684,16.576935,25.331696,25.569191,4.8102446,5.158246,57.679916
86.17742,16.555616,28.998041,29.17177,5.1045923,5.491577,69.058044
86.46116,16.534298,32.664387,32.77435,5.3989396,5.824908,81.916466
86.95131,16.526918,35.89999,36.031887,5.6214886,6.101739,95.25397
87.44147,16.519539,39.1356,39.289406,5.8440375,6.37857,109.387505
87.502045,16.538002,45.09991,45.277683,6.108404,6.6657295,127.82432
87.562614,16.556467,51.064217,51.265965,6.372771,6.9528885,145.68811
87.059044,16.495794,50.52947,50.83846,6.32545,6.890523,147.71669
86.55546,16.435122,49.994717,50.410957,6.2781286,6.828157,147.3883
86.69404,16.437698,43.718235,44.097115,6.4870777,7.091025,147.69733
86.83263,16.440273,37.441757,37.783257,6.6960263,7.3538933,151.35327
87.320724,16.433039,34.73826,35.19093,7.894734,8.83318,246.65927
87.80883,16.425804,32.03476,32.598587,9.09344,10.312469,352.07263
87.97985,16.33871,33.819958,34.341805,10.186335,11.655636,434.63818
88.15087,16.251617,35.605164,36.085037,11.279229,12.998804,477.3068
87.707436,16.110735,32.401546,32.853203,11.41902,13.146735,483.20197
87.26399,15.969855,29.197939,29.62137,11.558808,13.294667,488.75757
85.18359,15.933704,28.400566,28.759321,11.531694,13.231233,492.46533
83.1032,15.8975525,27.603191,27.89729,11.504581,13.167799,493.0412
81.76367,15.927893,28.567917,28.87478,11.4565115,13.08301,491.276
80.42415,15.958231,29.532635,29.852272,11.4084425,12.99822,490.61646
79.54813,15.911582,26.457579,26.815552,11.349304,12.921663,488.80603
78.67211,15.864933,23.382515,23.778833,11.290168,12.845107,484.92242
76.58581,15.848167,26.71608,27.083858,10.935742,12.361955,470.87567
74.49951,15.831404,30.049644,30.388897,10.581316,11.878801,446.84375
77.760994,15.621899,32.425156,32.678196,10.625096,11.953288,466.19095
81.02248,15.412395,34.800663,34.96751,10.668878,12.027776,470.98932
78.77817,15.460223,32.030983,32.13285,10.205742,11.406893,445.51675
76.53387,15.508053,29.261297,29.298174,9.742607,10.786011,394.55676
75.97818,15.567969,28.227211,28.321468,9.692662,10.74058,388.3228
75.42249,15.627886,27.19312,27.34476,9.642716,10.695149,381.2818
72.50469,15.82522,26.497028,26.613304,9.380815,10.427208,355.97028
69.58689,16.022554,25.800945,25.881847,9.118911,10.159266,332.49002
69.80015,15.943283,23.455103,23.646532,9.226347,10.221127,335.77628
70.0134,15.864011,21.109255,21.411215,9.333783,10.282988,338.68478
72.3139,15.6203375,22.425955,22.63998,9.460192,10.430164,354.0741
74.61441,15.376664,23.742655,23.868729,9.586599,10.577341,370.63022
72.563,15.522416,23.825188,23.954594,9.442532,10.411794,355.71548
70.5116,15.668168,23.90772,24.040474,9.298464,10.246247,342.3411
68.75335,15.739184,22.878649,23.063265,9.112339,10.005296,321.18042
66.99511,15.810201,21.849573,22.086071,8.926216,9.764345,309.15698
65.591705,15.823372,21.720703,21.928614,8.524717,9.279568,286.61774
64.18829,15.836544,21.59183,21.771172,8.123219,8.794791,269.92584
63.717304,15.841017,23.483814,23.70735,7.663325,8.267647,253.05327
63.24632,15.845489,25.3758,25.64353,7.20343,7.740502,241.71033
64.34231,15.797213,27.318914,27.588726,6.8783965,7.363155,221.68336
65.4383,15.748935,29.262026,29.533937,6.553363,6.9858074,200.29439
66.559616,15.681393,29.424896,29.731512,6.3076572,6.7066083,180.54675
67.68092,15.613851,29.587767,29.929087,6.061952,6.427409,154.79538
68.45777,15.576311,30.896656,31.250868,5.8506336,6.192847,132.61932
69.23462,15.538771,32.205536,32.572647,5.639315,5.9582834,115.27693
69.367455,15.547148,33.365646,33.70633,5.234163,5.526545,99.75322
69.50029,15.555525,34.525757,34.840008,4.829011,5.094806,85.3455
69.04466,15.601308,34.855446,35.16096,4.4902406,4.728092,81.62171
68.589035,15.647091,35.185127,35.4819,4.151471,4.361378,73.393135
68.41502,15.666842,37.94095,38.237076,4.0141983,4.212608,68.048744
68.241005,15.686594,40.69677,40.992237,3.876926,4.0638375,62.22223
67.756195,15.707899,43.29447,43.61715,3.55748,3.7209141,52.80709
67.27137,15.729203,45.89217,46.242065,3.2380345,3.3779917,43.36997
67.08892,15.725658,52.44758,52.797287,3.2165217,3.3552637,39.2969
66.90647,15.722114,59.002987,59.352505,3.195009,3.3325357,35.768227
66.40266,15.756522,69.244896,69.657814,3.1400633,3.278567,35.372723
65.89885,15.790931,79.48681,79.96313,3.085118,3.2245982,40.33442
65.71936,15.836346,87.72382,88.27232,3.1031837,3.2497804,45.301502
65.53988,15.881762,95.96083,96.581535,3.1212497,3.2749627,51.291138
65.449486,15.906478,104.96514,105.56257,3.0924804,3.245126,52.946815
65.35909,15.931193,113.96946,114.54361,3.063711,3.2152894,53.349995
65.327965,15.956672,124.486435,124.968994,3.2889593,3.4616265,60.182835
65.29683,15.982151,135.00342,135.39438,3.5142078,3.7079635,68.22421
65.30902,16.046778,146.70926,147.06345,3.8360937,4.0711117,81.80681
65.321205,16.111406,158.41507,158.73256,4.1579795,4.4342594,95.391945
65.023994,16.22827,166.27402,166.52351,4.4917636,4.8123035,108.86373
64.726776,16.345133,174.13297,174.31445,4.8255477,5.190348,121.88896
67.25062,16.084736,179.76799,179.9111,5.330715,5.7450986,131.59589
69.77445,15.824337,185.40303,185.5077,5.835882,6.299849,142.53534
70.15321,15.935675,186.85797,187.01683,6.1947837,6.7333636,160.49382
70.53197,16.047014,188.31293,188.52594,6.553684,7.1668773,176.02348
71.36139,16.174564,188.76892,189.00514,6.936126,7.6505613,199.28352
72.19082,16.302113,189.2249,189.48436,7.3185687,8.134245,223.74002
73.14266,16.43631,191.34338,191.5941,7.658046,8.598243,254.11484
74.094505,16.570505,193.46185,193.70387,7.997523,9.062239,288.22092
74.442764,16.67043,194.91536,195.28871,8.552543,9.813143,354.47217
74.79104,16.770351,196.36888,196.87357,9.107562,10.564046,417.5524
76.024925,16.757647,200.10725,200.62445,9.429215,10.997031,444.05417
77.25882,16.74494,203.84563,204.37535,9.750868,11.430015,467.20425
78.99091,16.674717,207.64594,208.1996,9.727446,11.383444,464.79153
80.72301,16.604492,211.44626,212.02383,9.704021,11.336873,459.00122
80.99862,16.60782,213.64915,214.2146,9.344776,10.8623,427.8884
81.27423,16.61115,215.85208,216.40533,8.98553,10.387727,390.50922
81.53417,16.623783,216.93326,217.45602,8.888607,10.256509,377.6666
81.79411,16.636414,218.01445,218.5067,8.791683,10.125292,364.09848
82.14242,16.591578,217.92274,218.40154,8.977177,10.317016,377.06683
82.49073,16.546741,217.83105,218.29636,9.162669,10.508739,388.31995
82.68774,16.502098,217.83041,218.2218,9.174331,10.520835,387.057
82.88474,16.45745,217.82976,218.14725,9.18599,10.532931,385.74258
82.7209,16.412739,219.84033,220.1677,9.282784,10.648785,395.0661
82.55705,16.368025,221.85092,222.18813,9.379578,10.764639,403.85706
82.3203,16.333212,223.47404,223.72237,9.378445,10.755227,404.28223
82.083534,16.2984,225.09717,225.2566,9.377314,10.745815,404.36194
82.578545,16.292858,226.42108,226.63354,8.998305,10.268412,359.83823
83.07355,16.287317,227.74501,228.01051,8.619298,9.791009,312.5572
84.08097,16.273693,228.85414,229.10547,8.418464,9.5252695,277.39322
85.088394,16.26007,229.9633,230.20045,8.2176285,9.259532,243.96947
84.87107,16.335428,232.78348,233.01625,7.8159013,8.792626,215.58954
84.65373,16.410784,235.60368,235.83208,7.4141726,8.325721,188.63206
84.71981,16.470453,237.70363,237.88875,6.9026537,7.741706,162.75008
84.78589,16.530123,239.80356,239.94539,6.3911333,7.157691,141.62952
84.86437,16.562529,238.77849,238.9498,5.9446125,6.651704,118.7609
84.94286,16.594933,237.75339,237.95421,5.4980907,6.145716,92.82638
85.10549,16.630077,234.83969,235.08487,5.066703,5.661016,70.10057
85.26811,16.665222,231.92601,232.21552,4.6353154,5.176315,52.85264
85.276886,16.73337,228.63293,228.97803,4.238798,4.740248,38.91629
85.28565,16.801516,225.33989,225.74055,3.8422816,4.3041816,28.291063
85.41022,16.846918,219.24812,219.75203,3.6625724,4.1228538,26.6103
85.53478,16.892319,213.15634,213.76349,3.4828632,3.9415257,25.716024
85.878815,16.933334,210.31035,210.84755,3.189749,3.6211667,24.572443
86.22284,16.974348,207.46432,207.93161,2.8966346,3.3008075,23.276144
86.45162,17.024466,202.16449,202.81326,2.9424005,3.4399664,27.23062
86.6804,17.074585,196.86467,197.69489,2.988166,3.579125,31.63513
86.7223,17.145584,189.58418,191.1722,3.0512905,3.7727962,36.98139
86.7642,17.216583,182.30371,184.64954,3.1144145,3.9664671,39.510315
86.46742,17.34174,179.31708,180.96814,3.0963166,3.7995632,34.808224
86.17064,17.466894,176.33043,177.28676,3.0782185,3.6326592,28.380646
87.12861,17.537825,173.48607,174.6865,3.3096871,4.036275,43.568207
88.08658,17.608755,170.6417,172.08618,3.5411553,4.4398904,62.702923
88.73403,17.653343,170.1457,171.95488,3.8142848,4.953521,81.860954
89.381485,17.697933,169.64972,171.82358,4.0874143,5.467152,101.018555
88.987686,17.758816,171.25555,173.53432,4.4739184,6.0098205,129.23206
88.59389,17.819698,172.86137,175.24506,4.8604226,6.5524893,164.33665
88.45726,17.854464,174.09558,176.2572,5.1934686,6.9925647,194.19122
88.32064,17.889229,175.32977,177.26936,5.526514,7.43264,223.0792
88.07524,17.90586,175.08246,176.99083,5.6343226,7.564161,232.22571
87.82984,17.922491,174.83514,176.7123,5.7421303,7.695682,241.94218
87.57226,17.93354,172.70442,174.99792,5.666383,7.634209,239.6503
87.314674,17.94459,170.5737,173.28355,5.590635,7.572736,237.45027
87.86962,17.960781,169.20467,171.96135,5.3659987,7.3519588,220.91301
88.42458,17.976973,167.83565,170.63914,5.1413627,7.131182,203.50656
88.99689,18.008589,167.42589,170.27956,5.0100193,7.06371,194.06084
89.5692,18.040205,167.01614,169.91998,4.878677,6.9962387,184.70511
89.66571,18.070456,168.92197,172.07135,4.8601494,7.032301,186.03238
89.76222,18.100704,170.82779,174.22272,4.841622,7.068363,187.3746
90.10314,18.103798,173.77017,177.20612,4.8223405,7.04796,183.78418
90.44406,18.10689,176.71255,180.18956,4.803059,7.027557,179.84619
90.64672,18.097914,177.37863,180.69685,4.70261,6.900709,169.59131
90.84938,18.088938,178.04472,181.2041,4.602161,6.773862,159.38965
90.95802,18.089882,176.4554,179.78375,4.394648,6.542433,142.92671
91.066666,18.090826,174.86607,178.36343,4.1871357,6.311003,127.084145
91.35483,18.080648,172.57214,176.26085,4.022823,6.1533995,116.48111
91.643,18.07047,170.27821,174.15822,3.85851,5.9957952,106.37804
91.736855,18.079046,167.56645,171.74887,3.7674778,5.9048314,102.074455
91.83071,18.087622,164.85466,169.33952,3.676446,5.813867,97.78805
91.65352,18.095837,161.78003,166.66324,3.8188837,5.9746885,107.217545
91.476326,18.104052,158.70538,163.987,3.9613216,6.13551,117.261406
91.00621,18.107939,156.5756,161.6558,4.077685,6.242239,125.39941
90.5361,18.111826,154.44585,159.3246,4.1940484,6.348968,133.21312
89.74138,18.112165,151.00587,155.69495,4.252934,6.389852,139.88014
88.946655,18.112505,147.5659,152.06529,4.31182,6.430735,145.09842
87.96518,18.131248,146.03185,150.0957,4.5050735,6.6627936,164.63547
86.9837,18.149994,144.49779,148.12613,4.6983275,6.8948526,185.2476
86.49374,18.164803,143.98892,147.45139,4.908181,7.138275,202.63028
86.00378,18.179613,143.48006,146.77664,5.118035,7.3816977,219.72644
85.94824,18.174288,143.34074,146.36292,5.324795,7.5912213,231.44362
85.89271,18.168962,143.20143,145.9492,5.531555,7.800745,243.52574
85.5689,18.15093,142.46526,144.9873,5.5145936,7.7367983,243.09387
85.245094,18.132898,141.72905,144.0254,5.497632,7.6728516,242.26857
84.77214,18.117296,140.60841,142.90732,5.1979494,7.3069506,222.41997
84.299194,18.101694,139.48775,141.78925,4.898267,6.9410496,198.7914
84.1894,18.074482,137.49548,140.0205,4.5656037,6.5372033,171.83342
84.07961,18.047272,135.50322,138.25172,4.2329407,6.1333575,143.40865
85.43601,17.859901,126.75705,130.25612,4.1373863,5.8849297,115.06357
86.79241,17.672533,118.010895,122.26047,4.041832,5.6365023,95.79017
86.51989,17.629995,113.30774,117.46677,4.011797,5.5707498,91.65183
86.247375,17.587456,108.60461,112.673065,3.9817622,5.5049973,87.96911
86.31788,17.548841,107.58629,110.9424,4.0023675,5.490004,87.342705
86.38839,17.510227,106.56798,109.21171,4.0229726,5.475011,86.71325
86.51016,17.47747,106.84566,109.313324,4.0534267,5.44322,85.56915
86.63194,17.444712,107.12334,109.41492,4.08388,5.41143,84.300224
86.980385,17.422709,105.263115,107.7214,4.0911193,5.379481,81.978065
87.32883,17.400705,103.4029,106.027885,4.098358,5.3475313,79.77234
87.922264,17.374836,99.650764,102.579704,3.9368875,5.1259875,71.043755
88.51569,17.348965,95.89863,99.131546,3.7754164,4.9044447,63.976833
88.83965,17.333513,90.45899,94.1516,3.5817435,4.640549,57.818256
89.163605,17.31806,85.019356,89.17166,3.3880708,4.3766537,53.23464
89.28383,17.305399,77.872955,82.72831,3.154492,4.0890613,48.290504
89.40406,17.292738,70.72657,76.28496,2.9209127,3.801469,43.081635
89.34307,17.299976,66.23164,71.222946,2.965681,3.853146,44.45622
89.28209,17.307213,61.736713,66.16093,3.0104496,3.9048228,45.64892
89.16071,17.30911,62.081917,66.06452,2.9887369,3.9248734,46.195984
89.03934,17.311008,62.427124,65.9681,2.9670238,3.944924,46.727028
89.07448,17.314,54.77656,60.336002,2.5885909,3.4860032,35.95029
89.10962,17.316988,47.12599,54.70392,2.2101574,3.027082,24.86473
89.355255,17.282541,69.8311,38.761154,2.346708,3.0409398,30.933191
89.60088,17.248093,92.53619,22.81839,2.4832592,3.054798,36.3156
89.59465,17.20692,156.28427,24.32537,3.1077213,3.8065033,60.61567
89.58842,17.165747,220.03236,25.832352,3.732184,4.5582085,153.90921
88.66495,17.161806,117.93223,22.498331,3.8302042,4.748974,77.81128
87.74147,17.157867,15.832095,19.164293,3.9282246,4.9397388,49.717262
87.11907,17.179085,19.145685,22.609241,3.8843644,4.8856854,55.001614
86.49667,17.200304,22.459278,26.054205,3.8405044,4.831631,56.121216
86.456474,17.199272,22.487482,25.707829,4.045627,5.0769114,62.944942
86.41628,17.198242,22.51569,25.361454,4.250749,5.3221908,70.9217
86.34266,17.187027,22.446287,25.244114,4.2737346,5.3231344,70.7888
86.26903,17.175812,22.376883,25.126774,4.2967196,5.3240776,70.58815
86.15666,17.157791,22.971603,25.424469,4.4751043,5.4997034,75.80485
86.0443,17.13977,23.566324,25.722164,4.653489,5.675329,80.42352
86.041916,17.125916,27.901808,29.589596,4.9473066,5.983133,92.87064
86.039536,17.11206,32.23729,33.457047,5.241124,6.2909355,107.74238
85.8364,17.116478,35.466507,36.612408,5.3194523,6.392433,116.80551
85.63327,17.120895,38.69572,39.767754,5.3977804,6.4939303,127.11986
85.33017,17.12471,41.48788,42.58827,5.3744164,6.4351907,126.9674
85.02707,17.128523,44.28004,45.408794,5.3510528,6.376451,124.319725
84.743416,17.08341,45.959454,46.962997,5.295053,6.246417,117.58967
84.45976,17.0383,47.638874,48.5172,5.2390537,6.1163836,111.22019
84.48513,17.018728,47.875706,48.861553,5.229049,6.109308,111.16669
84.5105,16.999155,48.11254,49.205906,5.2190447,6.102232,111.07934
84.225945,17.016033,48.59985,49.625034,5.302452,6.2144094,115.71529
89.758286,18.26531,144.87646,146.38667,7.6157603,9.546457,280.4694
91.53078,18.228172,132.1977,135.48418,6.6568685,8.650736,209.0961
93.30326,18.191036,119.51889,124.58168,5.6979775,7.755015,134.02826
93.71218,18.225306,129.15744,133.39987,5.835823,7.9592733,149.34831
94.121086,18.259575,138.79599,142.2181,5.9736686,8.163532,164.12144
94.28196,18.296038,138.20695,141.41377,6.1480775,8.446806,174.46858
94.442825,18.332499,137.61794,140.60945,6.322487,8.73008,183.22719
94.20466,18.411512,142.63994,146.21455,6.9648066,9.443533,225.01396
93.96649,18.490524,147.66193,151.81967,7.6071267,10.156988,274.97333
94.27335,18.465128,152.20256,156.63159,7.5770426,10.141042,280.44754
94.580215,18.439728,156.7432,161.44353,7.5469584,10.125095,285.8711
94.94029,18.393135,159.8502,163.33217,7.151533,9.668801,263.99863
95.30038,18.34654,162.95723,165.22081,6.7561073,9.212508,241.45137
95.42432,18.236292,180.05626,182.07608,7.075079,9.388299,274.72314
95.548256,18.126043,197.1553,198.9313,7.3940506,9.564092,297.78262
95.101524,18.086025,201.35695,203.21205,7.3427505,9.423835,292.7907
94.654785,18.046007,205.5586,207.4928,7.2914505,9.283578,283.98682
93.901665,17.977312,210.84302,212.54037,7.8165154,9.750469,304.8696
93.148544,17.90862,216.12747,217.58795,8.341581,10.21736,319.1657
92.60344,17.800465,223.17169,224.4515,8.673484,10.453324,315.50763
92.05834,17.69231,230.2159,231.31505,9.005386,10.689288,311.83682
91.20989,17.702635,230.3545,231.25647,9.533058,11.431899,370.2435
90.36144,17.712957,230.4931,231.1979,10.06073,12.174508,431.8545
89.5085,17.759258,228.65193,229.25505,10.6909685,13.019874,482.23712
88.65556,17.80556,226.81078,227.31221,11.321206,13.865238,515.7457
87.490685,17.789345,224.93323,225.40717,11.941147,14.682377,537.8687
86.3258,17.773129,223.05568,223.50215,12.561088,15.499515,550.22955
83.33123,17.820072,220.86882,221.42554,12.341071,15.201238,557.5203
80.33667,17.867018,218.68199,219.34888,12.121056,14.902961,562.20276
80.75965,17.979044,215.45491,216.24432,11.133868,13.713219,540.294
81.18263,18.091072,212.22786,213.13979,10.146681,12.523476,508.74313
85.0537,17.518826,223.7312,224.52296,10.502227,12.697453,502.5971
88.92477,16.94658,235.23454,235.9061,10.857775,12.8714285,474.18506
81.592255,16.40425,260.90604,261.36777,10.117692,11.628315,446.41138
74.25975,15.861918,286.5775,286.8294,9.377609,10.3852005,395.04022
77.26189,15.854972,282.24448,282.48108,10.508891,11.823721,482.49097
80.264015,15.848025,277.91147,278.13272,11.640172,13.26224,525.8762
77.3606,15.759438,275.73907,276.02106,12.341178,14.1961565,546.18225
74.45719,15.670851,273.56668,273.90936,13.042182,15.130071,557.96234
73.400955,15.630016,272.41675,272.76938,13.468551,15.693881,562.2423
72.34473,15.589182,271.26678,271.62943,13.8949175,16.25769,564.9007
71.23562,15.451616,269.30734,269.61823,13.77976,16.058174,561.8165
70.12651,15.31405,267.34793,267.60706,13.664604,15.858658,556.71985
70.4333,15.166871,264.16498,264.37106,13.372238,15.431567,556.30084
70.74008,15.019693,260.982,261.13507,13.079873,15.004475,553.71857
71.90349,14.876279,258.9288,259.1115,13.214502,15.170571,560.3209
73.0669,14.732862,256.8756,257.088,13.3491335,15.336668,564.5159
73.6422,14.60883,257.85226,258.03616,13.583281,15.618544,566.2408
74.21749,14.484798,258.82895,258.98434,13.817428,15.90042,567.5497
74.767166,14.442956,256.63852,256.86636,13.801016,16.004877,568.8025
75.31684,14.401113,254.44807,254.74837,13.784603,16.109335,570.3916
75.33616,14.400745,254.87634,255.18167,13.966286,16.344503,571.6431
75.355484,14.400377,255.30461,255.61493,14.147971,16.579674,572.69415
75.31208,14.384232,254.98721,255.26086,14.0366535,16.411806,571.9842
75.26868,14.368087,254.66982,254.90677,13.925339,16.243938,571.13684
76.1164,14.293418,253.29518,253.48404,13.793429,16.048609,570.36096
76.96413,14.218749,251.92056,252.06131,13.661522,15.853279,569.4667
76.51809,14.324909,249.76497,249.91936,13.761889,16.015558,570.1025
76.07205,14.431067,247.6094,247.77739,13.862258,16.17784,570.9911
75.52459,14.507132,246.42418,246.6852,13.888745,16.22114,571.1731
74.97713,14.583194,245.23898,245.59303,13.9152355,16.26444,571.36896
75.017265,14.63874,242.18028,242.52415,13.781146,16.099096,570.6491
75.057396,14.694284,239.12158,239.45526,13.647056,15.93375,570.0015
75.087585,14.794135,236.96294,237.27174,13.57664,15.905874,570.0067
75.11777,14.893985,234.80429,235.08826,13.506225,15.877996,569.79315
75.392044,15.015941,230.77184,231.05223,13.539357,15.965749,570.19086
75.66632,15.137895,226.73936,227.01617,13.572491,16.053503,570.9595
78.37594,15.154115,219.2079,219.48285,14.545919,17.395247,580.66815
81.085556,15.170335,211.67642,211.94948,15.519348,18.736988,582.38226
82.673874,15.375679,212.59824,212.83669,16.400745,20.075254,578.9768
84.262184,15.581023,213.52005,213.72394,17.282145,21.413523,569.7265
85.71062,15.63189,212.28024,212.5943,17.371946,21.638752,565.45514
87.15905,15.682755,211.04044,211.46465,17.46175,21.863981,560.41797
85.10657,16.204786,219.98347,220.38556,18.613417,23.674974,547.3832
83.05408,16.726818,228.92653,229.30644,19.765083,25.485966,526.07947
83.52125,16.925837,226.74606,227.24841,18.417585,23.718596,551.6674
83.98842,17.124857,224.5656,225.1904,17.07009,21.951223,567.1397
84.29823,17.266777,225.30525,226.06654,16.295584,20.957588,573.2631
84.60805,17.408699,226.0449,226.94269,15.521079,19.963953,577.42883
84.99685,17.472004,224.56108,225.51363,15.138415,19.471905,577.5838
85.38564,17.535313,223.07724,224.08452,14.75575,18.979855,576.11176
85.82179,17.548872,222.2953,223.30452,14.717324,18.935043,574.62006
86.25794,17.562431,221.5134,222.52448,14.6789,18.89023,572.9758
87.261284,17.492714,222.78891,223.91295,15.301634,19.717968,569.6305
88.264626,17.422997,224.0644,225.30144,15.924368,20.545704,566.7988
88.2588,17.45472,225.43205,226.63217,15.529628,20.03458,566.19574
88.25298,17.486443,226.79973,227.9629,15.13489,19.523458,565.1135
86.83216,17.628588,223.96088,225.07642,14.957409,19.326569,570.9922
85.41133,17.770735,221.12204,222.18993,14.779931,19.129677,576.0687
84.46279,17.762236,220.4729,221.40192,14.594635,18.87406,579.11224
83.514244,17.753736,219.82378,220.61394,14.409339,18.61844,581.3648
83.565636,17.795153,219.423,220.32156,14.677478,19.008284,582.36163
83.617035,17.836567,219.02225,220.0292,14.945615,19.39813,582.8238
84.44579,17.803602,217.50175,218.54164,14.550984,18.85114,579.4118
85.27454,17.770636,215.98123,217.05408,14.156354,18.30415,575.4661
85.41308,17.756388,216.42961,217.57164,14.17717,18.316244,574.926
85.55161,17.74214,216.87799,218.08919,14.197984,18.328339,574.3688
85.01994,17.719482,218.55342,219.5824,14.674496,18.905993,577.29694
84.48827,17.696825,220.22885,221.0756,15.151007,19.483643,579.70764
84.62023,17.597374,217.00633,217.92006,15.150143,19.420837,579.7143
84.7522,17.497925,213.78383,214.76454,15.149279,19.35803,579.7641
84.85307,17.47429,212.90515,213.83292,15.082152,19.28016,579.5815
84.95394,17.450659,212.02649,212.90125,15.015027,19.202293,579.3051
84.8056,17.449785,211.46107,212.38226,14.864759,18.990723,579.3086
84.65727,17.44891,210.89565,211.86331,14.714493,18.779152,579.38135
84.96047,17.464148,208.90718,209.84491,14.681426,18.73554,578.45764
85.26368,17.479385,206.91869,207.82649,14.648359,18.691933,577.51843
84.71952,17.433657,206.91321,207.75197,15.029994,19.180868,580.59674
84.17536,17.387926,206.90771,207.67744,15.411629,19.6698,582.47705
83.70519,17.41584,209.15167,209.99129,15.114339,19.272512,583.6949
83.23503,17.443756,211.3956,212.30513,14.81705,18.875223,583.7155
83.43005,17.46474,208.19823,209.10094,14.804796,18.871822,583.6467
83.62507,17.485723,205.00089,205.89673,14.792543,18.868423,583.29865
82.825645,17.554377,203.9637,204.91658,14.822403,18.96172,585.8545
82.02624,17.62303,202.92651,203.93645,14.852265,19.055017,587.5989
82.003784,17.627619,202.04625,202.99095,14.967496,19.208199,587.98
81.98133,17.632208,201.16602,202.04549,15.082725,19.361383,588.2484
82.60245,17.640453,199.54614,200.37747,14.844361,19.070171,586.7965
83.22355,17.648699,197.92627,198.70943,14.605996,18.778957,584.37274
82.93854,17.68237,197.75984,198.70099,14.8285,19.10292,585.91736
82.65351,17.71604,197.59341,198.69255,15.051002,19.426884,586.9768
82.40553,17.724726,198.04276,199.19206,14.823298,19.143126,587.2074
82.15754,17.733412,198.49213,199.69153,14.595597,18.859364,586.9044
81.068825,17.88598,196.83038,197.87141,14.1633415,18.356178,587.3225
79.98011,18.038551,195.16862,196.05128,13.731087,17.852995,588.9598
80.33397,17.985968,196.45161,197.45319,14.29674,18.585201,589.9356
80.687836,17.933386,197.73462,198.85509,14.8623905,19.317408,589.8885
81.788994,17.852001,197.5256,198.52625,14.377172,18.66134,586.9122
82.89016,17.770617,197.31662,198.19737,13.891954,18.005276,582.49725
84.20429,17.62908,196.23296,197.13133,14.077978,18.164053,579.20044
85.518425,17.487543,195.14932,196.06526,14.264002,18.322832,575.15283
86.327194,17.38619,197.65033,198.53322,14.438765,18.521389,573.9389
87.135956,17.284836,200.15134,201.00113,14.613527,18.719948,571.904
87.85774,17.222086,198.7186,199.54405,14.280925,18.184246,566.4684
88.57953,17.159332,197.28586,198.08698,13.948323,17.648546,560.1114
88.72962,17.169989,202.74501,203.46884,13.974522,17.676018,559.86786
88.879715,17.180647,208.2042,208.85075,14.000719,17.703491,559.42883
89.35896,17.10164,207.0625,207.5678,13.559254,17.057852,554.5081
89.83821,17.022635,205.92084,206.28487,13.117785,16.412212,548.1817
90.23232,16.91762,208.3886,208.83253,12.436125,15.424594,540.56665
90.626434,16.812609,210.85635,211.3802,11.754465,14.436975,527.3302
89.635414,16.799166,215.15016,215.70706,11.169203,13.612992,511.36285
88.644394,16.785723,219.44395,220.03395,10.583942,12.78901,485.254
85.18555,16.762148,225.95045,226.34247,10.289977,12.288504,485.226
81.72671,16.738573,232.45699,232.651,9.996014,11.787999,473.37415
82.34248,16.50241,236.65639,236.89906,8.791575,10.155237,347.85226
82.95827,16.266253,240.85583,241.14708,7.587138,8.522476,210.24065
84.0421,16.140831,250.31134,250.61922,8.2961645,9.296367,246.67236
85.12594,16.015411,259.76685,260.0914,9.00519,10.070259,286.4545
82.62907,16.095387,262.4065,262.58197,8.8245,9.831762,307.28406
80.1322,16.175362,265.0461,265.07257,8.64381,9.593265,310.25467
79.71287,15.9774475,262.55405,262.52435,8.839307,9.771569,325.05832
79.293526,15.779533,260.06195,259.97617,9.034802,9.949873,342.42548
76.67329,15.664372,258.102,258.0704,9.042029,9.931911,355.1084
74.05305,15.549211,256.142,256.16464,9.049255,9.913951,368.6949
75.59501,15.279387,255.58188,255.58237,8.827622,9.576589,337.38623
77.13698,15.009564,255.0218,255.00012,8.605989,9.239226,298.6936
78.21414,14.768117,253.77881,253.72083,8.127365,8.667874,241.0706
79.291306,14.526669,252.53584,252.44153,7.648741,8.096522,188.8565
78.64496,14.497597,250.55814,250.47923,7.3618116,7.787313,166.74
77.99861,14.468526,248.58043,248.51698,7.074883,7.4781055,145.75194
77.150246,14.513406,247.45752,247.34811,6.8007183,7.1883416,128.80556
76.30188,14.558285,246.33458,246.17926,6.526555,6.898577,110.108574
76.32548,14.547313,247.66377,247.46164,6.5384517,6.9026074,109.517685
76.34908,14.53634,248.99294,248.74403,6.5503483,6.906637,109.02353
76.72892,14.505227,249.12149,248.91507,6.478542,6.830969,103.98116
77.108765,14.474114,249.25002,249.0861,6.406736,6.7553005,99.40973
76.66926,14.479726,244.4202,244.2713,6.023669,6.347356,80.65088
76.229744,14.485338,239.59038,239.45648,5.6406016,5.939411,65.84598
76.06343,14.560437,236.86742,236.71576,5.6772137,5.985555,69.163574
75.89711,14.635534,234.14445,233.97502,5.7138257,6.0316987,72.47827
75.524506,14.720629,232.91495,232.7312,5.6496944,5.973731,69.200645
75.1519,14.805721,231.68547,231.48738,5.5855637,5.9157634,66.10851
73.70967,14.925365,235.82619,235.66417,5.8444314,6.2126565,82.70429
72.267426,15.04501,239.96689,239.84094,6.103299,6.5095496,107.1131
71.442116,15.217846,236.11903,236.02548,5.738204,6.129778,86.953545
70.6168,15.390682,232.27115,232.21002,5.3731084,5.7500067,74.46816
70.3152,15.519797,224.15431,224.13722,5.1188426,5.4811535,69.325485
70.01359,15.648912,216.03749,216.0644,4.8645763,5.2123,65.17297
69.86388,15.759897,212.1309,212.17625,4.8255506,5.1762257,67.88784
69.71416,15.870883,208.2243,208.28806,4.786525,5.140151,70.332985
69.14321,15.994486,211.32687,211.30675,4.6728487,5.0270853,66.19414
68.57227,16.11809,214.42947,214.32549,4.5591726,4.9140196,61.547302
67.34691,16.244196,215.90868,215.87164,4.8209534,5.225424,78.06434
66.12154,16.3703,217.3879,217.4178,5.082734,5.5368276,95.96944
65.778786,16.404446,214.87077,214.98,5.0969124,5.5402236,98.94121
65.43605,16.438591,212.35367,212.54216,5.111091,5.5436196,102.08488
67.96316,16.210108,211.4309,211.57224,5.4161005,5.837739,108.69268
70.49027,15.981625,210.50813,210.6023,5.7211103,6.131859,114.74211
73.52464,15.715458,211.50002,211.56317,5.614271,5.99907,89.13549
76.559006,15.449293,212.49191,212.52406,5.5074315,5.8662815,73.30165
77.300316,15.360303,211.59914,211.61075,5.3893623,5.7282157,66.668465
78.041626,15.271311,210.70636,210.6974,5.2712936,5.59015,60.26417
78.0737,15.145596,218.79906,218.722,5.0668473,5.371654,41.374504
78.10579,15.019879,226.89172,226.74655,4.862402,5.1531587,29.188805
81.23476,14.769231,230.18219,230.10144,4.647692,4.9126415,37.236298
84.36372,14.518581,233.47263,233.45631,4.432983,4.672125,51.84588
84.33141,14.551494,234.35867,234.44563,3.9967475,4.212769,40.460793
84.299095,14.584405,235.24475,235.43492,3.5605125,3.7534125,28.96019
83.72813,14.643918,228.31009,228.47618,3.2467594,3.4164112,22.723686
83.157166,14.703433,221.37544,221.5174,2.9330063,3.0794096,19.238636
83.188156,14.6591625,222.07426,222.08023,2.6795998,2.8055449,18.652159
83.21915,14.614891,222.7731,222.64307,2.426193,2.5316803,17.803766
84.91067,14.461286,231.35196,231.18709,2.3744504,2.4702845,19.536573
86.60219,14.307681,239.93086,239.73106,2.3227081,2.4088883,17.362406
86.71217,14.253953,249.93614,249.79872,2.4082892,2.4983425,15.533907
86.82217,14.200225,259.9414,259.8664,2.49387,2.5877967,15.610535
86.59049,14.1438,270.83386,270.84637,2.695688,2.8007247,17.343214
86.35882,14.087376,281.72632,281.82635,2.8975058,3.013653,20.034752
85.446266,14.086188,286.40753,286.53592,3.2559595,3.4055328,28.617296
84.53371,14.085002,291.08878,291.24548,3.6144128,3.797413,36.1415
82.09076,14.21544,291.31473,291.38495,3.9562018,4.1604776,39.155712
79.64782,14.345879,291.54065,291.52438,4.297991,4.5235424,36.910706
77.68485,14.390674,289.49533,289.57654,4.8100247,5.055945,38.100197
75.72189,14.435469,287.45,287.6287,5.3220587,5.5883484,49.633842
76.36326,14.3885,285.00064,285.1416,5.4374857,5.713583,51.969044
77.00463,14.341532,282.5513,282.65448,5.552912,5.8388176,55.29457
78.40399,14.29226,276.92358,277.01395,5.7228684,6.022142,64.922844
79.80337,14.242988,271.2959,271.37335,5.8928237,6.2054663,73.10026
79.56836,14.2218,267.3279,267.3596,6.3696485,6.7274494,93.22168
79.33336,14.200611,263.3599,263.34586,6.8464727,7.249433,121.97107
78.58355,14.254525,264.0811,264.01288,6.923695,7.350079,126.099884
77.83374,14.308437,264.8023,264.67984,7.0009174,7.450725,135.89343
76.50662,14.421855,265.47003,265.29153,6.4987454,6.9152317,107.40007
75.1795,14.535271,266.13773,265.9032,5.9965734,6.3797383,80.39022
74.30886,14.649276,264.6339,264.44348,5.693431,6.0614076,67.21365
73.438225,14.763282,263.13007,262.98373,5.390289,5.743076,54.004894
72.49168,14.911868,263.5287,263.44232,5.4224257,5.7959127,59.228374
71.54512,15.060454,263.92728,263.90088,5.4545627,5.848749,65.57975
70.626396,15.177571,265.2296,265.2245,5.469739,5.870734,69.209045
69.70767,15.294687,266.53195,266.54807,5.484915,5.8927183,69.35072
70.620834,15.278458,266.7659,266.8399,5.297911,5.671313,57.874718
71.53398,15.262227,266.99982,267.13177,5.1109076,5.4499063,45.064697
73.11156,15.12433,269.65515,269.81015,4.9620523,5.2747717,36.64147
74.689125,14.986432,272.3105,272.4885,4.8131976,5.099636,35.837833
75.14321,14.948119,278.2511,278.35562,4.652708,4.920683,33.662975
75.5973,14.909806,284.1917,284.22272,4.492219,4.7417293,30.956171
77.310425,14.777706,291.20804,291.31897,4.563119,4.8102736,32.532898
79.02356,14.645606,298.22437,298.41522,4.634019,4.878819,39.74273
80.016655,14.569086,304.3244,304.46777,4.727367,4.9806743,44.279007
81.009735,14.492566,310.42444,310.52032,4.8207145,5.082529,51.686485
81.60283,14.386652,310.3826,310.59583,4.0565777,4.2601514,35.631813
82.19592,14.280738,310.34076,310.67133,3.2924404,3.4377737,23.328058
84.09247,14.160843,314.66006,314.92294,3.732927,3.9139886,28.483372
85.98901,14.040948,318.9794,319.17453,4.1734133,4.3902035,57.699226
86.2287,14.000973,320.2851,320.46497,4.7560716,5.021329,73.82348
86.46838,13.960998,321.59082,321.7554,5.33873,5.652454,88.299576
86.51352,13.931927,319.6197,319.7492,5.9398913,6.314502,105.16854
86.55865,13.902856,317.6486,317.743,6.541053,6.976549,115.24165
85.56977,13.956959,318.23517,318.379,7.136037,7.658185,147.83824
84.58089,14.011061,318.82178,319.015,7.7310214,8.33982,190.30962
82.70792,14.059765,323.77185,324.00153,7.7849975,8.402157,220.38591
80.83495,14.108469,328.72192,328.98804,7.8389726,8.464494,248.58615
80.712395,14.079678,332.64746,332.8965,7.538509,8.112459,219.32362
80.58983,14.050885,336.573,336.80502,7.2380457,7.760426,186.72823
80.652664,14.043049,338.8536,339.07657,7.1511145,7.6763268,181.58383
80.7155,14.035213,341.13422,341.34818,7.0641828,7.5922275,176.48087
79.98081,14.0814905,341.85104,342.1312,6.852421,7.3515544,137.09834
79.24613,14.127767,342.56787,342.91425,6.6406584,7.1108823,107.265915
79.607864,14.070205,340.56635,340.89517,6.326526,6.756918,87.132164
79.9696,14.012644,338.5648,338.87613,6.0123944,6.402954,73.00361
79.90685,13.999564,337.9741,338.25516,5.7215657,6.076457,58.98097
79.84409,13.986484,337.38336,337.63422,5.430737,5.7499604,51.155495
78.958244,14.035105,334.17795,334.50363,4.9592085,5.234452,39.21284
78.07239,14.083727,330.9725,331.37308,4.4876804,4.7189436,28.781797
77.081276,14.15334,319.58667,320.02112,4.288504,4.5101376,27.609793
76.09015,14.222954,308.2008,308.66913,4.0893283,4.3013325,26.52729
75.84121,14.25321,299.65884,300.10785,3.9896588,4.190427,25.508516
75.59227,14.283464,291.11685,291.5465,3.8899894,4.0795217,23.329702
75.28024,14.317355,289.3172,289.716,3.6031675,3.7716348,19.040705
74.96821,14.351247,287.51755,287.88547,3.316346,3.4637485,14.5539665
75.08987,14.368374,278.90842,279.2563,3.175666,3.3137138,11.560459
75.21152,14.385501,270.29935,270.62714,3.0349863,3.1636786,8.599251
75.84025,14.375613,258.75754,258.9913,2.937717,3.0587099,7.3941636
76.46898,14.365726,247.21577,247.35545,2.8404472,2.9537408,10.559273
77.200874,14.367022,236.54152,236.64236,3.2450938,3.392686,12.229278
77.93278,14.368317,225.86725,225.92926,3.6497402,3.8316307,15.163076
77.98377,14.442201,219.51381,219.7529,3.850671,4.0705338,19.2895
78.03476,14.516086,213.16037,213.57652,4.0516024,4.309437,26.624805
77.42556,14.699859,207.15182,207.73271,4.250267,4.544006,35.36936
76.81636,14.883633,201.14325,201.8889,4.4489317,4.778574,46.58961
75.14332,15.136385,203.95628,204.6086,4.9448485,5.3985763,70.39574
73.470276,15.389136,206.76935,207.32828,5.440765,6.018579,101.61268
69.18327,15.597364,214.95178,215.403,6.2146096,6.9692826,169.06837
64.89626,15.805593,223.13423,223.47772,6.9884543,7.9199862,212.74419
64.75321,15.77232,224.47018,224.63635,7.4038596,8.375318,233.16423
64.61016,15.739047,225.80609,225.79498,7.819265,8.830649,258.92154
63.646206,15.7256775,222.84981,222.88593,8.196391,9.281695,284.66354
62.682243,15.712306,219.89352,219.97688,8.573516,9.732742,310.8659
62.026535,15.762924,215.61482,215.72823,8.778268,10.003397,326.96222
61.37082,15.81354,211.33612,211.47961,8.983019,10.274054,344.57544
60.699524,15.811626,206.3591,206.65385,9.345681,10.754693,374.21613
60.02822,15.809711,201.38211,201.8281,9.7083435,11.235332,397.42856
63.259422,15.686454,201.2296,201.66087,9.9841175,11.553346,432.3234
66.49063,15.563194,201.07707,201.49367,10.259891,11.871357,457.75003
67.217,15.455127,202.93178,203.4202,10.504693,12.163956,471.926
67.943375,15.347058,204.78651,205.34676,10.7494955,12.456553,486.42355
69.7909,15.285678,200.71753,201.39407,10.819202,12.544029,498.60596
71.63843,15.224298,196.64851,197.44139,10.888911,12.631506,507.88342
72.711266,15.246111,195.72113,196.4698,11.333013,13.240158,530.12415
73.78411,15.267924,194.79373,195.4982,11.777113,13.84881,549.06366
74.803635,15.384297,193.44398,194.19373,12.179129,14.471889,560.6743
75.82315,15.50067,192.09422,192.88924,12.581143,15.094966,568.4872
76.551575,15.664052,192.11115,192.86957,12.822897,15.511851,573.2141
77.27999,15.827433,192.12805,192.84993,13.064651,15.928737,577.54956
79.147125,15.770057,193.79068,194.43216,13.090629,15.950285,578.3327
81.01426,15.71268,195.45332,196.01442,13.116608,15.971832,577.0743
81.871216,15.735853,194.2601,194.84958,13.022906,15.878719,575.6161
82.72818,15.759027,193.06691,193.68477,12.929206,15.7856045,573.6153
82.616905,15.916421,192.24446,192.93466,12.8220415,15.727802,572.69336
82.50564,16.073814,191.422,192.18457,12.714877,15.67,571.8684
82.52857,16.200817,190.38837,191.17694,12.730401,15.765575,572.1798
82.5515,16.32782,189.35472,190.16933,12.745926,15.861152,572.3883
82.638405,16.450972,188.4756,189.22832,12.589926,15.745967,570.8424
82.7253,16.574123,187.59648,188.28731,12.433928,15.630782,569.0531
82.93871,16.707117,187.02516,187.8946,12.349854,15.63608,568.397
83.152115,16.84011,186.45387,187.50188,12.265781,15.641377,567.9572
83.820076,16.89183,187.12042,188.28035,11.971554,15.310089,563.8201
84.48804,16.943548,187.78697,189.05882,11.677326,14.978803,560.07214
85.659805,16.876265,187.39687,188.7356,11.488355,14.717954,554.6724
86.831566,16.808979,187.00676,188.4124,11.299383,14.457104,547.5884
86.7785,16.806337,183.54623,184.91718,11.449866,14.629906,548.28033
86.72544,16.803696,180.0857,181.422,11.6003475,14.802708,548.9543
86.04178,16.833239,179.21825,180.52654,12.249781,15.636574,558.4319
85.35812,16.86278,178.35078,179.63109,12.899214,16.47044,564.8756
84.69728,16.90865,177.6627,178.85008,13.222483,16.919147,569.9716
84.03644,16.954517,176.9746,178.06906,13.545753,17.367853,574.0588
83.86213,16.954668,177.8057,178.77702,13.967734,17.933662,576.1646
83.68781,16.954819,178.63678,179.48499,14.389718,18.499472,577.94763
82.373695,16.975433,180.09322,180.98099,14.652434,18.85343,583.1344
81.05958,16.996046,181.54962,182.477,14.915151,19.20739,587.30084
79.78022,16.982748,182.48708,183.30412,15.041121,19.362467,589.6051
78.500854,16.969452,183.42453,184.13127,15.167092,19.517544,590.4103
77.648186,16.940193,183.5685,184.17043,14.965649,19.23155,590.0957
76.79552,16.910936,183.71246,184.2096,14.764206,18.945557,590.3954
76.88642,16.92591,183.2068,183.83636,14.674674,18.830652,590.3545
76.977325,16.940887,182.70116,183.46312,14.585141,18.715748,590.33044
74.54003,17.223612,182.91876,183.85567,14.343081,18.58985,591.2884
72.102745,17.506334,183.1364,184.24821,14.101021,18.463947,589.4087
73.05896,17.393595,186.2551,187.45648,13.894621,18.143492,590.50726
74.01517,17.280855,189.37383,190.6648,13.688221,17.823032,590.20154
76.187614,17.04699,191.28404,192.59337,13.396351,17.331516,588.5693
78.36006,16.813124,193.19429,194.52194,13.104481,16.840002,586.5552
78.488045,16.869974,196.07602,197.5853,12.869669,16.57299,585.27545
78.61603,16.926823,198.95772,200.64864,12.634858,16.305977,583.0039
80.46682,16.87575,203.19737,204.81291,11.926514,15.387877,572.85187
82.31762,16.824677,207.43701,208.97719,11.218168,14.469776,559.55884
83.54755,16.779648,211.50888,213.1304,10.799725,13.927169,550.4686
84.777466,16.73462,215.58073,217.28358,10.381279,13.384561,539.7856
86.00702,16.67154,218.09673,220.01901,9.842759,12.703905,517.4638
87.23657,16.60846,220.61276,222.75444,9.30424,12.02325,484.13748
87.6734,16.576853,221.27126,223.60014,8.94909,11.528867,451.1477
88.11023,16.545246,221.92976,224.44583,8.59394,11.034484,413.016
87.38544,16.55834,222.5453,225.01167,8.421145,10.839968,402.0221
86.66064,16.571436,223.16083,225.57755,8.248351,10.64545,390.94196
84.97758,16.526672,224.32597,226.37183,8.240125,10.523174,386.8548
83.29451,16.481913,225.4911,227.16608,8.231899,10.400899,386.1988
83.368645,16.49894,224.16405,225.94623,8.159677,10.358748,383.99435
83.442764,16.515968,222.83699,224.72636,8.087453,10.3166,381.87265
83.67073,16.497856,222.95468,224.67213,7.999338,10.223322,373.48663
83.8987,16.479746,223.0724,224.61787,7.911224,10.130045,365.00278
84.12022,16.489859,220.00307,221.65143,7.8309054,10.05679,359.57858
84.34173,16.499973,216.93373,218.68498,7.7505875,9.983536,353.8764
83.92477,16.548868,217.37805,219.29456,7.6479445,9.920809,354.29263
83.5078,16.597765,217.82236,219.90411,7.545303,9.858081,353.43027
83.19092,16.638668,218.47746,220.78592,7.3416185,9.734353,348.08093
82.87404,16.679573,219.13257,221.66771,7.1379347,9.610624,342.3626
82.445526,16.755098,217.44867,220.58304,6.947412,9.561746,344.24792
82.01701,16.830627,215.76477,219.4984,6.7568884,9.512866,342.52582
81.71099,16.894321,213.06848,217.72778,6.5198574,9.349039,328.44336
81.404976,16.958014,210.37216,215.95717,6.2828264,9.185211,313.61716
81.380486,16.989214,206.7534,213.18689,5.949056,8.825066,291.8544
81.356,17.020416,203.13463,210.41661,5.615285,8.464918,276.25043
81.453285,17.036783,198.83354,206.63475,5.4167204,8.224339,271.81876
81.55056,17.05315,194.53244,202.85287,5.2181554,7.98376,265.9624
82.08934,17.038353,191.0422,199.52454,5.070329,7.795522,261.79764
82.62812,17.023556,187.55196,196.1962,4.9225035,7.6072855,256.33862
83.157425,17.013107,186.05273,194.19102,4.878926,7.5575566,254.81834
83.686745,17.00266,184.5535,192.18585,4.8353486,7.5078278,253.95961
84.16992,16.986435,185.12468,192.17896,4.75754,7.4300466,247.32031
84.6531,16.970211,185.69583,192.17203,4.6797323,7.352266,239.48598
84.86899,16.956541,183.90187,190.90147,4.4428887,7.047166,222.0115
85.08489,16.942871,182.10793,189.63094,4.2060456,6.7420664,203.6204
85.02144,16.926857,180.67189,188.63782,4.0047073,6.4624043,185.992
84.958,16.910843,179.23587,187.64471,3.8033695,6.1827426,167.73936
84.6906,16.91139,179.42769,187.66682,3.8972387,6.2476835,174.0185
84.42319,16.911936,179.6195,187.68893,3.991108,6.3126245,180.03706
84.790306,16.898012,176.96823,184.18008,4.0401917,6.351421,185.26686
85.15743,16.88409,174.31696,180.67122,4.089275,6.390217,188.06055
85.739876,16.876474,173.39272,178.74695,4.2542887,6.6067057,198.14174
86.32231,16.868858,172.46848,176.82271,4.4193025,6.823194,206.43153
86.90569,16.863304,169.9459,174.56209,4.4610877,6.8573127,202.96516
87.489075,16.85775,167.42334,172.30151,4.502873,6.891431,199.91739
88.6628,16.819155,168.28902,172.442,4.9151573,7.2552514,203.15157
89.83653,16.780561,169.15468,172.58252,5.327441,7.6190715,210.92075
90.11225,16.68179,172.98648,175.66263,5.929657,8.054344,233.20802
90.38797,16.583017,176.81827,178.74275,6.5318727,8.489616,246.2594
89.01406,16.415115,182.71716,184.2293,6.659235,8.382832,237.5863
87.640144,16.247211,188.61606,189.71587,6.7865963,8.276048,229.27771
86.81842,16.179735,191.47105,192.39111,6.657552,8.047512,219.7839
85.9967,16.112257,194.32603,195.06633,6.5285077,7.818978,212.15521
86.19276,16.05402,191.81378,192.48227,6.5892878,7.8332334,209.61258
86.38883,15.995786,189.30151,189.89818,6.6500688,7.8474884,206.51746
85.013245,15.996589,186.32524,186.87671,6.809545,7.9901066,221.35664
83.63766,15.997393,183.34897,183.85529,6.9690223,8.132726,238.0842
83.06962,16.098318,178.83015,179.57555,6.813946,8.087191,243.77278
82.50158,16.199242,174.31134,175.29584,6.65887,8.041656,250.38754
85.34813,16.366085,169.68872,171.09467,7.3479066,9.2703495,310.99713
88.19469,16.532928,165.06612,166.89354,8.0369425,10.499044,371.03757
90.15281,16.767803,164.16685,166.46828,8.844515,11.73764,456.51465
92.11094,17.002678,163.2676,166.04305,9.652087,12.976235,504.13885
92.14553,17.129274,170.04944,172.64424,9.990127,13.433638,515.4531
92.18013,17.255869,176.83127,179.24542,10.328165,13.891039,525.4074
92.482056,17.239105,176.37416,179.41162,9.817908,13.381269,516.1813
92.78397,17.222342,175.91707,179.57784,9.307651,12.871499,503.9822
92.47211,17.282103,177.96487,181.9709,9.136321,12.767114,503.37625
92.16023,17.341866,180.01268,184.36401,8.964992,12.662727,503.29117
91.98249,17.39637,183.06691,187.5417,8.85893,12.619279,505.49002
91.80475,17.450876,186.12114,190.71939,8.752868,12.57583,506.86224
91.649216,17.501467,190.28516,195.12112,8.419617,12.255789,501.0101
91.493675,17.55206,194.44916,199.52284,8.086367,11.935747,494.25235
91.23711,17.574387,191.65556,197.66386,7.8352485,11.6458,479.01108
90.98054,17.596714,188.86197,195.80487,7.5841312,11.355851,459.48807
90.28014,17.640894,190.64612,197.13757,7.931294,11.79059,481.90967
89.579735,17.685076,192.43025,198.47026,8.278458,12.225328,501.41537
88.53972,17.673025,200.45953,206.42316,7.9155784,11.817213,482.95517
87.4997,17.660976,208.4888,214.37607,7.5526996,11.409097,458.95544
86.95527,17.56559,213.83798,219.24408,7.279296,11.024877,433.5514
86.41083,17.470201,219.18716,224.11209,7.0058928,10.640657,405.20984
85.464806,17.392015,226.5137,230.83998,7.1576586,10.723176,408.49203
84.51879,17.313831,233.84026,237.56784,7.3094244,10.805696,412.44748
85.32744,17.09337,243.61427,246.93494,7.358743,10.579307,397.18115
86.136086,16.87291,253.38829,256.302,7.408062,10.352919,389.21725
85.9469,16.82193,253.53851,256.54858,6.5720077,9.247843,299.27066
85.75773,16.770948,253.68874,256.79517,5.735954,8.142768,198.94499
84.74867,16.63013,256.7486,259.36722,5.1498637,7.250046,145.95174
83.739624,16.489315,259.80847,261.93927,4.5637736,6.357325,94.451584
82.81429,16.4345,256.0765,258.3511,4.3739905,5.972577,74.06421
81.88897,16.379686,252.34456,254.76295,4.184208,5.5878296,55.893707
80.57346,16.301153,252.68213,254.2999,4.549007,5.766565,56.579575
79.25797,16.222622,253.0197,253.8368,4.913806,5.9452996,58.417316
78.323425,16.043016,255.27774,255.9247,5.027701,5.885687,56.48886
77.388885,15.863409,257.53577,258.01257,5.141596,5.826074,54.944386
77.14471,15.731586,255.03223,255.45232,4.683201,5.2124414,35.66455
76.90054,15.599762,252.52867,252.8921,4.224806,4.5988083,21.855806
76.88977,15.557172,242.04337,242.139,3.7343597,4.033691,14.583609
76.879005,15.514584,231.55809,231.38591,3.2439144,3.468573,13.2936
77.31882,15.503547,226.14012,225.83073,2.9179645,3.1096904,11.930236
77.75863,15.49251,220.72214,220.27556,2.5920153,2.750808,12.434141
78.4305,15.547689,200.45909,200.14523,2.9915116,3.2122233,14.527649
79.10237,15.602867,180.19604,180.01495,3.391008,3.6736393,18.659245
79.39979,15.726473,165.3144,165.27156,3.496369,3.8318236,22.353138
79.697205,15.850078,150.43277,150.52821,3.6017299,3.9900079,29.200743
79.92005,15.993452,156.50278,156.49315,3.7767894,4.278652,39.829357
80.14291,16.136827,162.5728,162.45805,3.951849,4.5672965,53.034447
80.98598,16.244013,162.58449,163.07616,4.138358,4.961179,74.51841
81.82905,16.3512,162.59619,163.69426,4.3248677,5.355061,104.077
82.60686,16.435383,158.27579,160.05661,4.7669263,6.0307274,153.29018
83.38466,16.51957,153.95541,156.41893,5.2089844,6.706393,197.55826
84.50144,16.603067,152.45166,155.32756,5.664762,7.4845333,236.76535
85.61823,16.686567,150.9479,154.2362,6.12054,8.262673,262.39542
86.41703,16.810804,150.40778,154.57411,6.2169385,8.568541,270.52505
87.21582,16.935041,149.86765,154.91202,6.313337,8.874407,279.01172
87.75301,17.005571,148.85876,153.88876,6.463966,9.162041,288.65472
88.2902,17.076101,147.84987,152.86551,6.6145954,9.449676,300.34433
88.4841,17.135172,145.99257,150.50879,7.475349,10.456952,353.31702
88.67801,17.194244,144.13527,148.15204,8.336102,11.464229,423.67313
89.58369,17.197437,141.55875,145.0921,9.605587,13.130308,508.3164
90.48938,17.200628,138.98224,142.03212,10.875072,14.796387,540.3467
90.00484,17.273132,138.93593,141.08841,11.442314,15.351745,543.5267
89.52029,17.345634,138.88963,140.14473,12.009557,15.907103,545.43146
89.80513,17.428162,145.17632,146.58475,12.038521,16.060402,546.82666
90.08997,17.510689,151.463,153.02475,12.067485,16.213701,548.30945
90.35072,17.553894,151.73602,154.00313,11.425215,15.546272,543.85175
90.611465,17.597103,152.00906,154.98149,10.782944,14.878841,538.14014
89.93402,17.757866,154.39967,157.56398,11.154269,15.431951,543.21747
89.256584,17.918625,156.7903,160.14648,11.525595,15.985059,548.9631
88.92679,17.977144,161.17015,164.13376,11.992749,16.567362,553.9721
88.597,18.035664,165.55003,168.12102,12.459905,17.149664,559.4622
87.70822,18.093884,174.92584,177.6922,12.572555,17.262918,565.11646
86.819435,18.152103,184.30164,187.26337,12.685204,17.376175,570.9062
81.753975,18.150719,199.05215,200.93983,13.09097,17.633987,585.8086
76.688515,18.149336,213.80266,214.61627,13.496736,17.8918,588.02515
77.819244,17.772577,211.57848,212.614,13.540736,17.72656,589.91846
78.94997,17.395819,209.35428,210.61168,13.584737,17.56132,590.4702
79.62911,17.210003,212.3301,213.72673,13.631181,17.541893,589.51636
80.30826,17.024187,215.3059,216.84177,13.677624,17.522467,588.0068
80.71394,16.866236,219.10857,220.42172,14.081589,17.964972,587.4953
81.11964,16.708284,222.91129,224.00168,14.485555,18.407476,585.6246
82.230064,16.54777,223.96906,224.87329,14.410241,18.213776,582.50336
83.34049,16.387255,225.02681,225.74486,14.3349285,18.020073,580.1501
83.492,16.308565,226.6277,227.32094,14.14043,17.704412,578.60004
83.6435,16.229876,228.22856,228.89705,13.945931,17.38875,577.056
83.07745,16.176958,230.45888,231.1988,13.8388815,17.204893,576.20575
82.511406,16.124039,232.68918,233.50061,13.731832,17.021036,575.37415
81.59274,16.05352,235.58693,236.3072,13.415587,16.516838,573.9964
80.67408,15.982999,238.48465,239.11382,13.099343,16.01264,569.8866
80.0534,15.901285,238.89626,239.58035,12.479485,15.09361,563.2996
79.43271,15.819572,239.30785,240.04686,11.859626,14.174581,554.5444
79.686,15.803152,238.82425,239.47974,11.67182,13.939256,551.29407
79.93927,15.786733,238.34068,238.9126,11.484014,13.703931,547.5061
80.82012,15.827902,235.90059,236.4504,11.184121,13.28763,538.3642
81.700966,15.869069,233.46048,233.98819,10.884229,12.871327,523.77264
81.20482,15.91668,233.1387,233.67152,10.232421,12.050802,493.2892
80.708664,15.964291,232.81693,233.35481,9.580614,11.230276,448.57593
81.40013,16.017294,231.19513,231.51476,9.464672,11.10376,437.20563
82.09159,16.070297,229.57332,229.67473,9.348731,10.977244,423.93933
82.58784,16.10193,225.48376,225.65521,9.716938,11.480481,458.20624
83.084076,16.133562,221.39423,221.63565,10.085145,11.983719,485.635
82.144226,16.119322,219.83197,220.08592,9.745833,11.506337,464.9637
81.204384,16.105082,218.26973,218.53615,9.406521,11.028957,441.0353
80.13208,16.184368,218.03438,218.32886,9.151255,10.784969,427.82632
79.059784,16.263655,217.79903,218.12158,8.895988,10.540981,412.75552
78.35323,16.32313,216.74446,217.11089,8.744122,10.376045,403.5655
77.64669,16.382605,215.6899,216.1002,8.592257,10.211109,393.65765
77.298515,16.463366,209.8608,210.58,8.376228,9.996675,378.5559
76.95033,16.544125,204.0317,205.0598,8.160202,9.78224,358.81738
76.6235,16.649776,198.99554,200.16252,8.342822,10.101127,385.19397
76.29666,16.755428,193.9594,195.26524,8.525443,10.420014,406.9121
75.873146,16.82845,193.65399,194.93434,8.440654,10.376306,402.7996
75.44962,16.901468,193.34857,194.6034,8.355865,10.332596,396.65552
75.66895,16.968283,194.91273,196.12668,8.478571,10.586832,414.78143
75.88827,17.035095,196.47691,197.64998,8.601276,10.841069,431.7879
76.73379,17.016184,197.06985,198.23686,8.77695,11.06356,446.7016
77.57931,16.997272,197.66281,198.82376,8.952623,11.28605,458.75827
78.20806,16.904774,200.93016,202.0081,9.37436,11.705046,479.6603
78.83682,16.812273,204.19753,205.19244,9.796097,12.124041,499.09412
80.46242,16.614832,204.82019,205.79285,10.133176,12.438277,513.6612
82.08802,16.417393,205.44286,206.3933,10.470254,12.752513,520.63763
82.48935,16.095173,204.42946,205.3526,8.987071,10.628789,403.6466
82.89068,15.772953,203.41608,204.3119,7.503888,8.505065,242.77304
83.059395,15.668312,198.64821,199.18556,6.34381,7.128246,180.67743
83.22811,15.563673,193.88036,194.05922,5.183733,5.7514267,112.0492
85.92049,15.450315,180.85493,181.14783,4.1578674,4.582397,55.450832
88.612854,15.336958,167.8295,168.23643,3.1320019,3.4133673,19.863985
89.77406,15.430247,184.82303,184.98979,2.5748818,2.844417,16.575275
90.935265,15.523536,201.81656,201.74315,2.0177615,2.275467,18.656113
90.252014,15.537477,247.27463,252.1389,2.4378839,2.7080474,29.615273
89.56875,15.551417,292.73273,302.53467,2.8580062,3.1406276,15.049168
88.88844,15.51583,296.95102,301.40402,2.925532,3.1747437,15.847827
88.20814,15.480241,301.1693,300.27335,2.9930584,3.2088597,20.264908
87.69254,15.548357,287.54922,287.0555,3.3697846,3.7275527,37.51246
87.17695,15.616471,273.92917,273.8377,3.7465115,4.246245,51.330036
87.080444,15.69423,268.4793,268.73724,4.8593583,5.5268526,97.23215
86.98395,15.771989,263.02945,263.63678,5.9722056,6.8074603,117.3487
87.66615,15.656152,267.47937,268.07193,7.8251286,8.98099,204.2315
88.348366,15.540314,271.9293,272.50705,9.678051,11.154522,373.88943
85.20512,15.263072,278.68192,279.08563,10.05703,11.49389,419.81897
82.06188,14.98583,285.43454,285.66418,10.436009,11.833258,470.98
81.03444,15.011376,283.74033,284.0646,9.987528,11.288724,438.37674
80.006996,15.036922,282.04614,282.465,9.539046,10.74419,404.62396
80.28887,15.001005,280.00253,280.48376,9.445012,10.631848,394.01443
80.570755,14.965088,277.95892,278.5025,9.35098,10.5195055,383.2134
81.035904,14.993601,276.83496,277.29266,9.527246,10.768776,399.05667
81.50105,15.022115,275.711,276.08282,9.703513,11.018045,414.18317
81.00577,15.169512,273.61386,274.05316,9.463519,10.794554,401.66006
80.51049,15.316908,271.51675,272.0235,9.223526,10.571061,388.70847
79.50552,15.5512085,267.26297,267.87552,8.982004,10.373402,381.0665
78.50056,15.785509,263.00916,263.72757,8.740484,10.175743,366.31787
77.60246,15.967359,258.88397,259.7752,8.731922,10.275811,375.43152
76.70437,16.149208,254.75876,255.82288,8.723359,10.375879,384.42682
76.25842,16.257366,253.5347,254.90398,8.538226,10.20549,369.35547
75.81247,16.365526,252.31067,253.98508,8.353093,10.035101,353.50018
75.852066,16.403097,253.70624,255.4713,8.1658535,9.842033,334.6315
75.89167,16.440666,255.1018,256.9575,7.978615,9.648967,317.268
75.63293,16.455065,258.8031,260.47922,8.155036,9.89301,338.5141
75.37418,16.469461,262.5044,264.001,8.331456,10.1370535,359.0941
75.52634,16.399658,263.56137,264.95203,8.285312,10.054063,352.59592
75.6785,16.329855,264.61835,265.90308,8.239167,9.971072,346.106
75.5473,16.215492,265.28412,266.35275,8.832405,10.602769,399.48627
75.416115,16.101131,265.9499,266.8024,9.425644,11.234466,439.86447
75.67814,15.93951,266.55038,267.33084,9.723943,11.478921,456.5472
75.94016,15.777889,267.1509,267.85925,10.022242,11.723378,474.16193
76.91128,15.631528,269.47922,270.17172,10.099911,11.789297,482.74005
77.882385,15.485165,271.80753,272.48422,10.17758,11.855215,484.95905
78.74673,15.372825,273.3141,273.88217,9.817895,11.315542,450.66867
79.61105,15.260484,274.82068,275.28012,9.458211,10.775869,408.78354
79.39999,15.064444,275.55978,276.08627,9.278725,10.514717,391.89108
79.18891,14.868402,276.2989,276.89243,9.099237,10.253566,374.77628
79.53784,14.80405,276.41537,277.03247,8.589346,9.584738,314.7076
79.88677,14.739697,276.53183,277.17255,8.079454,8.915912,253.40466
80.28742,14.689762,273.7165,274.29803,7.701829,8.442208,211.93875
80.68807,14.639829,270.90118,271.4235,7.324203,7.9685044,172.68388
81.19517,14.602292,271.01486,271.46655,7.043002,7.628954,149.7207
81.702255,14.564757,271.1286,271.5096,6.7618017,7.2894044,130.17252
82.10178,14.549344,270.59348,270.93198,6.4507008,6.932161,113.889175
82.501305,14.533929,270.05838,270.35434,6.1396003,6.574917,103.22589
82.95084,14.504652,268.73376,268.9854,5.913813,6.3144393,99.83004
83.400375,14.475375,267.40912,267.61652,5.6880264,6.053961,96.34543
83.55663,14.493973,265.68634,265.83356,5.3952894,5.7311664,87.0944
83.71288,14.512569,263.96362,264.0506,5.1025524,5.4083714,77.55301
83.94351,14.501102,262.68768,262.73242,4.749162,5.0223184,66.97431
84.17413,14.4896345,261.41177,261.4142,4.3957725,4.6362658,55.98136
83.90812,14.516303,256.94385,256.8818,4.2777123,4.5056186,46.81091
83.64211,14.542973,252.47592,252.34933,4.1596527,4.374972,38.799877
83.49849,14.551152,249.57898,249.42558,4.1060987,4.3224297,36.06175
83.354866,14.559332,246.68204,246.50183,4.052544,4.2698874,33.634064
82.954735,14.609006,243.55408,243.32571,4.1851206,4.4186225,34.589622
82.5546,14.658681,240.4261,240.14958,4.3176975,4.5673566,36.372166
82.33895,14.70008,237.896,237.61913,4.543883,4.8272243,43.084587
82.1233,14.741478,235.36594,235.08867,4.7700677,5.0870914,50.635593
81.64698,14.802483,231.3626,231.08292,4.8014417,5.128832,47.642998
81.170654,14.863487,227.35925,227.07716,4.8328156,5.1705713,45.45183
81.26185,14.901614,226.28725,226.0321,5.039572,5.4077773,57.34706
81.353035,14.93974,225.21526,224.98708,5.246328,5.6449823,70.85933
82.10685,14.926826,223.30681,223.12814,5.340945,5.752834,83.14732
82.86066,14.913909,221.39838,221.26917,5.4355607,5.8606853,90.86193
82.798294,14.922197,221.21257,221.16805,5.207633,5.61716,78.807816
82.73593,14.930484,221.02676,221.06693,4.979706,5.3736343,68.19317
81.45429,14.999803,216.37102,216.49834,5.2176614,5.6591463,80.20802
80.17266,15.069122,211.71529,211.92975,5.4556174,5.944658,95.140915
79.1109,15.1404,214.69171,214.89465,5.9311166,6.527827,123.1499
78.04914,15.211679,217.6681,217.85953,6.4066157,7.1109953,153.6281
79.07352,15.154577,213.3242,213.65337,5.8323503,6.475472,121.535515
80.09789,15.097476,208.98027,209.44719,5.2580853,5.839949,93.482285
80.553734,15.11485,207.01595,207.32872,5.6065917,6.211385,122.36116
81.00958,15.132226,205.0516,205.21022,5.955098,6.582821,150.64017
78.10257,14.921017,204.36765,204.46864,6.4919896,7.1062403,182.09016
75.19556,14.709808,203.68369,203.72705,7.028882,7.6296606,206.47878
74.13656,14.346074,191.50233,191.64467,6.278514,6.7458005,166.6239
73.077545,13.982341,179.32097,179.56227,5.5281463,5.861941,123.56613
76.180954,13.962839,172.28429,172.66435,6.191375,6.61657,176.56087
79.28436,13.943338,165.24763,165.76646,6.8546023,7.371199,207.22574
80.99925,14.490382,170.08604,170.86908,8.003789,8.872773,261.37317
82.71415,15.037424,174.92445,175.97168,9.152975,10.374348,354.11008
82.620575,15.547839,184.17815,185.26566,9.286297,10.769994,396.78378
82.527,16.058254,193.43185,194.5596,9.419618,11.165641,434.84134
83.05089,16.058872,195.94135,197.06421,9.319871,11.049893,425.55014
83.574776,16.059492,198.45087,199.56882,9.220124,10.934146,415.09897
85.01233,16.060057,204.39708,205.48581,9.276314,11.031375,408.70065
86.44988,16.060621,210.34332,211.40279,9.332503,11.128602,399.22495
87.481064,16.127907,214.07776,215.13564,9.309115,11.2282095,406.11597
88.512245,16.195194,217.8122,218.8685,9.285728,11.327815,415.02512
89.06921,16.286037,219.04454,220.29256,9.311986,11.523392,433.92984
89.62616,16.376883,220.27689,221.71657,9.338244,11.71897,452.10556
90.0684,16.417982,220.11674,221.60686,9.590737,12.0328865,468.66013
90.51063,16.459082,219.95659,221.49713,9.843228,12.346803,482.1606
90.82885,16.481928,222.4237,223.77876,10.292185,12.948656,505.21713
91.147064,16.504774,224.89081,226.0604,10.741142,13.550509,520.61664
91.23306,16.5384,224.7204,225.88817,10.738247,13.560253,520.6115
91.31905,16.572027,224.54999,225.71596,10.7353525,13.569997,520.63214
91.37629,16.59755,224.8772,226.09013,10.784106,13.645001,522.208
91.433525,16.623074,225.20442,226.46432,10.83286,13.720006,523.768
91.71364,16.630363,224.23076,225.57576,10.732083,13.615298,521.37854
91.99376,16.637655,223.25711,224.68723,10.631308,13.510592,519.01843
92.022606,16.684122,222.61603,224.32805,10.298584,13.16456,513.04913
92.05145,16.73059,221.97491,223.96884,9.96586,12.81853,505.86472
91.92958,16.787663,223.43405,225.12923,10.0367365,12.95883,510.79538
91.80772,16.844732,224.8932,226.28958,10.107614,13.09913,515.65466
91.91072,16.889622,223.99075,225.68341,9.945335,13.066558,519.8283
92.013725,16.93451,223.08829,225.0772,9.783058,13.033988,523.2069
91.290764,17.127752,224.25713,227.13074,9.284122,12.892653,525.73376
90.567795,17.320997,225.42598,229.18427,8.785189,12.751318,522.42316
90.45004,17.38247,225.54704,229.46075,8.366287,12.363691,511.10028
90.33228,17.443943,225.66806,229.73727,7.9473863,11.976064,497.4971
90.269554,17.495823,224.81024,229.73941,7.6671553,11.726138,486.54617
90.20683,17.547707,223.95245,229.74158,7.3869247,11.476213,473.38098
90.80382,17.507828,222.37793,228.74364,6.983139,11.009021,453.0083
91.40081,17.467949,220.80342,227.74573,6.579353,10.541829,430.00436
91.70046,17.467377,222.84843,230.24481,6.562929,10.491708,428.91895
92.00011,17.466806,224.89346,232.7439,6.5465045,10.441588,427.2861
92.02345,17.468458,230.65422,237.59181,6.205733,10.100376,407.82822
92.0468,17.47011,236.415,242.43971,5.8649607,9.759164,387.52112
92.206856,17.387703,239.10504,245.44601,5.521936,9.187393,338.71286
92.36691,17.305298,241.79504,248.4523,5.1789107,8.615622,280.63608
92.9292,17.180988,247.3654,253.42545,5.110682,8.432844,264.20428
93.491486,17.056677,252.93573,258.39862,5.042454,8.250067,248.97919
93.90621,16.947508,257.21805,263.20215,4.6149287,7.596285,186.72325
94.320946,16.838339,261.50037,268.00565,4.187403,6.9425035,131.81358
94.36025,16.76004,267.46448,273.95602,4.1026073,6.7491274,118.151855
94.39955,16.681742,273.4286,279.9064,4.017811,6.5557513,106.34435
93.664856,16.629913,276.55725,283.38788,3.7350183,6.112694,87.90017
92.93016,16.578087,279.6859,286.8694,3.452226,5.6696367,82.022766
93.693535,16.70049,259.68018,266.08456,3.7216783,6.138912,97.2265
94.456924,16.822897,239.67444,245.29973,3.9911304,6.608188,124.04099
94.61285,16.782404,245.09229,250.49347,3.8522213,6.2986116,106.9449
94.768776,16.741913,250.51015,255.68723,3.7133117,5.989035,96.48435
94.98794,16.670404,254.45082,259.1947,3.768206,5.9643064,95.2724
95.2071,16.598898,258.3915,262.70215,3.8230994,5.9395776,93.763176
95.479126,16.514439,259.50107,265.42563,3.5728958,5.3397036,75.64404
95.75115,16.429981,260.6106,268.14908,3.3226922,4.739829,60.609737
95.52072,16.375046,260.46426,267.6857,3.2816107,4.5992875,59.28242
95.2903,16.320112,260.31796,267.2223,3.2405295,4.458746,58.80499
94.48498,16.267963,263.32904,269.0837,3.1470106,4.197909,58.288193
93.67967,16.215813,266.34015,270.94513,3.0534916,3.9370725,57.94299
92.35687,16.193638,267.15552,270.9758,3.1262314,3.9679909,62.285393
91.03408,16.171461,267.97083,271.00647,3.1989715,3.9989088,60.663475
90.13517,16.157059,264.9083,267.62436,3.0690658,3.8263018,49.727325
89.23626,16.142656,261.84576,264.24225,2.9391594,3.6536949,38.51832
89.04386,16.142841,253.54427,255.71593,3.1246107,3.8216321,44.210762
88.851456,16.143024,245.24277,247.18956,3.3100617,3.9895697,47.88812
88.76992,16.148996,245.26933,246.59882,3.7418306,4.4349313,60.242348
88.68837,16.154968,245.2959,246.00807,4.173599,4.8802924,73.48946
88.03419,16.114494,248.6032,249.14493,4.3345203,5.01597,76.04997
87.37999,16.074022,251.9105,252.28178,4.495442,5.1516476,79.0325
86.25139,16.01546,251.23543,251.52702,4.4354405,5.035207,70.25411
85.12279,15.9569,250.56035,250.77223,4.375439,4.918766,57.096855
84.48711,15.931915,250.95517,251.18098,4.14729,4.6551805,40.393036
83.851425,15.906931,251.34996,251.58975,3.9191418,4.391595,28.908428
83.57755,15.924293,246.81926,246.98311,3.4196842,3.8228724,18.326235
83.303665,15.941653,242.28856,242.37651,2.9202263,3.25415,18.486732
83.678024,15.962699,240.44394,240.4225,2.926008,3.2539423,17.791878
84.05238,15.983744,238.59932,238.46852,2.9317894,3.2537348,17.709948
84.57338,15.985833,235.87115,235.5675,2.7676861,3.0545163,17.333342
85.09438,15.987922,233.143,232.66649,2.6035826,2.8552973,16.978802
85.92323,15.932753,241.52344,241.13783,2.844157,3.12401,19.380287
86.752075,15.8775835,249.90387,249.60918,3.0847309,3.3927228,26.884975
86.10015,15.801058,207.24739,206.86601,2.1466863,2.315226,22.651075
85.44822,15.724531,164.59094,164.12285,1.2086418,1.237729,11.747222
85.12475,15.73245,122.98186,122.98982,2.1452253,2.2510016,10.20648
84.80129,15.74037,81.37277,81.856804,3.0818088,3.2642741,24.400213
85.37948,15.845555,94.74414,95.58174,3.336053,3.6627028,32.958622
85.957664,15.950741,108.11551,109.30669,3.5902965,4.061132,39.15217
87.763405,15.914583,108.2462,109.778305,3.9877481,4.5877953,50.845
89.569145,15.878425,108.3769,110.24995,4.3851995,5.114459,65.72145
91.961464,16.005745,109.319824,112.35388,4.842559,5.8867435,81.32768
94.35379,16.133066,110.26275,114.45781,5.299917,6.659028,93.118645
94.60612,16.28666,112.61758,119.90325,6.247372,7.91912,152.05263
94.858444,16.440252,114.972404,125.34868,7.194826,9.179211,223.10289
94.01338,16.326033,122.61444,127.246445,8.129891,10.290357,310.10168
93.16833,16.211813,130.25647,129.1442,9.064958,11.401501,413.69223
91.14941,15.283448,98.15116,82.65585,8.927577,10.568787,390.30856
89.13049,14.355084,66.04585,36.167496,8.790196,9.736072,327.9841
88.2143,14.159417,40.43017,20.740232,9.430052,10.447795,381.46088
87.2981,13.963748,14.814488,5.3129706,10.069906,11.159518,438.03006
85.95997,13.754786,146.98915,102.460075,10.230039,11.327755,465.1804
84.62183,13.545824,279.16382,199.6072,10.39017,11.495993,516.2492
84.42329,13.532892,278.42313,228.82738,9.883075,10.8882475,462.73996
84.22474,13.519961,277.68246,258.04758,9.375979,10.280502,370.7004
84.36006,13.599933,311.60406,302.04956,9.530152,10.471886,377.63763
84.49538,13.679904,345.52563,346.0515,9.684324,10.66327,376.0131
83.6753,13.643436,341.05728,341.38217,8.603816,9.373712,294.63715
82.855225,13.606971,336.58893,336.71286,7.5233083,8.084152,219.12279
82.47737,13.622262,325.84753,325.9845,7.5609517,8.093819,202.40837
82.09952,13.637553,315.10614,315.2562,7.5985956,8.103485,189.72876
80.80104,13.648671,302.83606,302.99442,7.7750845,8.294935,204.03119
79.50256,13.65979,290.56592,290.73267,7.951572,8.486383,220.88826
80.056786,13.7691765,283.5423,283.6932,8.264856,8.8856125,250.50287
80.611015,13.878564,276.51868,276.65375,8.578141,9.284841,276.80408
82.29653,13.87602,269.62582,269.84418,9.241713,10.132959,328.63348
83.98206,13.873477,262.73297,263.03464,9.905283,10.981077,404.65668
84.94866,13.8719225,264.23297,264.5635,10.529903,11.805333,471.22818
85.91526,13.870368,265.73297,266.09238,11.154524,12.629589,506.44446
85.665436,13.939376,266.88644,267.2667,11.717071,13.402285,532.0438
85.4156,14.008385,268.0399,268.441,12.279618,14.17498,549.00586
84.22262,14.043142,268.2167,268.71936,12.695585,14.782566,562.38184
83.02964,14.077902,268.39352,268.99774,13.111552,15.390153,570.0423
82.15389,14.138696,267.6079,268.00427,12.753525,14.891467,566.3349
81.278145,14.19949,266.82233,267.01074,12.395498,14.392782,560.507
80.631226,14.343099,264.97833,265.33423,12.492947,14.611339,562.9633
79.98431,14.486708,263.1343,263.6577,12.590395,14.829893,564.24506
77.915764,14.733231,263.50238,264.09326,12.710389,15.123463,564.6725
75.84722,14.979753,263.87048,264.52884,12.830384,15.417033,565.00037
74.79444,15.108606,262.55887,263.34082,12.525963,15.080263,560.89044
73.74165,15.23746,261.24725,262.15283,12.221542,14.743491,555.3143
74.11236,15.281351,263.1158,263.95377,12.580287,15.240224,560.9791
74.48307,15.325243,264.98438,265.75476,12.939033,15.736955,565.3702
75.31459,15.227614,265.6431,266.408,13.088421,15.872019,567.0291
76.14611,15.129988,266.30182,267.06125,13.237811,16.007086,568.41296
77.00346,15.03096,267.07886,267.8329,13.308976,16.04868,569.44604
77.86082,14.931932,267.8559,268.60452,13.380142,16.090273,569.7121
78.40842,14.809431,269.1365,269.8398,13.231945,15.81522,568.18335
78.95601,14.686931,270.41714,271.07504,13.083747,15.540169,566.5914
79.723114,14.562592,270.76172,271.4077,13.065167,15.459511,567.37384
80.49022,14.4382515,271.10626,271.74036,13.046588,15.378852,568.02765
80.42763,14.368618,272.06833,272.7288,12.700857,14.882643,563.61365
80.365036,14.298985,273.03036,273.7172,12.355126,14.386435,558.2263
80.719604,14.266979,271.9673,272.5664,12.168293,14.105713,554.7632
81.074165,14.234975,270.9042,271.41565,11.98146,13.82499,551.08936
81.36946,14.257551,271.20804,271.81082,11.531592,13.311437,541.2704
81.66476,14.280127,271.51184,272.206,11.081724,12.797883,527.6513
81.962975,14.231854,270.2294,270.92184,10.866086,12.480253,515.71375
82.261185,14.183582,268.94696,269.63766,10.650448,12.162624,500.8609
82.33853,14.16853,267.61844,268.25867,10.404826,11.819162,478.69644
82.41587,14.153476,266.28992,266.8797,10.1592045,11.475701,452.17395
82.38566,14.138244,263.7651,264.33298,9.968212,11.223458,431.23172
82.35544,14.123013,261.24023,261.7863,9.77722,10.971215,409.08026
82.855255,14.146749,257.98428,258.49045,9.920214,11.156661,421.6499
83.35509,14.1704855,254.72832,255.19458,10.063208,11.342108,436.98923
83.26395,14.131234,253.08463,253.73996,10.387926,11.794977,477.1164
83.17281,14.091983,251.44095,252.28532,10.712645,12.247848,507.4612
83.23386,14.022603,253.0491,253.89832,10.756957,12.271444,508.66077
83.2949,13.953223,254.65726,255.51132,10.80127,12.295039,509.7341
83.28057,13.856311,254.63136,255.37927,10.612815,12.021892,496.699
83.26624,13.759399,254.6055,255.24722,10.424359,11.748742,480.43283
82.56198,13.79062,254.46996,255.08469,10.461849,11.801421,485.9832
81.85772,13.821841,254.33443,254.92213,10.499338,11.8541,490.92157
81.46903,13.880918,250.29266,250.86852,10.814766,12.262371,515.91187
81.08035,13.939992,246.2509,246.81487,11.130194,12.670642,533.1256
81.75487,13.908131,245.14409,245.70692,11.3469925,12.957011,539.8126
82.42938,13.876267,244.03725,244.59895,11.563792,13.24338,545.1758
82.85904,13.908862,243.07048,243.59418,11.449663,13.107451,540.39526
83.288704,13.941457,242.1037,242.58936,11.335533,12.971522,535.2954
83.02964,14.048799,242.01141,242.5202,11.604105,13.369283,545.3205
82.770584,14.156141,241.91911,242.451,11.872675,13.767043,553.26117
82.29363,14.248014,240.85396,241.34758,12.06914,14.065798,558.186
81.81668,14.339887,239.78882,240.24413,12.265605,14.364553,561.5112
80.76912,14.478942,239.54146,240.0892,12.312284,14.52793,563.0757
79.72156,14.617998,239.29407,239.93428,12.358964,14.691307,563.5238
79.88805,14.759206,239.93849,240.46362,12.364364,14.753393,563.62384
80.054535,14.900414,240.58289,240.99292,12.369761,14.815479,563.52527
79.37284,15.144738,239.99689,240.68858,12.17972,14.701975,562.09906
78.69116,15.389062,239.4109,240.38423,11.989676,14.588469,560.86945
78.93708,15.494409,238.46368,239.59315,11.934013,14.583549,560.6964
79.18301,15.599755,237.51648,238.80203,11.87835,14.578629,560.3171
79.50989,15.626821,237.78694,238.95651,11.750328,14.427295,558.8616
79.83676,15.653886,238.05737,239.111,11.622308,14.275961,557.15936
79.86777,15.684246,240.22188,241.33531,11.864717,14.610245,560.07135
79.89878,15.714606,242.38635,243.55963,12.107126,14.944527,562.68335
79.88236,15.686198,241.96115,243.05191,12.26417,15.130666,564.5598
79.86594,15.657789,241.53593,242.54419,12.421214,15.316804,566.3882
80.43046,15.547198,241.68509,242.61131,12.783316,15.73851,569.0723
80.994965,15.436607,241.83424,242.67847,13.145415,16.160215,572.47296
81.81352,15.323977,243.45125,244.38327,13.192165,16.167984,572.75037
82.63209,15.211349,245.06824,246.08812,13.238915,16.175753,573.1159
83.30594,15.125705,248.01785,248.98715,13.099222,15.955208,571.4951
83.97979,15.040062,250.96744,251.88622,12.959529,15.734664,569.06274
82.6393,15.009868,251.39622,252.20305,13.231596,16.045326,572.5879
81.29881,14.9796715,251.82501,252.51988,13.503664,16.35599,574.33124
81.66279,14.900933,254.28572,255.1114,13.135171,15.839564,571.52844
82.02677,14.822194,256.74646,257.70294,12.766676,15.323139,567.58527
82.42688,14.789805,258.1441,259.02548,12.466488,14.893753,563.0213
82.826996,14.757416,259.54175,260.34802,12.1663,14.464368,557.60175
83.26201,14.714605,260.5244,261.2534,11.666995,13.757944,546.5389
83.697014,14.671793,261.50705,262.1587,11.167689,13.05152,529.66583
83.94073,14.643538,262.53894,263.1643,10.761564,12.482161,507.64227
84.18444,14.615285,263.57086,264.16992,10.35544,11.9128,471.2505
84.25805,14.594011,263.73294,264.2264,10.147705,11.601133,445.815
84.33166,14.572736,263.89505,264.2829,9.939969,11.289466,418.0083
84.43339,14.5618105,263.4011,263.81436,9.789886,11.105453,400.87033
84.53512,14.550885,262.90717,263.3458,9.639806,10.921437,382.69543
84.6163,14.56736,261.8157,262.30222,9.334617,10.534671,342.94736
84.697495,14.583835,260.72427,261.25864,9.029428,10.147903,304.11377
85.18809,14.589216,258.8414,259.385,8.8321295,9.899322,277.37152
85.67867,14.594598,256.95856,257.51132,8.634831,9.650741,253.12228
86.27943,14.587596,254.10007,254.64409,8.77852,9.824072,267.60788
86.88017,14.580594,251.24158,251.77681,8.922209,9.997404,290.16226
86.96728,14.599859,248.63524,249.12158,8.860125,9.928764,285.5674
87.05439,14.619124,246.02892,246.46635,8.79804,9.860126,281.2343
86.62951,14.705649,243.25847,243.74908,8.7291,9.800735,272.63498
86.20462,14.792174,240.48802,241.03185,8.660161,9.741346,266.3334
86.29411,14.861836,238.52956,239.08755,9.012655,10.208703,310.9384
86.383606,14.931498,236.5711,237.14328,9.365151,10.67606,359.09067
86.31861,15.025669,234.61307,235.26636,9.386071,10.776379,369.65433
86.25361,15.119839,232.65503,233.38942,9.406991,10.876697,381.0363
85.88758,15.250447,234.44714,235.20943,9.487669,11.079591,401.5991
85.52155,15.381055,236.23927,237.02942,9.568348,11.282485,421.59494
85.8171,15.386778,237.11688,237.88991,9.524279,11.268037,419.6962
86.112656,15.3925,237.99449,238.75038,9.480209,11.253588,418.1546
84.45093,15.274768,238.67723,239.32475,9.956692,11.751078,464.77222
82.7892,15.157036,239.36,239.8991,10.433173,12.248568,501.89273
83.15589,15.24582,233.77815,234.32158,9.7617035,11.466948,453.01822
83.522575,15.334604,228.19627,228.74408,9.090233,10.685327,390.5824
82.69433,15.479733,224.56232,225.2361,10.042282,12.005679,493.68646
81.86607,15.62486,220.92838,221.72809,10.994332,13.326031,542.0433
82.80276,15.621711,220.95638,221.71431,11.538845,14.06442,554.2188
83.73943,15.618561,220.9844,221.70052,12.083357,14.802809,564.023
82.24878,15.6226425,221.36305,222.19067,12.2942095,15.0845785,566.36725
80.75812,15.626726,221.74171,222.6808,12.505064,15.366347,569.1172
81.42422,15.660295,223.4578,224.3326,12.68309,15.671143,571.79736
82.090324,15.693865,225.17386,225.98439,12.861116,15.975938,573.9885
82.90384,15.668909,226.66518,227.4141,13.000948,16.13872,574.7962
83.717354,15.643955,228.15652,228.84381,13.14078,16.301502,575.16473
84.49044,15.575527,229.47775,230.23387,13.121851,16.235159,574.06934
85.26353,15.5071,230.799,231.62392,13.102921,16.16882,572.55273
85.36152,15.492466,227.57472,228.35118,13.592031,16.86937,576.5924
85.45951,15.47783,224.35043,225.07845,14.0811405,17.56992,577.72766
86.05802,15.448105,226.88148,227.60085,13.92344,17.327707,575.64453
86.656525,15.41838,229.41255,230.12325,13.76574,17.085491,574.0372
87.19633,15.387902,229.73308,230.59009,13.388069,16.573599,571.5979
87.73614,15.357426,230.05363,231.05692,13.010395,16.061705,568.55066
88.07763,15.370207,231.39262,232.41591,12.773447,15.7393465,565.24384
88.41913,15.382989,232.73161,233.7749,12.536498,15.416989,561.8728
88.70585,15.39696,231.43547,232.50919,12.42496,15.308628,560.5673
88.99255,15.410933,230.13936,231.24348,12.313422,15.200265,559.2414
89.17814,15.440514,230.54054,231.61905,12.444375,15.381812,559.5294
89.36371,15.470096,230.94173,231.99466,12.575327,15.563359,559.61444
89.70719,15.468755,232.01196,233.03648,12.594088,15.592918,558.3562
90.050674,15.467414,233.08218,234.07831,12.612848,15.6224785,557.04193
90.46431,15.460584,233.68031,234.69626,12.698827,15.737658,555.87054
90.877945,15.453755,234.27847,235.3142,12.784806,15.852835,554.61975
90.56243,15.526467,234.16354,235.21313,13.009582,16.211166,557.3738
90.24692,15.599178,234.04865,235.11208,13.23436,16.569496,560.119
90.377754,15.589435,233.91707,234.99135,13.126419,16.427591,559.09906
90.5086,15.579692,233.78548,234.87059,13.018479,16.285685,558.0974
90.49054,15.628622,233.9294,235.03833,12.928997,16.198797,557.73236
90.47247,15.677554,234.07333,235.2061,12.839515,16.111908,557.34674
90.4992,15.70463,234.87498,236.0932,12.774442,16.02858,556.4519
90.52593,15.731707,235.67665,236.98033,12.709368,15.945251,555.4843
90.412254,15.816706,236.8532,238.16875,12.686211,16.006994,556.38855
90.29857,15.901707,238.02974,239.35715,12.6630535,16.068737,557.3325
90.56511,15.987272,237.2093,238.65985,12.56177,16.013844,556.117
90.83165,16.072838,236.38887,237.96255,12.460485,15.958951,555.1774
90.665985,16.195284,236.80078,238.31454,12.431861,16.046154,556.4671
90.50031,16.317728,237.21269,238.66653,12.403238,16.133358,557.5585
90.13598,16.480947,237.98473,239.8276,12.230693,16.130886,559.1035
89.77165,16.644169,238.75679,240.9887,12.058147,16.128416,560.74335
89.62115,16.785383,241.30794,244.14377,11.41678,15.8424635,560.50653
89.470634,16.9266,243.85907,247.29881,10.7754135,15.556512,558.1767
89.30363,16.963612,246.82976,250.55188,10.448027,15.314085,555.8958
89.13662,17.000624,249.80048,253.80495,10.12064,15.071658,553.8688
88.87667,17.024641,249.41696,253.27702,9.84152,14.717545,550.96466
88.616714,17.048658,249.03342,252.7491,9.562402,14.363431,547.0921
88.49412,17.065346,247.03369,250.54665,9.833232,14.73476,553.2819
88.371506,17.082033,245.03398,248.34415,10.104063,15.106089,558.0151
89.02944,16.990881,244.34314,247.74684,10.224953,15.066606,555.732
89.687386,16.899725,243.65233,247.14957,10.345842,15.0271225,553.7956
90.11351,16.820673,242.72267,246.1658,10.339553,14.858886,552.1074
90.53963,16.741617,241.79305,245.18204,10.333262,14.690647,550.28955
90.52772,16.72677,241.84839,245.05789,10.430883,14.722205,550.8999
90.51581,16.711924,241.90378,244.93375,10.528505,14.753762,551.36127
90.61265,16.650541,244.23157,247.02881,10.75892,14.7998495,550.5326
90.70949,16.589159,246.5594,249.1239,10.989334,14.845936,549.3721
90.48033,16.673674,246.89691,249.11168,10.997891,14.725947,547.61237
90.25118,16.758188,247.23444,249.09947,11.006448,14.605959,545.5788
90.24824,16.68682,247.42781,249.20282,10.982976,14.512046,544.48346
90.245285,16.61545,247.6212,249.30621,10.959503,14.418134,543.2913
90.13089,16.570526,245.90211,247.49707,11.022271,14.439694,544.1845
90.01649,16.5256,244.18301,245.68794,11.085038,14.461256,544.9456
89.8953,16.456778,243.64586,245.15918,11.313745,14.67614,547.9393
89.77412,16.387953,243.10869,244.63045,11.542451,14.891023,550.2245
89.274055,16.36815,244.6112,246.05782,11.724692,15.106951,553.6109
88.774,16.348349,246.11374,247.48518,11.906934,15.32288,556.9948
88.04429,16.33422,247.88333,249.3307,11.833421,15.190843,558.0862
87.31458,16.320093,249.65291,251.1762,11.759908,15.058805,557.7771
86.7217,16.291533,249.65475,251.20894,11.280583,14.379592,550.4486
86.128815,16.262972,249.6566,251.24171,10.801258,13.700379,539.611
85.88197,16.214249,251.29141,252.91618,10.547748,13.320501,531.01404
85.63514,16.165524,252.92621,254.59067,10.294237,12.940622,520.7073
85.39431,16.144611,254.5931,256.3217,10.149636,12.730835,514.06146
85.15348,16.123697,256.26,258.0527,10.0050335,12.521046,505.94827
85.19522,16.11445,256.48795,258.3438,9.812673,12.275435,493.82208
85.23695,16.105204,256.71585,258.63492,9.620311,12.029823,479.87146
85.47911,16.07875,255.31476,257.32013,9.3511,11.702414,458.51352
85.72125,16.052296,253.9137,256.00537,9.081889,11.375004,434.38596
85.96267,16.05302,254.27087,256.4274,9.095875,11.468251,443.22455
86.204094,16.053745,254.62808,256.84946,9.10986,11.561498,451.92847
86.353455,16.09255,252.51674,255.60248,8.8197775,11.408528,447.25406
86.50282,16.131357,250.40541,254.35551,8.529694,11.255559,441.7463
86.82124,16.173779,247.41502,251.86838,8.591706,11.461421,457.77393
87.13967,16.2162,244.42465,249.38127,8.65372,11.667282,471.80008
87.32478,16.310724,242.69681,248.13544,8.491952,11.585322,467.23
87.509895,16.405249,240.96898,246.88962,8.330184,11.503365,462.65527
87.17363,16.57655,237.77472,244.6799,7.974794,11.276814,448.40216
86.83736,16.747849,234.58046,242.47023,7.619404,11.050265,431.30048
86.79707,16.867603,235.59131,242.71677,7.6907635,11.306072,448.0075
86.756775,16.987356,236.60216,242.9633,7.7621217,11.561877,463.42163
86.795334,17.088884,241.34343,247.18753,7.84896,11.817638,477.8278
86.83389,17.190413,246.08472,251.41174,7.935797,12.073398,490.5915
87.13145,17.219358,249.31265,254.70801,7.409766,11.5312195,465.6089
87.42899,17.248304,252.54063,258.0043,6.8837357,10.989042,438.24362
87.70993,17.21814,258.42554,263.64038,6.5775933,10.61682,419.75546
87.99087,17.187973,264.3104,269.2765,6.271451,10.244599,402.89447
88.39907,17.110071,264.21106,269.72507,5.9197416,9.722541,366.8849
88.80728,17.032167,264.11166,270.1736,5.5680313,9.200483,321.09097
89.136986,16.955761,270.32486,275.2839,5.5269384,9.08809,313.54803
89.46669,16.879354,276.53806,280.39417,5.485846,8.975697,305.58704
89.97682,16.71553,288.23666,292.07,5.052946,8.208491,223.81367
90.48696,16.551706,299.9353,303.74588,4.620046,7.441283,166.01848
91.43335,16.29505,270.44263,263.7447,4.339218,6.5173903,126.1958
92.37975,16.038393,240.95,223.74352,4.058389,5.593497,98.72533
89.45702,14.824249,155.20505,146.67502,6.530506,7.7041907,175.85013
86.5343,13.610104,69.46012,69.60648,9.002624,9.814885,325.84296
85.06817,13.667044,72.434875,72.59382,8.6951685,9.455537,311.1465
83.60205,13.723985,75.40964,75.58117,8.387713,9.096189,283.38504
83.35657,13.722756,78.42507,78.63156,8.287671,8.973925,270.42282
83.11109,13.721526,81.4405,81.68197,8.187628,8.851661,257.84393
82.32045,13.746827,81.18332,81.42328,7.8679905,8.498291,230.52795
81.52981,13.772128,80.926125,81.164604,7.548353,8.144919,200.43483
81.39985,13.808361,86.684296,86.90864,7.265625,7.8350677,179.75044
81.2699,13.844594,92.44247,92.65269,6.9828978,7.525215,164.8428
81.314674,13.872827,94.92186,95.20655,6.846666,7.3752995,158.77802
81.35944,13.901058,97.40124,97.76041,6.710434,7.2253833,152.88553
81.57891,13.970568,101.51467,101.861046,6.738521,7.2659826,157.56853
81.798386,14.040076,105.62811,105.961685,6.7666078,7.306581,161.85065
81.87974,14.128124,109.26822,109.82073,6.784281,7.3304625,164.65475
81.9611,14.216173,112.90833,113.67977,6.8019533,7.354343,168.41707
82.13897,14.29716,116.05157,116.81617,7.1261373,7.7462773,191.4221
82.31685,14.378147,119.194786,119.95259,7.4503193,8.138211,210.27339
82.36618,14.517723,121.3666,122.15988,7.465869,8.202753,214.62234
82.41551,14.657301,123.53839,124.3672,7.481418,8.267293,219.08458
82.57691,14.814392,125.51718,126.35004,7.563246,8.424108,229.27898
82.73831,14.971482,127.49595,128.33284,7.6450734,8.580923,239.15189
83.156265,15.096799,132.62964,133.41286,7.9981823,9.069547,263.76935
83.57421,15.222117,137.76334,138.49284,8.351293,9.558171,291.9009
84.28406,15.36167,142.62723,143.33008,8.421189,9.745926,302.55487
84.99391,15.501224,147.49113,148.16728,8.491088,9.93368,315.87732
85.57077,15.738683,154.39395,154.74142,8.385275,10.054071,332.46588
86.14763,15.976142,161.2968,161.31552,8.279462,10.174462,346.33636
87.47936,16.081656,165.05103,165.65665,8.132084,10.262724,353.26636
88.811104,16.187172,168.80527,169.99777,7.984705,10.350985,366.01727
89.872795,16.18584,172.08163,173.23022,7.80545,10.127363,352.60617
90.9345,16.18451,175.358,176.46272,7.626194,9.903742,341.56903
91.829445,16.243694,178.64828,181.12381,7.1897936,9.712349,348.942
92.72438,16.30288,181.93855,185.78493,6.753393,9.520956,355.37265
93.28084,16.329311,196.40504,201.45581,6.1201925,8.92469,328.0592
93.837296,16.355743,210.87152,217.12666,5.486991,8.328424,281.46295
91.5067,16.363201,227.28957,233.68507,5.316736,8.232374,236.49268
89.17611,16.370659,243.70763,250.24345,5.146481,8.136325,205.76678
87.686035,16.416315,248.80072,255.05824,5.3654923,8.530657,245.01666
86.19595,16.461971,253.89381,259.87305,5.584503,8.924991,285.26486
85.91853,16.518341,260.60352,266.1241,5.8892064,9.315366,323.17108
85.64112,16.574709,267.31326,272.3752,6.19391,9.705741,359.85696
85.775024,16.558893,270.5467,275.19235,6.099881,9.590998,352.07635
85.908936,16.543077,273.78015,278.00952,6.0058517,9.4762535,344.60953
86.2427,16.504122,274.69452,279.35562,5.939732,9.309553,328.84644
86.57647,16.465166,275.60895,280.70172,5.873612,9.142853,312.2995
86.84385,16.414984,275.74146,281.29202,5.8443103,9.036364,300.6909
87.11122,16.364803,275.874,281.8823,5.8150086,8.929875,289.35577
84.51552,16.490002,272.96597,278.4868,7.1544247,10.628466,428.5728
81.91982,16.6152,270.05792,275.0913,8.49384,12.327057,498.91336
82.41805,16.518433,271.6565,276.90417,8.203294,11.892689,485.26166
82.91629,16.421665,273.25504,278.71707,7.9127464,11.458322,468.1914
83.552925,16.37115,272.0724,277.3704,7.78812,11.283675,462.73892
84.18957,16.320635,270.88974,276.02368,7.663492,11.10903,455.31647
84.85185,16.261936,272.82703,277.5319,7.5640025,10.995308,453.64844
85.51414,16.203241,274.76434,279.0401,7.4645123,10.881587,451.58786
86.17731,16.158588,276.07867,279.85532,7.400023,10.809656,450.23294
86.84047,16.113935,277.393,280.67053,7.3355336,10.737727,447.9829
87.6392,16.062084,278.85254,281.89926,7.3334904,10.737577,450.1844
88.43793,16.010233,280.3121,283.12796,7.331447,10.737429,452.4272
88.5551,16.04131,286.79953,289.56207,7.39921,10.9417925,469.37305
88.67228,16.072388,293.28696,295.99615,7.4669724,11.146157,483.3943
89.26242,16.05819,292.71622,296.5117,7.424768,10.989191,473.39288
89.85257,16.043993,292.1455,297.02722,7.3825645,10.832224,461.2799
90.497856,15.998194,289.60333,295.09464,6.981748,10.242047,419.53467
91.14314,15.952396,287.0612,293.16202,6.5809326,9.65187,368.48566
90.99326,15.981755,293.3621,298.9217,6.4258447,9.578912,370.5915
90.84339,16.011116,299.66302,304.6814,6.270757,9.505953,369.3572
91.02476,15.987138,297.30087,303.41864,5.6822195,8.664349,286.12897
91.20612,15.963161,294.93878,302.15588,5.093682,7.822744,191.96535
91.38772,15.929783,291.56558,299.21484,4.983257,7.603018,167.92996
91.569305,15.896406,288.19238,296.2738,4.8728313,7.3832912,148.7192
91.837845,15.861135,288.53638,296.61493,4.8324103,7.2579465,139.56454
92.106384,15.825863,288.88037,296.95602,4.79199,7.1326017,131.28426
92.328606,15.790778,291.70444,299.83347,4.5864663,6.8008313,115.81791
92.55083,15.755693,294.5285,302.7109,4.380943,6.469061,103.023285
92.726875,15.719314,299.0055,306.92242,4.1165624,6.013491,87.05003
92.90292,15.682936,303.48245,311.13394,3.852182,5.557922,74.6806
93.17654,15.631686,302.66904,311.6369,3.3277633,4.715013,51.99554
93.450165,15.580437,301.85565,312.13986,2.803345,3.8721044,37.254524
93.66588,15.5436125,294.86444,304.1952,2.803787,3.7248461,38.19019
93.881584,15.506788,287.8732,296.25055,2.8042293,3.5775883,39.14223
93.988716,15.494496,278.73715,286.80807,2.8558745,3.6627066,43.392796
94.09586,15.4822035,269.60107,277.36563,2.9075193,3.7478256,47.99072
94.1056,15.496638,263.16397,271.05014,2.9286964,3.8246703,50.414963
94.11534,15.511071,256.72684,264.73465,2.9498734,3.9015145,53.45144
94.00414,15.556142,251.46521,260.79025,2.8487751,3.872962,54.65836
93.89294,15.601213,246.2036,256.84586,2.747677,3.8444102,52.20947
93.737724,15.64631,239.28853,250.67311,2.712919,3.890996,52.032436
93.58252,15.691406,232.37341,244.50037,2.678161,3.937582,52.0871
93.3562,15.750547,225.44714,236.55318,2.7051384,4.0993176,51.83009
93.12988,15.8096895,218.52086,228.60603,2.7321167,4.2610536,51.194904
93.01866,15.864586,212.61601,221.76805,2.8155363,4.5987697,50.77134
92.90744,15.919484,206.71115,214.93007,2.898956,4.9364853,50.33057
93.0065,15.987728,201.52144,210.04044,3.2398996,5.5003524,59.72566
93.10557,16.055971,196.33174,205.15079,3.5808432,6.0642185,76.74919
93.30695,16.199049,193.01608,199.34322,4.7256246,7.648682,204.06862
93.50833,16.342125,189.70041,193.53563,5.8704057,9.233147,368.3562
93.07807,16.363815,192.76541,197.09483,6.2960443,9.73648,406.94507
92.64781,16.385504,195.83043,200.65402,6.7216835,10.239815,438.1442
92.68045,16.379784,202.01817,208.43855,6.7432256,10.197549,436.11276
92.7131,16.374063,208.20592,216.22304,6.764768,10.155281,432.19238
92.90521,16.339905,215.58093,223.75142,6.38958,9.742606,406.74008
93.09733,16.305744,222.95593,231.27983,6.014392,9.329931,374.43796
92.77361,16.283064,227.74707,235.86884,5.899237,9.200783,356.38867
92.4499,16.260384,232.53818,240.45786,5.784082,9.071634,336.99246
91.7868,16.249454,237.05186,245.68993,5.8413796,9.162388,333.57043
91.12371,16.238525,241.56558,250.92203,5.8986773,9.253143,331.38065
89.94419,16.275732,244.18565,253.86292,5.910675,9.310711,326.8531
88.76466,16.31294,246.80573,256.80377,5.9226737,9.368279,327.67023
87.74715,16.322872,247.7691,257.8211,5.724136,9.100229,301.5405
86.72963,16.332804,248.7325,258.83844,5.5255976,8.832181,274.5433
85.98407,16.338165,246.06178,257.27945,5.2182465,8.392734,226.18892
85.23851,16.343527,243.39108,255.72047,4.910895,7.9532866,189.13118
84.96253,16.353249,234.56029,246.20222,5.0656576,7.9976125,195.87837
84.68656,16.362972,225.7295,236.68394,5.220421,8.041938,202.58002
84.12792,16.372007,223.06091,232.54445,5.5669203,8.549256,248.82802
83.56928,16.381042,220.39232,228.40494,5.9134197,9.056573,299.02707
83.285706,16.36765,218.94994,224.86388,6.5048456,9.762259,353.00497
83.00213,16.354254,217.50755,221.3228,7.096272,10.467944,405.60138
82.97104,16.27649,220.31078,223.14767,6.965715,10.234286,390.7071
82.93995,16.198723,223.114,224.97256,6.835157,10.000629,375.22098
82.30135,16.23642,226.29124,228.70004,6.658143,9.985012,373.82632
81.66274,16.274115,229.4685,232.42747,6.48113,9.969396,368.02148
80.872284,16.379892,224.64558,229.07379,6.6713758,10.306982,388.8735
80.08182,16.48567,219.82268,225.72014,6.8616214,10.644569,407.3657
80.21303,16.626717,216.44118,223.05042,7.2673726,11.212322,443.7086
80.34423,16.767763,213.05968,220.38072,7.6731224,11.780076,474.74265
81.241684,16.88122,214.98267,221.90417,7.9935417,12.260012,497.93985
82.13914,16.994677,216.90567,223.42763,8.313961,12.739947,514.73175
82.88547,17.07791,221.1999,227.28415,8.527567,13.142389,527.74664
83.631805,17.161142,225.49413,231.14062,8.741172,13.54483,539.14124
83.119255,17.215345,229.57661,234.97597,8.967435,13.969979,547.46967
82.606705,17.269548,233.65909,238.8113,9.193699,14.395128,553.6383
82.628174,17.249535,234.45135,239.13937,9.4816475,14.751059,560.02045
82.64965,17.229523,235.2436,239.46744,9.769595,15.106989,565.0556
83.16584,17.147459,236.92024,241.28996,9.9753475,15.256852,567.71265
83.68202,17.065395,238.59685,243.11249,10.181098,15.4067135,569.4853
84.1334,17.002089,239.38663,243.51004,10.43312,15.666225,571.8218
84.58478,16.938786,240.17642,243.90758,10.685142,15.925737,573.8286
85.18264,16.847155,238.86517,242.38438,10.9046135,16.127987,574.98096
85.7805,16.755527,237.55391,240.86119,11.124085,16.330236,575.6456
85.63529,16.697723,237.91576,240.98558,11.195552,16.063696,574.7568
85.49008,16.63992,238.27757,241.10999,11.267017,15.797154,573.2513
84.07049,16.420452,237.34442,239.62772,11.639541,15.848881,573.39935
82.65089,16.200985,236.41124,238.14545,12.012063,15.900609,573.0596
83.81684,16.076202,237.35374,239.05312,11.953485,15.714739,572.67346
84.982796,15.951419,238.29625,239.96082,11.894904,15.528869,571.4546
85.762245,15.87163,237.98521,239.61075,11.8828535,15.466774,570.6539
86.54169,15.79184,237.6742,239.26067,11.870803,15.40468,570.1737
87.34307,15.732238,238.54553,240.2082,12.245021,15.854517,570.603
88.14446,15.672638,239.41687,241.15578,12.619241,16.304354,569.35724
88.898674,15.63948,236.49043,238.29701,12.564559,16.190968,567.0875
89.65289,15.606322,233.56398,235.43825,12.509877,16.077581,564.4951
89.93092,15.62738,232.16281,234.02197,12.519706,16.115065,563.66785
90.20896,15.648437,230.76164,232.60567,12.529533,16.152548,563.0581
90.784485,15.648939,230.98701,232.77054,12.245396,15.805666,560.45636
91.35999,15.649442,231.21237,232.93542,11.961258,15.458786,556.96576
91.47534,15.663975,231.27254,233.23453,11.9112425,15.414226,556.3004
91.5907,15.678507,231.33272,233.5336,11.861226,15.369665,555.6395
90.99845,15.736577,232.05708,234.30702,12.230515,15.914422,559.9829
90.406204,15.794647,232.78145,235.08046,12.599804,16.459179,562.67957
90.57542,15.663409,241.37396,243.1903,12.008544,15.51318,557.9966
90.74462,15.532172,249.96646,251.30019,11.417285,14.56718,547.4216
88.47006,15.1022835,268.57382,269.74246,9.595456,11.934078,474.41718
86.19552,14.672394,287.18118,288.18472,7.773628,9.300976,277.62918
83.57006,14.219761,296.01956,296.67197,6.9644265,8.05424,182.1008
80.9446,13.767126,304.85794,305.1592,6.155225,6.807504,125.082825
78.67082,13.612983,305.42493,305.7385,6.4430323,7.0634255,122.63653
76.39703,13.458838,305.99197,306.31778,6.730839,7.3193464,136.04602
74.02274,13.119315,310.24176,310.50046,7.2654696,7.89192,176.86127
71.64845,12.779792,314.49155,314.6831,7.800099,8.464494,232.40288
70.54536,12.659027,314.53748,314.7254,7.5151124,8.129146,214.4056
69.44225,12.538261,314.58337,314.76767,7.2301254,7.7937965,196.65547
68.06922,12.6458845,313.00604,313.2315,7.351168,7.9695854,213.83272
66.69619,12.753506,311.42868,311.6954,7.4722104,8.145375,226.36183
65.21562,12.896546,311.7739,311.94086,7.840123,8.59334,258.52936
63.735054,13.039588,312.11908,312.18637,8.208035,9.041306,290.69595
64.234695,13.114335,310.69464,310.6443,8.380162,9.223316,310.0088
64.73432,13.189083,309.27017,309.1022,8.552289,9.405328,328.9196
66.40116,13.133174,307.696,307.48962,8.517109,9.335717,330.71204
68.068,13.077264,306.12192,305.87698,8.481928,9.266108,326.12036
67.7234,13.002382,305.5953,305.28104,8.464071,9.207868,322.88382
67.3788,12.927501,305.0687,304.6851,8.446214,9.149628,320.35382
66.884125,12.824056,305.54205,305.2797,8.326896,8.984477,308.79202
66.38945,12.720612,306.0154,305.8743,8.207579,8.819328,295.4867
65.87136,12.634514,306.2077,306.1406,7.8899927,8.454422,261.51224
65.35328,12.548418,306.4,306.40692,7.572407,8.089516,231.42561
64.92497,12.539264,309.01523,309.07944,7.413292,7.919175,215.63432
64.496666,12.530111,311.63046,311.75192,7.2541757,7.748835,201.32661
63.94983,12.530103,314.26672,314.37674,7.1393623,7.616563,190.78638
63.402996,12.530096,316.90295,317.00153,7.024549,7.4842896,181.90628
65.66545,12.587891,317.60452,317.70407,6.6296697,7.020931,152.20468
67.92792,12.645683,318.3061,318.40662,6.2347913,6.557572,125.369804
67.396484,12.623378,317.78543,317.9091,5.8348255,6.12422,105.194275
66.86504,12.601073,317.26477,317.41156,5.4348598,5.6908684,89.364365
67.21425,12.607328,318.40643,318.57846,5.3779244,5.6278143,87.75066
67.56345,12.613584,319.54813,319.74536,5.3209896,5.5647597,86.31725
67.95446,12.601807,319.64175,319.89584,5.12275,5.348225,79.72173
68.34547,12.59003,319.7354,320.0463,4.92451,5.13169,73.130394
68.4444,12.5777,319.12936,319.51645,4.4281936,4.6029825,60.82387
68.54331,12.565369,318.52332,318.98663,3.9318774,4.074274,48.763653
68.3828,12.553465,320.56485,321.14697,3.3935716,3.5027704,38.385475
68.22229,12.541561,322.6064,323.3073,2.8552654,2.931267,32.28608
68.16063,12.545588,322.7763,323.6973,2.3854177,2.43769,28.62148
68.09897,12.549615,322.9462,324.0873,1.9155698,1.9441125,25.58716
67.59475,12.578323,310.93988,307.3145,1.6256332,1.6413198,20.018911
67.09053,12.607032,298.9336,290.5417,1.3356963,1.3385268,16.194393
66.96001,12.652924,308.96863,290.52505,1.3779422,1.383099,21.461252
66.829475,12.698814,319.00363,290.5084,1.4201882,1.4276707,28.259405
66.88018,12.738363,314.2584,300.80103,1.39414,1.398888,23.06404
66.93089,12.77791,309.51315,311.09363,1.3680917,1.3701056,19.238918
66.88723,12.806267,297.6492,298.90134,1.2588402,1.2535751,13.088415
66.84356,12.834625,285.78522,286.709,1.1495883,1.1370443,10.5304
66.71189,12.853697,268.23578,267.8885,1.1337272,1.121254,11.963627
66.58024,12.872768,250.68634,249.06792,1.117866,1.1054636,14.500125
66.30226,12.89896,237.79019,235.71442,1.2295673,1.2312642,13.336388
66.02429,12.925151,224.89404,222.36096,1.3412684,1.3570652,12.803649
65.89775,12.9626875,223.7613,221.94128,1.5483649,1.5759482,13.242365
65.77122,13.000223,222.62857,221.5216,1.7554613,1.7948309,13.859267
65.48844,13.045349,224.3472,223.13605,1.8319962,1.8775458,13.660758
65.20567,13.090475,226.06586,224.75049,1.908531,1.9602606,13.858202
64.85192,13.129604,222.70607,221.53873,1.9392864,2.0040936,14.651032
64.49818,13.168735,219.34627,218.32697,1.970042,2.047927,15.135784
64.35902,13.225966,216.2006,215.40805,2.2460704,2.3440318,17.098476
64.21985,13.283199,213.05493,212.48915,2.522099,2.640136,19.662434
64.9747,13.367844,208.06046,207.63287,2.9433212,3.0921116,28.502655
65.729546,13.452487,203.06601,202.77663,3.364544,3.544087,40.146885
66.63364,13.584354,203.12447,202.82823,3.770928,3.98234,52.882114
67.53773,13.71622,203.18294,202.87982,4.1773114,4.4205933,64.326866
68.68213,13.865434,205.42502,205.08743,4.727909,5.018326,82.01306
69.82653,14.014648,207.66711,207.295,5.2785063,5.6160583,99.59714
70.95515,14.20338,207.99216,207.64972,5.7752533,6.1774483,126.55105
72.083755,14.392111,208.31717,208.00441,6.272,6.738838,156.93246
73.64567,14.510754,213.53198,213.218,6.7835937,7.338107,185.87244
75.20759,14.629397,218.74681,218.43161,7.2951865,7.9373755,216.7947
76.30941,14.783116,218.4505,218.20653,7.3336587,8.016665,224.94131
77.41124,14.936835,218.15419,217.98145,7.3721313,8.095957,227.74184
78.785736,14.998589,216.90976,216.76993,7.5145836,8.281582,235.40282
80.16024,15.060343,215.66533,215.55841,7.6570373,8.467208,246.1952
84.94438,14.903093,221.17914,221.10083,7.342242,8.108675,186.16129
89.72852,14.745843,226.69295,226.64326,7.0274463,7.750143,160.76747
89.69712,14.682057,224.0434,224.01038,7.165588,7.883075,169.03972
89.665726,14.618273,221.39386,221.3775,7.3037295,8.016008,177.98804
90.06922,14.557319,217.00667,217.02805,7.314897,8.016382,180.79222
90.472725,14.496365,212.61945,212.67857,7.326065,8.016756,184.14682
89.637764,14.734919,211.67569,211.69719,7.44114,8.225169,188.72963
88.80281,14.973474,210.73192,210.71582,7.5562162,8.433583,196.91391
89.37616,15.17898,206.47546,206.59454,7.805458,8.855388,225.7596
89.9495,15.384487,202.21901,202.47328,8.054699,9.27719,256.87524
91.47071,15.414713,199.23218,199.54652,8.254531,9.640227,299.66455
92.99193,15.44494,196.24536,196.61975,8.454361,10.003264,338.89194
92.322556,15.660368,201.34785,202.08981,9.941837,12.100399,472.5136
91.65318,15.875796,206.45035,207.55983,11.429313,14.1975355,537.31995
91.85977,16.007011,209.0493,209.93617,11.306828,14.164249,538.17255
92.06636,16.138227,211.64824,212.31253,11.184341,14.130962,538.5176
92.63882,16.202396,207.23969,208.04836,10.200266,13.084215,519.9559
93.21127,16.266563,202.83113,203.78416,9.216189,12.037468,496.48853
92.20539,16.482601,213.53082,214.42946,10.86785,14.26009,545.77423
91.19951,16.698639,224.2305,225.07475,12.519512,16.482712,558.451
90.81087,16.737844,226.13246,226.80173,12.61005,16.603655,558.6835
90.422226,16.777052,228.03441,228.52869,12.700588,16.724598,558.9803
90.477104,16.699224,234.51526,235.05232,12.469088,16.327173,557.1006
90.53198,16.621399,240.99608,241.57599,12.237588,15.9297495,555.02203
91.17477,16.177952,252.23976,252.5439,10.735115,13.534036,516.84766
91.81755,15.734504,263.48343,263.51187,9.232643,11.13832,393.84396
92.0385,15.314188,272.81717,273.05026,8.48143,9.884615,298.1118
92.259445,14.893872,282.15088,282.5887,7.7302175,8.630909,207.17218
92.04539,14.669936,289.268,289.51892,8.215879,9.154331,247.4743
91.83133,14.446,296.38516,296.44916,8.70154,9.677754,292.68283
90.09305,14.206602,303.7529,303.75375,9.0514965,10.015792,311.90167
88.35477,13.967204,311.12057,311.0584,9.401455,10.353829,334.88757
84.59523,13.517754,310.5585,310.60867,9.643181,10.620335,374.32254
80.83569,13.068304,309.99643,310.15894,9.884906,10.886839,433.62503
79.000404,13.217159,306.66907,306.78336,10.19538,11.341205,471.83136
77.165115,13.366014,303.34177,303.40778,10.505854,11.795571,498.4832
73.610016,13.5475445,299.3382,299.4319,11.298475,12.827817,534.9081
70.05492,13.7290745,295.3346,295.45596,12.091097,13.860062,536.5084
67.87919,13.602573,293.75558,293.92368,12.420761,14.263638,531.2287
65.70345,13.47607,292.17654,292.39142,12.750426,14.6672125,529.14996
66.220085,13.380645,290.73215,290.97772,13.013639,15.006823,535.93896
66.73671,13.28522,289.28775,289.56406,13.276854,15.346433,542.05945
68.329575,13.102323,289.48718,289.78284,13.428084,15.516432,548.62213
69.92244,12.919423,289.6866,290.00162,13.579315,15.686432,554.98334
71.29393,12.770637,293.2147,293.50162,13.911783,16.117495,563.3179
72.66542,12.62185,296.7428,297.00162,14.244252,16.548557,568.1478
72.950226,12.530748,297.69455,297.969,14.346783,16.683117,569.0428
73.23503,12.439646,298.6463,298.93634,14.44931,16.817677,569.8514
72.93814,12.45443,299.4605,299.74454,14.157399,16.445566,568.7626
72.641266,12.469214,300.27475,300.55273,13.865491,16.073458,567.4167
72.74114,12.312713,299.5518,299.82144,13.952918,16.159382,567.89484
72.84103,12.156213,298.82883,299.09015,14.040346,16.245304,568.6953
72.34382,12.093439,298.49728,298.80173,13.975517,16.145031,568.2581
71.84661,12.030666,298.1657,298.5133,13.910686,16.044758,567.67487
72.33637,11.929173,297.39554,297.6729,13.901318,16.002625,568.51245
72.82614,11.827682,296.62537,296.83255,13.891948,15.960492,569.48987
73.35629,11.758419,296.21616,296.4509,13.947548,16.0154,570.60205
73.88645,11.6891575,295.8069,296.06924,14.003147,16.070307,571.7016
73.6708,11.542507,296.1351,296.37003,13.941863,15.951194,572.1077
73.45514,11.395857,296.46326,296.67078,13.880578,15.832083,572.60925
72.89543,11.295485,296.51236,296.7244,13.91273,15.862834,572.5204
72.33572,11.195111,296.5615,296.77798,13.944883,15.893585,572.7842
71.740974,11.073885,296.6554,296.86166,13.916121,15.832358,572.7853
71.14622,10.952657,296.7493,296.94534,13.88736,15.7711315,572.6507
70.85869,10.87179,295.8245,296.02548,13.870363,15.731205,572.63116
70.57117,10.790925,294.8997,295.10565,13.853367,15.6912775,572.47296
70.136696,10.721134,294.52747,294.7362,13.807472,15.619224,571.97253
69.702225,10.651344,294.1552,294.3668,13.761579,15.547171,571.3803
68.9698,10.616868,294.2982,294.50952,13.808465,15.607948,570.3122
68.237366,10.582392,294.44116,294.65228,13.855353,15.668725,569.1393
67.74635,10.561216,294.80182,295.0081,13.925772,15.760506,568.6734
67.25533,10.540043,295.16248,295.36395,13.99619,15.852286,568.3112
67.13177,10.53891,295.14786,295.33865,14.099785,15.991341,569.09094
67.0082,10.537778,295.13324,295.31342,14.203379,16.130394,569.8324
66.53126,10.610789,295.25687,295.42746,14.246145,16.21124,569.2917
66.05431,10.683802,295.3805,295.54147,14.288914,16.292088,568.52924
65.05167,10.798766,296.06573,296.20947,14.228308,16.234335,566.19507
64.049,10.913731,296.75098,296.87747,14.167701,16.176584,564.80096
62.732517,11.034161,297.9793,298.09802,14.138393,16.15717,565.24243
61.41603,11.1545925,299.20764,299.31857,14.109085,16.137756,566.3838
60.537247,11.24246,300.25702,300.3682,14.030651,16.052925,565.1158
59.65846,11.330329,301.30643,301.41776,13.952216,15.968094,564.0074
58.8458,11.389396,301.84665,301.9481,13.825312,15.7986355,563.47253
58.033127,11.4484625,302.38687,302.47842,13.698407,15.629177,563.1097
57.5687,11.465892,303.23007,303.3282,13.48239,15.338245,561.1005
57.10426,11.48332,304.07327,304.17792,13.266375,15.047315,557.7312
57.093758,11.452687,304.76135,304.86148,13.229417,14.985953,557.66534
57.083252,11.422054,305.44943,305.54507,13.192459,14.924591,557.5671
57.530186,11.294769,306.5157,306.58865,13.161475,14.857111,559.5671
57.977108,11.167484,307.5819,307.63226,13.130489,14.789632,561.73584
59.551964,10.98363,308.5421,308.56317,13.268634,14.956439,565.1552
61.12682,10.799775,309.50232,309.49414,13.406775,15.123248,568.19086
64.025635,10.544373,310.14722,310.11014,13.500129,15.220366,568.5367
66.92444,10.288971,310.7921,310.72617,13.593482,15.317483,566.63995
69.3819,10.062062,310.6253,310.6142,13.636568,15.340248,572.24194
71.83936,9.835155,310.45847,310.50226,13.679654,15.363013,575.3771
74.606865,9.659086,311.73788,311.84857,12.43901,13.765483,562.50134
77.374374,9.483019,313.0173,313.19485,11.198364,12.167953,528.33075
77.077095,9.475783,315.01746,315.1618,11.564999,12.62728,544.65436
76.77981,9.468547,317.0176,317.12875,11.931631,13.086608,557.14185
77.105576,9.410672,318.79245,318.91348,11.950281,13.107921,557.98285
77.43133,9.352797,320.56726,320.69824,11.96893,13.129232,558.9374
76.86868,9.402975,321.36142,321.5531,12.338566,13.62173,566.1237
76.30603,9.453152,322.15558,322.4079,12.7081995,14.114226,570.214
74.286934,9.591391,322.76212,322.97775,13.180197,14.74593,571.37427
72.267845,9.729628,323.36868,323.5476,13.652194,15.377631,574.3242
70.575806,9.800398,322.68475,322.89496,13.99808,15.849238,576.4441
68.88377,9.871169,322.0009,322.2423,14.3439665,16.320845,577.5102
69.155106,9.714262,322.98715,323.1424,14.321559,16.239712,578.13446
69.426445,9.557357,323.97345,324.0425,14.2991495,16.15858,578.54156
70.64163,9.379126,325.12897,325.19727,13.924473,15.648945,576.77875
71.85683,9.200894,326.2845,326.35202,13.549795,15.13931,574.65735
71.785934,9.172956,326.9301,327.03085,13.128785,14.584793,570.7252
71.71504,9.14502,327.57578,327.7097,12.707775,14.030277,565.0515
71.239624,9.191257,327.07855,327.18228,12.4222765,13.65709,558.75073
70.7642,9.237495,326.5813,326.6549,12.136778,13.283904,549.57623
70.2808,9.269579,325.65662,325.737,11.946492,13.04636,540.6334
69.79739,9.301663,324.7319,324.81906,11.756208,12.808816,531.6418
68.964325,9.39192,324.30188,324.40396,11.649755,12.686809,526.9227
68.13127,9.482178,323.8719,323.9888,11.543302,12.5648,522.89453
68.10685,9.541999,324.5906,324.71548,11.534417,12.567904,523.1258
68.08243,9.60182,325.3094,325.4422,11.525534,12.57101,523.4133
68.10724,9.682495,325.32626,325.4644,11.489477,12.528585,521.9896
68.13205,9.76317,325.34314,325.4866,11.453421,12.486162,520.5691
68.2517,9.850457,325.19873,325.33594,11.39942,12.421166,517.97314
68.37135,9.937744,325.05432,325.18524,11.34542,12.356171,515.1772
68.06161,10.062621,324.35706,324.46515,11.1714525,12.1547,503.10666
67.75186,10.187497,323.65982,323.745,10.997485,11.953231,490.0641
67.445724,10.34251,323.98645,324.0325,10.82794,11.771149,478.6535
67.13958,10.497521,324.31308,324.32,10.658396,11.5890665,465.33722
66.627945,10.634229,323.62338,323.69513,10.449056,11.339361,449.4726
66.11632,10.770936,322.93365,323.07028,10.239716,11.089657,435.00082
66.24823,10.840303,322.95584,323.12772,10.04033,10.851193,417.90192
66.38015,10.909672,322.97806,323.18515,9.840944,10.612731,399.09683
66.78363,10.944801,322.10983,322.31174,9.583285,10.307465,373.40155
67.1871,10.97993,321.2416,321.43832,9.325626,10.002199,347.8801
65.8361,11.185942,321.45233,321.60635,9.051813,9.695835,324.7607
64.485085,11.391953,321.66306,321.77435,8.778001,9.389472,307.5661
62.96042,11.545378,321.89948,321.99554,8.382968,8.9409275,281.13202
61.43576,11.698802,322.13586,322.2167,7.987933,8.492382,246.15834
61.4629,11.737396,321.31046,321.3512,7.4079146,7.8470116,205.97063
61.49004,11.7759905,320.48502,320.48563,6.827895,7.2016406,167.26453
61.746372,11.809682,317.64447,317.63663,6.4383383,6.7758207,143.77066
62.002712,11.843373,314.80392,314.78763,6.048781,6.3500004,124.59499
64.65962,11.88712,319.42145,319.44495,6.9151797,7.324038,174.23836
67.31654,11.930867,324.03897,324.10226,7.7815785,8.298077,225.22432
67.70885,11.934358,323.45755,323.5406,7.4056487,7.8702564,197.85764
68.10115,11.937849,322.8761,322.9789,7.029719,7.442437,170.78067
69.096405,11.822294,322.072,322.20633,6.6936984,7.0623817,141.54259
70.09166,11.706739,321.26785,321.43372,6.357678,6.682327,114.84358
70.86646,11.6460705,320.62958,320.71158,5.9149666,6.2168746,91.51812
71.64125,11.585402,319.9913,319.98947,5.4722557,5.7514215,72.97835
71.35548,11.615123,319.1984,319.13788,5.05848,5.3138604,62.37595
71.0697,11.644846,318.40543,318.2863,4.6447034,4.876299,52.939575
71.01346,11.6587925,317.05542,316.92624,4.468811,4.6828623,48.82499
70.95721,11.672739,315.70538,315.56622,4.2929187,4.489426,45.293262
71.05281,11.665728,315.83563,315.711,4.1741195,4.365781,43.306988
71.14842,11.658715,315.9659,315.8558,4.0553207,4.242136,41.379562
71.16007,11.654319,317.0704,316.9371,3.952656,4.131272,39.847996
71.17173,11.649922,318.1749,318.01843,3.8499913,4.020407,38.324265
71.049706,11.653665,319.03442,318.90442,3.7103994,3.873511,36.912014
70.92768,11.657407,319.89395,319.79034,3.570808,3.7266152,35.896423
70.75998,11.684658,321.38696,321.29303,3.3570306,3.4964807,34.51876
70.59228,11.71191,322.87994,322.7957,3.1432538,3.2663462,33.114315
70.402084,11.741718,321.0125,320.96243,2.972958,3.0831444,31.161137
70.21188,11.771524,319.14514,319.12915,2.802662,2.8999429,28.81895
70.19204,11.79442,317.7185,317.64243,2.6746898,2.764799,27.158112
70.172195,11.817314,316.29184,316.1557,2.546718,2.6296554,25.37711
69.984406,11.851307,313.39944,313.36716,2.4497015,2.5240116,23.379435
69.79661,11.885298,310.50705,310.57858,2.3526852,2.4183676,21.615023
69.61696,11.898141,311.89996,312.10733,2.2474995,2.3029442,21.50811
69.43732,11.910983,313.2929,313.63605,2.1423137,2.1875203,21.629555
69.12262,11.922473,319.89383,320.40347,1.860702,1.8932052,23.018747
68.80794,11.933964,326.49475,327.17087,1.5790906,1.5988901,24.176785
68.35656,11.954676,308.013,303.85907,1.4142071,1.4305339,17.104458
67.90518,11.975389,289.53128,280.5472,1.2493235,1.2621781,11.966927
67.592384,12.00419,198.16954,184.19078,1.2342551,1.2465878,8.388289
67.27959,12.032992,106.80779,87.83434,1.2191868,1.2309974,-2.811974
67.11429,12.057083,74.54663,65.843285,1.2366142,1.2538946,3.0943432
66.94898,12.081174,42.285458,43.852222,1.2540418,1.2767917,12.994571
66.78146,12.12363,55.499138,57.045834,1.3496362,1.3804108,6.26012
66.61394,12.166086,68.71282,70.23943,1.4452306,1.4840297,6.4029393
66.81404,12.192352,77.040855,78.63361,1.4422253,1.4835485,6.2988
67.01413,12.218617,85.3689,87.027794,1.4392201,1.4830675,4.926912
67.39889,12.257342,89.97039,91.51232,1.580723,1.6283624,2.2480822
67.783646,12.296067,94.57189,95.99687,1.722226,1.7736576,2.7205095
68.1481,12.320885,99.52509,100.76957,1.9015232,1.9629693,5.95724
68.51256,12.345703,104.47827,105.542274,2.0808203,2.152281,9.311076
68.63418,12.381389,109.2502,110.27063,2.1130621,2.1912844,12.467045
68.7558,12.417073,114.02212,114.99896,2.1453037,2.2302878,14.53679
68.743065,12.471773,113.68327,114.606186,2.2802334,2.3749733,16.301203
68.73034,12.526471,113.34443,114.2134,2.4151633,2.5196586,18.753242
70.11818,12.504488,114.50616,115.188385,2.6384344,2.7502608,16.630926
71.506035,12.482502,115.667885,116.16337,2.861706,2.9808633,17.940744
71.15926,12.5304575,114.739555,115.09592,2.929456,3.0649483,20.674944
70.81249,12.578412,113.811226,114.02845,2.997206,3.149033,24.64341
71.13522,12.57536,115.3147,115.45823,3.058005,3.2026954,25.05591
71.457954,12.572309,116.81817,116.888,3.1188037,3.256358,25.717514
72.3012,12.505998,118.75597,118.73612,3.1630838,3.3058941,25.731482
73.14445,12.439686,120.69377,120.584236,3.2073638,3.3554306,28.977495
73.997055,12.365118,121.38457,121.219086,3.309341,3.450648,33.266212
74.84968,12.290547,122.075386,121.853935,3.4113178,3.5458655,35.00852
75.35039,12.260671,119.19044,119.07199,3.5575972,3.702042,38.890842
75.85108,12.230795,116.30549,116.29002,3.703876,3.858218,41.65285
76.198296,12.234915,113.47349,113.493645,3.9088721,4.077304,45.75868
76.54551,12.2390375,110.64149,110.69727,4.1138678,4.29639,51.930916
76.85131,12.248918,110.335335,110.37402,4.325834,4.530724,60.32677
77.15711,12.2588,110.02917,110.050766,4.537799,4.765058,69.24034
76.286575,12.385214,111.23505,111.22648,4.786077,5.042457,75.48414
75.416046,12.511631,112.440926,112.40218,5.034355,5.319856,82.40191
75.00192,12.59443,113.7568,113.78775,5.252193,5.5553575,91.73585
74.58779,12.677229,115.07266,115.17332,5.470031,5.790859,102.20324
74.42315,12.74279,116.29672,116.40292,5.6163254,5.9571705,110.04405
74.258514,12.808352,117.52079,117.63254,5.7626195,6.123482,117.83469
73.23505,12.91046,118.381256,118.49112,5.875302,6.2593784,126.2432
72.21158,13.012569,119.24173,119.3497,5.987983,6.3952746,134.98096
71.67527,13.033235,122.16636,122.30165,5.905331,6.3011928,133.25243
71.13895,13.053901,125.090996,125.25361,5.8226786,6.2071114,132.16919
70.42208,13.077509,121.91968,122.12174,5.8901753,6.2851768,136.64008
69.70521,13.101117,118.74835,118.98987,5.9576716,6.363242,142.59468
68.74163,13.140065,116.82359,116.996086,6.125581,6.5531917,159.91089
67.77806,13.179012,114.89883,115.00232,6.2934904,6.743141,178.3933
67.53131,13.205193,112.98637,113.05419,6.4936476,6.9709644,193.43341
67.28456,13.231373,111.07388,111.10608,6.6938047,7.198788,207.22089
67.19957,13.244021,108.729065,108.742226,7.2716293,7.8593497,241.62946
67.114586,13.256669,106.38424,106.37837,7.849454,8.519911,271.19565
67.285164,13.289123,106.641815,106.635994,8.308302,9.074346,292.4482
67.45573,13.321574,106.8994,106.89362,8.76715,9.62878,313.60242
67.687004,13.344281,107.30216,107.32376,9.109109,10.058265,335.20792
67.918274,13.36699,107.70493,107.75388,9.451068,10.487749,361.92142
68.078995,13.406817,108.13941,108.19959,9.802478,10.958175,392.6567
68.23972,13.446645,108.57389,108.6453,10.153886,11.4286,421.07025
68.40701,13.4569845,109.16081,109.22855,10.49489,11.878208,444.12125
68.57429,13.467325,109.74773,109.81179,10.835894,12.327818,465.95795
69.064125,13.436978,109.8461,109.92635,11.229361,12.842171,487.04208
69.55396,13.406632,109.94446,110.0409,11.622828,13.356524,503.6096
69.3632,13.314805,111.88675,111.96317,11.845879,13.625254,511.73288
69.17243,13.222978,113.82904,113.88544,12.06893,13.893982,520.1121
70.55025,13.08322,115.26804,115.33052,12.092381,13.893619,521.6597
71.92806,12.94346,116.70705,116.77559,12.115832,13.893255,522.69135
72.752846,12.985904,114.093254,114.19054,12.274745,14.146449,528.2183
73.57763,13.028347,111.47946,111.60549,12.433657,14.399643,532.865
73.442795,12.921349,112.00043,112.1328,12.491884,14.448244,534.7958
73.307945,12.814351,112.52138,112.66011,12.550112,14.496847,536.6623
72.36009,12.801931,112.53353,112.70706,12.563999,14.507736,537.46313
71.41223,12.789514,112.545685,112.75402,12.577888,14.518625,537.9383
71.81023,12.754948,112.45683,112.68456,12.600434,14.542805,538.7141
72.20821,12.720384,112.36797,112.6151,12.62298,14.566984,539.5185
73.69936,12.687346,112.612885,112.8768,12.659709,14.610115,539.1285
75.19052,12.654309,112.85781,113.138504,12.696437,14.653246,538.7351
75.528244,12.674482,112.685196,112.973915,12.801004,14.806697,541.18555
75.86597,12.6946535,112.51257,112.80932,12.905573,14.960147,543.8489
75.35438,12.739274,112.31072,112.657394,13.046418,15.168329,546.8607
74.84279,12.7838955,112.10887,112.50546,13.1872635,15.3765135,549.89215
75.46098,12.801701,110.86614,111.24928,13.365465,15.626817,553.6403
76.07918,12.819509,109.62342,109.9931,13.543667,15.877122,557.3929
75.78538,12.863201,109.14486,109.518265,13.763124,16.199865,561.2242
75.491585,12.906895,108.6663,109.04345,13.982583,16.522608,564.83057
75.46469,12.96128,108.40644,108.78874,14.119271,16.73538,566.9521
75.43779,13.015665,108.146576,108.53405,14.25596,16.948153,568.7255
75.77248,13.060004,108.60078,108.983025,14.193936,16.881828,567.8342
76.10715,13.104342,109.05498,109.432014,14.131913,16.815506,566.95337
76.29063,13.114962,109.34733,109.74271,14.110791,16.780113,566.49664
76.4741,13.12558,109.6397,110.053406,14.089669,16.744722,566.0467
76.2193,13.138637,108.72523,109.1463,14.138907,16.823761,566.9688
75.964485,13.151692,107.81075,108.23919,14.188147,16.902802,567.8745
75.59141,13.19804,106.41783,106.84681,14.298606,17.067686,569.3504
75.21834,13.244389,105.024895,105.45444,14.409064,17.232573,570.6699
74.92356,13.314948,103.96938,104.38037,14.524279,17.42275,572.1371
74.62879,13.385508,102.91387,103.30628,14.639493,17.61293,573.5453
74.99765,13.445243,101.827484,102.22933,14.812587,17.892769,575.1018
75.36651,13.504977,100.74109,101.15238,14.985681,18.172607,576.2613
75.93737,13.555704,100.487305,100.89435,15.178753,18.489252,576.9978
76.50823,13.606431,100.23353,100.63633,15.371826,18.805897,577.6562
77.113556,13.643009,100.47332,100.86376,15.485497,18.983372,577.5769
77.71889,13.679585,100.71311,101.0912,15.599168,19.16085,576.87634
77.98734,13.731584,101.447556,101.85421,15.810617,19.489172,575.6715
78.255806,13.783583,102.18201,102.61723,16.02207,19.817492,574.67267
78.10875,13.775965,102.64894,103.16885,16.220142,20.116312,574.76434
77.9617,13.768348,103.1159,103.720474,16.418217,20.41513,574.9144
78.264725,13.697508,103.22219,103.90139,16.66316,20.75328,574.01544
78.56774,13.626668,103.32849,104.0823,16.908102,21.09143,572.6396
80.68281,13.440408,102.89385,103.55348,17.025162,21.193613,566.09375
82.79787,13.254146,102.45923,103.024666,17.142221,21.295797,561.1585
84.3115,13.149888,102.19314,102.76791,17.298666,21.491243,559.12744
85.825134,13.04563,101.927055,102.51114,17.455109,21.68669,558.39124
87.47598,12.973835,102.696495,103.21302,17.4651,21.680536,557.8832
89.12683,12.902039,103.46593,103.914894,17.475092,21.674385,556.8626
89.25642,13.035668,100.90321,101.37903,17.261946,21.470926,559.8944
89.386,13.169297,98.34051,98.84318,17.048801,21.267467,562.98364
90.553444,13.19354,101.01508,101.602295,16.957796,21.164816,563.2889
91.72089,13.217783,103.689644,104.36143,16.86679,21.06216,561.8218
92.09958,13.346779,106.62228,107.43484,16.57648,20.73589,563.5729
92.47827,13.475776,109.55491,110.50827,16.286171,20.40962,566.1613
93.1387,13.814861,116.18901,118.54811,15.03874,18.818424,574.41406
93.799126,14.153948,122.82313,126.58795,13.791309,17.22723,565.2539
93.44561,14.584355,149.17441,153.56087,11.511802,14.587519,544.36475
93.092094,15.014764,175.5257,180.53375,9.232293,11.947809,502.13818
91.38692,15.206185,186.56876,190.37776,8.442364,11.258907,485.2183
89.68175,15.397607,197.61183,200.22174,7.652434,10.570005,443.85294
86.54797,15.262345,198.1953,200.63387,8.810484,11.606944,487.00943
83.4142,15.127086,198.7788,201.04594,9.9685335,12.643881,531.9965
85.48732,15.048985,190.75237,193.54698,9.108213,11.621085,478.88367
87.56045,14.970882,182.72592,186.04802,8.247893,10.598289,419.40515
88.77832,15.021814,175.82397,179.45943,8.297629,10.760147,436.68457
89.996185,15.072747,168.92204,172.8708,8.347364,10.922004,451.37247
90.46625,15.134446,167.74869,171.9561,8.410928,11.097576,463.85544
90.93631,15.196146,166.57533,171.04141,8.47449,11.273148,474.75912
91.24156,15.233442,163.39818,168.05104,8.438128,11.393223,482.2417
91.54682,15.270738,160.22101,165.06062,8.401768,11.513296,489.30142
92.70795,15.235991,160.25606,164.745,8.725199,11.875554,506.18988
93.86908,15.201242,160.29108,164.42932,9.048631,12.237811,513.6716
93.905136,15.200127,161.56844,165.48363,9.004815,12.170304,511.84863
93.94119,15.199012,162.84578,166.53793,8.9609995,12.1027975,510.09006
93.30103,15.277986,159.29535,163.36758,8.644959,11.782309,501.1245
92.66087,15.35696,155.7449,160.19719,8.328919,11.46182,485.62567
92.33368,15.381864,154.8362,158.8535,8.629244,11.800544,500.1389
92.00649,15.406769,153.92749,157.50981,8.929567,12.13927,511.81903
92.34724,15.3705845,148.85144,152.44705,9.009337,12.174824,511.77032
92.68799,15.334401,143.77539,147.38432,9.0891075,12.210379,510.97516
93.193054,15.261848,139.7753,143.1326,9.158151,12.184308,507.38766
93.69812,15.189297,135.77522,138.88089,9.227193,12.158237,502.85532
93.70978,15.179024,133.48428,136.40753,9.395344,12.366216,510.53003
93.72143,15.168752,131.19337,133.93416,9.563494,12.574192,517.7162
93.63425,15.175704,131.40724,133.99187,9.587285,12.621158,520.0154
93.54706,15.182657,131.6211,134.04959,9.611075,12.668122,522.23834
93.22758,15.180448,126.801125,129.30998,9.629527,12.640296,522.9695
92.9081,15.178236,121.98114,124.57043,9.64798,12.612471,522.66113
93.26876,15.13912,120.508286,122.82672,9.773017,12.725084,523.4387
93.629425,15.100003,119.03544,121.08302,9.898054,12.8377,523.96576
93.781715,15.028211,115.62136,117.585175,10.132089,13.063558,527.5358
93.934006,14.956418,112.20728,114.08731,10.366124,13.289415,529.64166
93.81934,14.814018,110.50453,112.093796,11.253726,14.26468,542.82214
93.70468,14.67162,108.8018,110.10028,12.141328,15.239944,549.972
93.7882,14.433838,106.40762,107.56567,12.651738,15.753285,552.55304
93.87173,14.196055,104.013435,105.03106,13.1621475,16.266626,556.3039
94.317,13.925021,99.262596,100.10709,13.672295,16.727348,557.2063
94.76228,13.653988,94.51177,95.183105,14.18244,17.18807,556.9851
94.222435,13.584254,94.151695,94.76276,14.676074,17.858734,561.1499
93.68258,13.514519,93.791626,94.34241,15.169708,18.529402,563.2783
92.95225,13.465362,93.16613,93.68784,15.728897,19.32237,564.85876
92.22192,13.416204,92.540634,93.03328,16.288086,20.11534,563.4996
90.98541,13.370859,90.91303,91.36205,16.700262,20.71608,564.8775
89.74891,13.325514,89.28542,89.690834,17.112438,21.31682,561.458
89.52842,13.267159,88.18929,88.58536,17.664982,22.104944,555.81866
89.30793,13.208804,87.09317,87.47989,18.217524,22.893066,551.06274
89.11684,13.171431,87.920845,88.313866,18.347197,23.095661,550.31305
88.92574,13.134057,88.748535,89.14786,18.476871,23.298254,549.57477
88.51146,13.076368,88.66871,89.086945,18.756464,23.686045,547.6779
88.097176,13.01868,88.58889,89.02602,19.036058,24.073833,545.74207
87.54506,12.958998,88.83379,89.24125,19.283026,24.427155,544.3238
86.99294,12.899316,89.078674,89.45647,19.529991,24.780476,542.77454
87.12197,12.802484,88.25195,88.65933,19.711329,25.01309,541.56024
87.25101,12.705651,87.42522,87.8622,19.892666,25.245705,540.4333
86.765785,12.6924925,86.77574,87.2486,19.916073,25.277,540.9271
86.28056,12.679335,86.12627,86.635,19.93948,25.308296,541.0651
85.692055,12.659847,84.97034,85.46186,20.002048,25.399982,541.2545
85.10354,12.640361,83.81441,84.28871,20.064617,25.49167,541.2492
84.55938,12.62026,83.046135,83.52703,20.3213,25.886988,537.96936
84.01521,12.600158,82.27785,82.76534,20.577982,26.2823,533.7506
83.902054,12.570742,81.3909,81.87597,20.670145,26.419626,532.4212
83.7889,12.541324,80.50396,80.98662,20.762308,26.556948,531.12195
83.70868,12.5148535,80.11068,80.590965,20.695623,26.456226,532.4639
83.62846,12.488382,79.71741,80.19531,20.62894,26.355509,533.82794
83.866035,12.473749,79.08888,79.60239,20.331308,25.923107,539.3894
84.103615,12.459117,78.460365,79.009476,20.033674,25.490707,544.621
84.922264,12.429899,77.98452,78.566666,19.765877,25.098093,548.5917
85.74092,12.4006815,77.508675,78.123856,19.498077,24.70548,550.7533
86.256935,12.417988,76.92093,77.56708,19.235046,24.328455,552.52936
86.77295,12.435292,76.33318,77.010315,18.972017,23.951427,554.13885
86.856514,12.557956,76.75947,77.46112,18.542982,23.351028,556.8352
86.94009,12.680619,77.18576,77.91195,18.113945,22.75063,559.6532
86.29961,12.73256,79.111855,79.806,17.57888,21.94231,563.2874
85.659134,12.784501,81.03795,81.70007,17.043816,21.133993,566.9173
84.64632,12.580907,85.6364,86.02905,16.056,19.61944,573.40405
83.63349,12.377312,90.234856,90.35804,15.068185,18.104887,574.77716
84.13404,12.209838,90.21705,90.589485,14.434917,17.147453,572.4022
84.63458,12.042365,90.19924,90.82094,13.801652,16.190022,565.75214
86.95656,12.075723,90.45731,91.12702,13.551775,15.852111,558.9455
89.27852,12.109079,90.71536,91.43311,13.301895,15.5142,548.682
88.26166,12.901116,97.06866,97.90976,11.878054,13.891801,528.2296
87.24479,13.693152,103.42196,104.386406,10.454212,12.269402,499.33115
87.695,13.824578,141.45395,142.41902,11.039862,12.959527,518.34937
88.1452,13.956004,179.48595,180.45163,11.62551,13.6496525,536.415
86.17187,13.601031,178.04646,178.85611,9.57161,10.95452,424.1306
84.19853,13.246059,176.607,177.26057,7.5177097,8.259391,233.02316
84.29296,13.126891,187.71127,188.09425,8.472628,9.368939,295.861
84.38739,13.007724,198.81555,198.92792,9.4275465,10.478489,404.44318
84.14721,12.876544,199.01584,199.0701,9.488104,10.533808,411.77585
83.90701,12.745365,199.21616,199.21228,9.548662,10.589128,418.82437
82.76363,12.912161,200.61472,200.61755,9.952178,11.175578,463.8
81.62026,13.078959,202.01328,202.02284,10.355694,11.76203,499.90244
82.107956,13.187802,200.27817,200.35687,10.4916725,11.95951,507.51794
82.59565,13.296648,198.54308,198.69092,10.62765,12.156991,514.27277
83.54634,13.414796,195.39424,195.6859,10.426957,11.980046,504.72565
84.49705,13.532945,192.2454,192.68085,10.226264,11.803102,493.1779
84.97767,13.721968,190.01566,190.44513,10.184747,11.827867,490.90787
85.458305,13.910991,187.78592,188.20946,10.1432295,11.8526325,488.1263
86.18841,13.920448,181.72667,182.12811,9.873731,11.492891,461.90472
86.91851,13.929908,175.6674,176.04677,9.604231,11.13315,435.49323
86.41324,13.963629,176.02797,176.4954,9.10174,10.51427,388.42438
85.907974,13.997348,176.38852,176.94403,8.59925,9.895389,334.8503
85.49434,14.069447,178.90137,179.4593,7.9813905,9.222433,282.44815
85.08072,14.141547,181.41423,181.97461,7.363532,8.549479,246.06293
85.04794,14.248758,180.57744,181.22324,6.9795127,8.176599,226.76605
85.01516,14.355969,179.74066,180.4719,6.595493,7.803719,210.6061
85.820625,14.341914,180.19601,180.97575,6.609451,7.83223,204.85803
86.62609,14.327857,180.65135,181.47961,6.6234093,7.8607416,201.36017
88.159874,14.287024,182.38824,183.1157,6.9158325,8.258238,223.49577
89.69366,14.246192,184.1251,184.75179,7.2082553,8.655736,255.0392
89.929924,14.229624,182.83943,183.70464,7.706229,9.34849,316.6054
90.16619,14.213057,181.55374,182.65747,8.204204,10.0412445,385.20468
90.13075,14.182827,181.40497,182.47,8.932832,10.942115,449.5827
90.09532,14.152597,181.25618,182.28256,9.661459,11.842985,496.1177
89.51892,14.109851,179.25874,180.17552,9.88262,12.008975,501.83554
88.942535,14.067104,177.26129,178.0685,10.103782,12.174964,506.68777
88.758766,14.040891,175.23659,176.02654,9.94853,11.948525,496.30515
88.57499,14.014675,173.2119,173.98454,9.79328,11.722087,483.74808
88.24641,14.022574,170.9429,171.60873,9.319802,11.078007,441.54868
87.91782,14.030473,168.67392,169.23291,8.846325,10.433927,392.48203
88.95028,14.008626,167.7612,168.54922,8.232209,9.789921,347.26907
89.982735,13.986778,166.8485,167.86554,7.6180925,9.145916,295.58224
90.11832,13.985427,171.00917,171.91016,6.7548203,8.018213,212.90445
90.25391,13.984076,175.16985,175.9548,5.8915477,6.8905106,133.6269
90.352066,13.926421,192.60246,192.96643,4.678924,5.383279,56.68502
90.450226,13.868767,210.03506,209.97809,3.4663007,3.8760471,21.040844
90.16683,13.7207575,241.10663,240.9507,3.6826692,4.0344925,35.92762
89.88343,13.572746,272.1782,271.9233,3.8990376,4.192938,39.39005
89.88951,13.2927885,292.3013,292.2901,5.5482693,5.9882812,84.371346
89.895584,13.012831,312.4244,312.6569,7.197501,7.7836256,179.38126
88.623726,12.815713,316.6286,316.95557,7.916216,8.601313,221.90181
87.35187,12.618594,320.83282,321.25427,8.63493,9.419,273.82077
85.78344,12.501705,309.2044,309.45007,8.510209,9.21997,264.81702
84.21502,12.384816,297.57602,297.6458,8.3854885,9.02094,245.15392
83.38678,12.536421,296.03964,296.06073,8.5321455,9.220614,262.95123
82.55854,12.688025,294.50323,294.47562,8.678802,9.420288,283.7388
80.30837,12.683326,292.9207,292.89813,8.7703085,9.504141,313.57474
78.058205,12.678626,291.33813,291.32065,8.8618145,9.587994,337.09357
77.496445,12.575402,289.324,289.34158,8.779402,9.474666,328.61618
76.93468,12.472178,287.30984,287.36246,8.696988,9.361338,321.11227
75.91228,12.385461,283.0011,283.04944,8.611435,9.244453,313.75272
74.889885,12.298743,278.69235,278.73642,8.525883,9.127569,305.83926
75.97242,12.116789,274.8546,274.9491,8.797378,9.439665,331.25174
77.054955,11.934835,271.01694,271.16177,9.068872,9.75176,361.57245
77.648926,11.833378,270.35583,270.5195,9.416672,10.172823,399.81573
78.24289,11.731923,269.69473,269.87723,9.764473,10.593887,439.0955
78.08032,11.737553,269.1393,269.32574,9.7556305,10.600828,439.5393
77.917755,11.74318,268.5839,268.77423,9.746789,10.607769,440.02048
78.034134,11.746282,266.48096,266.64517,9.606411,10.424592,424.2118
78.15051,11.749382,264.378,264.5161,9.466033,10.241414,407.6337
78.934975,11.737869,263.11008,263.27206,9.460424,10.228394,406.52283
79.71943,11.726355,261.84213,262.028,9.454815,10.215375,405.89835
80.005005,11.724767,260.08603,260.2521,9.477683,10.236954,408.3453
80.29058,11.723178,258.32996,258.47623,9.500551,10.258533,410.29584
80.338234,11.733363,256.54706,256.66885,9.555445,10.32013,416.15958
80.38589,11.74355,254.76418,254.86148,9.610338,10.381728,422.16925
80.22365,11.746684,254.71661,254.79599,9.545314,10.306839,414.93158
80.0614,11.749817,254.66905,254.7305,9.480289,10.231948,407.4112
78.85568,11.834855,255.25421,255.38329,9.2800665,10.007506,382.93433
77.649956,11.919894,255.83937,256.03607,9.079843,9.783066,362.7075
76.35267,12.025172,257.468,257.59207,8.892827,9.569677,342.96384
75.055374,12.130449,259.09662,259.1481,8.705811,9.356291,323.50327
73.68052,12.264994,261.19977,261.29782,8.63731,9.303964,326.58487
72.30566,12.399539,263.30295,263.44754,8.568808,9.251637,328.80652
71.38768,12.484925,264.61685,264.732,8.563598,9.260645,335.65857
70.46971,12.5703125,265.9308,266.01645,8.558388,9.269652,339.08755
69.77368,12.654958,266.22348,266.31607,8.32063,9.001164,318.89633
69.07765,12.739604,266.51614,266.61572,8.082873,8.732677,295.32394
68.33164,12.822236,267.39896,267.53354,7.7061176,8.31047,257.10956
67.58563,12.90487,268.28174,268.45135,7.3293624,7.8882627,219.06967
67.37828,12.947148,268.7794,268.8828,6.931735,7.4412193,182.24478
67.17092,12.989428,269.27704,269.31427,6.5341077,6.994176,148.50302
67.09074,13.009882,268.35544,268.37418,6.0499816,6.4572983,113.01973
67.01055,13.030337,267.43387,267.43408,5.565856,5.920421,83.06406
67.38351,13.015051,266.00183,266.00662,5.210708,5.5282893,66.82562
67.75646,12.999763,264.56976,264.57916,4.855561,5.1361585,51.805546
67.88958,13.00156,262.55902,262.5291,4.519416,4.770956,37.92668
68.0227,13.003356,260.5483,260.4791,4.1832705,4.405754,24.819775
68.02325,13.004709,259.48975,259.35526,3.7921705,3.98284,15.967782
68.0238,13.006063,258.4312,258.2314,3.4010706,3.559926,11.439926
69.97774,12.940726,246.83517,246.67601,3.5621312,3.7628276,16.392235
71.93168,12.87539,235.23918,235.12057,3.723191,3.965729,16.826996
72.700516,12.946937,231.15451,231.16873,3.5350478,3.7764297,13.231016
73.46937,13.018483,227.06985,227.21689,3.3469045,3.5871303,9.82891
74.19867,13.069798,222.63498,222.68877,3.0600817,3.2644193,7.841737
74.92797,13.121115,218.20012,218.16068,2.7732582,2.941708,6.902146
75.8258,13.151557,208.29521,208.22102,2.4686584,2.6092045,7.375061
76.72362,13.182,198.3903,198.28137,2.1640587,2.276701,8.813076
77.44604,13.186219,193.03723,193.05566,2.3753235,2.5086622,10.8245125
78.16845,13.19044,187.68416,187.82993,2.5865884,2.7406235,12.847978
78.7742,13.219128,174.63332,174.95602,2.654585,2.812157,15.698576
79.37997,13.247816,161.58246,162.08214,2.7225811,2.88369,15.634669
79.738396,13.249162,160.88351,161.23892,2.8950946,3.0720081,17.604448
80.09682,13.250508,160.18457,160.39568,3.0676079,3.2603261,19.64826
80.059425,13.300273,156.26665,156.43167,3.1870253,3.3904529,20.290813
80.02203,13.350036,152.34872,152.46767,3.3064423,3.5205798,22.514175
80.09668,13.395879,152.04617,152.22668,3.4999878,3.747694,27.293266
80.171326,13.441722,151.74362,151.98569,3.6935334,3.9748085,32.59773
79.457985,13.540225,150.81232,151.10695,3.826197,4.1350093,38.857105
78.744644,13.63873,149.88103,150.22823,3.9588609,4.2952104,46.67565
78.076546,13.726901,147.57443,147.90588,4.00706,4.3663287,50.821663
77.40844,13.815074,145.26785,145.58354,4.0552597,4.4374475,55.18568
76.682014,13.897046,141.66617,141.99477,4.2280316,4.6606073,65.22273
75.9556,13.979021,138.06448,138.40599,4.4008036,4.883767,72.95668
75.363434,14.049664,134.87146,135.24706,4.617805,5.16752,84.14853
74.771286,14.120307,131.67842,132.08807,4.8348064,5.451273,96.3176
75.21133,14.0822935,131.64168,132.13264,5.273596,5.940983,117.752525
75.65137,14.044281,131.60493,132.17722,5.712385,6.430693,141.40321
76.575035,13.948482,131.51309,132.07217,5.849306,6.5545917,150.16089
77.4987,13.852682,131.42125,131.96716,5.986227,6.67849,160.23866
77.98504,13.822949,126.773865,127.199524,6.112191,6.8300724,164.22307
78.471375,13.793219,122.12648,122.431854,6.2381554,6.9816537,168.56381
78.81376,13.752369,119.52772,119.92038,6.535084,7.324905,183.12679
79.15615,13.711516,116.928955,117.4089,6.832012,7.6681557,197.33875
78.70068,13.7552805,114.31974,114.84106,7.0238976,7.916415,204.42754
78.24522,13.799045,111.7105,112.273224,7.2157826,8.164674,212.90627
76.67599,13.895351,109.076164,109.583275,7.56395,8.615947,237.73317
75.106766,13.991658,106.441826,106.89332,7.9121175,9.067221,262.88837
75.06239,13.972685,105.36418,105.74341,8.259383,9.486197,287.2057
75.018036,13.9537115,104.28655,104.59348,8.606648,9.905175,316.17526
74.72868,13.961051,103.002815,103.409164,8.913736,10.302331,344.81863
74.43934,13.96839,101.71908,102.224846,9.220824,10.699485,375.90506
73.86339,13.978425,101.202515,101.71096,9.473749,11.042914,403.3697
73.28744,13.988461,100.68594,101.197075,9.726675,11.386343,427.89774
72.90461,14.01786,99.24814,99.810104,9.836562,11.556656,440.17484
72.52178,14.047262,97.81033,98.42314,9.946449,11.726969,449.72488
72.82783,14.0076065,95.79166,96.370926,10.069822,11.875044,458.46854
73.133865,13.967953,93.772964,94.318695,10.193195,12.023119,465.8175
77.24172,13.360917,97.7545,98.1296,10.084859,11.782077,462.8134
81.34958,12.753882,101.73602,101.94051,9.976522,11.541034,462.28497
80.69672,12.80115,97.54379,97.84414,9.760207,11.263405,446.4951
80.04386,12.848419,93.35157,93.74775,9.543894,10.985775,430.15524
80.35847,12.826897,88.89555,89.30249,9.358164,10.741023,418.10614
80.673065,12.805375,84.43954,84.857216,9.172434,10.496269,404.03082
80.907585,12.766968,81.52561,81.950966,9.359003,10.732549,427.89087
81.1421,12.7285595,78.61168,79.044716,9.545572,10.968827,449.12778
81.37259,12.706064,76.52985,76.94675,9.71034,11.160349,465.1312
81.60308,12.68357,74.44801,74.8488,9.875109,11.351871,480.31506
81.32748,12.736791,72.043945,72.52097,9.951573,11.468888,489.34695
81.05188,12.790012,69.639885,70.19315,10.028038,11.585907,497.83936
81.1253,12.818758,66.57482,67.125824,10.042934,11.610079,501.43274
81.19871,12.847504,63.509754,64.05851,10.05783,11.634252,504.72916
81.229004,12.8688755,62.29998,62.80815,10.089423,11.700384,509.47482
81.2593,12.890248,61.090206,61.557804,10.1210165,11.766517,513.7232
81.7181,12.851195,58.633667,59.079323,10.371392,12.085009,527.46173
82.176895,12.812144,56.17713,56.60084,10.621768,12.403501,536.9184
82.000694,12.861186,53.57959,54.013866,10.890273,12.777126,544.23676
81.824486,12.910231,50.98206,51.426903,11.158778,13.150752,549.7145
81.46391,12.989382,48.6307,49.09835,10.900968,12.896353,547.4579
81.10333,13.068532,46.279343,46.7698,10.643157,12.6419525,544.4489
80.1817,13.144666,42.477203,43.07987,10.157466,12.077394,530.71094
79.26006,13.220798,38.675064,39.38992,9.671774,11.512834,510.61743
79.79348,13.197328,32.782753,33.7711,9.367132,11.122699,494.3512
80.32689,13.173859,26.890438,28.152264,9.06249,10.732564,471.3355
81.13368,13.113997,43.700935,29.9063,9.088906,10.671346,467.5035
81.94047,13.054138,60.511436,31.660336,9.115322,10.6101265,460.61572
81.73496,13.105539,157.93669,144.17793,9.238383,10.786769,411.84814
81.529465,13.156942,255.36195,256.69556,9.361445,10.963409,441.29077
83.120804,13.003133,299.59595,300.7827,9.3564825,10.864212,425.61725
84.71214,12.849324,343.83,344.8699,9.351519,10.765015,405.9987
84.15562,12.857416,335.67877,336.88632,9.544676,11.042723,435.36633
83.5991,12.865508,327.5276,328.90274,9.737833,11.32043,457.63477
84.42687,12.803948,322.87042,324.20596,10.185575,11.870162,486.72556
85.25464,12.742388,318.21326,319.5092,10.633316,12.419895,512.2087
85.40263,12.6972885,313.04834,314.25888,10.772986,12.560582,519.31006
85.55063,12.652191,307.88342,309.0086,10.912658,12.701268,526.1848
85.343704,12.632447,303.6749,304.80322,11.022198,12.842396,533.8963
85.13679,12.612705,299.46634,300.5978,11.131738,12.983521,540.85565
85.79207,12.517277,296.50198,297.4655,11.187114,12.994041,540.0678
86.447365,12.421851,293.5376,294.33322,11.242491,13.004562,537.72797
86.39178,12.357832,291.83325,292.64594,11.261657,13.014328,538.917
86.33618,12.293813,290.12888,290.95862,11.280822,13.024094,540.0471
86.15295,12.272847,288.501,289.3034,11.109792,12.801791,536.1442
85.96971,12.251882,286.8731,287.6482,10.938763,12.57949,531.5356
85.90844,12.228833,284.69336,285.40903,10.743076,12.308208,523.95905
85.847176,12.205783,282.51358,283.16986,10.547392,12.036928,514.58905
86.36442,12.158279,281.41415,282.00647,10.079604,11.44788,483.87183
86.88165,12.110775,280.3148,280.8431,9.611816,10.85883,446.53708
86.78444,12.068003,279.13928,279.6064,9.5129595,10.706776,436.90265
86.687225,12.02523,277.96375,278.36966,9.414103,10.554721,426.8829
86.93111,11.98172,276.1268,276.48932,9.2836895,10.361271,414.04547
87.17499,11.938208,274.28986,274.60895,9.1532755,10.16782,400.81247
87.625534,11.86003,273.15994,273.49554,9.08862,10.062805,393.57507
88.07607,11.781853,272.03003,272.38214,9.023966,9.957789,386.95868
87.91048,11.7320175,270.5042,270.89465,8.950835,9.863167,380.88846
87.74489,11.682182,268.9784,269.40714,8.877703,9.768546,373.96344
86.94349,11.706984,268.29282,268.6528,8.852736,9.742604,368.1146
86.14208,11.731785,267.6072,267.89847,8.827769,9.716663,360.48102
86.42187,11.705347,267.84085,268.13455,8.71698,9.566931,347.70917
86.70165,11.67891,268.07446,268.37064,8.606193,9.417199,334.929
86.870674,11.643514,267.97845,268.27576,8.515915,9.317287,327.71542
87.0397,11.608116,267.88248,268.1809,8.425636,9.217376,320.4762
86.58672,11.578744,266.9908,267.24866,7.8905053,8.586909,251.25275
86.13375,11.549371,266.09912,266.31638,7.3553743,7.956442,182.07574
86.01154,11.537417,263.03143,263.1612,6.8861923,7.4116726,145.02632
85.889336,11.525465,259.9637,260.00598,6.41701,6.866904,116.30756
85.81179,11.511221,257.7522,257.8046,6.217727,6.649878,106.07003
85.73424,11.496979,255.54065,255.6032,6.0184445,6.4328527,96.508286
84.74646,11.568998,251.79678,251.94751,6.1233416,6.5584383,101.480965
83.75868,11.641019,248.05292,248.29185,6.2282395,6.684024,106.40636
83.52905,11.691029,245.3562,245.544,6.462633,6.938118,115.10493
83.29942,11.741037,242.65953,242.79616,6.6970267,7.192212,126.92909
84.39323,11.667796,242.08112,242.17087,6.7823625,7.274727,135.64497
85.48703,11.594553,241.50273,241.54556,6.867698,7.3572407,149.90709
85.755905,11.587009,240.91748,241.05273,6.795091,7.289481,148.46895
86.02478,11.579463,240.33228,240.55988,6.722484,7.221721,146.93872
85.37149,11.689098,237.96384,238.29707,6.504452,6.9973426,132.45888
84.71819,11.798733,235.59543,236.03426,6.2864203,6.7729635,116.67693
83.563934,11.975325,233.51842,234.01877,5.958326,6.4308805,100.56371
82.40966,12.151916,231.44144,232.00333,5.6302314,6.0887976,93.75511
81.74042,12.281711,231.0039,231.40712,5.601553,6.074356,95.85469
81.071175,12.411506,230.56636,230.81091,5.5728745,6.059915,96.90859
81.384224,12.464439,229.52675,229.73026,5.8573575,6.3975134,116.12237
81.69726,12.517375,228.48717,228.6496,6.141841,6.735112,134.83812
81.45828,12.608277,225.63417,225.95802,6.22807,6.8846946,147.99455
81.2193,12.699181,222.78117,223.26646,6.314298,7.034276,160.91307
80.749245,12.79463,220.6353,221.13652,6.522913,7.3238783,183.31245
80.279175,12.890079,218.48943,219.00658,6.731527,7.6134796,208.85547
80.34931,12.902153,217.51192,217.99966,6.980415,7.904559,228.75807
80.41945,12.914228,216.53438,216.99275,7.2293015,8.195639,247.30325
81.23844,12.839072,215.44322,215.77888,7.1751328,8.098242,235.65526
82.05744,12.763916,214.35205,214.56502,7.120964,8.000844,223.51251
82.2374,12.724274,213.94893,214.13202,7.2039704,8.089134,227.73221
82.41736,12.68463,213.54576,213.69904,7.286977,8.177424,232.367
83.29296,12.400406,205.10692,205.23613,7.5250554,8.339599,249.31052
84.16856,12.11618,196.66806,196.77327,7.763135,8.501771,262.40353
83.93198,12.149624,198.63586,198.76987,7.3309536,8.00736,231.7379
83.695404,12.183067,200.6037,200.76651,6.8987722,7.5129495,202.01926
83.02575,12.24915,198.72081,198.88795,6.3969045,6.950867,175.03627
82.3561,12.315233,196.83792,197.00945,5.8950377,6.388785,141.52632
81.22583,12.367878,190.10489,190.29753,5.4272704,5.86592,116.21906
80.09556,12.420523,183.3719,183.58557,4.959503,5.3430552,94.68161
79.44183,12.470767,175.77547,175.94205,5.000123,5.39324,101.77538
78.78812,12.521012,168.17903,168.29848,5.0407424,5.4434237,106.63554
78.26755,12.590721,162.23665,162.44794,5.232828,5.689106,122.901215
77.746994,12.660431,156.29427,156.59738,5.4249134,5.9347887,140.08041
77.04198,12.861427,155.30081,155.5044,5.5962567,6.2000427,159.82932
76.33697,13.062425,154.30736,154.41142,5.7675996,6.4652963,175.16234
77.40675,13.1438875,153.20987,153.41347,6.1200604,6.932245,204.61003
78.47654,13.225348,152.1124,152.41556,6.472522,7.3991933,227.3922
81.798965,13.095291,148.6391,148.95564,6.759706,7.6784945,222.96046
85.12138,12.965234,145.1658,145.49568,7.046891,7.9577956,220.5117
84.1279,13.083082,140.75299,141.18433,7.4224257,8.498831,257.7157
83.13442,13.200931,136.34018,136.87294,7.79796,9.0398655,291.5212
81.82621,13.317103,137.34113,137.73776,8.361335,9.804111,332.6265
80.518005,13.433275,138.3421,138.60258,8.924708,10.568356,375.8906
79.70742,13.4420805,141.35419,141.50523,9.3129425,11.080656,410.49445
78.896835,13.450887,144.36627,144.40788,9.701176,11.592958,443.96915
78.85692,13.415006,145.57875,145.59935,9.719048,11.58662,443.4886
78.81701,13.379123,146.79123,146.79082,9.736918,11.580281,443.4171
79.0657,13.316084,145.0562,145.08632,9.850046,11.69229,451.58636
79.31438,13.253045,143.32117,143.3818,9.963176,11.804298,460.45935
77.00376,13.393276,144.42053,144.47801,9.8657875,11.724854,447.1551
74.693146,13.533508,145.51991,145.57422,9.768401,11.6454115,447.69678
74.46446,13.515934,145.37549,145.5163,9.69204,11.538723,442.7089
74.23577,13.498362,145.23106,145.45836,9.615681,11.432034,437.30472
75.23637,13.422936,143.22484,143.47354,9.470056,11.204725,418.1871
76.23695,13.34751,141.21861,141.48874,9.32443,10.977417,398.1112
77.10679,13.247736,140.39261,140.62036,9.017688,10.54838,361.12085
77.97662,13.147963,139.5666,139.75203,8.710946,10.119345,328.94138
78.5497,13.0558195,138.97629,139.07951,8.632515,9.997528,320.9807
79.122765,12.963677,138.38596,138.40698,8.554084,9.875711,317.17422
80.61183,12.817474,139.19249,139.1525,8.357593,9.557548,310.32886
82.100914,12.67127,139.999,139.89804,8.161102,9.239386,301.64667
82.8463,12.566045,139.87668,139.86714,7.6928306,8.6517105,269.50797
83.59168,12.460818,139.75433,139.83627,7.224559,8.064035,230.484
84.38459,12.379217,133.37251,133.51894,7.140596,7.90937,216.87856
85.1775,12.297618,126.99071,127.20159,7.0566325,7.754704,201.86673
85.11702,12.311572,123.54269,123.68509,7.42854,8.177107,227.24828
85.056526,12.325528,120.09467,120.16858,7.8004475,8.599511,250.81699
84.105835,12.443266,119.45386,119.47416,7.6641126,8.498296,247.80013
83.155136,12.561004,118.81304,118.77975,7.5277762,8.397081,240.82495
85.445564,12.755801,122.51226,122.82886,8.456752,9.631264,322.1796
87.73599,12.950599,126.21149,126.87796,9.385727,10.865447,408.57343
87.91248,12.971576,129.11699,129.76875,8.642178,9.953272,338.54324
88.088974,12.992554,132.0225,132.65953,7.898627,9.041097,279.08643
88.51108,12.961759,134.64581,135.22626,7.4136353,8.475427,245.15947
88.93318,12.930963,137.2691,137.79297,6.9286437,7.909756,212.49792
88.81813,12.915992,140.97647,141.41019,6.790234,7.6755414,196.10637
88.70307,12.901021,144.68382,145.02739,6.6518254,7.441326,180.72945
88.398254,12.888552,146.09467,146.39467,6.545661,7.2983675,171.88156
88.09344,12.876081,147.50551,147.76195,6.4394975,7.155409,163.16396
87.253,12.874643,145.90065,146.15901,6.237937,6.8966775,144.7519
86.41256,12.873206,144.29579,144.5561,6.036377,6.6379466,130.4059
85.56217,12.897062,139.91417,140.17421,5.9952826,6.582217,128.54668
84.71179,12.920918,135.53256,135.79231,5.9541883,6.5264883,126.20474
84.31144,12.925988,132.84857,133.14954,5.880188,6.432468,120.64807
83.911095,12.931057,130.16458,130.50673,5.8061867,6.3384476,115.42944
83.32397,12.950905,127.93591,128.3206,5.590796,6.105748,106.020226
82.73684,12.970754,125.707245,126.13446,5.3754053,5.873049,99.14163
84.300385,12.915238,122.41699,122.840996,5.2919393,5.7858086,85.765976
85.86393,12.859724,119.12674,119.54749,5.2084727,5.6985683,78.90664
85.82586,12.865515,118.75834,119.15106,5.1917496,5.6764674,78.169556
85.78778,12.871306,118.38996,118.75459,5.175027,5.6543665,77.49072
85.6063,12.89145,119.43157,119.826,4.8485613,5.294268,65.059105
85.42483,12.911593,120.47319,120.89737,4.5220957,4.93417,51.503628
85.20473,12.93314,119.485504,119.873795,4.3266664,4.7159967,46.057976
84.98463,12.954688,118.49784,118.85023,4.131237,4.497824,41.324078
85.444695,12.945312,118.45933,118.862335,3.9131792,4.2675357,34.936523
85.904755,12.935936,118.420815,118.87447,3.6951208,4.037246,30.233921
86.12036,12.931121,122.405945,122.7176,3.4346695,3.7493446,24.826038
86.33597,12.926307,126.39107,126.56075,3.1742182,3.4614422,19.983839
85.9947,12.933786,131.9675,132.07466,3.0006769,3.2543838,16.978148
85.65343,12.941267,137.54391,137.58852,2.827135,3.0473258,14.330989
84.991905,12.948436,148.84563,148.8931,2.6987653,2.8929305,10.2921715
84.33038,12.955604,160.14732,160.19766,2.5703957,2.738535,6.967284
84.33054,12.950939,166.54906,166.59189,2.599168,2.7582037,7.202753
84.33071,12.946275,172.95079,172.98613,2.6279402,2.7778726,7.3830585
84.62488,12.908586,180.43849,180.47823,2.5971982,2.7464492,8.527052
84.91905,12.870896,187.9262,187.97032,2.5664558,2.7150261,10.658636
84.824524,12.846401,189.32378,189.37743,2.4833922,2.6233983,10.18635
84.73001,12.821906,190.72137,190.78458,2.4003286,2.53177,9.607331
84.391685,12.825163,190.22807,190.34752,2.4645576,2.607957,9.589179
84.053375,12.82842,189.73482,189.91046,2.5287864,2.6841433,9.83393
82.692276,12.877858,185.67683,186.01973,2.427531,2.5847535,10.578131
81.33118,12.927297,181.61884,182.12903,2.3262753,2.4853635,10.816822
80.25906,12.993999,176.88554,177.4951,2.4501266,2.6207564,12.072888
79.18695,13.0606985,172.15225,172.8612,2.5739782,2.7561493,14.99783
79.41089,13.040188,172.71451,173.37466,2.880284,3.0792232,21.147833
79.634834,13.019676,173.27673,173.88815,3.1865902,3.402297,28.05123
