0,1,2,3,4,5,6
90.401276,11.3717785,145.36267,145.30138,1.9896467,2.4107594,-43.468132
89.769806,11.356836,149.09557,149.04019,2.0485823,2.3224232,-41.516884
88.97686,11.283332,150.79361,150.69588,1.8924041,2.0944438,-46.37376
88.183914,11.209828,152.49165,152.3516,1.7362249,1.8664645,-49.581223
87.38165,11.175437,151.90434,151.65857,1.6144892,1.7350594,-50.88437
86.57939,11.141046,151.31702,150.96556,1.4927526,1.6036555,-53.86045
86.199524,11.116831,152.09328,151.63544,1.4427595,1.5508288,-54.31479
85.819664,11.092614,152.86957,152.3053,1.3927654,1.4980034,-54.901375
85.78734,11.113202,151.19682,150.75035,1.5427616,1.6621332,-49.74503
85.75502,11.13379,149.52406,149.19543,1.6927576,1.8262631,-45.204136
85.999596,11.145969,150.39662,150.16394,1.9176444,2.069673,-36.902504
86.24418,11.15815,151.2692,151.13246,2.14253,2.313083,-28.351986
86.01088,11.1897545,152.38412,152.28378,2.3071976,2.5031176,-21.49659
85.77758,11.221357,153.49908,153.43512,2.4718642,2.6931508,-15.770928
85.36501,11.248164,157.176,157.10194,2.5582893,2.7911186,-12.341173
84.95244,11.274971,160.85295,160.7688,2.6447146,2.8890865,-8.735729
84.5091,11.2862015,164.1052,164.07341,2.7878203,3.0454204,-4.2809978
84.06576,11.297432,167.35748,167.37802,2.930927,3.201753,-0.9087318
83.742584,11.313179,171.19698,171.26646,3.0112998,3.3004382,0.5856263
83.4194,11.328926,175.03647,175.1549,3.0916727,3.3991234,2.062288
83.350716,11.322532,178.07909,178.23021,3.157959,3.475354,3.4794726
83.282036,11.316138,181.12173,181.3055,3.2242455,3.5515847,5.0407367
83.52198,11.312774,184.6953,184.85701,3.2084446,3.5349789,4.6957974
83.76193,11.309407,188.26884,188.40852,3.1926434,3.5183744,3.8675175
84.00494,11.296327,192.40935,192.59001,3.0307672,3.3308382,-0.8034047
84.24794,11.283245,196.54985,196.77148,2.8688912,3.143302,-5.1068172
84.42689,11.298234,198.09908,198.36966,2.6544414,2.901532,-11.974751
84.60583,11.313226,199.64828,199.96783,2.4399924,2.6597621,-18.921516
84.83795,11.333965,197.97104,198.40262,2.2535024,2.4688013,-25.151432
85.070076,11.354707,196.29376,196.83742,2.0670133,2.2778418,-32.245445
85.31281,11.367548,189.45865,190.38513,2.0150466,2.2544098,-35.99937
85.55556,11.380389,182.62352,183.93286,1.9630791,2.2309792,-39.82223
85.64563,11.3840885,180.18857,181.2252,2.13707,2.4301708,-32.344574
85.73572,11.387788,177.75362,178.51758,2.3110597,2.629362,-24.896963
85.84558,11.399648,176.90189,177.74344,2.4351864,2.8075848,-20.21473
85.95546,11.4115095,176.05014,176.9693,2.559313,2.9858077,-15.070262
86.01698,11.429228,177.45479,178.20157,2.7612128,3.2962961,-5.0252905
86.078514,11.446946,178.85942,179.43384,2.9631114,3.6067858,6.2900887
85.93483,11.467225,180.6644,181.36449,3.082696,3.8116903,12.470936
85.791145,11.487501,182.4694,183.29514,3.2022803,4.0165944,18.908098
85.49,11.507315,183.2862,184.08685,3.427176,4.311558,29.213026
85.18885,11.527128,184.103,184.87857,3.6520708,4.606522,40.59006
84.81891,11.5526,190.28789,190.69084,3.509586,4.4099298,31.301731
84.44896,11.578071,196.47278,196.50308,3.3671007,4.213339,21.484213
84.39185,11.604122,205.4277,205.29797,2.9171665,3.7098887,4.7121215
84.33474,11.630172,214.38264,214.09288,2.4672332,3.2064388,-10.070299
85.271545,11.682256,212.92754,212.61607,2.1834016,2.6841104,-24.96193
86.20835,11.734342,211.47249,211.13928,1.8995711,2.1617823,-41.67828
86.330025,11.748071,235.42151,235.01942,1.515351,1.702529,-61.367306
86.4517,11.761802,259.37048,258.8996,1.131131,1.2432756,-76.30838
86.99055,11.749788,280.99783,282.79892,0.9710417,1.123329,-93.8611
87.529396,11.737777,302.62512,306.69824,0.8109513,1.0033824,-111.424515
87.51275,11.749521,234.80414,252.85715,0.654784,0.83094305,-102.97412
87.4961,11.761269,166.98317,199.01604,0.4986177,0.65850365,-34.458973
87.25332,11.783055,213.47212,232.86395,0.62893254,0.8740775,-89.58665
87.01053,11.80484,259.96106,266.71182,0.7592474,1.0896513,-127.12602
86.698204,11.863055,294.5081,291.63477,0.9434764,1.364679,-64.39894
86.38589,11.921273,329.05502,316.55768,1.1277063,1.6397077,-12.010476
86.111946,11.991764,308.8878,300.38013,1.358217,2.0236142,-16.241966
85.838,12.062256,288.7206,284.2025,1.5887276,2.4075205,-24.708405
85.83438,12.133833,147.0054,146.99318,1.9162561,2.9547873,-25.322529
85.83078,12.20541,5.290233,9.783824,2.2437844,3.502054,-12.929462
86.56972,12.262857,10.3342905,14.882739,2.784054,4.2583537,27.820541
87.308655,12.320303,15.378371,19.981655,3.3243225,5.014653,72.25189
88.60018,12.321707,21.641146,25.83141,3.9642484,5.748745,115.75303
89.8917,12.323111,27.903921,31.681189,4.6041737,6.4828377,159.15572
90.558174,12.276019,34.408066,37.483032,5.2952013,7.159515,201.37106
91.224655,12.2289295,40.91218,43.284878,5.986229,7.836193,237.42
89.89076,12.17593,44.20863,46.251926,6.4881787,8.300779,258.87854
88.55687,12.1229315,47.5051,49.21897,6.9901266,8.765369,280.31595
86.029526,12.085581,47.317505,48.777378,7.4940815,9.2321415,297.29956
83.502174,12.048228,47.129883,48.335808,7.998037,9.698917,316.1689
80.486336,12.0169115,45.697643,46.673756,8.4116335,10.101148,330.0861
77.4705,11.985597,44.265377,45.011677,8.825231,10.50338,348.8858
75.988686,11.960413,42.904484,43.532246,8.832258,10.469136,349.74432
74.50689,11.935227,41.543564,42.05279,8.839283,10.434893,352.50232
75.139465,11.894922,40.587055,41.032803,8.518496,10.014989,326.88208
75.77203,11.854615,39.63055,40.012814,8.197705,9.595087,302.6334
77.29138,11.794789,38.24557,38.592796,7.967148,9.258648,284.98526
78.81073,11.734964,36.860588,37.172756,7.7365923,8.922206,271.82117
78.33277,11.6831455,34.368076,34.60298,7.6853766,8.832414,264.73163
77.85483,11.631324,31.875542,32.03323,7.634161,8.742624,257.91913
76.492355,11.618924,31.34645,31.572733,7.423331,8.473242,236.98535
75.12989,11.606524,30.81736,31.112259,7.2125025,8.203859,216.04115
73.33969,11.570388,28.468845,28.802269,7.331067,8.305257,223.10913
71.54949,11.534254,26.120304,26.492302,7.4496317,8.406653,231.11343
70.90391,11.493192,27.017408,27.435669,7.1899066,8.10006,209.2087
70.258316,11.452128,27.914537,28.37906,6.930184,7.793468,190.127
70.826225,11.421102,28.832657,29.407629,6.761986,7.595006,176.0088
71.39412,11.390075,29.7508,30.436174,6.5937896,7.396544,162.3214
71.81582,11.369426,29.527124,29.942318,6.4558434,7.224004,149.95686
72.23752,11.348776,29.303425,29.44846,6.3178973,7.0514627,137.98595
72.68576,11.301595,30.261358,30.438116,6.326848,7.0462704,137.1376
73.134,11.2544155,31.219315,31.427795,6.3357987,7.0410786,136.01175
68.75861,11.2318735,27.995543,28.281666,6.6803308,7.3807893,168.48383
64.38322,11.2093315,24.77177,25.135561,7.024863,7.7205014,192.48404
65.134285,11.207624,27.794579,27.972643,6.8527555,7.532351,181.30753
65.885345,11.20592,30.81741,30.80975,6.6806483,7.3442016,169.59218
65.84448,11.205822,32.403698,32.428684,6.4993305,7.136878,157.39165
65.80361,11.205724,33.989964,34.047646,6.318013,6.9295554,145.2867
66.88905,11.203746,33.687347,33.91062,6.193202,6.783838,136.1952
67.974495,11.201768,33.38473,33.7736,6.0683894,6.638121,126.79501
68.72043,11.179219,37.221085,37.44092,6.245239,6.8201265,136.29074
69.466354,11.156672,41.057434,41.108246,6.422088,7.002132,146.16849
70.54349,11.081734,40.590523,40.589928,6.661722,7.2635913,160.36967
71.62061,11.006796,40.12361,40.07159,6.901356,7.525049,177.38289
71.505035,11.011398,36.285416,36.34812,6.841266,7.489883,172.6302
71.38946,11.016002,32.44725,32.62463,6.7811737,7.4547157,168.78523
69.86331,11.087494,33.33865,33.51652,6.7607274,7.4174037,170.11276
68.33716,11.158986,34.230053,34.408413,6.740281,7.3800926,171.16006
67.68907,11.140894,34.86055,34.87685,6.6446958,7.257525,163.75699
67.04099,11.122801,35.49107,35.345314,6.54911,7.1349573,157.627
68.68491,11.098198,35.32338,35.197525,6.535477,7.123415,154.35902
70.32884,11.073594,35.155716,35.049763,6.5218444,7.1118727,149.23026
71.125206,11.036774,33.69787,33.541965,6.623656,7.2164435,154.48592
71.92158,10.999952,32.240017,32.03419,6.725466,7.321014,161.25194
71.57677,11.027392,30.25917,30.11191,6.7248244,7.3393874,161.71573
71.231964,11.054832,28.278324,28.18963,6.724181,7.3577595,162.83554
70.6114,11.106526,27.879688,27.802559,6.7016096,7.3437986,162.58353
69.99082,11.15822,27.481028,27.415462,6.6790404,7.3298383,162.71544
70.17621,11.219055,27.293161,27.201105,6.670797,7.3429136,161.98015
70.36159,11.279891,27.10532,26.98675,6.662555,7.3559895,161.92336
70.196106,11.360634,26.290844,26.222906,6.6930685,7.4152174,165.9206
70.03061,11.441376,25.476364,25.459063,6.7235823,7.4744453,169.835
70.14221,11.471249,24.071133,24.100576,6.8748574,7.653774,181.17467
70.25382,11.50112,22.665901,22.74209,7.026133,7.833102,192.95341
71.094604,11.500063,22.939,22.990345,7.211939,8.063906,207.8789
71.93539,11.499007,23.2121,23.238602,7.397745,8.294707,224.32347
71.81672,11.48659,24.236094,24.32548,7.455105,8.353603,228.81062
71.698044,11.474172,25.260088,25.412357,7.5124664,8.4124975,233.32368
71.013336,11.422267,25.94785,26.116022,7.4361186,8.293426,225.75471
70.32863,11.370362,26.635582,26.819664,7.359771,8.174353,218.3661
71.21721,11.334138,26.64008,26.820131,7.211322,7.9944425,204.59834
72.1058,11.297916,26.644554,26.820574,7.062875,7.8145337,191.75583
73.49235,11.262646,26.382269,26.537754,7.061129,7.8035593,191.67984
74.87889,11.227376,26.11996,26.254911,7.0593834,7.7925854,192.79396
75.442986,11.204162,25.501654,25.684237,7.030004,7.7703977,191.35287
76.00708,11.180945,24.883326,25.113535,7.000625,7.7482114,189.85095
76.09018,11.171627,24.640629,24.7862,7.1408806,7.8961663,201.23895
76.17327,11.162306,24.397907,24.458838,7.281138,8.044123,212.61295
76.423584,11.126009,23.894794,23.926632,7.199451,7.9498625,205.99362
76.67389,11.089713,23.391657,23.394428,7.1177635,7.855603,199.43372
74.89239,11.216575,19.68178,19.67364,7.3663087,8.23725,223.6231
73.11089,11.343435,15.971877,15.952827,7.6148534,8.618896,248.64561
73.090576,11.303497,16.110245,16.156343,7.512806,8.458932,238.29706
73.07026,11.263561,16.248613,16.35986,7.4107604,8.29897,227.76833
73.49118,11.189654,18.753437,18.86631,7.421581,8.292565,227.45499
73.912094,11.115749,21.258263,21.372787,7.432401,8.286163,227.00131
74.07667,11.122496,24.642128,24.878775,7.4188266,8.32256,227.69072
74.24125,11.129239,28.026018,28.384789,7.4052496,8.35896,228.37265
76.20643,11.209137,28.922632,29.343569,7.123822,8.077316,208.93976
78.1716,11.289035,29.819244,30.302372,6.8423944,7.7956724,196.35918
79.93274,11.376464,25.389412,25.988096,6.416625,7.350886,167.8777
81.69387,11.46389,20.959604,21.67382,5.9908543,6.9060993,145.23256
82.1837,11.537057,20.5562,21.220919,6.3310566,7.362649,176.18776
82.67352,11.610224,20.152796,20.76799,6.67126,7.8192,207.16898
82.91416,11.625248,19.799036,20.290949,6.765771,7.9000983,212.76796
83.1548,11.640274,19.445301,19.81393,6.860282,7.980998,218.57402
81.31607,11.665436,18.271534,18.62135,6.839528,7.947336,212.2223
79.47734,11.690599,17.097769,17.428793,6.818774,7.9136744,206.7874
78.61814,11.697079,16.65101,17.097645,6.507602,7.5519395,180.48857
77.75894,11.703561,16.204252,16.766474,6.1964283,7.1902037,154.31635
77.747765,11.716035,14.775279,15.386773,6.140101,7.112764,149.2259
77.736595,11.728509,13.346332,14.007072,6.083772,7.035323,144.23305
77.85933,11.752924,12.985469,13.690773,6.213966,7.210681,157.13841
77.98207,11.777342,12.624608,13.374474,6.34416,7.3860383,170.30685
78.72191,11.819247,9.628345,10.42832,6.1214986,7.162426,156.99532
79.461754,11.861152,6.6321054,7.482167,5.898838,6.938814,145.05144
81.04236,11.894377,9.171903,10.106441,6.3360825,7.5544915,189.52313
82.622955,11.927599,11.711725,12.73069,6.7733297,8.17017,231.97157
84.574295,11.93949,11.933064,12.911787,6.827118,8.261722,240.13475
86.52563,11.951383,12.154404,13.092884,6.880906,8.353276,242.6644
87.08988,11.955212,12.898197,13.95132,7.0852504,8.627997,255.94518
87.65414,11.959042,13.641991,14.809755,7.289597,8.902717,269.26212
87.18839,11.929998,17.082064,18.03209,7.56852,9.17917,280.94803
86.72265,11.900954,20.522137,21.254398,7.8474426,9.455623,293.42725
86.30115,11.885725,20.0247,20.705011,7.8561654,9.451604,292.8883
85.87964,11.870497,19.52724,20.155622,7.8648906,9.447588,292.36526
85.18671,11.832594,21.33767,21.907106,8.220321,9.808314,310.44644
84.49377,11.794689,23.148075,23.658564,8.575749,10.16904,331.111
83.89519,11.781162,24.974283,25.590504,8.580653,10.237841,334.69797
83.29661,11.767636,26.800493,27.522469,8.585555,10.306641,338.68555
83.310844,11.69162,29.128021,29.574814,8.814848,10.474361,348.738
83.32508,11.615601,31.455523,31.627157,9.044141,10.642082,359.636
83.39889,11.616667,31.983606,32.24749,8.949219,10.533069,353.86343
83.47269,11.617734,32.511715,32.867847,8.854299,10.424055,347.99976
83.81842,11.504326,33.905098,34.24273,8.957918,10.447938,352.27936
84.16415,11.390918,35.298485,35.617588,9.061535,10.471825,356.5992
84.612915,11.369752,36.513588,36.924526,8.943552,10.329182,349.49658
85.061676,11.348586,37.728695,38.231464,8.825568,10.186539,342.35553
85.6929,11.124731,41.794346,42.19119,8.73353,9.9227085,332.75052
86.32413,10.900877,45.859997,46.15089,8.641493,9.658875,324.12808
86.583305,10.875664,45.90362,46.187862,8.451812,9.413003,312.2351
86.84248,10.8504505,45.94727,46.22486,8.26213,9.167127,300.4624
87.126434,10.82624,45.887104,46.190838,8.139019,9.016533,292.96506
87.41039,10.80203,45.826965,46.156815,8.015908,8.865941,285.63937
87.66684,10.763875,45.714993,46.07518,7.860808,8.67349,275.78122
87.92328,10.725718,45.603024,45.993565,7.705707,8.48104,265.93158
87.78367,10.734616,45.810944,46.197056,7.593684,8.360977,258.88647
87.64405,10.743513,46.018864,46.400574,7.4816594,8.240914,251.66878
87.13592,10.785256,46.738792,47.102222,7.395194,8.144038,245.13925
86.627785,10.827,47.45872,47.80385,7.308729,8.047157,238.47478
86.46471,10.826829,46.89242,47.215645,7.208735,7.9239383,231.25273
86.30162,10.826658,46.326145,46.62744,7.108741,7.800719,223.89157
86.588036,10.799726,45.367477,45.71188,7.0856023,7.7621174,222.71782
86.87444,10.772793,44.408783,44.796314,7.0624633,7.723516,221.214
86.919815,10.779781,43.38484,43.750587,7.080311,7.75163,222.61827
86.96519,10.786771,42.360867,42.70486,7.0981565,7.7797427,224.0322
86.6941,10.844825,42.750313,43.011204,7.0813994,7.788732,223.27313
86.42303,10.90288,43.139782,43.31757,7.0646424,7.7977214,222.43704
85.51947,11.024817,43.615147,43.76091,6.878433,7.6211476,209.2087
84.6159,11.146757,44.09051,44.20425,6.6922255,7.444572,194.6837
83.68025,11.274719,43.723923,43.851227,6.5333595,7.3038487,184.17653
82.744606,11.402684,43.35736,43.4982,6.3744917,7.163125,172.61487
82.30714,11.461691,41.948223,42.12241,6.276034,7.055431,163.29906
81.86966,11.520698,40.53908,40.74659,6.177576,6.9477367,153.1849
81.35879,11.560621,38.496574,38.679718,6.1572413,6.9375772,149.19005
80.847916,11.600542,36.454063,36.612846,6.136909,6.9274178,144.94052
80.36322,11.644261,34.557762,34.694355,6.1141796,6.9424014,143.3713
79.87853,11.687978,32.66146,32.77586,6.0914526,6.9573855,142.20732
79.53054,11.730949,31.618,31.701174,6.216487,7.1151276,152.1586
79.18256,11.773924,30.574566,30.626465,6.3415213,7.2728705,161.96783
79.00035,11.712811,30.44185,30.517418,6.5292807,7.453921,174.27284
78.818146,11.6517,30.309135,30.408371,6.7170424,7.6349707,188.03484
79.60703,11.612245,30.997042,31.176048,6.817576,7.756395,199.36455
80.395905,11.572788,31.684948,31.943727,6.918109,7.87782,211.18825
80.55136,11.602494,32.53678,32.809513,6.917338,7.918921,213.69499
80.70682,11.632198,33.388615,33.675297,6.916567,7.9600234,216.2323
80.82197,11.655523,33.780445,34.061016,6.872996,7.9188495,213.74107
80.937126,11.678846,34.1723,34.446735,6.829427,7.8776755,211.26424
79.55534,11.703444,33.271458,33.598576,6.7129254,7.732584,196.16159
78.17357,11.728038,32.370594,32.750416,6.596422,7.5874915,181.19424
80.36291,11.6868105,29.991947,30.352053,6.5531306,7.5142074,182.90115
82.55226,11.645584,27.613276,27.953714,6.509837,7.440922,184.40677
82.92082,11.572505,27.143612,27.442036,6.7096696,7.622977,199.32687
83.28939,11.499428,26.673923,26.930357,6.909502,7.805033,213.61209
83.21217,11.470916,25.758581,25.989595,6.968254,7.8697653,217.32655
83.13496,11.442405,24.84324,25.048811,7.027004,7.9344974,221.02568
81.54336,11.329193,23.416971,23.545977,6.845994,7.651261,198.2405
79.95175,11.2159815,21.990702,22.043144,6.6649837,7.368026,173.429
80.31739,11.169877,21.441236,21.513618,6.5740128,7.261684,165.99156
80.683014,11.123774,20.891771,20.984093,6.4830413,7.1553435,158.67317
80.84749,11.101363,19.965643,20.049011,6.38864,7.0517297,151.11745
81.011955,11.078954,19.039513,19.113928,6.294239,6.948116,143.93419
80.679245,11.102149,18.27768,18.396717,6.2033954,6.8572364,135.44504
80.34653,11.125345,17.515844,17.679506,6.1125536,6.7663555,126.665794
80.812744,11.185317,17.83714,17.973707,6.054393,6.7664576,128.28621
81.27896,11.245286,18.158432,18.267906,5.9962335,6.7665606,130.86426
82.52906,11.350553,16.942762,17.102095,6.0152183,6.8783603,143.86748
83.77915,11.455817,15.727117,15.936284,6.0342026,6.99016,157.49016
84.070076,11.596979,37.27498,27.628222,6.0657525,7.1053877,155.87004
84.361,11.738139,58.822838,39.320183,6.097303,7.220617,159.7786
84.64973,11.823378,134.53773,110.09917,5.872341,6.978953,106.7116
84.93845,11.908613,210.25264,180.87816,5.647379,6.737287,119.84853
84.876335,11.936267,254.27678,235.05669,5.73131,6.884371,123.86242
84.814224,11.9639225,298.30093,289.23523,5.8152413,7.031454,131.28859
83.62487,11.89353,162.47539,148.14238,6.4463935,7.688616,126.45765
82.43552,11.823138,26.649862,7.0494957,7.077544,8.345777,195.97998
81.05113,11.760208,27.224567,12.432213,7.2506204,8.457446,199.88048
79.66675,11.697275,27.799248,17.81493,7.423694,8.569116,213.29762
79.40689,11.674699,15.519122,10.741694,7.3441167,8.456948,229.06584
79.14703,11.6521225,3.2389746,3.6684585,7.2645407,8.344778,238.66159
78.56069,11.675898,4.7795753,5.1925554,7.152212,8.224712,228.39006
77.97436,11.699674,6.3201756,6.7166524,7.0398817,8.104645,217.71408
77.01319,11.741305,44.848904,45.31008,6.819883,7.873162,197.09846
76.05201,11.782935,83.37761,83.90349,6.599884,7.6416793,183.2356
76.89378,11.8227625,97.63273,78.18159,6.81743,7.9550204,173.04129
77.73554,11.86259,111.887825,72.45968,7.034976,8.268362,202.81781
77.12214,11.823204,60.140354,40.623974,7.438218,8.685782,202.50325
76.50874,11.783816,8.392915,8.788244,7.84146,9.103202,284.27344
76.67588,11.763709,9.198766,9.6749735,7.7624836,9.022537,278.51065
76.843025,11.743599,10.004641,10.561704,7.683507,8.94187,272.50122
76.611946,11.763228,10.14667,10.727953,7.362122,8.570075,245.71529
76.38087,11.782859,10.2887,10.894177,7.0407386,8.198277,220.6551
77.32613,11.749761,10.142738,10.668242,7.2100177,8.365661,232.9989
78.2714,11.716664,9.996777,10.442307,7.3792963,8.533044,247.18344
78.95993,11.581898,11.421374,11.780931,7.8665586,9.0308895,281.7013
79.64846,11.44713,12.845947,13.119532,8.353821,9.528734,312.9931
78.16541,11.181968,13.043618,13.193057,8.793433,9.938446,338.32214
76.68238,10.916802,13.24129,13.2665825,9.233046,10.348158,364.9822
74.81867,10.852524,12.801365,12.917957,9.127386,10.217468,362.2565
72.954956,10.788245,12.361439,12.569332,9.021729,10.08678,356.4917
73.52022,10.69567,14.857685,15.029643,9.044567,10.082276,356.72525
74.08549,10.603096,17.353909,17.48993,9.067404,10.077772,355.42764
73.739815,10.643032,17.198042,17.399122,9.005027,10.029522,352.48682
73.39414,10.682968,17.042175,17.308315,8.942649,9.981272,349.47092
72.82971,10.614408,15.550531,15.755113,8.751829,9.759163,334.99512
72.26528,10.545849,14.058864,14.201886,8.561011,9.537057,319.48837
72.59716,10.480386,13.724839,13.855966,8.624326,9.575472,323.89044
72.92904,10.414926,13.390816,13.510044,8.687638,9.613886,328.49777
73.46569,10.326345,14.037703,14.216365,8.64151,9.5559635,324.33957
74.00234,10.237766,14.684566,14.92271,8.595385,9.498038,319.59644
73.710594,10.24125,14.504393,14.682444,8.587934,9.479319,318.91168
73.41886,10.244734,14.32422,14.442202,8.580485,9.460597,318.273
73.134384,10.199902,14.080172,14.221134,8.59875,9.471974,319.79678
72.849915,10.15507,13.836099,14.000066,8.617017,9.483352,321.17502
72.7283,10.1677685,14.128908,14.328754,8.60346,9.478265,320.30325
72.60669,10.180469,14.421692,14.657419,8.589904,9.473176,319.37802
74.34841,10.165326,15.642179,15.816691,8.623697,9.493837,319.5918
76.09013,10.150184,16.862665,16.975988,8.657488,9.5145,317.13324
75.63556,10.121986,18.36994,18.585876,8.56538,9.41832,311.86914
75.18099,10.093788,19.87724,20.195766,8.473274,9.32214,305.4405
76.06012,10.225579,21.281094,21.588667,8.45707,9.335763,303.23383
76.93925,10.357371,22.68495,22.981544,8.440867,9.349386,300.66757
78.05441,10.36523,23.75424,24.090694,8.399629,9.302578,296.5495
79.16957,10.373088,24.823505,25.199844,8.358391,9.255771,294.15887
79.21311,10.484373,25.83246,26.216194,8.245252,9.1452055,287.1961
79.25666,10.595658,26.841438,27.23257,8.132112,9.03464,280.269
79.34215,10.678474,27.586512,28.026602,7.987544,8.898529,271.7958
79.427635,10.761289,28.331558,28.820656,7.842974,8.762415,263.4484
79.582825,10.834174,29.690634,30.235582,7.714506,8.634198,255.9977
79.738014,10.907062,31.04971,31.650486,7.5860376,8.505982,249.13374
79.67445,10.9906225,31.334139,31.889769,7.407317,8.319018,238.05537
79.61089,11.074185,31.618542,32.12905,7.228594,8.132053,225.96498
80.74868,11.039227,32.16137,32.58798,7.202323,8.071214,226.22202
81.88646,11.004266,32.704224,33.0469,7.17605,8.010376,225.50961
82.009705,11.021899,32.94424,33.490734,7.0843196,7.92376,220.4575
82.13294,11.039532,33.184235,33.934544,6.992587,7.837145,215.33168
81.771645,11.099764,32.30586,33.103073,6.871931,7.722155,206.1544
81.41035,11.159997,31.42748,32.271603,6.751273,7.607165,196.5316
81.53919,11.186988,30.92132,31.675632,6.7265224,7.5904474,195.32143
81.66804,11.21398,30.41516,31.079662,6.70177,7.5737314,194.114
81.918015,11.23911,30.629913,31.244633,6.6408362,7.520457,190.69215
82.168,11.264237,30.844666,31.40958,6.579903,7.467182,187.17717
82.92331,11.2530985,31.547514,32.051792,6.512596,7.3787246,183.94865
83.67862,11.241961,32.25039,32.693977,6.4452887,7.290267,181.3098
84.302284,11.18788,32.3194,32.73375,6.3621116,7.1525197,175.81879
84.92594,11.133797,32.388412,32.7735,6.2789364,7.014772,169.62984
85.02113,11.08024,33.13754,33.570995,6.1611485,6.8620434,160.93454
85.116325,11.026682,33.886665,34.368465,6.0433607,6.7093163,152.47552
85.20755,11.023038,34.5278,35.057434,5.8867054,6.5241995,141.5524
85.29878,11.019392,35.168964,35.746372,5.7300496,6.3390827,130.18573
85.640976,10.991092,36.26379,36.821304,5.601776,6.1801715,121.36419
85.983185,10.96279,37.35864,37.89621,5.4735026,6.0212607,112.32441
86.942924,10.757355,40.059933,40.499393,5.594957,6.0793133,120.5165
87.90266,10.551921,42.761223,43.10255,5.7164116,6.1373663,130.13785
87.94988,10.565602,42.63672,42.992325,5.563266,5.966257,118.98231
87.997116,10.579282,42.512238,42.882072,5.4101205,5.7951474,107.57632
87.66358,10.586356,41.007,41.371815,5.281324,5.651135,96.98592
87.33005,10.593431,39.501766,39.861557,5.152528,5.507123,87.73072
86.91528,10.618911,36.90414,37.26917,5.1482205,5.502137,86.55731
86.50052,10.644388,34.306515,34.6768,5.143913,5.497153,84.27986
86.154564,10.680425,32.387108,32.759365,5.290461,5.6670184,93.16794
85.8086,10.716458,30.46773,30.841928,5.43701,5.8368855,101.88813
85.4736,10.763504,29.586084,29.967392,5.565612,5.990569,110.02089
85.1386,10.810551,28.704464,29.092878,5.694213,6.144254,118.43816
84.73732,10.856754,29.414194,29.79834,5.729535,6.1927676,119.852036
84.33603,10.902959,30.1239,30.503824,5.764858,6.241281,120.72593
84.16624,10.962171,30.165262,30.560904,5.7529817,6.2406087,119.23881
83.99644,11.021382,30.206625,30.617983,5.7411056,6.2399364,117.77303
83.7171,11.098309,31.072025,31.509138,5.610066,6.110159,107.52791
83.43776,11.175232,31.937403,32.40029,5.479025,5.980382,97.83886
83.2688,11.243132,31.858044,32.355404,5.5053506,6.028071,99.59866
83.099846,11.311033,31.778685,32.310493,5.5316753,6.0757604,101.35293
83.2255,11.370697,33.037636,33.588596,5.573332,6.149638,106.914116
83.351166,11.430364,34.296585,34.866676,5.6149883,6.223516,112.43381
83.37252,11.464349,35.651703,36.24864,5.3424826,5.917567,96.11544
83.393875,11.498335,37.006798,37.6306,5.069977,5.611618,80.05613
83.64761,11.522305,36.46979,37.078682,5.0313215,5.566493,78.713135
83.901344,11.546276,35.932762,36.52676,4.992667,5.521369,77.25076
83.81184,11.541613,33.28682,33.834248,5.0964947,5.6353307,82.04509
83.72233,11.53695,30.640898,31.141733,5.2003217,5.7492924,87.031136
83.56281,11.524681,30.42971,30.900778,5.197755,5.741971,85.67528
83.403305,11.512411,30.218546,30.659847,5.195187,5.734648,84.32244
83.20851,11.490866,28.793922,29.215668,5.15366,5.675283,79.743126
83.01373,11.46932,27.369326,27.771486,5.112131,5.615918,75.2459
83.04657,11.423741,26.372831,26.756266,5.3861036,5.9227624,91.18607
83.079414,11.3781595,25.376337,25.74102,5.6600757,6.2296076,108.97585
83.10743,11.320043,25.721027,26.097832,5.8325486,6.4124155,121.18206
83.135445,11.261923,26.06572,26.454618,6.005021,6.595225,133.85927
83.12242,11.197253,27.390854,27.749731,6.115103,6.7052374,141.95976
83.1094,11.1325865,28.715965,29.044846,6.225184,6.8152504,150.4974
83.38538,11.063907,30.372126,30.689468,6.270954,6.85336,155.69553
83.66137,10.995227,32.028263,32.33409,6.3167224,6.89147,160.80225
83.6693,10.958428,34.197685,34.464584,6.21097,6.767038,152.77069
83.67722,10.921631,36.36711,36.59505,6.105215,6.6426067,144.87437
83.56791,10.88565,37.840298,38.030308,5.8878856,6.3935084,127.87838
83.45859,10.849668,39.313484,39.465565,5.6705556,6.1444097,110.736275
83.4778,10.862157,38.714275,38.84447,5.589937,6.0607424,104.87141
83.49701,10.874643,38.115067,38.223373,5.5093174,5.977075,99.0654
83.12236,10.910902,38.58827,38.67719,5.2607718,5.7036376,80.995125
84.14139,11.814026,16.519156,18.423782,3.736771,4.79363,45.06632
81.32241,11.650028,17.550007,18.52398,4.314983,5.0307527,40.153656
78.50344,11.48603,18.580883,18.624176,4.8931937,5.2678757,43.811245
77.887375,11.432998,16.775196,16.911337,4.7901235,5.129873,37.70421
77.27132,11.379965,14.96951,15.198473,4.6870522,4.9918694,32.049667
77.34882,11.314269,15.021441,15.2540045,4.6892304,4.995876,32.259518
77.42632,11.248574,15.073347,15.309561,4.6914086,4.999883,32.493168
76.96673,11.140483,14.712903,14.883968,4.777156,5.072145,34.79645
76.507126,11.032393,14.352459,14.458377,4.8629017,5.1444063,37.325676
77.245,10.976317,14.3907,14.476002,4.9148674,5.204473,40.20632
77.98288,10.920242,14.428942,14.493603,4.966833,5.2645383,42.674976
78.45873,10.915924,14.13316,14.216636,5.084,5.4097877,48.205173
78.93459,10.911604,13.837401,13.939643,5.2011676,5.5550365,54.878166
79.192375,10.945827,14.286298,14.389522,5.383532,5.76477,64.81317
79.45017,10.980049,14.735219,14.839401,5.5658956,5.9745026,75.765015
79.422646,11.0296,15.794801,15.897763,5.7179966,6.139486,85.41745
79.39513,11.079152,16.854383,16.95615,5.870098,6.3044677,95.69772
79.9389,11.094006,18.319656,18.472874,5.975572,6.4266496,104.26599
80.4827,11.108856,19.784952,19.98962,6.0810456,6.548831,116.74995
80.487206,11.188585,22.008839,22.248356,6.003851,6.5095363,113.40148
80.49172,11.268314,24.232725,24.507092,5.926656,6.4702415,110.14746
80.69276,11.366769,25.821156,26.059214,5.886943,6.4362564,109.26666
80.8938,11.465224,27.409582,27.611334,5.84723,6.4022717,108.54986
81.76528,11.517227,27.711264,27.889751,5.7944694,6.3530564,110.77791
82.636765,11.569232,28.012943,28.168194,5.7417088,6.3038416,112.32507
83.225296,11.615047,28.019407,28.268122,5.8603864,6.4435077,124.85129
83.81381,11.660866,28.025846,28.368048,5.979064,6.5831738,137.90736
84.09604,11.691955,27.416193,27.827927,6.1127257,6.7449827,150.33406
84.378265,11.723043,26.806564,27.287807,6.2463894,6.9067903,162.50517
84.55599,11.742336,26.05729,26.592009,6.427565,7.116219,176.90773
84.73373,11.761626,25.308012,25.896183,6.608741,7.325649,190.12643
85.00671,11.733179,25.11973,25.751123,6.7829375,7.5301366,202.72261
85.279686,11.704729,24.931446,25.606089,6.957134,7.7346234,214.33841
85.37406,11.720654,25.630486,26.355846,7.064357,7.874338,222.04356
85.468445,11.736575,26.329527,27.105629,7.1715817,8.014053,230.32816
85.97393,11.669402,26.495003,27.184095,7.350233,8.184018,240.9362
86.479416,11.602228,26.660479,27.262562,7.528886,8.353985,251.5064
87.14332,11.508275,27.545689,28.096464,7.657426,8.475682,258.64478
87.80721,11.41432,28.430923,28.930367,7.785966,8.597379,265.8237
88.18825,11.317913,29.307726,29.783861,7.8816795,8.677707,270.95718
88.56928,11.221507,30.18453,30.63733,7.9773927,8.758035,276.28354
88.5606,11.207671,31.419249,31.891638,7.9294233,8.716947,274.55362
88.55191,11.193833,32.653965,33.14592,7.8814535,8.675861,272.8381
88.14758,11.233145,33.86273,34.288845,7.787422,8.575967,267.64804
87.743256,11.272453,35.071518,35.431793,7.693391,8.476075,262.65308
87.53126,11.278108,35.91195,36.286102,7.5527697,8.304021,253.31465
87.31926,11.283759,36.752403,37.14043,7.412151,8.1319685,243.92151
87.903465,11.196791,36.697056,37.12278,7.2090106,7.8739533,230.67368
88.48767,11.109822,36.64173,37.105106,7.0058684,7.615938,218.12242
87.49228,10.780309,36.90689,37.141045,6.8980346,7.5373816,210.84009
86.4969,10.450795,37.17205,37.17696,6.7901983,7.458825,203.02884
85.38942,10.55754,36.154766,36.205444,6.604005,7.257503,188.06058
84.281944,10.664283,35.13748,35.233932,6.4178114,7.0561814,172.17766
84.22266,10.6772375,34.033318,34.148335,6.286868,6.9007215,162.65375
84.16337,10.690191,32.929176,33.062733,6.1559234,6.745263,152.20337
84.3848,10.712158,31.855635,31.97362,6.0310144,6.6116714,143.90561
84.60624,10.734124,30.782118,30.884504,5.9061036,6.47808,135.46136
84.39583,10.8172455,29.695894,29.822454,5.914717,6.514965,135.9493
84.185425,10.900365,28.609695,28.76038,5.9233303,6.5518513,136.048
83.83562,10.954941,27.252684,27.460226,6.02353,6.668402,141.28331
83.48582,11.009519,25.895697,26.16005,6.1237297,6.784953,147.01848
82.590485,11.0629425,26.026814,26.11209,6.2756023,6.980906,155.15404
81.69515,11.116368,26.157932,26.064129,6.427475,7.17686,164.03624
80.52673,11.0939245,27.016869,26.80548,6.59539,7.337436,172.7095
79.35832,11.071483,27.875805,27.54683,6.763304,7.4980116,180.57658
79.176765,11.044481,28.495584,28.39816,6.7043843,7.4299874,175.29318
78.99519,11.017481,29.115364,29.249493,6.6454644,7.3619633,169.97356
79.14504,11.033549,31.010485,31.171083,6.5314384,7.242393,161.73325
79.294876,11.049619,32.90561,33.092674,6.417412,7.1228228,153.72838
78.27404,11.105633,33.783813,33.967087,6.349034,7.05453,145.25366
77.253204,11.161644,34.662018,34.841476,6.2806582,6.986239,136.89804
77.082596,11.20307,34.573982,34.77658,6.1975765,6.9217386,131.17711
76.91199,11.244494,34.48595,34.71166,6.1144953,6.8572397,125.5794
76.63322,11.332619,34.168907,34.513798,6.047056,6.822608,122.882866
76.35444,11.420746,33.851864,34.315933,5.979617,6.787977,120.72726
77.06174,11.48134,32.99138,33.513252,5.968376,6.809707,124.54936
77.76903,11.541934,32.13087,32.710567,5.9571357,6.8314357,128.15372
77.82236,11.556192,31.773891,32.303905,6.0685234,6.946726,135.46808
77.87569,11.570448,31.416912,31.897266,6.179911,7.062014,143.14523
77.686714,11.576944,30.944471,31.462677,6.065503,6.96444,136.58868
77.49775,11.583439,30.472055,31.028065,5.951094,6.866865,130.47603
77.48593,11.597176,30.14125,30.778826,5.960015,6.8756967,131.08481
77.47411,11.610915,29.81047,30.529587,5.9689355,6.8845296,131.69353
77.57101,11.572088,30.12744,30.675678,5.9673448,6.832526,127.6056
77.66791,11.533262,30.444382,30.82177,5.9657536,6.7805223,123.5699
78.58999,11.458723,31.31637,31.541561,5.990859,6.7696066,123.88905
79.512054,11.384187,32.188354,32.261353,6.0159636,6.7586904,125.7434
79.74571,11.2975645,32.63846,32.812584,6.094289,6.8019657,130.83464
79.97937,11.210942,33.08858,33.363792,6.172612,6.845241,136.31842
79.559814,11.213203,32.76097,33.227215,6.1922793,6.907322,138.64772
79.14026,11.215465,32.43336,33.09066,6.2119446,6.9694023,140.58
78.936554,11.263553,32.59294,33.204033,6.2701335,7.077859,147.20975
78.73285,11.311639,32.752495,33.317406,6.32832,7.1863155,153.98672
80.76589,11.24407,34.17387,34.553696,6.570537,7.4016733,179.68372
82.798935,11.176499,35.595276,35.78998,6.812752,7.6170297,202.51385
83.35033,11.110292,36.194557,36.474426,6.867453,7.672998,206.38162
83.90171,11.044085,36.793865,37.158844,6.922154,7.7289667,210.06778
83.09957,11.302198,38.10467,38.589306,6.44751,7.1690955,175.77307
82.29744,11.560314,39.4155,40.019794,5.9728656,6.6092243,132.96906
82.43535,11.553785,39.522953,40.14809,5.9684563,6.5940313,132.81584
82.573265,11.547259,39.63043,40.27641,5.964046,6.5788374,132.6763
82.7351,11.557424,38.548576,39.176304,5.929205,6.530813,129.97513
82.89693,11.567587,37.46673,38.076176,5.8943634,6.48279,127.69119
82.84185,11.58569,37.304005,37.925022,5.9151316,6.520049,129.59962
82.786766,11.603791,37.14128,37.77384,5.9358993,6.5573077,131.50308
83.123985,11.499185,37.121597,37.56278,6.009184,6.5792527,136.11032
83.46121,11.394577,37.101933,37.351738,6.0824695,6.6011963,140.90677
83.54518,11.358492,37.06996,37.32091,5.9887915,6.51694,135.02519
83.629166,11.322409,37.037987,37.29011,5.8951135,6.4326825,129.08032
83.45021,11.342386,37.46887,37.70872,5.9124336,6.4419236,129.18764
83.271255,11.362364,37.899723,38.12733,5.9297543,6.451163,129.16052
83.14558,11.336773,37.85718,38.0395,5.9588795,6.4704695,130.06456
83.019905,11.311182,37.81464,37.951694,5.9880037,6.489775,130.97464
82.87857,11.31985,37.96805,38.12389,5.8974485,6.398291,123.582115
82.737236,11.328519,38.121433,38.296066,5.806894,6.3068085,116.23741
82.58055,11.349909,37.883923,38.08621,5.767297,6.2631435,112.41493
82.42386,11.371299,37.646385,37.876347,5.7276983,6.2194786,108.68395
82.42398,11.383276,36.652817,36.899696,5.724924,6.215243,108.315544
82.4241,11.395253,35.65925,35.923046,5.7221494,6.211006,107.95863
82.35023,11.412118,34.877804,35.13145,5.7999983,6.303091,113.18643
82.27634,11.428983,34.096355,34.339878,5.8778462,6.3951764,118.522575
82.16821,11.453072,34.09589,34.35244,5.8884583,6.4176354,119.28154
82.06009,11.47716,34.09542,34.365,5.899069,6.440094,120.08427
81.95106,11.521419,34.139736,34.412395,5.9277816,6.484593,122.36309
81.84201,11.565678,34.18407,34.45979,5.9564934,6.529092,124.59006
81.77836,11.577396,34.656143,34.90522,6.0039907,6.5835304,128.09622
81.7147,11.589115,35.128216,35.350674,6.051489,6.637968,131.75514
81.71198,11.583626,35.548973,35.771793,6.1920657,6.7980595,143.57903
81.70925,11.578139,35.969727,36.19291,6.3326426,6.958149,155.7294
81.675095,11.561366,37.201176,37.4101,6.446913,7.085286,165.70255
81.64094,11.544593,38.432648,38.62731,6.561185,7.212424,175.49495
81.7094,11.513619,39.730797,39.953445,6.6191616,7.2725477,180.75723
81.77785,11.482646,41.02895,41.279606,6.6771407,7.3326726,186.04735
81.748436,11.440397,41.496056,41.752174,6.7352614,7.3867064,190.09502
81.719025,11.39815,41.96314,42.224743,6.7933803,7.4407406,194.06262
81.86633,11.357557,42.133873,42.423763,6.8193154,7.466678,196.27127
82.01364,11.316961,42.304634,42.62278,6.845251,7.4926157,198.34279
82.23689,11.276701,42.323143,42.643307,6.795128,7.42447,194.37547
82.46016,11.236441,42.34167,42.663807,6.745005,7.3563256,190.52843
82.72717,11.19262,42.21918,42.555424,6.655478,7.2586308,184.68973
82.99418,11.148797,42.096714,42.44704,6.565953,7.1609364,178.98674
83.10257,11.161333,43.209557,43.51074,6.564061,7.1528,178.8499
83.21095,11.173869,44.32242,44.574436,6.5621715,7.1446657,178.51584
83.194275,11.127502,45.30761,45.581173,6.6224794,7.203147,182.08853
83.1776,11.081137,46.292797,46.587914,6.6827874,7.261627,185.61383
81.221405,11.206421,46.17979,46.39578,6.181455,6.675429,139.37958
79.26522,11.331706,46.06681,46.20367,5.6801243,6.08923,90.41495
79.87697,11.320465,45.07823,45.23872,5.583638,5.9788365,86.095825
80.48871,11.309226,44.089676,44.273796,5.4871507,5.8684435,81.35308
80.49124,11.342753,42.70197,42.929615,5.4609365,5.8427477,79.91891
80.49376,11.376283,41.314236,41.585434,5.4347224,5.817052,78.404816
80.335945,11.387982,41.974274,42.218502,5.5706654,5.9726987,86.12247
80.17814,11.399682,42.634308,42.851566,5.7066083,6.1283464,94.48192
79.92067,11.43168,44.224064,44.44796,5.854602,6.293876,104.300766
79.66321,11.463677,45.813816,46.044353,6.0025945,6.459407,115.44141
79.74054,11.464906,46.15831,46.379284,6.1776876,6.6557856,130.11708
79.817856,11.466133,46.502804,46.71422,6.3527794,6.8521657,145.58621
79.88086,11.4881735,47.815014,48.013855,6.4733515,6.997496,156.87921
79.943855,11.510214,49.127247,49.313515,6.5939236,7.142825,168.0664
79.71519,11.564747,51.850014,52.0373,6.634808,7.20044,171.85051
79.4865,11.619281,54.57276,54.761055,6.6756926,7.2580533,175.29025
79.39634,11.683758,57.262333,57.481102,6.6979547,7.2956204,177.52748
79.306175,11.748233,59.9519,60.201122,6.7202163,7.333186,179.92805
79.63479,11.77456,62.410545,62.685524,6.6739864,7.286763,177.81053
79.9634,11.800886,64.86916,65.16995,6.6277547,7.240339,174.87595
80.49143,11.821105,65.61306,65.92841,6.441008,7.0344415,160.69133
81.019455,11.841322,66.356926,66.6869,6.2542615,6.828544,146.23378
81.24446,11.892659,64.51995,64.8402,6.0713677,6.638795,132.26971
81.469475,11.943996,62.683002,62.993515,5.888472,6.4490457,119.301414
81.44354,12.021652,60.26061,60.54267,5.932182,6.5028787,122.85902
81.41762,12.099307,57.838192,58.091824,5.975892,6.5567117,126.281296
81.372826,12.122571,56.988617,57.273357,6.148794,6.7539353,140.03572
81.32803,12.145834,56.139023,56.45487,6.3216963,6.951159,154.23297
81.24822,12.186299,56.10154,56.43503,6.509286,7.1937046,170.74406
81.1684,12.226762,56.06406,56.41519,6.6968756,7.4362493,187.6422
80.76036,12.281199,56.64946,57.083313,6.9371233,7.7413163,207.92178
80.35232,12.335636,57.234856,57.751434,7.1773705,8.046385,227.36415
80.82595,12.346461,54.874493,55.39004,7.46522,8.388835,248.96227
81.299576,12.357286,52.514156,53.028675,7.7530694,8.731286,269.71945
81.64353,12.341689,53.559288,54.019337,7.987584,9.006431,284.96863
81.98748,12.326091,54.604416,55.010002,8.222098,9.281577,300.593
82.04236,12.313261,56.407402,56.788227,8.309241,9.387454,306.14447
82.097244,12.300432,58.210384,58.566483,8.396383,9.493333,311.761
82.142235,12.30199,59.564423,59.92325,8.409686,9.513892,312.75302
82.187225,12.303549,60.918434,61.280014,8.422992,9.534454,313.71695
81.86377,12.347349,61.84648,62.24737,8.420255,9.552554,313.83563
81.54031,12.391147,62.77453,63.214756,8.417519,9.570652,313.89117
81.086945,12.437696,62.842728,63.30731,8.258081,9.41603,303.91748
80.633575,12.484246,62.91093,63.399883,8.098644,9.261406,293.9838
83.240326,12.285908,63.756397,64.19711,8.1929035,9.248892,297.61526
85.84708,12.087569,64.60189,64.99436,8.287163,9.236379,300.10526
85.66403,12.020783,64.87443,65.24567,8.148591,9.071554,290.99243
85.48098,11.953998,65.14696,65.49697,8.01002,8.90673,281.75656
85.27872,11.8228655,63.86412,64.22083,8.256439,9.226682,298.2951
85.076454,11.691732,62.58128,62.94472,8.502859,9.546633,315.7915
84.83668,11.629175,62.878365,63.22771,8.400522,9.407742,307.84872
84.59689,11.566616,63.17545,63.510727,8.298184,9.268852,299.5789
85.07917,11.633304,62.749165,63.144596,8.23076,9.22731,297.60162
85.561455,11.699993,62.322903,62.77847,8.163333,9.185769,295.61963
85.613556,11.651481,62.141354,62.62778,8.152522,9.135322,293.8176
85.66565,11.60297,61.959805,62.477093,8.141712,9.084871,292.0401
85.28662,11.565038,61.381832,61.863914,8.129299,9.07252,290.52484
84.907585,11.527107,60.803883,61.25076,8.116887,9.06017,288.95157
85.12959,11.549382,60.986046,61.458603,8.282407,9.24805,300.1395
85.35159,11.571655,61.16821,61.66642,8.4479265,9.435927,311.57123
84.52493,11.625433,61.27981,61.741493,8.470915,9.505054,312.84955
83.69827,11.679209,61.39139,61.81657,8.493902,9.5741825,315.4991
84.03693,11.733234,62.390907,62.836803,8.497919,9.589658,316.45453
84.37557,11.78726,63.3904,63.85704,8.501936,9.605131,317.30545
83.79842,11.828589,63.54408,64.01503,8.41294,9.518027,311.54965
83.221275,11.869921,63.697758,64.17304,8.323942,9.430923,305.91537
83.78022,11.967818,62.947033,63.47051,8.247557,9.39605,303.2715
84.339165,12.065714,62.19631,62.76795,8.171169,9.361181,300.79892
85.11691,12.1171255,63.007862,63.61847,8.22383,9.471421,306.4563
85.89466,12.168536,63.81939,64.46896,8.27649,9.58166,311.52072
85.338715,12.287903,64.26723,65.018745,8.036139,9.404913,299.95355
84.78277,12.407267,64.71504,65.56855,7.7957854,9.228165,290.80316
85.69424,12.461922,63.816734,64.81729,7.685926,9.168581,289.51974
86.605705,12.516575,62.918427,64.06606,7.5760646,9.108995,288.16638
86.52675,12.564987,61.640873,63.06928,7.5068693,9.12536,291.1056
86.44779,12.613401,60.363316,62.072468,7.437677,9.141722,294.0681
86.161316,12.677733,59.325607,61.34184,7.384472,9.240783,301.9526
85.87484,12.742065,58.287876,60.61118,7.331269,9.339845,309.78162
85.55254,12.807328,58.32135,61.036404,7.274724,9.39725,314.97955
85.23024,12.87259,58.354797,61.4616,7.2181773,9.4546585,320.16046
84.99318,12.940775,58.220165,61.775146,7.144352,9.494346,324.36267
84.75612,13.008958,58.08551,62.08872,7.070529,9.534032,328.26025
85.07001,13.061897,58.36028,62.422127,7.184332,9.71725,337.5597
85.38389,13.114838,58.63507,62.755535,7.2981343,9.900468,346.81088
84.863716,13.172425,59.624363,63.83939,7.3232408,10.007855,352.4302
84.343544,13.230014,60.613655,64.92324,7.348347,10.115242,358.1688
84.19869,13.277886,61.795017,66.36634,7.3284264,10.1784725,361.91135
84.053856,13.325759,62.97638,67.80944,7.3085074,10.241706,365.4265
83.66164,13.370427,64.895195,69.80466,7.3570604,10.392213,372.47797
83.26942,13.415097,66.814,71.79984,7.405615,10.54272,378.78888
82.41859,13.470505,68.72296,74.000984,7.492949,10.74161,385.30817
81.567764,13.525913,70.63192,76.202126,7.580283,10.9405,391.1444
80.77046,13.599441,72.2364,78.06349,7.727731,11.211945,399.79395
79.97317,13.672968,73.84087,79.924835,7.875178,11.483388,408.5254
79.0809,13.76326,74.46474,80.999,7.8978972,11.61865,412.8598
78.18864,13.85355,75.08859,82.0732,7.9206185,11.753912,419.43372
81.78613,13.469483,69.474205,78.77261,7.401598,11.187486,404.5487
85.38364,13.085415,63.859818,75.47201,6.88258,10.621058,380.06284
84.959366,13.224563,65.22457,77.307144,6.8501506,10.669452,381.7806
84.5351,13.3637085,66.589325,79.14228,6.8177238,10.717845,383.60043
85.15015,13.4606085,68.66666,81.06579,6.8399715,10.828097,388.826
85.7652,13.557509,70.743996,82.98933,6.8622217,10.938349,394.63602
86.10127,13.650221,73.65657,85.94236,6.799984,10.956037,396.56693
86.43734,13.74293,76.56915,88.89539,6.737748,10.973726,398.23627
86.54202,13.813462,79.43777,91.8772,6.620484,10.888961,395.53256
86.646706,13.883994,82.30637,94.85899,6.5032196,10.804194,392.4248
85.744736,13.9465065,84.657394,97.05079,6.404384,10.731088,390.81357
84.84276,14.009021,87.008446,99.24259,6.3055468,10.65798,388.32443
83.646774,14.041797,88.19032,99.78534,6.3388968,10.718688,390.6191
82.45079,14.074575,89.3722,100.328064,6.3722467,10.779396,392.57263
82.0989,14.079367,89.56351,99.77177,6.5452847,10.976916,400.9606
81.747,14.084159,89.754814,99.2155,6.7183228,11.17444,408.5111
82.20454,14.07078,90.85809,99.26066,7.0591955,11.571915,424.66052
82.66207,14.057401,91.96137,99.30584,7.400066,11.969393,441.12534
83.737785,14.015412,93.83624,100.454124,7.6966186,12.261304,457.3156
84.8135,13.973424,95.711136,101.60239,7.993171,12.553212,473.07816
85.49358,13.940657,96.70657,102.31559,8.070603,12.627757,478.7855
86.17367,13.907888,97.70201,103.02879,8.148036,12.702304,484.16428
86.09426,13.89231,98.37355,103.46111,8.191645,12.73795,485.76028
86.01486,13.876734,99.04506,103.89344,8.235256,12.773598,487.3614
85.12693,13.888906,98.38021,103.4293,8.153585,12.707539,481.0302
84.23899,13.901076,97.71538,102.96517,8.071914,12.6414795,474.86142
82.69934,13.939658,95.68916,101.26093,8.1733,12.754815,473.72025
81.15969,13.978241,93.66295,99.556725,8.274685,12.868148,472.58322
80.511765,13.970185,92.381096,98.02344,8.382738,12.948891,474.2397
79.86383,13.962128,91.099236,96.49014,8.49079,13.029632,476.18527
80.80494,13.903515,90.95165,96.05504,8.485171,12.996718,476.35864
81.74605,13.844903,90.80407,95.619934,8.479554,12.963805,477.3011
83.1247,13.779286,90.492485,95.16113,8.404963,12.835973,477.25546
84.50334,13.713672,90.1809,94.702354,8.330372,12.70814,477.44702
85.27445,13.663007,89.583015,94.009995,8.324995,12.671523,478.84048
86.04556,13.612341,88.985115,93.317635,8.31962,12.634907,479.69684
86.4352,13.582541,88.81413,93.02631,8.453847,12.767972,486.377
86.82484,13.552739,88.64317,92.73496,8.588074,12.901036,493.53906
86.9569,13.55202,89.17828,93.21073,8.496767,12.825418,490.72458
87.08896,13.551303,89.71337,93.686516,8.4054575,12.749802,487.66818
87.042336,13.579653,89.09797,93.43293,8.255816,12.638321,482.17603
86.99571,13.608002,88.482544,93.17934,8.106174,12.526838,476.37158
87.16906,13.628074,87.85207,92.76672,8.013596,12.454161,472.77213
87.342415,13.648143,87.22157,92.35411,7.9210157,12.381481,469.05698
87.62599,13.652847,87.25687,92.40913,7.702038,12.16686,458.2525
87.90956,13.657554,87.29214,92.46414,7.4830594,11.952239,446.48444
88.260475,13.641382,88.46165,93.45247,7.2081676,11.640152,430.36777
88.61139,13.625211,89.63114,94.44083,6.933276,11.328067,413.45505
89.68261,13.669055,89.00188,93.97551,6.4874935,10.675561,378.55786
90.753815,13.712902,88.372604,93.51019,6.041711,10.023054,339.66293
90.90693,13.691887,87.31293,93.68148,5.614429,9.484095,314.48236
91.060036,13.670875,86.25325,93.85277,5.1871476,8.945132,289.74893
91.34935,13.645926,85.48684,94.19291,4.9028873,8.550535,271.02133
91.63866,13.620979,84.720436,94.53308,4.6186266,8.155939,251.9241
91.805504,13.609673,83.8701,94.8468,4.3328614,7.7374206,228.87251
91.97234,13.598365,83.019745,95.160515,4.0470963,7.318903,208.84312
92.034134,13.59563,82.57638,95.59046,3.8762474,7.053139,196.0166
92.09592,13.592895,82.13301,96.02038,3.7053986,6.787374,182.21422
91.927444,13.617837,81.04787,95.71396,3.6477582,6.6658564,175.8203
91.758965,13.642779,79.96272,95.40755,3.5901177,6.544339,168.98729
91.499146,13.675729,79.148865,94.92564,3.543218,6.494545,166.69498
91.23933,13.708675,78.33502,94.4437,3.4963188,6.444751,164.42178
90.995125,13.741458,77.25482,93.64372,3.4220214,6.3280406,158.54637
90.75092,13.7742405,76.1746,92.843765,3.347723,6.211329,152.50998
90.53784,13.808944,76.24181,93.00414,3.2574787,6.105934,147.26842
90.32476,13.843646,76.30903,93.16449,3.1672344,6.00054,142.7208
90.25239,13.867067,76.88921,93.40972,3.1704943,6.0327253,145.04707
90.180016,13.890491,77.469376,93.654976,3.1737542,6.064911,147.37184
90.2534,13.905139,79.19475,95.56856,3.1063452,5.977382,142.82347
90.32679,13.919786,80.92009,97.48213,3.038936,5.889853,138.34286
90.287384,13.935935,82.43985,99.35426,2.9709117,5.7778277,132.39075
90.247986,13.9520855,83.95961,101.226395,2.9028883,5.665801,127.45362
89.88036,13.996623,85.57642,102.785034,2.9011664,5.69131,128.73383
89.51273,14.041162,87.19324,104.34369,2.8994458,5.716819,129.98871
89.127,14.07993,89.06541,105.05404,2.9941263,5.8870296,138.43286
88.74126,14.118697,90.937546,105.76439,3.088807,6.0572386,147.54294
88.52952,14.137547,91.62056,106.145615,3.1328967,6.1615787,153.33612
88.31777,14.156395,92.30355,106.52683,3.176985,6.2659197,158.9744
88.28156,14.156464,92.37635,106.51255,3.1053634,6.2067685,156.01028
88.24536,14.156531,92.44912,106.498245,3.0337424,6.1476183,152.96507
88.26347,14.158614,92.91498,106.045586,3.1057577,6.275634,158.90143
88.281586,14.160696,93.380806,105.5929,3.177773,6.40365,164.22362
88.371735,14.166638,91.60933,104.51013,3.1629357,6.3983254,165.05289
88.46188,14.172582,89.83785,103.42734,3.1480994,6.393002,165.3563
88.42366,14.207508,88.64047,102.34627,3.2004955,6.4568295,168.62645
88.38545,14.242435,87.44306,101.26521,3.2528915,6.520657,171.8933
88.55402,14.253566,86.319336,99.62054,3.393769,6.7180424,180.79897
88.72259,14.264696,85.19558,97.97587,3.5346456,6.915427,189.39888
88.807014,14.2751045,84.376114,97.07616,3.5332673,6.976713,192.09868
88.89144,14.285512,83.55665,96.17642,3.531889,7.0379972,194.74454
88.69513,14.307032,79.780365,93.696205,3.5339885,7.0481143,196.57759
88.49881,14.328552,76.00408,91.216,3.5360887,7.058233,196.17162
88.0241,14.375428,72.128235,87.80466,3.5452743,7.0536222,195.58972
87.54939,14.422307,68.252365,84.39331,3.5544608,7.0490117,195.29257
87.052216,14.431446,64.80642,81.10298,3.5828218,7.080561,196.2053
86.55504,14.440586,61.36045,77.81265,3.6111832,7.1121106,196.70573
84.960045,14.743791,62.627754,77.628265,3.764565,7.2921376,205.62976
83.36505,15.046994,63.895035,77.44385,3.9179459,7.4721627,213.41629
83.256714,15.041641,64.11272,78.4259,4.024022,7.562892,216.45508
83.14836,15.036289,64.33039,79.40799,4.1300974,7.6536207,218.91347
83.20774,15.034972,68.46247,84.29211,4.2280164,7.727438,221.17265
83.26712,15.033654,72.594536,89.17625,4.3259354,7.801255,223.4572
83.27449,15.068013,78.15252,96.57358,4.24649,7.6666274,210.79579
83.28186,15.10237,83.7105,103.970894,4.167045,7.531999,196.80348
82.53793,15.202237,91.00779,109.09422,4.609717,8.148524,233.71112
81.794,15.302104,98.30505,114.21755,5.052389,8.765049,269.58688
81.220764,15.366405,101.026375,115.401085,5.1906548,9.058097,288.0953
80.64753,15.430704,103.747696,116.58462,5.328921,9.351144,307.07822
80.30805,15.41143,106.2956,117.295364,5.7091618,9.899514,340.2047
79.968575,15.392158,108.84349,118.00611,6.089403,10.447885,370.28992
79.485535,15.391577,108.25826,116.39976,6.676022,11.013136,395.12415
79.002495,15.390994,107.67301,114.79339,7.262641,11.578388,416.95837
78.01651,15.438047,108.79166,115.15008,7.543569,11.931993,430.2738
77.03052,15.485101,109.91027,115.50674,7.8244996,12.285595,446.31323
77.01251,15.452116,110.0162,115.22864,7.577938,12.136195,439.4668
76.99451,15.419128,110.12212,114.95054,7.3313766,11.986795,433.08774
77.35828,15.389381,111.148155,115.77483,7.222955,11.868255,427.3872
77.72204,15.3596325,112.174194,116.59912,7.114534,11.749714,421.15634
78.376205,15.285896,111.17716,115.75401,6.9866147,11.542656,412.9785
79.03036,15.212158,110.1801,114.908875,6.858696,11.335601,405.23898
79.11754,15.193744,108.43679,113.72054,6.7343864,11.176407,399.40897
79.20472,15.17533,106.69345,112.532196,6.610077,11.017213,393.4635
79.165764,15.163074,105.097946,111.290474,6.362621,10.744276,382.60773
79.1268,15.150819,103.50247,110.04875,6.1151667,10.471338,371.15894
79.11902,15.112884,101.16418,107.49559,6.125228,10.465329,371.04276
79.11123,15.074951,98.82591,104.94244,6.135291,10.459323,370.8351
79.08613,15.043014,98.03783,103.71969,6.096448,10.430584,369.06113
79.06103,15.011076,97.24977,102.496956,6.057607,10.401844,367.2185
79.424484,14.985585,95.49417,100.94119,5.941063,10.266245,361.59775
79.78794,14.960096,93.73855,99.38544,5.8245187,10.130643,355.3791
80.4853,14.920429,91.70676,97.40996,5.8268676,10.07328,352.72586
81.182655,14.880762,89.674934,95.43451,5.8292155,10.015919,350.4783
81.82139,14.823901,87.03449,92.88733,5.6984615,9.789092,340.1518
82.46012,14.767043,84.394035,90.34014,5.567707,9.562266,329.7303
83.02941,14.699504,81.60323,87.661446,5.369302,9.293702,314.9664
83.59872,14.631966,78.81241,84.98272,5.170898,9.025137,299.66605
84.24649,14.555046,74.76204,80.95859,5.2551966,9.049026,302.44043
84.89426,14.478127,70.71168,76.934456,5.3394966,9.072914,305.3449
85.71054,14.390682,68.429146,74.235695,5.448888,9.158571,311.19763
86.52682,14.303241,66.14662,71.53694,5.558279,9.24423,316.63358
87.05126,14.258633,63.582443,69.25571,5.3458586,8.995253,302.08612
87.57571,14.214025,61.018265,66.97448,5.133438,8.746274,287.10876
87.87128,14.186787,58.701725,64.97268,4.9869514,8.583052,277.70804
88.16684,14.159551,56.38518,62.970875,4.840464,8.419827,268.0332
89.461914,14.43902,50.353558,57.007526,5.5079722,9.182163,309.76297
90.75698,14.718492,44.321953,51.044178,6.1754804,9.944499,345.37454
89.981346,14.799826,46.629353,53.252743,6.4643545,10.322067,366.07657
89.2057,14.881159,48.93675,55.46128,6.7532287,10.699636,384.73196
88.52729,14.953549,52.1704,58.910854,6.829591,10.801187,391.74988
87.84888,15.025939,55.40405,62.360424,6.9059505,10.902737,398.8989
87.30432,15.06142,58.34563,66.44002,6.679955,10.514641,383.71494
86.75976,15.0969,61.287186,70.51961,6.45396,10.126544,366.79956
86.148895,15.147694,64.39953,76.01919,5.8728666,9.311863,323.26926
85.53803,15.198486,67.51186,81.51879,5.291774,8.497179,269.79138
84.99529,15.239265,69.87252,84.96264,4.901347,8.029492,238.0794
84.452545,15.280045,72.23318,88.4065,4.510921,7.5618052,209.5403
83.98501,15.298411,73.634575,91.093956,4.1333785,7.073736,181.92662
83.51748,15.31678,75.03597,93.78143,3.755836,6.5856686,159.28242
83.14107,15.327724,75.18951,91.0044,4.005943,6.974812,179.61046
82.764656,15.338672,75.34306,88.22735,4.256051,7.363954,202.21461
82.17047,15.355022,76.369026,87.75053,4.432645,7.7043047,220.78711
81.57629,15.371375,77.39501,87.273705,4.609239,8.044655,240.31445
81.15782,15.363454,80.56071,89.2206,4.927655,8.498009,267.31738
80.73935,15.355535,83.72638,91.16748,5.2460704,8.951363,291.70615
80.24345,15.373974,86.27473,92.64355,5.604361,9.452976,318.679
79.74755,15.392415,88.823074,94.11958,5.9626517,9.954589,344.60004
79.29354,15.4156275,90.78431,95.53289,6.171042,10.233589,357.82025
78.83953,15.438839,92.745544,96.94622,6.3794336,10.512589,369.72015
77.49774,15.49743,93.713455,97.92164,6.0816746,10.246547,357.95087
76.155945,15.556022,94.681366,98.897064,5.7839155,9.980502,345.27856
75.41799,15.540456,92.259315,96.73855,5.7960377,9.908653,343.0382
74.68004,15.524892,89.83724,94.580055,5.8081594,9.836801,340.26962
75.825455,15.4021435,87.44719,91.987785,5.8189726,9.736725,334.1224
76.97087,15.279396,85.05711,89.395546,5.829787,9.63665,327.56714
77.311714,15.221023,82.40513,86.89669,5.6388702,9.39365,314.41574
77.65255,15.162649,79.753136,84.39781,5.4479537,9.150651,300.66086
76.46051,15.155073,77.23818,81.82007,5.4612494,9.118695,299.1753
75.26846,15.147495,74.723236,79.24233,5.4745445,9.086736,297.40176
73.71751,15.106749,72.91285,77.33677,5.4402637,8.98942,287.3001
72.16655,15.065999,71.10249,75.431206,5.405983,8.892107,277.61276
72.68208,14.988741,70.07983,74.322205,5.4743958,8.866169,276.60208
73.197624,14.911482,69.05714,73.2132,5.5428085,8.840234,276.04828
74.33816,14.806386,67.30727,71.652695,5.5517783,8.755123,274.23782
75.4787,14.701292,65.55739,70.09219,5.5607476,8.670015,270.14645
76.14918,14.642203,59.849415,65.684875,5.490235,8.546328,266.07892
76.819664,14.583116,54.141438,61.27753,5.4197216,8.422642,262.3406
77.19851,14.584272,50.22743,58.073067,5.561962,8.621547,276.38934
77.57736,14.585426,46.313442,54.86858,5.704203,8.820454,288.8586
77.550514,14.639157,46.462032,54.56816,6.0047097,9.264057,314.40872
77.523674,14.692888,46.61065,54.267742,6.3052173,9.70766,339.24777
77.64734,14.741836,47.750523,55.159557,6.5985994,10.087127,359.1827
77.77101,14.790782,48.8904,56.051376,6.891982,10.466597,377.3618
77.85471,14.963628,51.096615,57.9695,7.7441125,11.547776,424.05118
77.938416,15.136476,53.302803,59.887627,8.596246,12.628957,470.58987
78.41767,15.163134,55.45168,62.1119,8.648937,12.694699,472.18634
78.89693,15.189793,57.60056,64.3362,8.701631,12.760446,473.62854
79.103004,15.207539,60.035904,66.7203,8.589204,12.60079,465.73062
79.30908,15.225285,62.471275,69.10441,8.476776,12.441134,457.83798
79.19537,15.220321,65.15227,71.61725,8.331459,12.244291,447.70804
79.08166,15.215356,67.83326,74.130066,8.186144,12.047447,437.7121
78.669846,15.211336,70.111435,76.37951,7.9767637,11.825842,428.28357
78.258026,15.207317,72.38961,78.62896,7.767381,11.604238,419.67172
78.25356,15.18831,72.66593,78.68097,7.515527,11.317158,408.09427
78.2491,15.169301,72.942245,78.73301,7.263672,11.030079,396.85263
78.84279,15.1364155,71.59673,77.39997,7.065689,10.771531,386.93076
79.436485,15.103529,70.25123,76.066925,6.8677087,10.512982,376.2108
80.14377,15.066373,69.1056,74.81416,6.7972074,10.401946,371.4486
80.85104,15.029217,67.96,73.56141,6.726706,10.290913,366.60214
81.37289,15.009243,67.10674,72.7085,6.6248527,10.147975,360.4951
81.89473,14.989272,66.25348,71.85562,6.5230007,10.005036,353.97595
82.51904,14.954593,65.80739,71.468376,6.4277067,9.851201,346.4346
83.14336,14.919913,65.36129,71.08114,6.3324146,9.697366,338.4257
83.69092,14.887935,65.10591,71.02986,6.201999,9.498075,328.14175
84.23849,14.855956,64.85053,70.97855,6.0715833,9.298783,318.8107
84.67033,14.8155575,63.97486,70.2523,5.9802804,9.148223,312.2068
85.10217,14.775156,63.09919,69.52604,5.8889775,8.9976635,304.93478
85.55249,14.747912,62.649384,69.005806,5.8595257,8.945807,302.36935
86.0028,14.720666,62.19955,68.48557,5.830074,8.8939495,300.06183
86.53099,14.70231,62.034935,68.24988,5.8315997,8.885636,299.78464
87.05919,14.683953,61.87032,68.01421,5.8331256,8.877326,299.31564
87.45839,14.670636,62.120293,68.26876,5.8475957,8.889667,299.73013
87.8576,14.657319,62.37024,68.52331,5.8620644,8.90201,299.28677
88.02561,14.650145,62.927567,69.12129,5.86799,8.914546,299.53745
88.193634,14.642972,63.484875,69.71925,5.873915,8.927081,299.8331
88.173645,14.645347,64.196495,70.465546,5.8613334,8.927537,299.7112
88.15366,14.647718,64.9081,71.211815,5.848751,8.927997,299.60654
87.95661,14.658109,65.913536,72.13102,5.759769,8.859005,295.07812
87.75957,14.668499,66.918976,73.05022,5.6707864,8.79001,290.3773
87.53027,14.679981,67.08664,73.01458,5.629884,8.759013,288.0904
87.30099,14.691465,67.254326,72.978935,5.588981,8.728016,285.70355
87.37495,14.676085,66.615326,72.20179,5.5544147,8.685544,282.61472
87.448906,14.660705,65.97635,71.42462,5.5198483,8.643075,279.513
87.44557,14.648244,65.82508,71.23362,5.413533,8.515087,271.29938
87.44224,14.63578,65.67381,71.04264,5.307219,8.387102,263.01108
87.55842,14.604664,66.20143,71.73856,5.050399,8.052092,241.87923
87.67459,14.573547,66.72904,72.43449,4.793579,7.7170796,220.5212
87.833115,14.545256,67.70057,73.76428,4.543257,7.3810916,200.36009
87.991646,14.516966,68.672066,75.09406,4.292937,7.045104,181.30687
88.21949,14.488177,68.26704,75.55011,4.0792384,6.744804,167.98682
88.447334,14.459388,67.862015,76.006134,3.8655398,6.444503,155.01132
88.76439,14.558871,64.66801,73.07878,4.082755,6.7902474,171.50586
89.081436,14.658352,61.47402,70.151436,4.299971,7.1359906,188.4358
88.68308,14.629964,60.306446,69.62336,4.2047276,7.0116396,183.54552
88.28473,14.601577,59.138897,69.095314,4.1094837,6.8872876,179.06775
87.99289,14.605357,59.24878,69.180885,4.1987753,7.0094743,186.12135
87.701035,14.609138,59.35864,69.26648,4.288067,7.131659,193.9325
87.295135,14.597485,59.48978,69.2019,4.386687,7.236201,200.96527
86.88923,14.585834,59.62095,69.13732,4.485307,7.340742,208.26492
86.412636,14.590297,59.649334,69.20952,4.466493,7.3085465,206.79688
85.93604,14.59476,59.67772,69.281746,4.44768,7.27635,204.57762
85.45944,14.611322,59.399094,69.18841,4.358635,7.163305,196.65529
84.98284,14.627882,59.120464,69.09509,4.2695904,7.0502596,189.96962
84.44156,14.658526,59.034225,69.128746,4.1478534,6.910551,181.59834
83.90028,14.689172,58.947983,69.16242,4.0261173,6.770841,173.01091
83.54182,14.710681,58.75648,68.99084,3.9286015,6.6530604,165.79123
83.18336,14.732188,58.564953,68.81925,3.8310862,6.5352793,159.07935
83.00051,14.747773,58.436195,68.76989,3.7086654,6.3819976,150.75652
82.817665,14.763356,58.307438,68.720505,3.5862446,6.2287154,142.51317
82.66701,14.764865,56.603992,67.57473,3.4133134,5.9806066,129.01776
82.51636,14.766371,54.90052,66.428955,3.2403812,5.732497,115.79273
82.34254,14.766315,53.420673,64.68696,3.158687,5.6123357,108.31687
82.16872,14.76626,51.940804,62.944965,3.076992,5.492173,100.71704
82.17725,14.748706,52.316925,61.923992,3.151659,5.605978,105.36222
82.18579,14.731152,52.69305,60.90302,3.226327,5.719782,109.88968
82.52064,14.700523,53.013878,61.071877,3.2066088,5.7010784,109.44566
82.85548,14.669898,53.33473,61.240753,3.1868906,5.682375,109.34407
82.78003,14.675149,51.598053,60.41666,3.0153039,5.467748,98.64083
82.70458,14.680399,49.86138,59.592567,2.8437178,5.2531214,87.90101
82.41968,14.693061,48.02731,57.71183,2.8184297,5.2079167,84.18205
82.134766,14.705723,46.19321,55.831097,2.7931416,5.162714,80.40944
82.01597,14.700216,46.01928,55.173866,2.7980952,5.1911836,80.92571
81.89716,14.69471,45.845325,54.516613,2.80305,5.2196536,81.44875
81.60038,14.695082,45.76415,54.36617,2.7852535,5.208649,80.0345
81.3036,14.695455,45.682972,54.215725,2.767458,5.197644,78.960365
81.14484,14.685308,43.856884,52.93047,2.6740327,5.0693083,72.51364
80.98608,14.675161,42.030773,51.645214,2.5806072,4.940972,65.924644
80.95346,14.667833,40.769688,50.341988,2.5661025,4.9087777,63.59628
80.92084,14.660506,39.508625,49.038734,2.5515969,4.8765836,61.26919
80.95314,14.637205,39.305325,48.715996,2.5463924,4.8593245,60.259644
80.98544,14.613901,39.102024,48.393257,2.541188,4.842067,59.249287
80.95689,14.587287,37.93364,47.641533,2.5272026,4.799904,57.382927
80.92833,14.56067,36.765255,46.889786,2.5132182,4.7577415,55.48907
81.04402,14.523541,34.02808,45.004772,2.467308,4.6497865,52.390156
81.15972,14.486413,31.290932,43.11976,2.421398,4.5418315,49.75589
81.51841,14.446907,27.40646,40.164387,2.3332489,4.3646903,43.71921
81.87711,14.4074,23.521988,37.209015,2.2450998,4.187548,37.812565
82.54212,14.362311,20.786436,34.638035,2.1914785,4.067598,33.518852
83.20712,14.317224,18.050907,32.067055,2.137856,3.9476466,29.304348
84.563965,14.551201,20.06857,31.408031,2.39343,4.285686,40.018425
85.9208,14.785177,22.086231,30.749006,2.649003,4.6237264,51.282375
86.004295,14.734599,19.648207,28.358755,2.5478196,4.4733047,43.42637
86.08778,14.684022,17.210207,25.968529,2.446635,4.3228827,35.503838
86.44813,14.6471195,14.700811,23.886686,2.3464692,4.1954994,28.518795
86.80847,14.610217,12.191441,21.804844,2.2463043,4.068116,21.551497
86.6104,14.578691,67.81657,18.481993,2.1183596,3.851576,47.438168
86.41232,14.547167,123.44167,15.159166,1.9904137,3.6350348,100.66684
85.913414,14.54289,160.42744,37.36199,1.9420745,3.5441236,108.586296
85.414505,14.538611,197.4132,59.56484,1.8937345,3.453214,101.61081
84.83963,14.541639,226.14081,63.197155,1.8553408,3.4058402,107.1711
84.264755,14.544664,254.8684,66.8295,1.8169472,3.3584666,115.08345
83.67093,14.5628605,301.862,94.75265,1.7648888,3.2787871,113.492424
83.07711,14.581055,348.85562,122.6758,1.7128294,3.1991076,104.90079
82.4966,14.59882,345.4768,175.00984,1.7242908,3.1992714,106.012405
81.916084,14.616586,342.09796,227.34387,1.7357525,3.1994355,96.96922
81.28541,14.64316,338.52725,279.23022,1.7795593,3.248585,74.05683
80.65474,14.669736,334.95648,331.11658,1.823366,3.297736,-4.8588305
80.0402,14.705034,332.94348,333.9727,1.8687968,3.3657687,-26.3335
79.425674,14.7403345,330.93054,336.8288,1.9142287,3.4338002,-25.855032
78.923935,14.765693,330.54327,340.44238,2.0051312,3.5775719,-13.601786
78.422195,14.791053,330.15598,344.05603,2.0960336,3.7213426,-0.07368552
78.02582,14.819343,330.86108,343.8236,2.170258,3.8604891,5.1129894
77.62943,14.84763,331.56616,343.59128,2.2444828,3.9996343,10.443791
77.40967,14.854412,332.118,343.61954,2.3314342,4.147541,16.490496
77.189896,14.861192,332.66986,343.6478,2.4183855,4.2954473,22.726988
76.89607,14.876139,334.11783,344.81668,2.4318817,4.3436246,25.809958
76.602234,14.891084,335.5658,345.98553,2.4453785,4.3918004,29.01529
76.23592,14.904279,337.7497,348.08112,2.45381,4.4340916,32.570957
75.869606,14.917475,339.9336,350.17664,2.4622424,4.4763823,35.77889
75.41554,14.938227,337.80185,349.75458,2.4058833,4.3918114,36.322136
74.96148,14.958981,335.67004,349.33246,2.3495243,4.3072424,37.47302
74.63242,14.959156,335.24777,348.90402,2.3327744,4.273999,37.527386
74.30337,14.959331,334.82544,348.47565,2.3160245,4.240756,37.64757
74.07662,14.955181,333.96204,348.35944,2.248173,4.132279,36.015713
73.849884,14.951034,333.09866,348.24316,2.1803224,4.023801,34.579693
73.7872,14.930342,333.00497,342.80444,2.1629982,3.9647112,24.762508
73.724525,14.909651,332.91125,337.36572,2.1456742,3.9056215,15.961872
73.370125,14.912939,339.30664,301.6014,2.1459968,3.9765425,63.940414
73.015724,14.916226,345.70203,265.83707,2.1463194,4.0474644,78.11217
73.03979,14.901792,346.1634,252.44609,2.023562,3.87305,79.33024
73.06385,14.887357,346.62473,239.05513,1.9008036,3.6986365,79.10303
73.44452,14.857612,349.42487,126.81891,1.8182935,3.565953,88.170334
73.82519,14.8278675,352.225,14.582713,1.7357824,3.4332697,86.93812
74.42607,14.788095,345.71155,126.566025,1.6419266,3.193225,88.09695
75.02695,14.748326,339.1981,238.54933,1.5480698,2.95318,72.745026
75.56163,14.711357,342.27524,219.41635,1.6295872,3.0521152,81.35772
76.09631,14.674391,345.3523,200.28339,1.7111045,3.1510494,90.62826
79.23648,14.803872,347.29147,102.021065,1.7423022,3.196828,108.03255
82.37666,14.933354,349.23056,3.7587488,1.7734989,3.2426064,112.76484
82.83116,14.9034815,350.1615,4.252876,1.7444025,3.1577747,112.59218
83.28566,14.8736105,351.09238,4.747003,1.7153062,3.0729432,112.35138
83.8119,14.832439,350.66907,4.9805093,1.6428056,2.9336643,110.932495
84.33814,14.791266,350.2457,5.2140155,1.5703038,2.7943854,109.49937
84.81043,14.768551,346.06842,107.681114,1.5078975,2.6314757,103.52359
85.28272,14.745836,341.89108,210.14822,1.44549,2.4685657,87.904465
85.832794,14.704545,340.16058,282.74484,1.4382442,2.4021416,56.653774
86.38286,14.663257,338.43008,355.34146,1.4309983,2.3357184,-83.22832
86.67502,14.6601715,343.4629,253.26955,1.4044348,2.3251765,67.95581
86.96716,14.657089,348.49564,151.1976,1.3778713,2.3146343,93.459595
87.2366,14.642995,285.22986,80.664955,1.1997585,2.0928414,93.98268
87.506035,14.628903,221.96407,10.132301,1.021645,1.8710485,100.66248
87.76783,14.633696,282.4355,12.303894,0.9997165,1.7500226,101.49895
88.029625,14.638485,342.9069,14.475461,0.97778815,1.628997,95.342995
88.284836,14.6321745,342.65234,87.701904,1.0103701,1.6569083,91.22009
88.54005,14.625866,342.39777,160.92831,1.0429521,1.6848209,76.5103
88.64092,14.640245,280.1744,86.415054,0.99427736,1.6583905,78.5435
88.741806,14.654627,217.951,11.901753,0.94560367,1.6319602,92.16065
88.865845,14.666944,119.42422,20.985495,0.97644186,1.7277987,57.25697
88.98989,14.679259,20.897474,30.06921,1.00728,1.823636,-92.07305
89.09008,14.692316,33.227196,40.270435,1.1387124,2.0275316,-84.27458
89.19027,14.705371,45.556915,50.471657,1.2701449,2.2314272,-70.8299
89.24856,14.722977,54.537395,58.10286,1.2957118,2.336402,-63.67693
89.30684,14.7405815,63.517857,65.73406,1.3212775,2.4413779,-57.024998
89.4723,14.74008,87.69834,82.745,1.0513545,2.042161,-41.710407
89.63775,14.739581,111.87883,99.755936,0.7814305,1.6429441,-30.981756
89.82846,14.729095,100.47298,99.504906,0.7522662,1.5903128,-83.75349
90.019165,14.718607,89.06715,99.253876,0.72310096,1.5376816,-95.97957
89.94592,14.720216,115.331215,112.315254,0.46064752,1.1704878,-91.56198
89.87268,14.721822,141.59528,125.37667,0.19819313,0.8032939,-46.078312
90.1208,14.692571,108.430374,115.29216,0.353894,0.8706675,-146.01067
90.36893,14.663317,75.26547,105.20768,0.5095939,0.93803984,-24.380972
90.6072,14.645261,72.97004,105.60879,0.418195,0.7961631,-23.834558
90.845474,14.627203,70.67459,106.009865,0.3267961,0.6542864,-24.103174
91.23979,14.609878,72.11383,98.208664,0.580932,0.93576,-27.10268
91.63412,14.592549,73.55308,90.40745,0.8350679,1.2172338,-60.74367
91.47797,14.609172,78.11366,90.689354,1.3630708,1.9210879,-50.12101
91.321815,14.625793,82.67422,90.97129,1.8910738,2.6249409,-40.685387
91.07806,14.659647,78.09346,84.29498,2.4109778,3.4109948,-9.583315
90.83429,14.693499,73.51267,77.618675,2.9308832,4.1970487,27.98951
90.98941,14.702158,78.90236,81.485825,2.5200636,3.906951,11.07883
91.14453,14.710815,84.292015,85.352974,2.109244,3.6168544,-6.2631445
91.56115,14.705482,93.04865,93.44232,1.9858094,3.4624388,-13.145369
91.97776,14.700149,101.80529,101.53166,1.8623749,3.3080218,-21.042631
92.490005,14.685067,100.920204,102.81203,1.9096794,3.3962367,-22.223137
93.00225,14.669988,100.03512,104.092384,1.9569838,3.4844515,-17.840328
93.76389,14.946925,97.10728,101.11062,2.6271906,4.3083067,24.93507
94.52554,15.223864,94.179436,98.12887,3.2973964,5.132161,68.49678
94.19318,15.157136,93.33657,97.22043,3.489044,5.3275504,79.59928
93.86081,15.09041,92.49368,96.31202,3.6806908,5.5229397,89.425224
93.76833,15.097512,94.10199,97.49853,3.898835,5.83414,104.75941
93.675865,15.104614,95.71033,98.68507,4.11698,6.1453385,119.712456
93.5013,15.0834465,95.797005,98.932144,4.2830243,6.360167,131.5936
93.32672,15.062276,95.88369,99.179214,4.449068,6.574994,143.34586
92.70868,15.086107,97.37816,100.69348,4.519054,6.6636205,149.16951
92.09063,15.109938,98.87266,102.20774,4.589039,6.752247,154.92654
91.72454,15.132998,103.21047,106.68221,4.674555,6.9374475,164.56412
91.35846,15.156056,107.54831,111.15667,4.7600713,7.122647,174.0127
90.750786,15.197947,106.5426,112.062355,4.616674,7.0264416,175.3496
90.14312,15.239835,105.53692,112.96803,4.4732766,6.9302354,175.18823
89.841515,15.287458,102.31462,110.26259,4.453914,6.9003367,174.92355
89.53991,15.335081,99.09232,107.557144,4.434552,6.8704367,174.258
89.3752,15.406319,99.679634,107.21216,4.799227,7.3857727,198.0464
89.21048,15.477557,100.26695,106.86715,5.1639028,7.9011087,222.69464
89.23541,15.5123005,103.49873,109.15418,5.335656,8.18211,235.57237
89.26035,15.547046,106.73054,111.44121,5.50741,8.46311,248.1293
89.06983,15.565978,109.140495,114.15157,5.070039,8.009154,222.93217
88.8793,15.58491,111.55045,116.86195,4.632668,7.555199,199.68488
88.954765,15.577153,111.758575,118.32558,4.49948,7.350773,193.59238
89.03022,15.569394,111.96669,119.78921,4.3662915,7.146347,185.99208
89.057335,15.590489,106.82108,115.3621,4.679335,7.4359264,202.63802
89.08445,15.611583,101.675476,110.93497,4.9923787,7.725507,218.58849
89.28412,15.633007,104.90898,112.897606,5.285256,8.143101,239.14139
89.483795,15.654433,108.142456,114.86025,5.578134,8.560696,259.45306
89.65279,15.650715,110.11377,117.37255,5.547131,8.524549,258.58157
89.821785,15.646996,112.0851,119.88483,5.516129,8.488401,257.4282
90.64174,15.620035,115.28447,123.263504,5.4571815,8.449983,254.40974
91.46169,15.593075,118.48383,126.64218,5.3982344,8.411566,251.74316
91.83486,15.613908,119.90455,128.40967,5.3252115,8.347427,248.57275
92.20802,15.634742,121.325264,130.17712,5.2521887,8.283291,245.30865
92.496086,15.643461,121.369255,129.98328,5.415537,8.488244,255.64954
92.78414,15.652183,121.413246,129.78944,5.578884,8.693197,265.7444
92.70243,15.666227,121.3697,128.7966,5.684458,8.867463,272.8296
92.62071,15.680271,121.326126,127.80374,5.790032,9.041732,279.28928
91.96593,15.695664,121.47413,128.43275,5.9532495,9.234921,293.78714
91.311134,15.711057,121.62213,129.06174,6.116467,9.428111,306.68854
90.9845,15.733166,120.683464,127.368095,5.9843793,9.324866,298.24182
90.65785,15.755278,119.74483,125.674484,5.8522916,9.2216215,289.0899
90.54642,15.770685,116.8204,121.332504,5.7110357,9.102115,276.1976
90.43499,15.786093,113.89597,116.99049,5.5697794,8.982605,261.2457
90.383316,15.759534,115.82526,120.005875,5.5671825,8.996599,267.7789
90.33166,15.732974,117.75454,123.02125,5.564586,9.0105915,272.81693
91.00027,15.625881,123.30508,128.75023,6.0642147,9.527561,304.31494
91.668884,15.518786,128.85562,134.47922,6.5638433,10.044534,337.39304
90.964806,15.593706,131.80206,136.26558,6.3890295,9.811971,316.9243
90.26071,15.668627,134.7485,138.05194,6.214214,9.579408,298.23462
90.45694,15.676049,131.787,135.7626,5.9665,9.283478,284.65198
90.653175,15.683472,128.82552,133.47327,5.718786,8.987548,270.77472
91.29064,15.666099,136.8324,141.34947,5.654994,8.953579,266.0563
91.92811,15.648726,144.83932,149.2257,5.5912037,8.91961,262.1975
93.042946,15.533784,156.64285,160.93823,4.52623,7.451909,185.14908
94.15778,15.41884,168.44641,172.65076,3.461255,5.984207,112.27506
94.431595,15.374434,177.7434,181.81029,2.7902412,5.0389347,56.783043
94.705414,15.330027,187.04037,190.96982,2.1192274,4.093664,1.5291227
94.647606,15.323851,202.97328,205.45784,2.313267,4.301399,11.069934
94.589806,15.317674,218.9062,219.94585,2.5073066,4.5091357,20.45706
94.802734,15.3083105,230.05928,232.76926,3.638258,5.810654,94.06875
95.015656,15.298944,241.21242,245.59267,4.76921,7.112174,165.98901
95.06358,15.355816,249.91484,254.32776,5.4683323,7.924277,215.45197
95.11151,15.412685,258.6173,263.06287,6.167453,8.73638,271.96503
94.34963,15.408274,256.8877,260.49106,6.2561507,8.77593,274.32007
93.58776,15.403859,255.15807,257.91922,6.344847,8.815481,276.1412
93.1733,15.370232,250.90529,253.98872,6.356173,8.834327,278.42035
92.75885,15.336602,246.6525,250.05818,6.367501,8.853172,281.06906
92.09553,15.362331,243.44286,247.36273,6.270539,8.792888,276.66736
91.432205,15.388061,240.23328,244.6673,6.173577,8.732605,271.7836
90.80711,15.431652,236.39098,240.78822,6.042676,8.672586,264.84537
90.18202,15.475241,232.54868,236.9092,5.9117756,8.612568,259.34717
89.621704,15.576296,227.81433,232.83366,5.5404353,8.3390875,242.58472
89.061386,15.677351,223.08,228.75818,5.169094,8.065607,226.9963
88.11806,15.789927,217.87132,224.87085,4.765149,7.7075887,209.23434
87.174736,15.9025,212.66266,220.98357,4.3612027,7.34957,189.42766
86.43294,15.983329,203.71292,214.58615,4.101409,6.9590573,170.55763
85.69115,16.06416,194.76321,208.18875,3.841615,6.5685444,148.25941
86.057556,16.000542,183.39813,195.87556,4.1947265,6.8543177,167.35797
86.423965,15.936924,172.03308,183.5624,4.5478377,7.1400914,185.95299
87.174416,15.829121,166.8532,175.74016,5.219931,8.025997,232.50813
87.924866,15.721317,161.67332,167.91792,5.8920255,8.911904,279.3326
87.94892,15.714635,161.3444,167.95537,6.1316357,9.245413,298.86783
87.97297,15.707953,161.0155,167.99278,6.371248,9.578922,318.19302
86.90477,15.882115,163.41063,170.73058,6.202986,9.542505,313.20792
85.83658,16.056276,165.80577,173.46837,6.0347238,9.506089,310.02853
85.55834,16.17243,166.9708,174.56046,6.1561427,9.718326,320.8107
85.28011,16.28858,168.13579,175.65254,6.2775598,9.93056,331.51233
85.15566,16.355566,169.04785,176.81253,6.3789463,10.100351,340.38602
85.03121,16.42255,169.95993,177.97252,6.4803305,10.270144,349.10822
84.7385,16.4898,171.42838,179.92302,6.3404665,10.157544,342.91104
84.445786,16.557049,172.89684,181.87354,6.200603,10.044944,336.8452
84.07135,16.586258,174.588,183.43208,6.058893,9.910882,329.30255
83.696915,16.615467,176.27916,184.99062,5.917185,9.776822,321.00308
83.60581,16.570253,177.16646,186.56274,5.787466,9.577793,310.29056
83.51472,16.525042,178.05377,188.13486,5.6577477,9.378761,299.8487
84.526375,16.348846,175.93068,184.69987,5.7312293,9.270663,296.80783
85.538025,16.172651,173.80759,181.26491,5.8047104,9.162565,293.27063
85.92074,16.090155,172.8438,180.19937,5.6538787,8.931135,280.07776
86.30346,16.007656,171.88004,179.1338,5.5030456,8.699709,266.83835
86.44921,15.9625845,171.2503,178.44118,5.243907,8.359248,246.88136
86.59497,15.917511,170.62057,177.74852,4.9847693,8.018788,227.6752
86.70998,15.859675,167.89552,175.23872,4.813425,7.733305,213.1764
86.824974,15.80184,165.17049,172.72893,4.642081,7.4478216,198.77336
86.73953,15.764967,160.17526,168.16225,4.5935273,7.314836,192.56523
86.65408,15.728095,155.18004,163.59557,4.5449734,7.1818514,186.43922
86.27371,15.723685,151.19165,159.71336,4.4853773,7.087477,181.09753
85.89333,15.719274,147.2033,155.83118,4.4257812,6.9931026,175.76276
85.36667,15.745156,142.77306,150.85818,4.5171895,7.1400623,182.16983
84.84,15.771041,138.3428,145.88524,4.608598,7.287023,189.47034
84.59441,15.829414,131.49205,139.54211,4.5383196,7.3055177,192.29826
84.34883,15.887791,124.6413,133.19899,4.468041,7.3240113,195.46489
84.21246,15.967506,119.621376,128.20186,4.7526727,7.7754016,219.68625
84.076096,16.047226,114.601456,123.204704,5.0373054,8.226793,243.4595
84.563065,16.109858,116.15326,123.90193,5.5546155,8.880422,277.96024
85.05003,16.17249,117.70509,124.59918,6.071927,9.534046,316.0332
86.184235,16.124334,119.962425,126.24884,6.09628,9.466509,310.69662
87.31843,16.076178,122.219765,127.89848,6.1206355,9.39897,303.81186
88.54856,15.967592,126.48417,132.03532,5.698059,8.883051,271.34348
89.77869,15.859006,130.7486,136.17216,5.275483,8.367132,240.04153
89.84118,15.871678,128.38362,134.29367,5.5214496,8.672222,258.86945
89.90367,15.884354,126.01863,132.41519,5.7674155,8.97731,277.9099
90.38133,15.887306,128.9993,134.41208,6.3423944,9.680659,315.05585
90.85901,15.890259,131.97995,136.40897,6.917372,10.3840065,356.28625
91.40963,15.90354,135.04704,140.03745,7.193852,10.685267,379.93875
91.96024,15.916821,138.11414,143.66591,7.4703317,10.9865265,403.53708
92.59353,15.9491825,140.77896,147.28441,7.36361,10.885319,398.86957
93.2268,15.9815445,143.4438,150.90291,7.2568865,10.784108,392.7248
93.614456,16.001934,143.25662,150.87778,7.150305,10.647504,384.25604
94.00212,16.022322,143.06947,150.85266,7.0437207,10.510901,375.22818
94.3263,15.998207,145.29701,152.29308,7.024913,10.526353,376.23206
94.65047,15.974091,147.52457,153.73347,7.006102,10.541804,375.66238
95.191696,15.9658575,150.26248,156.77513,6.843753,10.367285,364.05225
95.73291,15.957624,153.0004,159.81679,6.681403,10.192766,352.2947
96.07558,15.89901,156.54056,163.56068,6.329269,9.699449,321.3395
96.41824,15.840398,160.08073,167.30458,5.977135,9.206134,291.98438
96.12714,15.806732,169.11856,175.82315,5.3281317,8.383322,243.55774
95.83604,15.773066,178.15639,184.34172,4.679128,7.5605087,197.89954
95.43735,15.78029,177.4424,189.03433,4.1047964,6.6710644,164.17119
95.03865,15.787514,176.7284,193.72699,3.530465,5.7816215,122.93889
94.931564,15.823443,187.01227,203.2372,3.272357,5.5125494,107.994026
94.82448,15.859373,197.29613,212.74745,3.0142481,5.2434773,88.13395
94.95801,15.878344,212.89427,226.19415,3.1483831,5.562948,98.82641
95.09154,15.897316,228.49237,239.64087,3.2825172,5.8824177,108.85042
94.29141,15.7747965,239.6798,247.62842,4.6120887,7.463379,188.24606
93.49128,15.652276,250.86723,255.61597,5.941661,9.04434,283.31726
92.95979,15.567663,249.57553,254.67339,5.7959967,8.8162565,269.1915
92.4283,15.483048,248.28377,253.73076,5.650331,8.58817,255.36024
92.40237,15.44746,248.00354,253.46281,5.616293,8.60746,255.47418
92.37644,15.411873,247.72331,253.19487,5.582254,8.62675,255.53152
92.00827,15.402152,246.35226,252.25749,5.6119514,8.656326,258.70544
91.64008,15.392432,244.98117,251.32013,5.641649,8.685904,262.238
91.00279,15.398639,245.83911,252.65356,5.5998287,8.610747,260.0783
90.36549,15.404842,246.69699,253.987,5.5580072,8.535593,257.9589
89.850525,15.384658,246.61417,254.06827,5.53692,8.439469,253.53865
89.33555,15.364471,246.5313,254.14954,5.5158324,8.343344,248.53168
88.76447,15.381257,247.4918,255.80786,5.3429174,8.126173,235.59045
88.19339,15.398046,248.45232,257.46622,5.170003,7.909002,222.3179
87.987175,15.41139,245.55083,254.4521,5.119758,7.820658,217.68361
87.78095,15.424737,242.64932,251.43797,5.069514,7.7323136,213.1376
88.07661,15.401233,238.08707,246.21588,4.8972297,7.5166593,198.46846
88.37226,15.377727,233.52483,240.99377,4.7249446,7.3010054,183.80974
88.869644,15.351982,231.19533,237.56721,4.822403,7.434898,189.58029
89.367035,15.326238,228.86578,234.14066,4.919861,7.5687904,195.9815
89.96421,15.314376,225.98282,232.29187,4.962687,7.6008935,199.82343
90.561386,15.302514,223.0999,230.4431,5.005513,7.632998,204.24167
90.46722,15.323251,223.23335,230.6956,4.9854274,7.6085854,202.80513
90.373055,15.343988,223.3668,230.9481,4.9653416,7.5841737,201.46701
89.90998,15.381383,224.72021,231.93391,4.945865,7.63576,203.50172
89.446915,15.41878,226.07356,232.91965,4.926388,7.687347,205.99844
89.19469,15.49919,222.86609,230.87854,4.638762,7.453485,193.78638
88.94245,15.5796,219.6586,228.83748,4.3511353,7.2196226,182.0626
88.94961,15.684916,213.77815,224.4557,4.1913767,7.051816,175.87811
88.95675,15.790232,207.89769,220.07393,4.0316176,6.884009,168.19586
88.53042,15.83947,206.16864,218.45366,3.95821,6.7858467,163.27217
88.104095,15.888705,204.43956,216.8334,3.8848016,6.6876836,157.5195
87.58799,15.909432,201.04062,214.57715,3.7968874,6.5126595,147.83167
87.071884,15.930157,197.64166,212.32094,3.708973,6.3376355,137.26375
86.59928,15.956978,193.9542,209.05917,3.712985,6.2900085,133.83296
86.12669,15.9838,190.26672,205.79736,3.716997,6.2423825,130.68668
85.779724,16.012733,186.5265,200.5921,3.9678469,6.542585,148.32623
85.432755,16.04167,182.78627,195.38686,4.218697,6.8427887,165.67928
85.82248,15.987058,182.0763,192.18546,4.4631643,7.2899013,189.84528
86.21222,15.932446,181.36635,188.98404,4.7076306,7.737014,212.22041
86.40869,15.931016,181.69568,187.94028,4.63028,7.789843,210.4345
86.60516,15.929586,182.02502,186.8965,4.5529304,7.8426733,206.74217
86.47404,15.948794,182.80487,187.23642,4.250118,7.48241,184.11597
86.3429,15.968001,183.5847,187.57637,3.9473047,7.1221466,161.99094
86.251785,15.966463,186.26797,189.90388,3.759771,6.869462,145.55716
86.16066,15.964925,188.95128,192.23138,3.5722363,6.6167774,128.92474
86.21349,15.934325,192.07712,195.88736,3.1593463,6.0428,99.01936
86.26632,15.903725,195.20297,199.54333,2.7464564,5.4688225,68.73966
86.91497,15.756982,192.91074,199.27919,2.661054,5.365994,67.123085
87.56362,15.610241,190.6185,199.01503,2.5756516,5.263167,63.92991
87.71717,15.616733,188.90561,200.32018,2.2851985,4.7320504,38.199757
87.87072,15.623227,187.1927,201.62532,1.9947453,4.2009344,12.787154
88.209,15.603663,185.01414,202.02582,1.7723094,3.7955081,-6.217626
88.54727,15.5841,182.83557,202.42632,1.5498736,3.390083,-16.067415
88.88059,15.550101,177.95175,205.13716,1.2401826,2.7858162,-15.860972
89.213905,15.516105,173.06795,207.848,0.93049175,2.1815503,-11.0869
89.37185,15.499828,163.29092,222.40495,0.7491831,1.7147244,12.011017
89.52978,15.483552,153.51393,236.9619,0.5678745,1.2478983,28.719133
90.27098,15.385475,154.63896,225.03029,0.6532709,1.0738103,22.87277
91.01218,15.287398,155.764,213.09868,0.73866636,0.89972365,14.504421
91.31437,15.248128,116.77886,186.71365,0.718276,0.9362954,37.270836
91.61656,15.208856,77.79372,160.32866,0.69788474,0.9728672,37.16267
91.76573,15.223147,95.764145,127.2369,1.1333872,1.5024307,6.7722936
91.914894,15.237437,113.73458,94.14515,1.5688896,2.031994,18.880087
91.83109,15.271574,122.54074,112.10623,1.6326363,2.443767,-8.06563
91.74729,15.305712,131.34688,130.06735,1.696383,2.8555398,-47.952908
92.239,15.242385,147.87442,147.70004,1.547943,2.8375914,-57.43883
92.730705,15.179057,164.40196,165.33276,1.399503,2.819643,-66.5739
92.80168,15.175089,159.41438,171.85046,1.1402276,2.4056413,-77.521484
92.87265,15.171123,154.4268,178.36816,0.8809511,1.9916408,-36.086525
92.69982,15.201016,184.63986,194.80902,0.5982972,1.5591177,-130.90375
92.526985,15.230911,214.85294,211.24985,0.31564316,1.1265947,-117.749916
92.62808,15.226412,212.67618,230.5371,0.41175312,1.088855,-128.09828
92.729164,15.221914,210.4994,249.82434,0.50786304,1.0511166,-36.230415
92.74079,15.214664,271.00052,281.78595,0.72809166,1.3760417,-138.09613
92.75242,15.207416,331.50165,313.74753,0.94831926,1.7009678,-15.596235
92.72891,15.214345,261.87134,285.74014,1.3046145,2.4298332,-46.381474
92.705414,15.221274,192.24097,257.73273,1.6609107,3.1586998,33.583725
92.13927,15.286026,171.67506,146.44414,2.1016345,3.8869886,-3.7642987
91.57311,15.350779,151.10915,35.155514,2.5423594,4.6152763,76.10679
91.101295,15.407505,117.19552,21.75718,2.9946847,5.299644,79.30034
90.62948,15.46423,83.28188,8.358842,3.447011,5.9840117,69.472786
90.46003,15.499745,46.397175,11.175816,3.462716,6.0770116,39.528366
90.29059,15.535263,9.512489,13.992789,3.4784224,6.170012,105.65384
90.29715,15.555823,12.289257,17.463577,3.2825341,5.9556084,96.8894
90.30371,15.576383,15.066048,20.934387,3.0866458,5.7412047,87.763695
90.414696,15.576063,18.507595,24.558912,2.9020493,5.47818,76.166405
90.52568,15.575745,21.949142,28.183435,2.717454,5.2151546,65.65243
90.87106,15.544085,18.5378,26.951227,2.6420999,4.994815,56.98447
91.21645,15.512424,15.126433,25.718996,2.5667458,4.774475,45.015976
91.5723,15.473182,27.412434,23.063011,2.548284,4.720406,15.2682085
91.92814,15.433941,39.69843,20.407001,2.5298223,4.666339,13.096227
92.108665,15.408527,65.38531,17.918839,2.389394,4.4163747,24.919172
92.28919,15.383116,91.07218,15.430653,2.248965,4.1664104,48.05097
92.52766,15.327038,215.17047,185.73776,2.3226542,4.107915,11.907299
92.76612,15.270962,339.2688,356.04486,2.3963444,4.0494175,-3.6213548
90.81213,15.418053,339.15945,352.32883,2.635681,4.2105055,2.8383303
88.85814,15.565146,339.05014,348.61276,2.8750174,4.3715944,8.652378
88.63193,15.529539,337.20108,345.63925,2.8985069,4.362014,8.310657
88.405716,15.493932,335.35202,342.6658,2.9219964,4.352434,7.6278753
88.21624,15.447736,335.19882,342.01416,2.9155455,4.2413373,0.94769424
88.02675,15.40154,335.04553,341.3626,2.9090955,4.130242,-5.7517924
87.90017,15.389062,340.05884,345.81094,2.7155702,3.8681357,-23.107157
87.77359,15.376581,345.07217,350.25928,2.5220451,3.6060307,-39.304207
87.88922,15.370349,344.30286,350.45923,2.328314,3.3372855,-51.656578
88.004845,15.364115,343.53357,350.65918,2.134583,3.06854,-63.423977
87.899475,15.359496,285.489,237.10837,1.8208632,2.7077172,64.08166
87.79412,15.354876,227.44446,123.55751,1.5071434,2.3468943,55.614605
87.46833,15.36457,282.35147,150.79659,1.2195197,1.9274939,67.093796
87.14254,15.374262,337.25848,178.03568,0.931896,1.5080925,72.06626
86.998856,15.367898,271.0735,143.39355,0.68148434,1.1719773,53.051266
86.85516,15.361536,204.88846,108.75143,0.43107378,0.83586085,33.53617
87.10268,15.361712,191.11293,128.10753,0.6169067,0.86446536,26.925734
87.35019,15.361892,177.3374,147.46361,0.80274063,0.89306873,12.689492
87.582924,15.372468,184.31134,164.33075,1.086665,1.3753848,-2.1124704
87.815674,15.383043,191.28526,181.19788,1.3705894,1.8576998,-31.322958
87.38745,15.41149,190.58348,184.47063,1.6433449,2.400295,-40.62695
86.95923,15.439938,189.88171,187.74336,1.9161013,2.9428892,-42.857555
86.900085,15.464682,183.69109,185.2079,2.0546138,3.2667763,-45.864773
86.84095,15.489424,177.5005,182.67241,2.1931274,3.5906632,-27.90948
86.74959,15.524749,179.24171,183.78714,2.2826617,3.7824643,-18.720182
86.65823,15.560073,180.98297,184.90186,2.372197,3.9742663,-9.9835205
86.94849,15.588582,171.40175,179.68965,2.3938816,4.0071583,-1.8590418
87.23875,15.617093,161.82054,174.47746,2.4155672,4.0400496,6.5761657
87.41772,15.65975,161.30383,171.51,2.8767533,4.6691127,40.1679
87.59668,15.702406,160.78712,168.54254,3.3379405,5.2981763,74.40764
87.85751,15.742487,157.89156,166.35106,3.2749257,5.2886186,74.46461
88.118355,15.782566,154.99599,164.15955,3.2119122,5.2790613,74.766396
88.81202,15.793784,156.33609,165.2639,3.5711455,5.7408943,102.58023
89.5057,15.804999,157.6762,166.36827,3.9303792,6.202727,129.92175
90.07844,15.825762,160.85727,169.05988,4.019442,6.407871,141.37146
90.65117,15.846525,164.03835,171.75145,4.108505,6.613015,152.41846
90.52544,15.889881,169.4699,176.79462,4.0868263,6.667906,154.64282
90.3997,15.933237,174.90143,181.83777,4.0651474,6.722796,155.82234
89.91869,16.005821,180.34114,189.42416,3.9378827,6.585478,149.51672
89.43768,16.078403,185.78087,197.01056,3.810617,6.4481597,143.39203
89.18677,16.179169,189.30484,202.55415,3.6475694,6.235162,132.14513
88.93584,16.279934,192.82884,208.09776,3.4845216,6.0221624,118.790436
88.75747,16.340925,200.64146,214.04332,3.667722,6.385472,139.15529
88.579094,16.401915,208.45409,219.98888,3.8509223,6.74878,157.09421
87.77932,16.459454,212.07541,223.27591,4.071942,7.150915,179.53627
86.979546,16.516993,215.69672,226.56294,4.2929626,7.553049,201.35658
85.97468,16.58289,217.50818,228.8577,4.152189,7.334071,188.6121
84.969795,16.648787,219.3196,231.15248,4.011414,7.1150937,176.13373
85.45084,16.582397,225.30205,241.53001,3.601147,6.644453,149.46268
85.931885,16.516008,231.28444,251.9075,3.1908786,6.1738143,121.988106
85.90258,16.517282,231.45166,250.77267,2.8663673,5.725274,102.06462
85.873276,16.518559,231.61893,249.63792,2.541856,5.276733,80.812675
86.31195,16.480022,217.79607,236.85168,2.5198178,5.07152,68.29715
86.75063,16.441484,203.97325,224.06538,2.4977796,4.8663073,55.46106
86.449585,16.468542,200.01846,215.9828,3.0732768,5.7387915,101.227776
86.148544,16.495598,196.06367,207.90022,3.648774,6.6112757,147.4238
85.47871,16.574759,199.30435,210.62271,4.220251,7.476969,198.74895
84.80886,16.653917,202.54506,213.34523,4.7917285,8.342661,246.88638
85.33471,16.681877,209.12383,219.44186,5.041953,8.646515,262.1822
85.86055,16.709835,215.70262,225.53854,5.292178,8.950367,278.12302
86.36698,16.694162,219.22305,227.66998,5.5210757,9.223807,292.2465
86.87342,16.67849,222.74348,229.80135,5.7499743,9.497244,305.23685
87.52073,16.617395,224.41512,231.10889,5.9857025,9.677658,315.55692
88.16804,16.5563,226.08678,232.41641,6.221431,9.858072,327.88797
88.75994,16.494041,228.16092,234.32999,6.2643127,9.845158,328.5449
89.35185,16.431784,230.23506,236.2436,6.3071966,9.832246,329.63232
89.78057,16.39271,229.56824,235.90707,6.093953,9.553639,313.01895
90.2093,16.353638,228.90137,235.5706,5.8807096,9.275031,296.2614
90.395485,16.364077,227.79906,234.46307,5.8085427,9.211102,291.89893
90.58167,16.374516,226.69673,233.35555,5.736376,9.147169,287.64
90.808304,16.406591,227.60464,233.85324,5.617841,9.082157,281.45752
91.03493,16.438663,228.51257,234.35088,5.4993052,9.017145,275.24548
91.130905,16.489355,227.33794,234.3205,4.994035,8.468888,244.9479
91.22689,16.540047,226.16336,234.29007,4.4887643,7.920633,214.92305
91.077095,16.588509,220.97862,230.94801,4.027475,7.314258,184.46773
90.92731,16.636969,215.79395,227.60596,3.566187,6.7078853,151.05574
90.71626,16.685215,213.97801,226.70802,3.30738,6.3711205,131.83151
90.50521,16.73346,212.16212,225.81009,3.0485737,6.034357,112.181755
90.3398,16.770657,204.40767,221.11995,2.9956496,5.7864456,100.742874
90.174385,16.807852,196.65324,216.42981,2.9427242,5.538534,84.68829
90.199265,16.802082,191.25269,209.98651,3.08351,5.571882,88.411224
90.224144,16.796309,185.85211,203.54324,3.2242966,5.605228,92.422035
90.445656,16.74777,180.88034,197.64249,3.3904762,5.729598,102.373314
90.66717,16.699232,175.90858,191.74174,3.556656,5.853967,111.734085
90.775566,16.662172,174.6926,188.53484,3.7336838,6.2335944,133.57509
90.883965,16.62511,173.47661,185.32788,3.9107108,6.6132216,153.15765
90.48223,16.66659,172.2137,183.21375,3.9531236,6.857223,164.57745
90.08049,16.708067,170.95079,181.0996,3.995537,7.101223,176.86534
89.57925,16.762362,168.80453,178.62788,4.13668,7.372107,191.56874
89.078,16.816658,166.65833,176.15614,4.277824,7.64299,205.78949
88.96251,16.80231,166.4002,175.11867,4.47455,7.919727,218.3944
88.847015,16.787964,166.1421,174.08118,4.671275,8.196464,230.71956
88.80333,16.742758,167.22415,174.40161,4.863599,8.405401,239.9963
88.75965,16.69755,168.30617,174.72202,5.0559235,8.614338,249.86998
88.69384,16.672443,168.92726,175.09476,5.1118,8.690686,253.59012
88.628044,16.647335,169.54831,175.46747,5.167677,8.767037,257.2623
87.69467,16.758612,168.87837,176.46425,4.8608446,8.352091,240.05554
86.7613,16.86989,168.20844,177.46103,4.554012,7.937146,222.38084
86.50628,16.889769,168.26842,177.61052,4.6250052,8.031113,227.68164
86.25127,16.909649,168.32838,177.76001,4.696,8.125078,232.88591
86.272545,16.899538,166.42378,175.96086,4.7647176,8.17001,235.61496
86.29382,16.889425,164.51918,174.16171,4.833435,8.21494,238.21814
86.47534,16.831713,163.64168,172.43085,5.0340824,8.364204,245.67801
86.65687,16.774,162.7642,170.70001,5.2347283,8.51347,252.24377
86.66056,16.732939,163.50105,170.77617,5.317685,8.569485,254.71844
86.66426,16.691877,164.23788,170.85231,5.4006414,8.625497,256.72864
86.589905,16.673086,163.92464,170.58043,5.4579005,8.653342,258.86755
86.51555,16.654293,163.61137,170.30852,5.515158,8.681186,261.05576
86.97988,16.616364,160.35841,167.07986,5.605825,8.706964,262.23593
87.44422,16.578434,157.10544,163.8512,5.6964917,8.73274,263.5629
88.07681,16.547918,154.65506,161.16377,5.807527,8.813257,268.08087
88.70941,16.517403,152.20467,158.47632,5.918562,8.893775,272.65094
88.44122,16.533676,151.02075,157.3978,5.9357567,8.937303,275.1838
88.173035,16.54995,149.83684,156.31927,5.952952,8.98083,277.82645
87.2326,16.602156,153.01744,159.19438,5.856101,8.945065,274.9373
86.292145,16.654362,156.19806,162.06947,5.7592497,8.909299,272.20398
85.95475,16.703516,154.19836,161.46906,5.659084,8.859502,271.55478
85.61735,16.752668,152.19867,160.86864,5.558919,8.809706,269.39288
85.937744,16.819593,151.74619,160.15558,5.7561817,9.144183,287.57596
86.258125,16.886515,151.2937,159.44255,5.953444,9.478661,305.37766
86.67827,16.934929,150.199,158.10744,6.2502522,9.877972,327.41138
87.09842,16.983343,149.10432,156.77235,6.5470605,10.277282,349.8791
86.75143,17.04614,148.76921,156.51834,6.7588477,10.577888,366.63055
86.404434,17.108934,148.43408,156.26434,6.970635,10.878491,383.8829
85.354225,17.203161,148.52548,156.29002,7.2380443,11.275801,404.55145
84.304016,17.29739,148.61688,156.31572,7.505453,11.673111,422.95258
82.80986,17.402586,149.5148,156.98232,7.764305,12.077483,441.47586
81.31571,17.507782,150.41269,157.64888,8.023157,12.481856,462.66885
79.93074,17.60424,150.95363,158.32195,8.450503,13.078901,494.49466
78.54576,17.700699,151.49457,158.995,8.877849,13.675943,519.7515
77.56379,17.79065,151.76877,159.52258,9.215779,14.226465,538.6586
76.5818,17.8806,152.043,160.05017,9.553711,14.776984,554.19104
75.85076,17.996342,153.43231,161.11873,9.745654,15.168957,563.92487
75.11972,18.112085,154.82164,162.1873,9.937596,15.56093,572.5853
75.232185,18.176744,157.69206,164.71521,9.992265,15.704799,577.4928
75.34465,18.2414,160.56247,167.24315,10.046934,15.84867,582.46704
76.80444,18.177412,168.62225,174.29437,9.703555,15.311714,574.21735
78.26423,18.11342,176.68207,181.34561,9.360177,14.77476,563.83813
82.519424,17.765865,215.74316,225.0064,8.489903,13.057254,495.41574
86.77461,17.418308,254.8043,268.6672,7.6196275,11.3397455,404.5847
88.90118,17.231123,277.71628,283.1433,7.560242,11.386441,413.42545
91.02775,17.043938,300.62827,297.6194,7.5008574,11.433138,376.92914
91.65527,16.876053,289.50348,289.82944,6.1326346,9.703841,300.11737
92.28281,16.708164,278.37878,282.03943,4.764412,7.974546,206.13889
93.83134,16.525692,268.77673,273.8169,5.0023503,8.137633,218.97252
95.379875,16.34322,259.1747,265.59433,5.2402883,8.300721,232.26636
93.05999,16.378206,262.36935,267.76694,6.695915,9.847364,337.20822
90.740105,16.41319,265.56396,269.93958,8.151542,11.39401,430.57465
89.00639,16.27479,265.74597,269.20905,8.578494,11.608269,445.8747
87.27267,16.13639,265.92798,268.47852,9.005446,11.822525,459.52075
87.20461,15.969348,266.54767,268.48602,9.532574,12.135729,479.42
87.13656,15.802307,267.16736,268.4936,10.0597,12.448934,497.10883
87.30688,15.6897955,267.41092,268.59778,10.148254,12.398503,496.32962
87.477196,15.577286,267.6545,268.70197,10.236809,12.348073,495.7075
87.25827,15.479712,269.08994,270.16663,10.4106045,12.509325,502.9271
87.03934,15.38214,270.5254,271.63123,10.584401,12.670581,509.65363
87.01972,15.325762,273.8476,274.95895,10.541512,12.553125,505.14435
87.00011,15.269383,277.1698,278.2867,10.498623,12.435672,500.5552
86.224174,15.28371,278.93332,280.14468,10.200353,12.033868,479.90152
85.448235,15.298036,280.69687,282.00266,9.902082,11.632064,458.01324
84.149475,15.330132,281.43137,282.68878,9.878668,11.592001,453.94534
82.850716,15.362227,282.16583,283.37494,9.855255,11.551938,452.0448
81.84765,15.394367,282.6842,283.81467,9.823314,11.52577,450.42477
80.84458,15.426508,283.20264,284.25443,9.79137,11.499599,448.20505
80.2097,15.484019,282.2313,283.3186,9.636175,11.356614,438.59644
79.57482,15.541531,281.26,282.38275,9.480981,11.213629,429.02957
78.95365,15.628332,279.57288,280.98135,8.989666,10.737519,393.9978
78.3325,15.715137,277.8857,279.58002,8.498351,10.261406,358.6535
78.98955,15.780155,271.92426,274.0385,7.8667564,9.657259,311.71207
79.6466,15.845175,265.9628,268.497,7.2351637,9.053112,268.59796
79.3829,15.919811,261.36948,264.64944,6.835747,8.727882,247.83385
79.11919,15.994446,256.7762,260.80182,6.4363317,8.402653,229.72327
79.11757,16.036997,253.9336,258.5972,6.1319714,8.094307,213.94142
79.11596,16.07955,251.09099,256.3926,5.827613,7.785963,198.05823
79.534294,16.074055,248.54556,254.50372,5.3352966,7.2346845,170.28735
79.95262,16.068563,246.00018,252.61482,4.842981,6.6834044,142.2288
79.7249,16.09723,243.39415,250.37715,4.6240697,6.444855,129.61249
79.49716,16.125898,240.78816,248.13948,4.4051595,6.206306,117.254395
78.961716,16.1584,241.02258,247.99971,4.7257104,6.6418457,139.66731
78.42627,16.190899,241.257,247.85988,5.0462627,7.077387,163.07553
78.42668,16.18208,245.7994,252.73753,5.3763213,7.365769,178.65826
78.42709,16.17326,250.34178,257.61517,5.7063794,7.6541514,192.42233
78.48503,16.188951,256.49283,263.96423,5.2045393,6.972441,154.8636
78.54296,16.204641,262.64383,270.31326,4.7026987,6.290732,117.11519
79.20942,16.170856,260.4057,268.88287,4.268021,5.7014365,90.56622
79.87588,16.137072,258.1676,267.45248,3.8333433,5.1121416,64.92266
79.92398,16.099571,252.8125,261.78934,3.8896654,5.207026,69.89206
79.972084,16.062075,247.4574,256.12616,3.9459875,5.3019114,74.97241
79.64437,16.046288,246.54303,254.03601,4.4296746,6.0211926,107.35109
79.31666,16.0305,245.62872,251.94594,4.913362,6.7404737,144.57182
78.92121,16.06741,252.00583,258.14084,5.7570868,7.8736534,204.76347
78.52576,16.104319,258.38293,264.33575,6.600811,9.006833,267.8091
78.60191,16.059391,266.4009,270.84357,6.889303,9.250839,281.25446
78.678055,16.014462,274.4189,277.35135,7.177794,9.494845,295.5808
78.92643,15.935341,274.5726,277.32397,7.2884026,9.479066,296.0061
79.174805,15.856219,274.72632,277.29663,7.3990116,9.463287,296.0097
79.82659,15.773091,275.56717,277.90622,7.413487,9.342086,288.52106
80.47838,15.689966,276.4081,278.5158,7.427965,9.220886,281.0016
81.03725,15.657371,278.53503,280.64758,7.223253,8.899619,258.95782
81.59612,15.624776,280.66196,282.77942,7.018543,8.578354,238.61256
82.14944,15.598293,281.3558,283.55872,6.676721,8.122286,210.25847
82.70277,15.571811,282.0497,284.338,6.334902,7.666217,184.47964
83.21255,15.545992,280.72253,283.21475,6.012182,7.254155,164.71684
83.72231,15.520173,279.3954,282.09146,5.6894646,6.8420944,145.24922
84.077065,15.498126,276.64203,279.49115,5.4082217,6.4650917,126.420456
84.43182,15.476079,273.88867,276.89084,5.1269794,6.0880904,106.85994
84.8511,15.438747,269.51385,272.21304,5.196677,6.1280966,109.794334
85.27037,15.401414,265.139,267.53528,5.2663765,6.1681037,111.99826
85.58904,15.353667,263.01843,265.02563,5.4547505,6.360099,123.43462
85.90771,15.305919,260.89783,262.51605,5.643124,6.552095,135.34772
85.90549,15.281145,260.08185,261.602,5.641781,6.549756,135.25374
85.90325,15.2563715,259.2659,260.68793,5.6404376,6.5474167,135.16039
86.02877,15.24701,257.86432,259.22675,5.5664616,6.457633,129.67712
86.15429,15.237648,256.46274,257.76562,5.492485,6.36785,124.04194
86.24674,15.250974,254.30829,255.66876,5.453988,6.357133,123.83071
86.339195,15.264299,252.15388,253.5719,5.4154916,6.3464165,123.54767
86.536316,15.281555,248.51764,249.9565,5.3956976,6.370857,125.67096
86.733444,15.298808,244.88144,246.34105,5.3759036,6.395299,127.47245
86.94727,15.337532,242.84013,244.6905,5.253432,6.390438,127.59036
87.1611,15.376254,240.79883,243.04001,5.13096,6.385577,126.91004
87.39944,15.445963,235.50542,238.37125,4.813757,6.1519384,113.02375
87.63778,15.515669,230.212,233.7025,4.4965534,5.918301,100.08442
88.34577,15.573234,225.75952,229.41866,4.36832,5.8938313,98.82986
89.05377,15.630798,221.30707,225.13481,4.240085,5.8693614,98.02372
89.31103,15.650648,219.59755,223.98033,4.272839,5.937416,102.84275
89.56829,15.670498,217.88809,222.82585,4.3055916,6.0054693,108.03926
89.73516,15.612552,217.55193,222.91818,4.219809,5.7961025,96.89943
89.902016,15.554603,217.21571,223.01056,4.1340256,5.5867367,85.91456
90.27696,15.447,212.44519,217.6831,4.2454348,5.5219197,83.13337
90.65191,15.339396,207.67468,212.3557,4.3568435,5.457104,81.27075
91.54524,15.317544,198.4494,202.90825,4.5892496,5.729301,101.221535
92.438576,15.295691,189.22415,193.46082,4.8216558,6.0014973,120.87124
92.930374,15.364979,188.12158,191.74805,5.389655,6.732879,160.0728
93.42219,15.434265,187.01904,190.03528,5.957655,7.464261,200.59666
93.62187,15.491678,191.5341,194.91104,6.2970915,7.957082,229.63638
93.821556,15.549089,196.0492,199.78677,6.636528,8.449903,263.03748
94.26108,15.603725,201.02031,205.48946,6.5001254,8.4291725,263.32178
94.70059,15.658363,205.99146,211.19212,6.3637214,8.408441,262.70514
94.53075,15.744713,208.32132,214.42302,6.0208173,8.168807,244.48637
94.3609,15.831061,210.65118,217.65385,5.677912,7.929174,228.75043
92.68393,15.725526,205.72897,211.52394,6.6303234,8.9493885,298.91882
91.00696,15.619988,200.8068,205.39407,7.582736,9.969604,368.86087
91.20741,15.762025,204.42824,210.24695,7.1546054,9.703248,348.65698
91.40786,15.90406,208.0497,215.09981,6.7264724,9.436895,328.57538
91.59529,15.994808,213.3051,221.18195,6.392465,9.159385,307.95398
91.78274,16.08556,218.56041,227.26407,6.058458,8.881873,287.50574
91.95452,16.131681,220.64738,230.119,5.620327,8.396768,256.3964
92.12629,16.177805,222.7343,232.97394,5.1821957,7.9116616,224.8873
92.209625,16.183973,228.10739,236.82945,4.954055,7.7399893,210.28876
92.29296,16.19014,233.48044,240.68498,4.7259145,7.568316,195.75278
92.272736,16.191639,232.36902,240.36516,4.6394234,7.459863,190.483
92.25251,16.193138,231.25766,240.04535,4.5529323,7.3514113,185.16896
92.395966,16.18224,231.95795,240.82086,4.5743484,7.338291,184.3095
92.53943,16.171337,232.65823,241.59639,4.595763,7.325172,183.47719
92.70391,16.170801,232.82861,241.65582,4.5370693,7.239807,177.8499
92.86839,16.170265,232.99898,241.71527,4.478374,7.154444,172.39305
93.00514,16.164993,233.92734,242.82123,4.390523,7.054205,166.2908
93.14189,16.159721,234.85565,243.92717,4.3026705,6.9539657,160.52525
93.24674,16.158855,232.74112,242.20445,4.277543,6.888117,157.97223
93.351585,16.15799,230.62657,240.48169,4.2524166,6.822267,155.44333
93.3661,16.172974,228.48027,237.99243,4.217081,6.825047,155.0753
93.38059,16.187958,226.33392,235.50319,4.1817455,6.827828,154.64491
93.428345,16.195768,227.52994,235.47179,4.3001847,7.031351,163.49153
93.47608,16.203579,228.72589,235.44037,4.4186244,7.2348723,173.03325
93.49442,16.235651,226.43901,233.84222,4.2170515,7.036787,162.37921
93.51277,16.267725,224.15215,232.24408,4.015478,6.8387012,152.72319
93.36939,16.334513,222.04565,231.1231,3.6721654,6.5282917,137.25595
93.22602,16.4013,219.93912,230.00209,3.3288538,6.217882,120.953384
92.84087,16.490015,212.93654,225.4005,3.0367067,5.846535,104.169464
92.455734,16.578728,205.93391,220.79895,2.7445598,5.4751887,86.06474
92.4364,16.588406,194.17467,210.95033,2.7782614,5.3142343,81.690445
92.417076,16.598082,182.41544,201.10175,2.8119628,5.1532817,77.29761
92.46627,16.588137,176.53336,193.329,3.3425934,5.8144503,114.002075
92.515465,16.578192,170.65128,185.55627,3.8732252,6.4756203,151.63045
92.28633,16.604898,169.77429,183.06377,4.2806563,7.122585,186.57217
92.0572,16.631605,168.8973,180.57123,4.688088,7.7695503,219.059
91.59508,16.698076,171.51343,182.60164,4.7109914,7.9431686,226.75177
91.13296,16.764544,174.12956,184.63208,4.7338934,8.116787,234.57796
90.941795,16.820124,179.46748,189.82817,4.758084,8.210475,239.07211
90.750626,16.875702,184.80539,195.02426,4.782275,8.304161,243.6097
91.26932,16.808096,202.3832,211.6409,4.549156,7.955216,221.92906
91.78802,16.740488,219.96104,228.25749,4.3160377,7.6062703,198.55807
92.8283,16.664845,221.63345,235.98367,3.8768237,6.8343678,159.251
93.86858,16.5892,223.30586,243.70987,3.4376109,6.0624647,113.88667
94.36573,16.624401,221.36478,240.96191,3.3162537,6.101944,118.823135
94.86288,16.659601,219.4237,238.21397,3.1948965,6.141423,123.83195
95.0785,16.637413,221.5902,236.36815,3.472289,6.524549,145.39996
95.29411,16.615225,223.75674,234.52232,3.7496817,6.9076753,159.07687
95.98196,16.363823,244.62112,256.4578,3.0630755,5.5428486,85.81657
96.66979,16.112423,265.4855,278.3933,2.3764703,4.1780233,11.722384
97.032135,16.040083,272.61255,284.0844,2.597658,4.5168858,23.938297
97.39448,15.967739,279.73965,289.77554,2.8188453,4.855748,36.477097
97.47034,15.893269,297.28925,305.69244,3.351739,5.4972157,60.07714
97.5462,15.818796,314.8389,321.60938,3.8846328,6.1386833,86.977005
96.77337,15.771016,324.36792,329.9034,4.522003,6.6557393,117.324425
96.00054,15.723233,333.89703,338.19745,5.1593723,7.1727967,149.83838
94.65967,15.686584,333.44028,336.7875,6.0690126,8.135179,217.9465
93.3188,15.649936,332.98355,335.37762,6.978653,9.097562,281.81128
92.19692,15.507839,334.48312,336.71246,7.0856223,9.077646,281.61197
91.075035,15.365741,335.98267,338.04733,7.1925893,9.05773,281.07352
90.915146,15.4203825,335.2497,337.15396,6.511108,8.341073,234.8365
90.75527,15.475027,334.5167,336.26056,5.829624,7.624414,185.52553
91.132996,15.515172,328.30884,330.5123,5.917106,7.7577095,198.00032
91.51072,15.555315,322.101,324.764,6.0045877,7.8910036,209.71584
91.83559,15.48608,321.2706,323.40604,6.271747,8.117723,225.47176
92.160446,15.416843,320.44016,322.048,6.5389066,8.344443,240.17043
92.3568,15.332446,318.0225,319.6464,6.645081,8.383776,243.63004
92.55314,15.248051,315.6048,317.2447,6.751253,8.423108,247.14775
90.642075,15.2911215,312.95364,314.71057,6.936494,8.611203,263.1923
88.731,15.334191,310.3025,312.17642,7.1217346,8.799299,276.42188
87.104805,15.299164,310.12067,311.69394,7.694008,9.375334,310.5123
85.47859,15.264137,309.93884,311.2114,8.266281,9.951369,344.22815
84.295815,15.182558,310.33917,311.41104,8.698862,10.370391,371.7507
83.11304,15.100979,310.73947,311.61066,9.131443,10.789411,398.92804
81.206856,15.05907,309.70267,310.46414,9.250859,10.89159,405.02625
79.300674,15.0171585,308.66586,309.31757,9.370273,10.993772,410.9551
78.43442,15.006337,307.79724,308.38202,9.117095,10.6749735,388.36502
77.56816,14.995514,306.92862,307.44653,8.863918,10.356173,366.59894
76.63737,15.031218,307.60495,308.2213,7.967801,9.29341,281.92633
75.706566,15.066923,308.28128,308.9961,7.071686,8.230649,195.11172
74.59325,15.109919,304.6301,305.64798,6.534612,7.6347876,155.05789
73.47992,15.152914,300.97897,302.2999,5.9975386,7.0389247,123.40799
73.249886,15.172652,301.32205,302.81235,5.805941,6.8234773,110.81553
73.01985,15.192393,301.6651,303.32477,5.614344,6.6080284,98.7832
72.97711,15.220493,300.92636,302.782,5.3920884,6.358515,85.78236
72.93437,15.248593,300.1876,302.23917,5.169833,6.1090007,73.14404
72.91159,15.270173,297.95853,300.33597,4.839537,5.744569,57.286495
72.888824,15.291753,295.72946,298.43277,4.509241,5.3801365,44.43857
73.148865,15.29846,292.48654,295.59354,4.191884,5.003451,34.477962
73.4089,15.30517,289.24356,292.75427,3.8745275,4.6267653,25.87057
74.20079,15.292156,281.78256,284.97864,4.075828,4.872286,33.003338
74.992676,15.279141,274.32153,277.20297,4.2771287,5.117807,41.6562
76.24727,15.243837,272.0233,274.4587,4.741309,5.7267456,68.598274
77.50187,15.208533,269.72513,271.71445,5.205489,6.335685,105.15465
76.47214,15.257813,269.1417,272.0327,4.7257576,5.873581,80.37249
75.442406,15.3070965,268.5583,272.35095,4.246026,5.411476,61.358906
76.18522,15.245548,250.2678,252.67102,4.832258,5.9080296,86.640495
76.92803,15.184,231.97736,232.99113,5.418491,6.404583,109.427345
79.40763,15.212588,235.30261,237.18373,5.5807786,6.6068497,123.33143
81.88723,15.241177,238.62787,241.37633,5.7430663,6.809115,140.921
79.943344,15.224122,247.81711,249.82932,5.7811604,6.6987658,127.559326
77.99946,15.207066,257.0063,258.2823,5.8192554,6.588418,116.53787
78.65453,15.116961,260.82883,261.8874,5.9383783,6.676179,121.71509
79.3096,15.026856,264.65137,265.49246,6.0575013,6.76394,126.62136
79.55938,14.954407,263.71564,264.5249,6.015718,6.6725526,122.295616
79.80915,14.881959,262.77988,263.5574,5.9739356,6.581167,117.81552
79.39152,14.83088,260.94556,261.64893,5.851069,6.4230003,108.899155
78.97388,14.779803,259.11124,259.7405,5.728204,6.2648344,99.71142
78.050606,14.805986,254.32083,254.87334,5.5625334,6.0743036,87.68274
77.12734,14.8321705,249.53035,250.00616,5.3968644,5.883771,75.76393
76.97806,14.835958,244.16296,244.68053,5.299368,5.779312,70.405396
76.82877,14.839746,238.79558,239.35493,5.201872,5.6748524,66.13762
76.002594,14.954074,231.44183,232.05052,5.375558,5.9378824,81.75622
75.176414,15.068401,224.08809,224.74606,5.5492454,6.200912,98.64017
75.04389,15.182797,220.01935,220.67899,5.955979,6.7669163,130.72467
74.91137,15.297195,215.95064,216.61191,6.362713,7.332919,161.08046
76.2531,15.326084,214.64836,215.41368,6.7035394,7.786018,186.30313
77.594826,15.354973,213.34613,214.21544,7.044366,8.239115,213.59013
78.25587,15.346838,213.5367,214.41293,7.2918005,8.537276,234.0873
78.91691,15.338701,213.72728,214.61043,7.5392327,8.835434,254.98871
77.91067,15.393561,211.43814,212.38884,7.6373234,9.004287,265.8307
76.90441,15.448422,209.14897,210.16725,7.7354136,9.173139,278.66592
76.95077,15.553147,207.15923,208.61635,7.538354,9.078782,271.89026
76.99713,15.657874,205.16948,207.06546,7.3412943,8.9844265,266.21747
77.49511,15.730354,199.803,202.21222,7.163624,8.86945,259.22025
77.99307,15.8028345,194.43651,197.35898,6.985954,8.754473,253.16872
78.402466,15.835881,191.00586,194.10939,6.929527,8.731082,252.39093
78.81186,15.868928,187.57523,190.85979,6.8731,8.707691,251.81158
79.51118,15.880387,189.08336,193.24225,6.9209256,8.794762,257.86084
80.2105,15.891846,190.5915,195.62471,6.9687514,8.881832,264.21283
80.396034,15.939919,194.16243,199.32484,6.7707686,8.717663,255.84477
80.581566,15.98799,197.73335,203.02498,6.572784,8.553494,247.10252
80.21951,15.99819,203.88974,207.7034,6.948211,9.022552,274.2348
79.85745,16.00839,210.04616,212.3818,7.3236365,9.4916115,301.8254
80.995995,15.981058,209.02164,211.5989,7.402555,9.61863,310.90427
82.13454,15.953725,207.99715,210.81596,7.4814754,9.745649,321.8492
83.71843,15.956334,209.06487,211.89813,7.7054377,9.9712715,342.66196
85.30232,15.958943,210.13257,212.98024,7.9293995,10.196894,364.76645
86.66631,15.8927355,213.891,216.2542,8.099781,10.408638,384.6503
88.030304,15.826529,217.64944,219.52815,8.27016,10.620384,402.87616
88.852554,15.804789,219.51233,221.6224,8.383719,10.761045,415.33334
89.674805,15.783049,221.37524,223.71666,8.497278,10.901705,426.7486
90.22687,15.782285,225.2371,227.53816,8.3937645,10.779073,419.0549
90.77893,15.781521,229.09897,231.35971,8.290251,10.656439,411.28284
93.49471,15.906172,228.0837,230.45848,8.7300625,11.384501,443.79843
96.210495,16.030823,227.06837,229.5573,9.169875,12.112564,468.03656
95.69984,16.073889,230.63405,233.23126,9.256048,12.168281,473.09216
95.18917,16.116953,234.19965,236.90517,9.342219,12.223996,478.07376
94.79035,16.146149,236.6329,239.6599,9.208202,12.116199,473.50125
94.39153,16.175343,239.06616,242.41458,9.074183,12.008399,468.52118
93.96821,16.174746,241.76343,245.25034,9.062636,11.993298,468.73694
93.54487,16.174147,244.4607,248.08604,9.051088,11.978193,468.94238
93.0828,16.19361,247.92569,251.68611,8.800056,11.726884,456.38583
92.62075,16.213074,251.39067,255.28618,8.549023,11.475577,442.30173
92.44258,16.213182,253.31229,257.0721,8.620597,11.476272,443.60938
92.26443,16.213291,255.2339,258.85806,8.692168,11.476966,444.58664
91.2003,16.219986,260.01425,262.87366,9.148769,11.921594,470.7483
90.13619,16.22668,264.79456,266.8893,9.605372,12.366223,493.1679
89.21396,16.193085,265.1592,267.15024,9.717535,12.380937,494.55203
88.29173,16.15949,265.52383,267.4111,9.8296995,12.395648,494.38678
87.3475,16.119963,266.22482,268.06223,9.892467,12.431591,494.54425
86.40328,16.080439,266.9258,268.71338,9.955234,12.467534,494.49002
86.40404,16.029324,266.3981,267.80142,10.336318,12.891259,512.79645
86.40479,15.97821,265.87033,266.88947,10.7174015,13.314984,528.27295
85.87504,16.003967,265.698,266.80353,10.53513,13.109352,520.1892
85.3453,16.029724,265.52567,266.7176,10.352857,12.903719,511.15936
85.0177,16.064022,263.28864,264.7815,10.058827,12.587203,497.374
84.6901,16.098322,261.0516,262.8454,9.764797,12.27069,481.9864
83.69005,16.209795,261.16977,262.8948,9.812138,12.492172,491.36703
82.689995,16.32127,261.28787,262.9442,9.85948,12.7136545,501.4332
82.23702,16.39256,257.55902,259.93436,9.587906,12.55905,493.401
81.78404,16.463848,253.83012,256.92453,9.316333,12.404447,484.16467
80.98655,16.556595,254.14742,257.83386,9.178474,12.316592,478.69986
80.18905,16.649343,254.46475,258.74323,9.040614,12.228741,472.13806
78.22557,16.783031,258.29623,262.2639,9.669815,12.978487,513.09283
76.26209,16.91672,262.12772,265.78455,10.299015,13.728236,542.7266
76.12916,16.896837,263.3701,266.99786,9.915861,13.281188,524.10284
75.99622,16.876953,264.6124,268.21115,9.532706,12.83414,503.35086
74.952385,16.845274,267.55188,270.5506,9.869008,13.045837,512.2921
73.908554,16.813591,270.49133,272.89008,10.205313,13.257535,517.46564
73.76293,16.71014,271.22568,273.54944,9.623765,12.45359,479.28326
73.6173,16.60669,271.96002,274.2087,9.042217,11.649645,431.16855
73.06599,16.553783,273.1466,275.30725,9.445585,12.069184,454.089
72.51467,16.50088,274.3332,276.4058,9.848953,12.488725,475.90506
71.84449,16.47955,272.71213,274.48434,10.03776,12.702496,483.3546
71.17431,16.458221,271.0911,272.56293,10.226563,12.916269,489.42545
71.652824,16.329084,270.41455,271.74518,10.819871,13.592375,517.6596
72.131355,16.199944,269.738,270.92743,11.413176,14.26848,539.2677
71.70534,16.131569,271.31134,272.37527,11.807894,14.716293,548.8228
71.27931,16.063192,272.8847,273.8231,12.202613,15.164108,557.2116
71.243416,15.875683,273.4118,274.3512,12.626365,15.606279,564.17865
71.20751,15.688176,273.93887,274.87933,13.050119,16.048449,567.9098
72.037796,15.545766,272.1716,273.12445,12.9646,15.926422,567.5811
72.868065,15.403356,270.40427,271.36957,12.879079,15.804395,567.2117
72.57415,15.214295,273.28793,274.132,13.187259,16.103867,567.0695
72.280235,15.025235,276.17157,276.89438,13.495437,16.40334,567.24725
72.82535,14.871384,276.36417,277.02643,13.498689,16.322344,566.8816
73.370445,14.717534,276.55673,277.15848,13.501938,16.241348,566.4233
74.083626,14.578659,277.59943,278.15836,13.552592,16.249624,566.05817
74.79682,14.439786,278.64215,279.15814,13.603245,16.257902,566.0494
75.57826,14.341351,278.7867,279.30634,13.597494,16.227701,566.1754
76.3597,14.242917,278.9312,279.45447,13.591743,16.1975,566.72864
76.518074,14.219164,277.74066,278.31592,13.550599,16.131477,566.5988
76.67644,14.195412,276.55005,277.1773,13.509455,16.065454,566.42505
76.91913,14.173678,275.6948,276.3581,13.433832,15.955448,566.29047
77.16181,14.151947,274.83945,275.53882,13.3582115,15.845441,566.16785
77.498085,14.135084,274.23285,274.9277,13.239483,15.675334,565.6703
77.834366,14.118221,273.6262,274.3166,13.120752,15.505226,565.1672
77.8092,14.137286,272.34225,273.04044,13.050693,15.408306,564.8305
77.784035,14.156348,271.05832,271.76422,12.980631,15.311384,564.5235
76.98839,14.23714,270.76138,271.36127,12.939191,15.280183,563.8883
76.19275,14.317932,270.46445,270.9583,12.897754,15.248979,563.3992
74.87853,14.507498,270.0921,270.56204,12.79564,15.19784,562.5039
73.56431,14.697063,269.71976,270.16577,12.693526,15.146703,560.64465
73.81429,14.78149,265.7442,266.2426,12.348211,14.732507,555.5624
74.06426,14.86592,261.76865,262.3195,12.002896,14.318311,548.2048
72.58928,15.125971,258.95038,259.70203,11.415962,13.666424,525.5992
71.11429,15.386022,256.13208,257.0846,10.829029,13.014537,496.48227
70.309326,15.519554,255.90726,257.05255,10.9763975,13.259917,501.0718
69.50436,15.653087,255.68239,257.0205,11.123764,13.5053,506.1329
70.08143,15.715847,253.32738,254.76651,10.931813,13.326918,502.10284
70.6585,15.778606,250.97238,252.51251,10.739863,13.148534,498.1918
70.41174,15.883726,251.17459,252.80154,10.458036,12.868412,485.28143
70.164986,15.988846,251.37682,253.09059,10.176211,12.588291,471.96887
69.49039,16.058828,251.43324,253.10475,10.51519,13.070076,488.96674
68.81579,16.128815,251.48967,253.11896,10.85417,13.55186,503.4033
69.341194,16.107853,251.85748,253.65907,10.643475,13.330371,498.32828
69.8666,16.086891,252.22531,254.19919,10.43278,13.108881,492.62396
69.561325,16.115982,256.5638,258.48035,10.060435,12.655552,471.8252
69.25605,16.145075,260.9023,262.76154,9.688092,12.202223,447.66083
69.481964,16.145306,260.146,262.04288,9.418332,11.98835,435.91055
69.707886,16.145538,259.38965,261.3242,9.148572,11.774476,423.86533
69.25479,16.108887,261.94412,263.7408,9.720318,12.355915,455.2884
68.801704,16.072231,264.4986,266.1574,10.292064,12.937353,480.70248
69.187416,15.942008,264.37158,265.78384,10.71237,13.337166,498.3913
69.573135,15.811782,264.24457,265.4103,11.132679,13.7369795,513.6734
69.76386,15.705129,264.19467,265.20685,11.550776,14.201722,528.09735
69.9546,15.5984745,264.14484,265.00336,11.968875,14.666465,541.17194
70.741516,15.435883,265.25247,265.96167,12.271602,14.966808,550.5921
71.528435,15.273292,266.3601,266.91998,12.57433,15.267152,558.31305
72.324104,15.165962,266.435,267.03342,12.542728,15.226477,559.5754
73.11977,15.058633,266.50998,267.14688,12.5111265,15.1858,560.93005
73.77349,14.84159,268.4446,269.01086,12.584882,15.150133,561.289
74.427216,14.62455,270.37924,270.87482,12.658639,15.114468,561.4422
75.17878,14.460288,270.70483,271.1816,12.438809,14.717963,558.03827
75.93034,14.296027,271.0304,271.4884,12.21898,14.321458,554.401
76.13549,14.185344,270.9207,271.41647,12.074188,14.082189,551.39856
76.340645,14.07466,270.81097,271.3445,11.929397,13.8429165,548.12225
76.354774,13.995789,270.69058,271.15826,11.826249,13.672843,545.2063
76.368904,13.916917,270.57022,270.97208,11.723103,13.502768,542.09
76.77494,13.830331,270.02722,270.43152,11.536734,13.225003,537.2789
77.18098,13.743745,269.48422,269.89096,11.350363,12.947237,531.1555
76.860725,13.7107725,268.30536,268.6787,11.186526,12.717578,523.12427
76.540474,13.6778,267.12646,267.46652,11.022691,12.487916,513.3062
76.735405,13.591054,266.34097,266.6335,10.970532,12.417734,511.17365
76.930336,13.504308,265.55545,265.80054,10.918374,12.347555,508.4098
77.39145,13.489059,263.71008,264.02362,10.80794,12.197379,502.48193
77.85255,13.473812,261.8647,262.24667,10.697505,12.047205,496.6825
77.89005,13.481358,259.9911,260.29868,10.805852,12.18345,502.71378
77.92754,13.488902,258.11752,258.35065,10.914202,12.319693,508.23044
77.30028,13.549144,257.17886,257.37378,10.898436,12.339102,505.80576
76.67301,13.609386,256.24017,256.39694,10.882669,12.35851,503.73697
74.540306,13.843524,255.1767,255.37364,10.766362,12.301888,491.04187
72.40761,14.077664,254.11316,254.35033,10.650055,12.245267,475.79074
71.31777,14.285112,253.35786,253.6667,10.7841215,12.495746,479.38254
70.22794,14.492561,252.60262,252.98311,10.918191,12.746227,482.34106
70.1371,14.58102,253.02621,253.35283,10.788231,12.589962,475.42215
70.04626,14.669482,253.44983,253.7226,10.65827,12.433696,468.50415
70.606606,14.615324,252.50705,252.75705,10.487681,12.192537,460.08023
71.16696,14.561169,251.56429,251.79147,10.317092,11.95138,451.04984
72.95854,14.363487,249.73607,249.99382,10.196845,11.718712,449.78412
74.75012,14.165806,247.90784,248.19617,10.076599,11.486044,447.06274
74.52931,14.289984,245.41673,245.68484,9.573786,10.887691,407.99414
74.308495,14.414161,242.92561,243.17354,9.070973,10.289337,367.07477
77.218666,14.270115,244.11111,244.48544,9.201008,10.37472,380.02347
80.12884,14.126068,245.2966,245.79729,9.331042,10.460102,397.50598
79.79592,14.265664,249.42418,250.07204,8.99738,10.111884,369.43814
79.463005,14.40526,253.55182,254.34679,8.663718,9.763664,340.5289
78.31188,14.559144,254.5577,255.27983,8.405649,9.500306,314.03607
77.16074,14.713026,255.56354,256.21286,8.14758,9.236949,290.58038
76.49698,14.8202915,257.3478,258.1458,8.454714,9.702571,326.17612
75.833206,14.92756,259.13205,260.07877,8.761845,10.168195,358.9817
73.12952,14.962819,265.76617,266.695,8.688691,10.080084,345.98947
70.42583,14.998078,272.4003,273.31128,8.61554,9.991972,320.93863
68.37247,15.122139,271.98578,272.64514,9.66917,11.380753,402.97318
66.31909,15.2462,271.5713,271.97906,10.722801,12.769533,465.75742
66.99164,15.098754,269.3032,269.68402,11.116415,13.223321,486.1779
67.66418,14.951307,267.03506,267.38898,11.510027,13.677112,505.9739
69.43172,14.737275,264.34097,264.8104,11.535297,13.715783,514.64923
71.19926,14.52324,261.6468,262.23187,11.560568,13.754456,523.4984
72.17625,14.344715,262.39633,262.96143,11.670745,13.8069105,529.2509
73.153244,14.16619,263.14587,263.69098,11.780924,13.859365,534.9475
74.449295,14.088291,263.49207,264.0393,11.753832,13.800632,538.6187
75.745346,14.010392,263.83832,264.38763,11.726743,13.741899,542.3092
76.22387,13.990135,262.73495,263.27393,11.582422,13.509257,539.3609
76.702385,13.969876,261.63162,262.1602,11.4381,13.276619,535.46814
77.75159,13.871144,261.18732,261.66458,11.362711,13.1287365,533.065
78.80078,13.77241,260.74304,261.16898,11.28732,12.980857,529.8091
79.313774,13.671035,260.17322,260.59985,11.323824,12.988316,530.992
79.82677,13.569659,259.60336,260.0308,11.36033,12.995776,532.06946
80.13571,13.515489,259.80087,260.17297,11.419885,13.055734,534.1997
80.44465,13.461319,259.99832,260.31516,11.479442,13.115691,536.3636
80.7142,13.422187,259.30157,259.6267,11.425955,13.032142,534.6816
80.98375,13.383057,258.60483,258.9382,11.372466,12.948589,532.9527
80.80766,13.393633,257.54065,257.86874,11.23631,12.7667675,527.3802
80.63158,13.404208,256.4764,256.7992,11.100152,12.584943,521.3555
80.10431,13.467467,254.98627,255.27594,10.837935,12.250057,508.51492
79.57705,13.530724,253.49608,253.75264,10.57572,11.9151745,492.44992
78.3492,13.649883,254.65143,254.89172,10.4794855,11.844617,482.3235
77.12135,13.769043,255.8068,256.03082,10.383252,11.774059,472.87924
75.13626,14.016366,253.76122,254.03233,9.770279,11.054686,424.97385
73.151184,14.263689,251.71568,252.03384,9.157305,10.335312,370.6801
72.92813,14.398708,245.11911,245.46808,8.793247,9.918901,339.1642
72.70508,14.533729,238.52257,238.90237,8.429192,9.502493,305.973
72.15108,14.738857,233.53879,234.07167,7.85425,8.935647,261.37033
71.59706,14.943987,228.55493,229.24103,7.2793083,8.368802,221.54446
71.011246,15.125226,225.53818,226.46382,6.88077,8.032152,201.33131
70.42543,15.306465,222.52136,223.68663,6.48223,7.6955013,183.50558
70.75822,15.429548,217.40633,219.09546,6.0954494,7.3876157,166.87506
71.09101,15.552633,212.29135,214.50433,5.7086697,7.0797286,153.19238
71.76896,15.6351595,206.30922,209.39822,5.5616846,7.1143346,163.06322
72.44692,15.717686,200.3271,204.29218,5.4146996,7.14894,169.8001
72.93433,15.779758,195.1959,199.73866,5.4937034,7.339828,181.7807
73.421745,15.841831,190.06473,195.18515,5.5727077,7.530716,192.73225
74.23894,15.841889,186.25517,190.71655,5.9477344,7.9281898,212.90547
75.05614,15.841947,182.44563,186.24792,6.322761,8.325664,232.72371
76.12322,15.66081,187.65674,190.34422,7.0958614,8.929633,265.3348
77.19031,15.4796715,192.86787,194.44054,7.8689613,9.5336,301.26886
77.3503,15.233131,198.05615,199.1586,7.884983,9.28357,284.39117
77.51029,14.986592,203.24445,203.87668,7.9010053,9.033538,267.92172
77.96759,14.894576,202.40338,203.0308,7.349915,8.343101,219.15346
78.42489,14.802558,201.5623,202.18494,6.798827,7.652663,175.33095
79.49069,14.769275,204.24347,204.94255,6.339979,7.109782,145.38643
80.556496,14.735991,206.92464,207.70015,5.881131,6.5669007,116.18352
81.325195,14.737981,211.14827,211.96956,5.6548004,6.317633,105.19983
82.09389,14.739973,215.37196,216.2389,5.4284697,6.068367,94.79582
82.81436,14.355142,161.43333,161.75642,3.4273927,3.774752,6.3840594
83.53483,13.970311,107.494736,107.27393,1.4263152,1.4811378,-61.996475
84.24674,13.868588,158.397,158.64888,1.701923,1.77782,-59.020393
84.95866,13.766868,209.29926,210.02383,1.977531,2.0745022,-45.73877
85.148224,13.748112,203.9004,199.5066,3.2064161,3.4173596,21.299252
85.33778,13.729357,198.50156,188.98935,4.4353013,4.7602167,83.346344
85.88365,13.695812,174.54877,169.9201,5.3480735,5.794992,87.478424
86.429504,13.662269,150.59601,150.85081,6.260845,6.8297668,135.32779
86.84569,13.642284,245.2554,240.54933,7.1036534,7.8278737,213.66594
87.26188,13.6223,339.91483,330.2478,7.94646,8.82598,230.14665
86.923584,13.663209,340.2657,335.62167,8.640334,9.685891,306.50693
86.58529,13.704116,340.61652,340.99548,9.334206,10.5458,373.61224
86.16609,13.705281,338.4297,338.84042,9.171543,10.338488,362.76816
85.74689,13.706448,336.24283,336.6854,9.00888,10.131174,351.70987
85.73227,13.737912,336.10416,336.3931,8.5787115,9.6111765,316.0562
85.71766,13.769376,335.9655,336.10083,8.148541,9.091179,280.2606
85.07259,13.900483,335.09604,335.21527,7.525089,8.390372,230.91063
84.42753,14.031592,334.2266,334.3297,6.9016337,7.689566,179.72525
84.00521,14.153959,327.72232,327.95395,6.6171703,7.389189,161.38234
83.5829,14.276323,321.21805,321.57816,6.3327065,7.08881,142.81203
84.642914,14.200551,313.4133,313.9032,6.986651,7.882012,202.17128
85.702934,14.12478,305.60852,306.22818,7.640593,8.675214,266.58453
86.19561,14.111849,303.1951,303.79364,8.13798,9.282917,310.1757
86.688286,14.098918,300.78168,301.35913,8.635366,9.89062,353.59552
88.06628,14.01946,298.81345,299.4178,8.988339,10.3474245,384.40915
89.44427,13.94,296.84528,297.4764,9.3413105,10.804231,415.85666
86.87192,14.075529,298.2232,298.7646,9.71684,11.317566,443.97067
84.29957,14.211061,299.6012,300.05267,10.092369,11.830901,471.2716
81.72386,14.324943,301.6238,302.09317,9.149722,10.6336355,399.91858
79.14814,14.438826,303.64645,304.13367,8.207073,9.436369,302.5678
78.28721,14.487805,297.21417,297.86157,7.365026,8.433633,223.06429
77.42626,14.536783,290.78192,291.5895,6.522979,7.4308968,156.0522
76.91486,14.585823,283.94864,284.9323,5.9604483,6.776624,120.11488
76.40346,14.63486,277.11533,278.27512,5.397917,6.122353,85.335304
76.225006,14.681763,269.94693,271.38672,5.048601,5.7307854,66.50342
76.04656,14.728666,262.77863,264.4984,4.699285,5.339219,51.038456
75.79059,14.786321,257.2008,259.4733,4.4471283,5.0877104,45.01981
75.534615,14.843977,251.62292,254.44817,4.194972,4.836202,39.33484
75.70176,14.890721,245.92484,249.68797,4.075526,4.811082,43.663944
75.8689,14.937468,240.22673,244.92776,3.9560807,4.78596,47.207973
76.37333,14.987467,234.8323,240.3975,4.0038857,4.9515553,56.610573
76.87776,15.037466,229.43788,235.86726,4.0516915,5.1171517,66.61939
77.88976,15.103791,229.43724,235.63716,4.4477906,5.802908,96.77948
78.90176,15.170116,229.43655,235.40714,4.8438897,6.4886656,133.34053
78.54212,15.276806,231.69128,238.27017,4.9919643,6.864356,156.42194
78.18249,15.383497,233.94597,241.13326,5.140039,7.2400475,179.474
78.18851,15.418416,235.87437,242.48946,5.304838,7.4903746,193.08722
78.19454,15.453332,237.80272,243.84561,5.4696374,7.7407007,206.18336
78.55972,15.380579,245.16074,251.0128,5.482602,7.70202,202.96715
78.9249,15.307824,252.51875,258.17993,5.495568,7.6633387,199.33
79.07438,15.253423,253.82315,258.439,5.5301514,7.63302,195.8615
79.22386,15.199022,255.12753,258.69803,5.564735,7.6027,192.07947
79.20258,15.14897,254.97029,258.3671,5.485194,7.369576,178.38988
79.1813,15.098914,254.8131,258.03622,5.405653,7.136451,164.40163
78.8405,15.063064,253.2569,256.4261,5.321544,6.974414,154.75034
78.499695,15.027211,251.70064,254.81601,5.237435,6.8123765,144.97203
79.081985,14.997569,248.5928,251.70665,5.1359887,6.646965,135.90671
79.66426,14.967927,245.48495,248.5973,5.0345416,6.4815545,126.28295
80.80391,14.9318905,241.39551,244.03435,5.128183,6.4473305,124.340645
81.94356,14.895854,237.30608,239.47145,5.2218227,6.4131064,122.7561
82.63968,14.838144,234.13596,235.8293,5.4056,6.5271287,130.02434
83.33579,14.7804365,230.96584,232.18721,5.589378,6.6411514,138.5361
83.83187,14.702704,231.44331,232.50446,5.8404975,6.8449936,153.18935
84.32796,14.6249695,231.92073,232.82176,6.091616,7.0488358,167.75818
84.60168,14.594807,233.01982,233.81862,6.2146454,7.1754684,176.66452
84.8754,14.564644,234.1189,234.81549,6.337674,7.3021016,185.89479
84.80726,14.561329,232.89684,233.57487,6.246485,7.2062025,179.61491
84.739105,14.558014,231.67477,232.3343,6.155296,7.1103044,173.32083
84.80538,14.55963,232.11888,232.63612,6.140235,7.0893974,172.15883
84.87165,14.561246,232.56299,232.9379,6.125174,7.068492,170.9973
85.29051,14.578178,231.0436,231.4517,6.206589,7.182223,180.52898
85.70939,14.595114,229.52415,229.96547,6.288003,7.295954,188.9841
85.86714,14.663079,224.20808,224.85103,6.0707283,7.130817,178.30774
86.0249,14.731045,218.892,219.73666,5.853453,6.9656806,166.36574
86.11972,14.83965,215.28206,216.7488,5.6981106,6.9692497,166.28493
86.21453,14.9482565,211.6721,213.76097,5.5427675,6.9728184,166.4246
86.10222,15.048426,208.46109,211.88608,5.147613,6.7772894,154.87477
85.98991,15.148598,205.25006,210.01125,4.752458,6.581762,144.78987
85.779236,15.237104,195.34187,202.89647,4.279064,6.1330237,123.51828
85.56856,15.325608,185.43369,195.7817,3.8056703,5.684286,101.828224
85.73362,15.3929825,175.2253,184.238,4.115636,6.130948,127.56765
85.89868,15.460355,165.0169,172.69435,4.4256024,6.577609,152.41647
86.41581,15.530931,162.29123,169.00325,4.8352284,7.206377,186.04062
86.93295,15.601509,159.56555,165.31213,5.244855,7.8351455,218.48317
86.20612,15.70784,160.13438,166.40666,5.4531336,8.195495,237.99101
85.479294,15.814171,160.70322,167.5012,5.6614122,8.555844,258.73062
84.39929,15.914955,163.18109,169.98634,5.7199335,8.7323475,268.4528
83.3193,16.01574,165.65895,172.47148,5.778455,8.90885,276.7143
83.702415,16.02446,167.26045,172.75232,6.313249,9.523087,309.3289
84.08553,16.03318,168.86195,173.03314,6.8480434,10.137324,342.6982
82.80892,16.143404,171.63188,176.26811,7.0534725,10.605333,365.53564
81.532295,16.253626,174.40182,179.50305,7.2588997,11.073339,390.84613
81.97252,16.31513,177.80754,183.59644,7.429587,11.266798,403.88797
82.41275,16.376635,181.21327,187.68982,7.600276,11.460255,416.90787
81.96209,16.444445,186.16455,192.13185,7.561075,11.534773,419.78812
81.51144,16.512255,191.11581,196.57387,7.5218744,11.60929,421.81686
80.27418,16.475283,196.6474,201.70662,7.2242255,11.025193,389.7041
79.03693,16.43831,202.17896,206.83939,6.9265785,10.441096,359.4789
78.72065,16.394682,201.43237,205.94983,6.7254376,10.106627,342.28522
78.40438,16.35105,200.68578,205.06027,6.524299,9.77216,324.91702
79.23944,16.25373,197.9985,202.02533,6.6889377,9.801812,324.1331
80.07451,16.156408,195.31125,198.99039,6.8535743,9.831465,323.939
79.88457,16.08745,197.59258,201.42918,6.763901,9.589833,310.84085
79.69462,16.01849,199.8739,203.86801,6.6742263,9.348204,297.15646
79.51625,15.932668,200.84764,204.83997,6.67771,9.254331,291.61908
79.33789,15.846843,201.8214,205.81189,6.6811914,9.160455,285.91116
79.20867,15.815509,201.09093,204.97325,6.6644726,9.131376,284.0497
79.07945,15.784173,200.36044,204.13458,6.6477537,9.102297,282.15942
78.63797,15.815022,200.21335,203.8718,6.6590753,9.169825,286.32755
78.19647,15.845872,200.06624,203.60898,6.6703973,9.237352,290.66196
78.03804,15.885198,199.80351,203.68826,6.3010902,8.912297,272.3428
77.879616,15.924524,199.54079,203.76753,5.9317837,8.58724,255.27261
78.308754,15.964093,196.07071,201.28592,5.413689,8.044069,228.79472
78.737885,16.003662,192.60062,198.80429,4.8955936,7.5008974,200.4675
79.72328,16.020111,186.25542,192.83516,4.632389,7.174183,183.37215
80.70867,16.03656,179.91019,186.86606,4.3691845,6.847469,164.8639
81.712296,16.062206,174.1801,181.24857,4.113067,6.605086,150.01317
82.71593,16.08785,168.45,175.63109,3.8569496,6.362703,135.24986
83.72664,16.112015,162.34265,170.093,3.6148477,6.0982985,119.7037
84.73736,16.136177,156.23528,164.55493,3.3727455,5.8338943,104.29144
85.76121,16.130745,148.01959,157.61818,3.258839,5.6441026,95.91074
86.78505,16.125317,139.8039,150.6814,3.1449316,5.4543095,86.11428
87.524994,16.119164,132.29439,143.6596,3.296857,5.59631,97.79561
88.26494,16.11301,124.784874,136.6378,3.4487839,5.738312,110.74062
88.500656,16.138672,122.25715,134.22151,3.700309,6.0696454,129.87231
88.73638,16.164335,119.729416,131.80524,3.9518352,6.400979,148.22572
88.20759,16.228258,120.79752,132.83594,4.229142,6.840634,171.53737
87.678795,16.29218,121.86566,133.86665,4.5064487,7.280288,194.52925
86.47235,16.407312,123.43492,135.80771,4.739808,7.7513885,218.59474
85.26591,16.522444,125.00415,137.74876,4.973167,8.2224865,242.15584
84.0085,16.687654,126.66771,139.09416,5.246275,8.776032,268.7594
82.751076,16.852861,128.33124,140.43954,5.519383,9.3295765,296.0451
81.39045,17.03915,130.4146,141.50586,5.9007654,9.98319,330.1728
80.029816,17.22544,132.49796,142.57217,6.2821484,10.636804,364.86337
78.859695,17.353157,132.789,141.70563,6.555416,11.054756,388.23492
77.689575,17.480873,133.08003,140.83905,6.828684,11.472708,411.03406
76.761055,17.555313,131.21565,138.0956,7.091439,11.814732,430.34164
75.83253,17.629755,129.35126,135.35216,7.3541937,12.1567545,446.67236
75.03447,17.666794,127.95143,133.18288,7.824779,12.702194,470.2348
74.23642,17.703835,126.55158,131.01361,8.295362,13.247634,491.74878
73.543884,17.816153,126.72385,130.4849,8.442461,13.507859,500.26562
72.85136,17.92847,126.8961,129.9562,8.589561,13.768081,507.00882
74.413,17.818777,125.962944,129.15977,8.713406,13.896518,516.7596
75.97464,17.709082,125.02981,128.36331,8.83725,14.024955,524.2966
76.6962,17.874977,122.97511,126.69678,8.833297,13.95287,523.3633
77.41775,18.04087,120.92041,125.03026,8.829344,13.880782,522.07446
77.50793,18.03174,121.82926,125.98139,8.890038,13.9693365,526.2217
77.59811,18.022606,122.73811,126.932526,8.950731,14.057887,530.314
77.25079,18.017109,123.49668,127.48235,9.111171,14.265865,537.61084
76.90349,18.01161,124.25522,128.03217,9.27161,14.473841,543.6657
77.160805,17.931602,124.480415,128.32864,9.259674,14.376486,541.33514
77.41811,17.851593,124.70561,128.62514,9.247737,14.279132,539.0543
77.7191,17.783401,124.03098,127.9462,9.138792,14.043057,531.1579
78.020096,17.71521,123.35632,127.26726,9.029847,13.806983,521.6842
78.2899,17.66475,122.104546,125.97593,9.017351,13.74477,519.3716
78.55971,17.614288,120.8528,124.6846,9.004857,13.682557,516.7519
78.37,17.588408,118.97348,122.840866,9.189089,13.8855,526.02014
78.1803,17.562527,117.09414,120.99712,9.373319,14.088443,534.51746
78.26724,17.533918,115.40932,119.09353,9.552623,14.296498,541.8299
78.35418,17.505308,113.72448,117.18993,9.731927,14.504552,548.51605
78.7072,17.473858,112.5121,115.828125,9.570816,14.252028,540.28876
79.06022,17.44241,111.29975,114.46635,9.409707,13.999508,529.7078
79.42767,17.422688,111.12267,114.26298,9.379064,13.94345,526.7999
79.795135,17.402964,110.94562,114.05963,9.348422,13.887394,523.81165
80.062164,17.385002,111.679955,114.59147,9.134388,13.596721,510.08176
80.329185,17.367043,112.41428,115.12331,8.920353,13.30605,496.0022
80.53086,17.364714,114.887085,117.44,8.406722,12.629265,464.15213
80.73254,17.362387,117.35991,119.75668,7.893091,11.952479,430.75037
81.57505,17.297108,120.462494,122.93646,6.842011,10.7059145,361.24362
82.41756,17.23183,123.56508,126.11627,5.790929,9.459349,290.86475
83.33311,17.151972,124.74509,128.67265,5.011295,8.41959,239.22144
84.24865,17.072111,125.92507,131.22905,4.231662,7.3798313,190.38733
84.583786,17.04946,117.897896,125.645424,4.2469544,7.285298,191.19777
84.91892,17.026808,109.87073,120.0618,4.2622476,7.1907635,191.10635
85.51971,16.976488,110.12106,120.98368,3.5288877,6.27375,143.30403
86.12049,16.926172,110.37138,121.90556,2.7955287,5.356736,90.15007
86.6715,16.874903,103.81179,117.51147,2.7928379,5.1670747,85.79712
87.222496,16.823633,97.25218,113.11737,2.7901473,4.9774113,85.69028
87.34949,16.829338,92.36581,106.51299,3.5710008,5.9119434,131.36028
87.47648,16.835045,87.47941,99.90859,4.3518543,6.8464756,174.33842
87.150444,16.923782,90.88299,100.870346,4.927066,7.8387303,220.36278
86.82441,17.012518,94.28656,101.83208,5.5022774,8.830984,269.31982
86.80838,17.062073,106.47125,109.728615,4.945531,8.353074,227.62126
86.79235,17.111624,118.65592,117.62516,4.388783,7.875165,181.97281
87.742775,17.00061,149.27461,143.36751,3.3601823,6.2548423,68.017654
88.6932,16.889595,179.89331,169.10986,2.3315809,4.6345186,-1.0571172
89.2135,16.810217,188.88199,181.31955,2.0627306,4.2560177,-15.584075
89.73381,16.730839,197.87068,193.52922,1.7938793,3.8775172,-35.023792
90.03518,16.628986,237.64789,224.60954,1.4440259,3.3432848,-15.651406
90.336555,16.527134,277.42505,255.6898,1.0941726,2.8090537,-2.8254395
90.49409,16.457838,260.736,260.9731,0.9458094,2.4914393,-88.69283
90.65162,16.388544,244.04697,266.25644,0.7974463,2.1738248,-85.96067
89.84832,16.635056,192.76202,211.33205,1.2181654,2.774417,-68.352394
89.04502,16.881567,141.47711,156.40773,1.6388844,3.375008,-45.73664
88.91835,16.893448,138.82945,163.2201,1.4702858,2.9719975,-21.295965
88.79167,16.905327,136.18178,170.03249,1.3016871,2.5689883,-12.454827
89.1388,16.880533,137.44742,170.41042,1.1847944,2.32101,-18.954496
89.48592,16.855738,138.71304,170.78836,1.0679007,2.0730321,-25.955723
89.347466,16.872023,149.28786,171.70639,1.5768576,2.8854494,-27.823835
89.209015,16.88831,159.86267,172.6244,2.0858135,3.697867,-30.027803
88.90078,16.893764,177.7268,185.39735,2.3572335,4.2594633,-8.248367
88.592545,16.899221,195.59094,198.17029,2.6286547,4.821059,17.79904
88.25641,16.907675,200.24796,203.02548,2.7755857,5.0567617,34.173668
87.92028,16.916128,204.90498,207.88066,2.9225166,5.2924633,49.831924
87.955246,16.921955,206.71306,210.50613,3.025389,5.4715114,62.35147
87.99021,16.927786,208.5211,213.13167,3.1282616,5.6505585,74.83387
88.45921,16.92812,211.95853,216.51585,3.2861137,5.892966,89.86139
88.92821,16.928453,215.39589,219.90002,3.443966,6.135373,105.280174
89.51736,16.912737,221.15602,226.0827,3.3403494,6.0375533,100.0583
90.10651,16.89702,226.91615,232.26538,3.2367318,5.9397335,94.07117
90.63825,16.861477,234.13448,239.21107,3.362913,6.06167,101.372375
91.17,16.825932,241.3528,246.15678,3.489093,6.1836047,107.517075
92.15673,16.776283,240.16504,245.8966,3.347911,5.902175,93.454056
93.14348,16.726633,238.97725,245.63643,3.2067287,5.6207447,81.52929
93.70178,16.692991,240.43156,245.82497,3.5435643,6.037811,102.10901
94.260086,16.65935,241.88582,246.01352,3.880399,6.4548764,123.622665
93.776726,16.61387,242.27124,246.23013,3.636057,6.1239944,104.58462
93.29336,16.56839,242.65665,246.44675,3.3917146,5.7931128,86.07813
92.363,16.543388,235.87889,239.43187,3.6472728,6.0282483,99.05102
91.43264,16.518385,229.10114,232.41695,3.9028318,6.2633824,114.4046
87.470314,16.559362,213.13567,219.58858,3.1880462,5.249842,60.36142
83.507996,16.600338,197.17012,206.76025,2.4732616,4.236302,20.866728
80.9119,16.669434,195.09523,205.51135,2.3621645,4.1717362,25.636494
78.3158,16.73853,193.02032,204.26242,2.2510674,4.107172,24.64256
79.54861,16.762766,193.08524,202.99219,2.688875,4.7459044,54.770283
80.78141,16.787003,193.15013,201.72192,3.1266835,5.384637,84.94674
83.37897,16.75973,182.20154,192.95016,3.0600584,5.169586,70.67071
85.976524,16.73246,171.25294,184.17839,2.9934342,4.9545345,52.55155
87.11832,16.7399,167.29985,177.96967,3.3505466,5.480173,80.962906
88.26011,16.747341,163.34679,171.76094,3.7076576,6.0058117,110.74427
87.99935,16.777048,164.14813,171.72064,3.7615619,6.138488,117.19056
87.73859,16.806753,164.9495,171.68036,3.815467,6.2711654,123.41925
87.223404,16.833805,164.38074,171.64444,3.9650145,6.471005,136.34065
86.70821,16.860859,163.81198,171.6085,4.114561,6.6708436,148.59593
86.300316,16.886524,163.81268,171.24905,4.3747387,7.055056,170.13065
85.892426,16.912188,163.81343,170.88965,4.634915,7.439268,190.84526
85.667076,16.957546,168.12607,174.15685,4.886318,7.8360147,211.65791
85.44174,17.002903,172.43872,177.42404,5.1377215,8.232761,232.20398
86.19583,17.035788,180.5209,185.78818,5.4810033,8.725847,260.4114
86.94992,17.068676,188.60307,194.15236,5.824286,9.218937,289.10864
88.809296,16.842052,191.91393,198.48834,5.6297727,8.863057,272.49384
90.66868,16.615427,195.22476,202.8243,5.435261,8.5071745,257.66306
90.525894,16.59255,203.90942,211.80806,5.08528,8.064595,231.38739
90.38312,16.569672,212.59409,220.79178,4.7352986,7.6220164,205.25482
90.5448,16.51086,219.64375,227.51117,4.4550385,7.2992454,185.50179
90.7065,16.45205,226.69344,234.23058,4.1747775,6.976474,164.17024
90.88105,16.41535,230.52339,237.46938,4.0633016,6.839126,153.81554
91.05562,16.378653,234.35341,240.70813,3.951826,6.7017775,143.42752
91.45649,16.310799,235.56485,241.70288,3.969488,6.6132097,137.45752
91.857346,16.242945,236.77634,242.69757,3.9871488,6.5246415,131.41815
91.96941,16.170639,237.39032,242.70824,4.052554,6.4359736,126.103195
92.08148,16.098333,238.00435,242.71896,4.11796,6.3473063,120.723755
92.03717,16.014303,238.1291,242.61754,4.1879516,6.2270184,114.54707
91.99284,15.930274,238.25385,242.51616,4.2579436,6.106732,108.39182
91.88655,15.8636265,238.60265,242.58342,4.4253488,6.123238,109.69838
91.78026,15.796978,238.95145,242.65062,4.592753,6.1397443,110.99741
91.44662,15.759919,237.89178,241.35608,4.7020373,6.174229,112.84414
91.112976,15.722864,236.83212,240.06148,4.811321,6.208713,114.81999
90.74941,15.699093,235.72528,238.79765,4.6773753,6.021831,103.69871
90.38586,15.67532,234.61848,237.53383,4.5434303,5.8349495,92.95071
89.98852,15.682992,231.73572,234.47777,4.5652,5.85181,94.55555
89.59117,15.690663,228.85301,231.4217,4.5869684,5.868672,95.82605
89.26445,15.71999,224.2299,226.81378,4.663486,6.022807,105.70484
88.93774,15.749316,219.6068,222.20584,4.7400036,6.1769423,115.52307
88.574394,15.80763,215.49922,218.30077,4.9117713,6.515339,135.80432
88.21106,15.865944,211.39163,214.39563,5.08354,6.8537364,155.91556
87.18991,15.960961,202.78827,207.50937,4.6161547,6.46814,134.81488
86.16876,16.055979,194.18492,200.62312,4.14877,6.082544,113.664185
85.64736,16.152983,186.66487,193.45816,3.9718,6.007838,109.45177
85.12595,16.249985,179.14482,186.29318,3.7948298,5.933132,106.28646
85.76506,16.329174,171.1399,177.33665,4.418723,6.7722626,154.48668
86.40416,16.408365,163.13493,168.38014,5.0426164,7.6113944,200.4904
87.115776,16.47584,162.04593,166.59793,5.712923,8.506388,248.92601
87.82739,16.543314,160.95691,164.8157,6.3832307,9.401382,297.87473
87.69192,16.597784,159.15097,163.79138,6.4568124,9.52272,307.02325
87.556435,16.652254,157.34505,162.76707,6.5303955,9.644058,316.37466
86.89172,16.749537,159.50513,166.09277,6.4875693,9.680061,319.31
86.227005,16.846823,161.66519,169.41847,6.4447455,9.716065,320.19086
85.56052,16.958704,166.3977,173.66711,6.6058145,10.000656,335.47623
84.89402,17.070587,171.13025,177.91576,6.766884,10.285248,349.02133
84.39347,17.159403,171.97815,178.44133,7.158552,10.843529,378.4215
83.89291,17.248217,172.82605,178.96692,7.550219,11.40181,409.2603
83.333595,17.349339,175.28928,180.6181,8.128109,12.21142,454.04926
82.77428,17.45046,177.75249,182.26932,8.705997,13.021029,497.54642
82.46737,17.467955,180.83813,185.71124,9.100494,13.569928,526.0606
82.16046,17.485449,183.92377,189.1532,9.494993,14.118826,551.8654
81.171394,17.450037,193.4644,198.23341,9.689277,14.269583,559.3711
80.18232,17.414623,203.00502,207.31361,9.883558,14.42034,565.196
83.25599,16.933899,201.07086,204.20026,9.804538,13.939431,550.68524
86.32965,16.453176,199.13669,201.08687,9.725515,13.458524,533.062
87.73046,16.305882,190.89153,193.71935,9.314445,12.662728,503.74887
89.13127,16.158587,182.64635,186.3518,8.903375,11.866934,471.04315
90.80329,16.054813,181.34016,185.06628,9.152824,12.100835,487.70273
92.47531,15.951043,180.03398,183.78073,9.402276,12.334736,497.9995
93.63068,15.904228,177.26346,180.28644,9.111007,12.032696,479.8226
94.78605,15.857412,174.49295,176.79218,8.819736,11.730655,459.83533
94.74218,15.935891,172.38785,174.59074,9.376697,12.368496,491.16452
94.698326,16.01437,170.28276,172.38931,9.933657,13.006338,518.19904
93.04975,16.151363,175.40889,177.31638,11.14296,14.571599,558.5802
91.40118,16.288357,180.53503,182.24345,12.3522625,16.136858,568.1627
91.13727,16.398561,186.54709,188.19952,11.857893,15.582862,570.04156
90.87336,16.50877,192.55914,194.1556,11.363522,15.028866,567.352
90.75323,16.527382,195.07603,197.14574,10.990188,14.63144,564.65894
90.633095,16.545998,197.5929,200.13586,10.616853,14.234014,560.7906
90.866394,16.55213,204.17273,206.85324,10.49959,14.142291,557.4498
91.099686,16.558262,210.7526,213.5706,10.38233,14.050567,553.7186
90.81465,16.548845,215.52567,218.84329,9.882318,13.518687,536.7263
90.529625,16.539425,220.29869,224.11598,9.382307,12.986805,514.01227
90.09371,16.5139,221.03555,225.06451,9.087333,12.631715,497.90015
89.6578,16.488377,221.77242,226.01303,8.792358,12.276622,480.5442
88.45667,16.51806,221.74341,225.85536,8.615407,12.055897,467.16943
87.25555,16.547747,221.71442,225.69774,8.438455,11.835172,453.99323
86.61292,16.587133,220.09868,223.91283,8.566964,12.07348,464.97754
85.97029,16.62652,218.4829,222.12791,8.695475,12.311785,475.9359
84.91367,16.712444,215.98029,220.04074,8.726917,12.460903,481.13715
83.85706,16.798367,213.47772,217.95361,8.758359,12.610019,486.74664
82.801796,16.88926,212.11012,216.79298,8.658008,12.542238,481.56622
81.746544,16.98015,210.74246,215.63242,8.557656,12.474461,475.8598
81.298965,17.040455,209.38258,214.82474,8.50211,12.486707,475.26456
80.851395,17.100756,208.02266,214.01712,8.446564,12.498954,474.47702
80.828186,17.123196,208.96123,214.8862,8.362838,12.440033,470.94397
80.80497,17.145638,209.89977,215.75528,8.279111,12.381112,467.35452
81.31959,17.133535,210.84357,216.7272,8.030911,12.063351,449.95255
81.83421,17.121433,211.78732,217.69914,7.78271,11.745589,431.78217
82.278656,17.0716,212.84566,218.30774,7.992562,11.894095,441.9268
82.7231,17.021769,213.90393,218.91635,8.202415,12.042602,451.88638
83.546265,16.939177,214.6925,219.9902,7.918625,11.669065,431.6157
84.36943,16.856585,215.48108,221.0641,7.634836,11.29553,412.35995
84.823586,16.818308,214.04712,219.95288,7.25246,10.832586,388.95972
85.277756,16.780033,212.61316,218.84161,6.8700857,10.369643,363.90054
85.55057,16.731104,214.75871,220.88657,6.568785,9.964252,339.42966
85.82337,16.682173,216.90428,222.9315,6.2674847,9.558863,315.23752
86.36912,16.602757,221.00679,226.30139,6.244104,9.485114,308.73468
86.914856,16.52334,225.10931,229.67131,6.2207255,9.411364,302.0703
87.48732,16.422052,229.53629,233.8319,6.269712,9.3390045,299.12238
88.0598,16.320765,233.96327,237.9925,6.318698,9.266645,297.1823
91.07015,15.999242,239.24307,243.5634,5.938428,8.623061,261.38348
94.08051,15.677722,244.52287,249.13428,5.558159,7.979477,222.03674
93.67323,15.634991,248.85316,253.43925,5.5593038,7.8919854,216.70917
93.265945,15.592262,253.1835,257.74423,5.560447,7.8044944,211.64278
91.913734,15.544422,257.93304,261.43378,5.9469094,8.130646,234.41936
90.56153,15.496583,262.68253,265.12332,6.3333716,8.456798,258.57703
88.017136,15.4185095,265.0588,266.82556,6.821988,8.681575,278.89807
85.47274,15.340438,267.4351,268.52777,7.3106046,8.906354,285.49667
85.23974,15.188899,269.28018,270.2673,7.6647525,9.172204,304.16788
85.00673,15.03736,271.12524,272.00684,8.018901,9.438051,323.75116
85.32848,14.949914,270.5099,271.3677,8.251026,9.651607,341.1162
85.65023,14.862468,269.8946,270.72852,8.483154,9.865162,358.55527
85.948715,14.841835,267.13934,267.9295,8.512751,9.891143,362.37033
86.24721,14.8212,264.38406,265.13052,8.542349,9.917127,366.61105
86.232765,14.829016,261.5777,262.2892,8.541568,9.901418,366.37674
86.21832,14.83683,258.77136,259.44794,8.54079,9.885707,366.0446
85.94931,14.881916,254.81758,255.55594,8.48099,9.82293,360.87476
85.680305,14.927003,250.8638,251.66394,8.42119,9.760154,355.1159
85.651085,14.941969,248.38896,249.26427,8.305156,9.629117,345.3645
85.621864,14.956933,245.91411,246.86455,8.189122,9.498079,335.49838
85.237976,15.015279,241.94687,242.87752,8.230263,9.586152,338.3813
84.854095,15.073622,237.97968,238.89043,8.271404,9.674225,340.9063
85.094124,15.158516,234.6445,235.60791,8.3854265,9.925551,358.71634
85.33417,15.243408,231.30936,232.32535,8.49945,10.176875,376.99405
84.05953,15.394824,227.11617,228.5074,8.177393,9.939106,349.2282
82.78488,15.546237,222.923,224.68938,7.8553367,9.701335,324.7468
82.2368,15.662709,222.21077,224.53412,7.7452335,9.790969,328.67133
81.68872,15.779179,221.49852,224.37881,7.635128,9.880606,332.69476
81.30434,15.817587,223.44374,226.20276,7.9898133,10.317289,360.80603
80.91997,15.855995,225.38899,228.02672,8.344499,10.753975,388.925
81.68511,15.885966,225.51738,229.0626,8.031796,10.558926,376.61865
82.45026,15.915939,225.64572,230.09845,7.7190943,10.363876,363.46344
82.74013,15.988494,222.61226,227.65906,7.2139645,9.956308,337.5646
83.03,16.06105,219.57874,225.21962,6.7088346,9.54874,313.16052
83.25907,16.105917,222.25401,227.81502,6.6361804,9.467944,309.03412
83.488144,16.150785,224.92926,230.41045,6.563524,9.38715,304.96884
83.68927,16.151201,227.03726,232.25323,6.571354,9.48878,311.52847
83.89039,16.151619,229.14532,234.09601,6.579184,9.590411,317.5466
84.00588,16.173,227.4099,232.27835,6.8772407,9.945035,338.94608
84.12138,16.194384,225.67442,230.46074,7.1752973,10.299661,360.528
84.14485,16.136217,226.634,230.98149,7.563842,10.594716,378.8769
84.16832,16.078053,227.59358,231.50229,7.9523845,10.889771,398.94366
84.29627,16.077654,228.56566,232.28346,7.756505,10.739801,388.71933
84.42424,16.077261,229.53777,233.06459,7.5606236,10.58983,378.6652
83.99469,16.093586,232.39626,236.3144,7.63047,10.650592,380.80957
83.56514,16.109911,235.25479,239.56422,7.700314,10.71135,383.38315
83.19404,16.073359,238.54268,242.43317,7.6323614,10.569152,374.79742
82.82294,16.036806,241.83057,245.30211,7.564407,10.426951,366.33963
81.18239,16.017376,247.51717,249.92519,8.60071,11.0914755,410.4285
79.54183,15.997949,253.20377,254.54826,9.637011,11.755998,459.1714
80.07128,15.921868,255.40875,256.62668,9.94605,12.0817585,478.62698
80.60074,15.845789,257.61377,258.70517,10.255086,12.40752,495.29242
81.56621,15.727871,259.29037,260.15836,10.257667,12.282562,488.69818
82.53167,15.609955,260.9669,261.61157,10.260249,12.157607,482.4833
83.309135,15.5032,262.18173,262.89166,10.188338,12.013425,477.02335
84.08661,15.396443,263.3966,264.17175,10.116426,11.869246,471.20972
84.689445,15.295618,265.68787,266.4548,9.977637,11.64247,461.63583
85.29229,15.194792,267.97906,268.7379,9.83885,11.415698,451.8138
85.615906,15.125857,269.06262,269.74728,9.712252,11.183416,440.59424
85.93953,15.056924,270.14615,270.75668,9.585655,10.951135,428.4609
85.9449,14.991288,270.25986,270.81744,9.383322,10.635508,411.35977
85.95028,14.9256525,270.3736,270.87817,9.180986,10.3198805,394.33008
85.95588,14.879755,269.87347,270.42096,8.968097,10.0232725,377.50327
85.96147,14.833856,269.37332,269.96365,8.755205,9.7266655,359.35513
85.62994,14.841223,268.5007,269.05402,8.599152,9.527882,344.58282
85.2984,14.84859,267.6281,268.14444,8.443096,9.329096,329.52768
84.91702,14.880443,267.0506,267.55814,8.348424,9.220733,319.7417
84.53564,14.912296,266.47314,266.9718,8.253749,9.112372,309.6533
83.9574,14.9540825,266.01724,266.49423,8.124532,8.977861,295.33618
83.37917,14.995866,265.5614,266.01666,7.995314,8.843351,280.31635
82.44099,15.096286,265.3852,265.85904,7.8959174,8.780645,267.0297
81.50281,15.196708,265.20895,265.70142,7.7965207,8.71794,255.26543
80.64788,15.342674,265.85184,266.42276,7.220131,8.12655,207.02115
79.79295,15.488641,266.4947,267.14413,6.6437387,7.5351577,169.09299
79.23853,15.62312,263.31354,264.17908,5.71945,6.4996166,110.34004
78.68411,15.757599,260.13242,261.21402,4.7951593,5.464077,54.155685
78.671524,15.846006,249.51154,250.76855,4.4756827,5.1257052,41.92264
78.658936,15.934415,238.89064,240.32312,4.1562057,4.7873344,29.946152
78.90074,16.009764,228.77913,230.75859,4.0839086,4.815514,34.02836
79.14255,16.085114,218.66766,221.19405,4.011612,4.8436947,39.559547
79.72575,16.16384,211.50311,214.48225,4.1279984,5.1497393,55.82644
80.30896,16.242565,204.33853,207.77046,4.244385,5.455782,71.58467
81.38322,16.295004,198.9963,203.17238,4.262565,5.6076994,81.10036
82.45747,16.347443,193.65405,198.57433,4.280745,5.759616,92.61835
83.172295,16.401306,190.74387,195.78006,4.424483,6.0495677,109.65097
83.887115,16.45517,187.83366,192.98582,4.568222,6.339521,126.44147
84.31478,16.4976,186.7989,191.0619,4.8257446,6.7182717,146.03288
84.74245,16.540033,185.76413,189.13797,5.083268,7.0970225,167.16908
85.697556,16.54877,185.63797,188.1217,5.4411263,7.515833,192.60403
86.65266,16.557508,185.5118,187.10542,5.7989836,7.934643,217.49112
87.41176,16.520004,187.40945,188.61237,5.8945665,8.0135,222.59735
88.17086,16.4825,189.30713,190.1193,5.990148,8.092357,227.23024
87.708176,16.468233,191.68086,192.55489,5.667088,7.718801,204.47607
87.24548,16.453964,194.05461,194.99043,5.344028,7.3452435,180.81676
86.77291,16.448755,199.24876,200.62001,4.9252744,6.9189405,153.67822
86.30032,16.44355,204.44292,206.24957,4.5065217,6.4926376,127.65708
88.86578,16.198078,216.73985,217.85803,3.9861598,6.130051,106.8262
91.431244,15.952607,229.03674,229.46649,3.4657984,5.767464,78.38944
92.00774,15.906699,232.32901,234.01892,3.1158252,5.282841,57.791885
92.58423,15.860793,235.62123,238.5713,2.765852,4.7982173,34.48662
93.25833,15.793698,239.35548,244.82236,2.4348989,4.2701983,13.099965
93.93243,15.7266035,243.08974,251.07343,2.1039457,3.742179,-10.7302265
94.23815,15.684634,246.98769,257.90417,1.8490487,3.2749462,-32.055847
94.54387,15.642667,250.88562,264.735,1.5941528,2.8077135,-54.051327
94.36346,15.616517,252.69295,271.6444,1.3665764,2.3980322,-64.018936
94.183044,15.59037,254.50034,278.55383,1.1389991,1.988351,-62.34624
94.02213,15.563567,223.4466,257.65408,0.92093676,1.3245587,-31.27214
93.86122,15.536765,192.39287,236.75433,0.7028744,0.6607677,-8.128088
94.30478,15.519938,178.99443,195.08694,0.9092944,0.8659962,-98.361496
94.74833,15.503114,165.59598,153.41956,1.1157135,1.0712247,-27.114132
94.086525,15.536312,162.39615,151.8872,1.1209759,1.327545,-35.411507
93.42471,15.569513,159.19633,150.35484,1.1262372,1.5838655,-43.39564
93.29428,15.602965,157.74692,152.8181,1.3489766,2.0338454,-55.618176
93.16385,15.63642,156.29753,155.28134,1.571717,2.4838252,-65.02608
93.34091,15.674761,156.81044,158.41795,1.8578357,2.9605231,-55.586567
93.517975,15.713101,157.32336,161.55455,2.1439543,3.437221,-31.842781
93.850204,15.745358,162.9622,167.41579,2.584738,4.039246,6.5096855
94.18244,15.777615,168.60104,173.277,3.025523,4.641272,42.517178
94.02916,15.789863,170.79839,176.36108,3.229372,4.859936,57.14194
93.87589,15.802111,172.99573,179.44516,3.4332223,5.0786023,71.86824
92.53898,15.816949,172.98392,179.24626,3.6040583,5.264188,77.98341
91.20207,15.831787,172.97209,179.04738,3.774894,5.449773,83.77045
89.92389,15.850634,172.09686,177.11234,4.1815906,5.943838,110.00906
88.64571,15.869481,171.22165,175.17729,4.588287,6.4379015,138.10666
88.179985,15.885947,163.46535,167.1227,5.09693,7.0212603,171.68538
87.714264,15.902415,155.70901,159.06805,5.605573,7.6046195,201.90404
87.86832,15.900555,151.06174,154.3862,6.533132,8.648087,261.9314
88.02237,15.898692,146.41447,149.70433,7.4606895,9.691553,328.9854
88.613525,15.85291,147.3328,149.92468,8.298187,10.630906,390.48965
89.20467,15.807129,148.25111,150.14502,9.135684,11.570262,450.4649
88.64201,15.7142315,145.85678,147.19937,9.874038,12.31489,488.67377
88.07935,15.621335,143.46248,144.25374,10.61239,13.059519,516.4575
88.65245,15.67232,141.94872,142.76834,11.09465,13.779114,537.61664
89.225555,15.723306,140.43498,141.28293,11.576911,14.498708,544.45685
90.494354,15.754002,137.27786,138.28331,11.805475,14.847207,544.2753
91.76315,15.784699,134.12074,135.28366,12.034041,15.1957035,543.37213
92.81633,15.788755,130.5251,131.90405,12.33873,15.67216,542.7919
93.8695,15.792813,126.929474,128.52444,12.643417,16.148619,541.88745
93.089355,15.9237385,127.94234,129.36548,13.329132,17.079557,545.63226
92.3092,16.054665,128.9552,130.20651,14.014849,18.010496,549.2656
91.354164,16.305294,136.62016,138.18823,13.945735,18.108902,548.67804
90.39914,16.555925,144.28514,146.16995,13.876624,18.20731,552.78467
90.588394,16.677536,154.04626,155.98116,13.295195,17.583427,556.67883
90.77765,16.799149,163.80736,165.79236,12.713765,16.959543,562.58887
91.120834,16.8293,159.49637,161.7735,12.252961,16.308943,561.89667
91.46403,16.859455,155.1854,157.75464,11.792158,15.658346,560.62506
92.718636,16.885277,169.08858,173.45561,10.422181,14.240324,555.0551
93.97324,16.911102,182.99178,189.15659,9.052205,12.822304,497.18774
94.13379,16.906944,191.55905,197.45718,8.518441,12.269853,469.85077
94.294334,16.902788,200.12633,205.75778,7.984678,11.717401,439.42627
93.218544,16.80033,212.57959,217.53198,8.157798,11.687472,443.3089
92.14275,16.697868,225.03282,229.30617,8.330915,11.657543,445.9612
88.15852,16.59066,226.90569,230.21448,8.033401,11.105361,414.94904
84.1743,16.483452,228.77849,231.12285,7.735883,10.553179,375.2284
85.38298,16.415916,223.27243,225.70128,7.5837407,10.407861,369.5848
86.591675,16.34838,217.76639,220.27977,7.431598,10.26254,363.32794
86.72082,16.346357,209.12067,211.80815,7.588461,10.403009,372.56332
86.849976,16.344334,200.47495,203.33656,7.745323,10.543477,381.50714
87.17784,16.302643,198.10463,200.43134,8.517441,11.256997,428.9004
87.505714,16.26095,195.73431,197.52612,9.28956,11.970519,474.1901
87.218895,16.202333,193.11172,194.97542,9.531683,12.206921,488.1936
86.93208,16.143717,190.48912,192.42471,9.773804,12.443325,500.48666
87.48044,16.189735,186.71881,188.3157,10.104407,12.914125,521.8535
88.02881,16.235756,182.9485,184.2067,10.435011,13.384926,538.62476
88.45653,16.3159,179.20074,180.76973,10.617931,13.759617,550.37665
88.88424,16.396048,175.45303,177.3328,10.800851,14.134311,559.0283
89.50206,16.477388,174.34537,176.20866,11.374212,14.865326,565.2074
90.11988,16.55873,173.23769,175.08458,11.947572,15.596341,566.9862
90.1821,16.603529,175.37988,177.12924,12.135218,15.878016,567.5737
90.24431,16.64833,177.52208,179.17392,12.3228655,16.159695,567.9346
90.28157,16.569595,180.97021,182.58253,11.833805,15.6209755,569.66626
90.318825,16.49086,184.41835,185.99113,11.344746,15.082253,567.8487
88.32435,16.568998,186.00761,188.40636,10.946278,14.526916,567.07794
86.32987,16.647135,187.59688,190.82156,10.547808,13.971575,560.1306
84.27451,16.786173,189.78888,192.92792,10.339048,13.877424,554.3277
82.219154,16.925209,191.98087,195.03427,10.130287,13.783273,547.5149
80.76901,16.94331,196.28148,199.15152,10.831104,14.588371,571.4078
79.31888,16.96141,200.58206,203.26874,11.531921,15.393472,581.7966
78.49372,17.005226,201.42422,203.9459,11.68135,15.58317,582.32983
77.66856,17.049042,202.26643,204.62308,11.830775,15.772868,582.72766
77.49446,17.102423,202.25807,204.83018,11.3296385,15.271129,576.44617
77.320366,17.155804,202.2497,205.03728,10.8285,14.769392,565.2141
76.87295,17.212204,201.13995,204.15247,10.974005,14.968401,569.5035
76.42553,17.268606,200.03021,203.26768,11.119509,15.167413,572.99927
76.496864,17.203299,201.05728,203.67986,11.520825,15.558053,579.4323
76.5682,17.13799,202.08432,204.09204,11.922144,15.948696,580.74945
76.62334,17.01624,202.09692,203.86533,12.6599245,16.75186,578.41974
76.67848,16.894487,202.10951,203.63861,13.397703,17.55502,574.28937
78.00646,16.66255,201.34767,202.66734,14.098563,18.331345,572.1141
79.33444,16.43061,200.58585,201.69608,14.799422,19.10767,569.9121
80.05271,16.32197,202.8294,203.97299,15.147626,19.539324,568.9141
80.77097,16.213327,205.07298,206.24992,15.495831,19.970978,569.4871
82.81227,16.071444,205.87032,206.95561,15.254626,19.605156,571.31934
84.85358,15.929559,206.66765,207.66129,15.013423,19.239336,569.78076
84.742325,15.940702,209.52739,210.56346,15.202071,19.483627,570.40344
84.631065,15.951843,212.3871,213.46564,15.390719,19.727917,570.7567
84.74076,15.946492,212.78809,213.78343,15.551724,19.962017,570.3972
84.85044,15.941141,213.18913,214.10129,15.712729,20.196115,570.035
84.74886,15.891228,215.89584,216.77957,16.083025,20.67078,570.39496
84.64727,15.841313,218.60258,219.4578,16.453321,21.145445,570.4059
84.05834,15.824815,220.72588,221.56213,16.517605,21.23808,570.6262
83.46941,15.808319,222.84917,223.66641,16.581884,21.330717,570.78925
82.86342,15.774214,223.45647,224.22035,16.532593,21.235725,570.5196
82.25742,15.7401085,224.06381,224.77429,16.483301,21.140732,570.3742
81.61673,15.725701,225.03337,225.73767,16.300863,20.872744,570.10443
80.97604,15.711294,226.00293,226.70105,16.118423,20.604753,569.5953
81.74153,15.60313,227.36247,228.07867,16.106602,20.513554,570.8807
82.507,15.494964,228.72195,229.45627,16.09478,20.422358,572.18494
82.58747,15.495165,229.524,230.25893,15.826716,20.036768,572.74054
82.66792,15.495365,230.32605,231.06158,15.55865,19.651175,573.2039
82.14199,15.5903,231.07327,231.91292,15.2221775,19.219862,572.8448
81.61606,15.685232,231.82051,232.76425,14.885705,18.78855,572.33093
81.39767,15.801477,231.42192,232.48631,14.065385,17.754297,571.40314
81.179276,15.917723,231.02339,232.20844,13.245066,16.720047,572.6271
80.75879,16.037561,230.62086,231.89796,12.597945,15.958368,574.76514
80.3383,16.157398,230.2184,231.5875,11.950824,15.1966915,574.2507
80.094345,16.23457,229.25488,230.84752,11.3776045,14.530902,565.407
79.85038,16.31174,228.29132,230.10754,10.804384,13.86511,547.8307
79.75922,16.397514,226.53265,228.7605,10.38218,13.459485,532.81934
79.66805,16.483286,224.77394,227.41344,9.959975,13.05386,514.6293
79.179924,16.565657,225.7923,228.80814,9.6606245,12.869092,505.47415
78.691795,16.648027,226.81067,230.20288,9.361274,12.684327,495.9844
78.59571,16.702923,226.64655,230.26384,9.309543,12.726933,497.40314
78.49962,16.757818,226.48242,230.3248,9.25781,12.76954,498.73917
79.32915,16.694681,227.88138,231.17053,9.60553,13.129472,516.7156
80.15867,16.631544,229.2803,232.0162,9.95325,13.489404,533.5946
82.25451,16.482397,230.64795,233.12875,9.876012,13.149109,520.35443
84.35035,16.333248,232.01561,234.24135,9.798773,12.808814,507.36285
84.22576,16.308592,232.19934,234.41464,9.513887,12.421423,487.80768
84.101166,16.283936,232.38303,234.588,9.229002,12.034028,467.22263
84.73389,16.238644,233.0028,235.3059,9.092944,11.863232,459.98145
85.36661,16.19335,233.62254,236.0238,8.956885,11.692437,453.71036
85.01039,16.181305,233.41689,235.61627,8.89758,11.533881,444.0284
84.654175,16.16926,233.21117,235.20876,8.838277,11.375329,433.9663
84.28588,16.137758,234.40477,236.24449,8.791269,11.297043,427.86414
83.917595,16.106256,235.59837,237.28024,8.744261,11.218757,421.52048
83.38801,16.059597,237.3916,238.84073,8.732462,11.12695,414.47095
82.85842,16.012936,239.18483,240.4012,8.720661,11.035143,407.84613
82.66274,15.9200735,240.3764,241.57426,9.133101,11.423039,433.64407
82.467064,15.82721,241.56804,242.74738,9.545542,11.810937,458.2277
83.82681,15.678746,236.1101,237.362,9.432158,11.869473,464.9302
85.18656,15.530281,230.65213,231.97664,9.318777,11.928008,472.72025
85.0655,15.507168,233.00993,234.33519,9.570696,12.127273,484.16882
84.94442,15.484054,235.3678,236.69371,9.822615,12.326537,494.47403
83.88852,15.398071,239.95619,241.20087,9.806878,12.148284,484.39954
82.83261,15.312091,244.5446,245.70801,9.791144,11.970034,474.58548
82.23647,15.212834,245.93185,246.9293,10.051738,12.223222,488.05164
81.64034,15.11358,247.31912,248.15059,10.312334,12.47641,500.3769
82.02385,14.998559,247.21822,247.90192,10.339292,12.422491,499.17828
82.40736,14.883535,247.1173,247.65324,10.366252,12.368571,498.21036
83.088394,14.769722,246.9464,247.46465,10.37577,12.293784,496.831
83.76944,14.655907,246.77544,247.27611,10.385288,12.219,496.07864
84.33108,14.563562,247.661,248.19125,10.276145,12.025186,490.13007
84.89272,14.471218,248.5465,249.10645,10.167003,11.831372,483.67133
85.201,14.402062,248.64873,249.20247,10.048816,11.630236,475.4139
85.50927,14.332907,248.75098,249.2985,9.930629,11.4291,466.71234
85.62636,14.307736,248.49292,249.06078,9.914395,11.393036,465.60248
85.74344,14.282565,248.23491,248.82306,9.89816,11.356971,464.49527
85.482056,14.300328,248.7608,249.36903,9.794588,11.233033,456.79153
85.22067,14.318091,249.28665,249.91496,9.691016,11.109093,448.90506
84.65186,14.40417,249.85045,250.4624,9.542684,10.956167,437.00763
84.08305,14.490249,250.41423,251.00986,9.394352,10.803243,424.01266
83.080315,14.629479,250.37163,250.92941,9.063273,10.462868,393.17242
82.07757,14.768711,250.32901,250.84903,8.732194,10.122492,362.73334
81.59647,14.90135,247.69678,248.33899,8.073182,9.439408,308.4858
81.11537,15.033991,245.06454,245.829,7.4141684,8.756326,254.33139
81.22443,15.1559925,243.40099,244.33612,7.100769,8.548968,241.63933
81.33349,15.277996,241.73743,242.8432,6.7873716,8.34161,230.4
81.31953,15.36521,241.05876,242.65779,6.45853,8.093348,216.8038
81.30557,15.452423,240.3801,242.4724,6.12969,7.8450856,202.73529
81.67535,15.474276,241.57762,243.8082,5.9834065,7.699108,194.95464
82.04513,15.496129,242.77516,245.14395,5.837124,7.553129,187.39105
83.10644,15.484749,241.99922,244.49341,5.7706933,7.543358,192.79784
84.16775,15.47337,241.22333,243.84291,5.704264,7.533588,197.86092
84.41967,15.486191,239.49469,242.46788,5.6881714,7.5643764,201.1199
84.6716,15.499013,237.76605,241.09285,5.6720786,7.5951653,204.36148
84.764206,15.533951,239.808,244.13101,5.3222814,7.2912183,187.29187
84.856804,15.568888,241.84995,247.16913,4.9724846,6.987272,169.85649
84.98785,15.592359,238.88214,245.0029,4.7560453,6.784934,159.06676
85.11889,15.6158285,235.91438,242.8367,4.539606,6.582596,149.35338
85.17573,15.652833,233.51631,240.41167,4.430289,6.543378,146.76486
85.23256,15.68984,231.1183,237.98663,4.3209724,6.504161,143.85669
85.18968,15.725121,228.05371,234.95894,4.37604,6.6283245,150.3193
85.14682,15.7604,224.98918,231.93126,4.4311075,6.7524896,156.7241
84.87765,15.807705,227.65096,234.58815,4.6875515,7.0801325,176.3069
84.608475,15.855007,230.31277,237.245,4.9439955,7.4077744,196.2004
83.90502,15.853826,238.50517,246.22084,4.890707,7.31105,191.48915
83.20156,15.852644,246.69757,255.19669,4.837418,7.214325,185.24419
82.09121,15.716035,258.99506,265.5973,5.113271,7.407447,188.3178
80.98085,15.579423,271.29248,275.99786,5.389125,7.6005673,191.03368
80.598564,15.460667,273.2131,276.71487,5.5997887,7.5633945,184.34082
80.216286,15.34191,275.1337,277.4319,5.8104525,7.526221,178.00983
80.517876,15.188421,276.31522,278.16745,5.995634,7.468197,174.19676
80.819466,15.034932,277.49667,278.90292,6.1808157,7.4101734,169.53389
81.20219,14.950283,280.22928,281.56332,5.9191904,7.0015383,145.51543
81.5849,14.865632,282.96185,284.2237,5.657565,6.5929036,121.99449
81.84251,14.814856,282.2898,283.54575,5.1974506,5.980343,87.79029
82.1001,14.764079,281.6177,282.8678,4.737336,5.3677835,58.035946
82.23165,14.729872,280.3729,281.50418,4.423455,4.9623375,40.023678
82.3632,14.695666,279.12808,280.14056,4.1095734,4.556892,24.124489
82.42227,14.67428,276.5247,277.4174,3.779535,4.1522536,10.097385
82.48135,14.652897,273.92133,274.69418,3.4494967,3.7476163,0.8943209
82.66029,14.639652,271.617,272.2126,3.3560836,3.6339593,0.26027623
82.83922,14.626408,269.31262,269.73102,3.2626712,3.5203032,-0.35375348
82.78712,14.628227,266.32147,266.6653,3.075459,3.307609,-3.1775708
82.73501,14.630045,263.33032,263.59958,2.8882477,3.0949135,-6.758646
82.82945,14.633484,258.1883,258.33,2.8170955,3.0194514,-6.9852457
82.92389,14.636924,253.04622,253.0604,2.745943,2.943989,-7.0020905
82.6081,14.671372,248.06322,247.96725,2.7708597,2.9780917,-5.9336305
82.292305,14.705821,243.08026,242.87411,2.7957764,3.0121942,-5.8213005
81.49465,14.749489,239.77167,239.66103,2.8496485,3.09878,-5.728418
80.697014,14.793157,236.46309,236.44794,2.9035215,3.1853669,-5.8974805
80.74373,14.847771,232.48045,232.56178,2.6827347,2.9637864,-9.155903
80.79044,14.902385,228.49782,228.67569,2.4619477,2.7422059,-13.485671
81.32359,14.95515,222.772,223.39114,2.2530959,2.5688195,-19.163778
81.856735,15.007914,217.04619,218.10666,2.0442429,2.395432,-26.479755
82.46083,15.067618,203.58458,206.4348,2.0446563,2.4781804,-37.292206
83.06492,15.127323,190.12303,194.76297,2.04507,2.5609288,-46.002464
83.91239,15.145061,191.86302,195.78444,2.2644424,2.9239066,-34.969994
84.759865,15.162798,193.60301,196.80591,2.4838152,3.286883,-24.296463
85.871864,15.084949,190.25081,194.05872,2.6743522,3.4320338,-22.110382
86.98386,15.007096,186.89862,191.31154,2.8648882,3.5771847,-17.898102
87.64008,14.9011345,186.46143,190.1229,3.2887774,3.9618742,-0.534125
88.29631,14.795173,186.02422,188.93423,3.7126663,4.346564,19.149746
88.58479,14.728045,191.12769,193.26408,3.8418896,4.508358,26.299166
88.87328,14.660916,196.23117,197.59389,3.971114,4.6701508,33.632366
88.449455,14.705454,192.36002,193.66231,3.9388266,4.5923567,29.219225
88.025635,14.749994,188.48886,189.73076,3.9065392,4.514562,24.893951
87.58606,14.824127,184.19093,185.03476,3.827253,4.3985004,17.42202
87.14647,14.898261,179.893,180.33878,3.747968,4.2824397,12.386049
86.99378,14.95462,182.48918,182.7708,3.7548912,4.3531227,15.756329
86.84109,15.01098,185.08539,185.20279,3.7618144,4.4238067,19.08757
86.6875,15.046841,190.16086,190.38586,3.7222323,4.412523,19.005003
86.53391,15.0827,195.23634,195.56892,3.68265,4.401238,19.109194
87.014404,15.079811,203.24953,203.64735,3.6825163,4.4501276,20.739447
87.494896,15.076922,211.26276,211.72575,3.6823826,4.4990187,22.18346
90.31812,15.014105,222.46558,221.25092,2.9846075,3.6375878,-4.075596
93.14134,14.951287,233.6684,230.7761,2.2868323,2.7761567,-29.590927
93.07177,14.936828,248.67017,246.23456,2.280599,2.7644248,-30.570763
93.00219,14.922367,263.67194,261.69302,2.274366,2.7526944,-31.614525
92.60884,14.901341,268.7905,267.55737,2.5060792,2.8877475,-28.339777
92.21549,14.880317,273.9091,273.42166,2.7377932,3.0228019,-25.94167
91.45923,14.862987,276.27097,275.89932,2.6262388,2.8696244,-31.945835
90.70296,14.845656,278.6329,278.37698,2.5146854,2.7164469,-36.597786
90.43766,14.855212,279.8818,279.62732,2.6679213,2.906179,-29.592442
90.17236,14.864768,281.1307,280.87772,2.8211584,3.0959125,-22.82567
89.8788,14.877808,281.90295,281.76633,2.7705102,3.0411642,-24.702017
89.58523,14.890845,282.6752,282.65497,2.7198608,2.9864159,-26.102879
89.578384,14.887181,285.85367,285.62338,2.6986058,2.973691,-25.36819
89.57154,14.883518,289.03217,288.59183,2.6773493,2.9609663,-24.47726
89.828575,14.86273,292.10437,291.9107,2.553077,2.828289,-31.237787
90.08562,14.841944,295.17657,295.22964,2.4288044,2.6956115,-38.253304
90.1462,14.819186,301.49637,301.53098,2.435467,2.6791394,-38.00295
90.20678,14.796427,307.8162,307.8323,2.4421296,2.662667,-38.704044
90.030075,14.808982,308.65176,308.7128,2.3349478,2.535069,-42.17014
89.85338,14.821538,309.48734,309.5933,2.2277658,2.4074707,-45.6474
89.745705,14.834521,307.97916,308.07785,2.3995185,2.5873566,-39.29044
89.63804,14.847508,306.47098,306.5624,2.5712721,2.7672424,-33.189274
89.43846,14.869463,314.06378,314.27438,2.5991518,2.806428,-34.35199
89.238884,14.891418,321.65656,321.98636,2.6270328,2.8456135,-36.30366
88.86258,14.951361,321.53284,322.02628,2.9245272,3.2189596,-27.502413
88.48627,15.011302,321.40912,322.06625,3.2220223,3.592307,-17.06457
87.95973,15.063717,326.0605,326.83295,3.5348263,3.996846,-5.5813575
87.433205,15.116129,330.71182,331.59967,3.8476303,4.401385,7.0928173
86.72107,15.158041,337.45035,338.44632,4.2417803,4.901352,23.710608
86.00892,15.199952,344.1888,345.29294,4.6359296,5.4013176,42.28211
85.329994,15.191738,349.51675,350.46838,4.9589868,5.768605,56.119946
84.65108,15.183527,354.84467,355.6439,5.282043,6.1358924,72.10057
84.274284,15.133711,277.38208,238.03973,5.3777823,6.1942477,133.81711
83.8975,15.083897,199.91946,120.435616,5.4735208,6.2526026,186.93623
82.613205,15.060411,228.80263,169.31238,5.241532,5.9445844,153.82227
81.328896,15.036926,257.6858,218.18916,5.009543,5.6365676,124.64939
79.65652,15.060962,291.1162,271.51715,4.7290254,5.329761,94.60126
77.98412,15.084997,324.5466,324.84512,4.448508,5.0229554,23.89609
77.02108,15.1085825,337.22537,337.52963,4.24244,4.8030953,8.847323
76.05803,15.132166,349.9041,350.21417,4.0363727,4.583236,1.3000622
77.15244,15.121382,349.33762,349.745,3.7393599,4.228886,-11.23609
78.246864,15.110599,348.77115,349.27576,3.4423468,3.8745358,-23.685984
78.69033,15.08478,344.86194,345.3816,3.3888893,3.7860563,-25.080788
79.133804,15.058961,340.9528,341.4875,3.3354325,3.6975768,-25.675701
79.34766,15.027531,335.289,335.77722,3.2599726,3.6001394,-25.812447
79.56151,14.9961,329.62527,330.067,3.1845136,3.502701,-25.82565
79.51893,14.981634,325.93854,326.3526,3.1447656,3.4449286,-25.538483
79.47636,14.967167,322.2518,322.63818,3.1050189,3.3871562,-25.058266
80.89701,14.887971,322.40875,322.72388,3.3754382,3.69418,-17.153856
82.31766,14.808778,322.56577,322.80957,3.6458576,4.001204,-5.45275
81.749344,14.782135,323.58197,323.80017,3.3812737,3.6847332,-15.143982
81.18103,14.755494,324.59818,324.7908,3.1166902,3.3682609,-23.039919
80.80612,14.731657,317.48047,317.70322,2.9240446,3.1463914,-24.673626
80.431206,14.707823,310.36276,310.6156,2.7313993,2.9245207,-25.439734
80.43475,14.664681,304.4036,304.5967,2.619762,2.7980602,-24.42559
80.438286,14.621541,298.4444,298.5778,2.5081246,2.6716006,-23.75781
79.94378,14.607774,291.5494,291.7636,2.3556857,2.5051181,-23.967422
79.44929,14.594005,284.65442,284.94937,2.2032475,2.3386345,-24.356415
79.8882,14.585673,272.60434,272.90567,2.2674546,2.4072292,-23.702166
80.32712,14.577343,260.55426,260.8619,2.331662,2.475824,-22.001175
81.57036,14.547608,254.76237,254.99512,2.6546412,2.8179302,-14.319581
82.81359,14.517877,248.97049,249.12828,2.9776192,3.1600375,-3.6655488
84.560555,14.417344,245.08318,245.15526,3.2601523,3.4520726,1.104644
86.30751,14.31681,241.1958,241.18222,3.5426846,3.7441092,5.4522033
87.175545,14.256846,238.75192,238.69756,3.5300825,3.7350602,3.0807343
88.04358,14.196884,236.30806,236.21294,3.5174801,3.7260125,1.162607
87.648705,14.26623,232.83131,232.76012,3.5596552,3.7968726,4.258685
87.25383,14.335575,229.35457,229.30734,3.60183,3.867734,7.118085
85.849266,14.451424,231.00613,230.91414,3.6729295,3.9848204,14.360767
84.444695,14.567275,232.6577,232.52098,3.7440288,4.101906,19.189632
84.70437,14.565478,236.00949,235.81735,3.7577696,4.1045303,18.285362
84.964035,14.56368,239.36128,239.11374,3.7715113,4.1071534,17.522379
85.50033,14.563069,241.45808,241.33852,3.828799,4.155951,17.544146
86.03661,14.56246,243.55489,243.56326,3.886086,4.2047486,18.262177
85.413536,14.650048,248.30397,248.36224,4.006824,4.3656545,21.535126
84.79045,14.7376375,253.05305,253.1612,4.127563,4.526559,26.853577
85.56309,14.677402,262.1517,262.12274,4.1679387,4.5530267,26.833513
86.33574,14.617164,271.2503,271.08432,4.2083154,4.5794945,28.134062
86.529655,14.5856905,275.59338,275.57602,3.7830768,4.0899906,9.950703
86.723564,14.554216,279.9364,280.06778,3.3578372,3.6004853,-3.8377345
86.17272,14.576076,278.97382,279.31125,3.1702366,3.403699,-7.5250354
85.62188,14.597935,278.01126,278.55472,2.982637,3.2069123,-11.460182
85.11124,14.64118,277.2187,277.69748,2.8334837,3.0512242,-13.176834
84.6006,14.684424,276.42615,276.8402,2.6843317,2.895535,-15.058054
83.99584,14.724237,277.71902,278.10632,2.4881678,2.680266,-19.83842
83.39108,14.76405,279.01187,279.3724,2.2920048,2.4649968,-24.773039
82.74427,14.812203,278.4745,278.8276,2.3762138,2.5626974,-21.272213
82.097466,14.860358,277.93707,278.28287,2.4604216,2.6603982,-20.438301
81.511765,14.880084,278.7629,279.1266,2.3707187,2.5612516,-23.664974
80.92606,14.899808,279.5888,279.97034,2.2810147,2.4621038,-26.201107
80.81153,14.893388,277.26755,277.45682,2.2403538,2.4148226,-25.252737
80.697,14.8869705,274.94638,274.9433,2.199693,2.3675401,-24.090162
80.66413,14.886117,271.49936,271.40543,2.1017134,2.267829,-24.092955
80.63127,14.885263,268.05237,267.8675,2.003733,2.1681192,-24.435953
80.485344,14.900648,263.81174,263.77267,1.8995701,2.0817482,-26.291199
80.339424,14.916033,259.57108,259.6779,1.7954073,1.9953774,-28.209042
81.8682,14.789261,225.93268,226.55905,1.7889144,1.9616597,-34.02219
83.396965,14.662486,192.29425,193.44026,1.7824227,1.9279431,-52.26015
83.78034,14.7367735,196.12228,196.96498,2.0507147,2.2362623,-40.451214
84.16372,14.81106,199.95033,200.48967,2.3190079,2.5445817,-29.665169
84.507515,14.860657,204.56493,205.2026,2.522161,2.7730112,-22.57404
84.85131,14.910255,209.17957,209.91548,2.725315,3.001441,-17.372648
84.79429,14.967622,216.45604,217.1188,2.823762,3.0912266,-13.7051735
84.73728,15.024988,223.73247,224.32213,2.922209,3.1810124,-10.759988
84.546616,14.912625,240.4439,240.64584,3.3514743,3.6283422,4.858567
84.35595,14.800262,257.15527,256.9696,3.7807395,4.0756707,14.299067
85.21038,14.714237,267.17,267.2233,4.036934,4.3436646,19.401186
86.06481,14.628213,277.18472,277.47702,4.2931294,4.611657,29.092133
84.61423,14.626984,282.75424,282.99338,4.689234,5.0631146,47.89326
83.163635,14.625757,288.3237,288.5097,5.0853376,5.5145707,64.51531
83.77018,14.462569,290.09146,290.2265,5.6015472,6.0803804,95.05071
84.37672,14.299381,291.85922,291.9432,6.1177573,6.646189,127.06671
84.546394,14.209636,292.83926,292.9676,6.2845893,6.8262258,137.18857
84.716064,14.11989,293.81927,293.99194,6.451421,7.0062633,148.82883
84.47923,14.104776,294.8666,294.9481,6.8090506,7.4199843,175.83221
84.2424,14.089665,295.91397,295.9043,7.1666822,7.833707,205.27261
83.285484,14.081978,293.69998,293.7529,7.484052,8.172328,230.14665
82.32857,14.074293,291.486,291.60156,7.8014226,8.51095,257.1547
82.1378,14.077609,289.86295,290.0117,8.186728,8.97359,294.94952
81.94704,14.080927,288.23996,288.42175,8.572032,9.436231,332.11646
81.96511,14.047455,290.43118,290.64484,8.6611395,9.544011,340.22534
81.98318,14.013985,292.6224,292.8679,8.75025,9.651791,348.21487
80.651855,14.134591,300.22864,300.53848,8.439068,9.300282,312.77393
79.32053,14.255198,307.83487,308.2091,8.127888,8.948774,276.63303
78.29697,14.322135,314.7339,315.11588,7.618513,8.368227,224.29604
77.2734,14.38907,321.63293,322.0227,7.1091404,7.7876787,174.57379
76.83253,14.402683,322.54865,322.98798,6.4844294,7.0607142,123.775116
76.39166,14.416297,323.4644,323.95328,5.8597174,6.33375,81.6163
77.420876,14.349918,320.69196,321.09308,5.2569904,5.643882,50.46053
78.45008,14.283539,317.91956,318.23294,4.6542635,4.9540133,25.501122
78.98567,14.253632,311.59613,311.85156,4.1737456,4.4269824,7.5365067
79.521255,14.223725,305.2727,305.47015,3.6932268,3.8999512,-6.601128
79.460815,14.223232,295.5231,295.64835,3.2377546,3.4090865,-13.748941
79.400375,14.222737,285.77347,285.82657,2.7822812,2.9182215,-17.6424
79.25971,14.248554,271.39575,271.41992,2.901601,3.053833,-13.598237
79.11905,14.274371,257.0181,257.0133,3.0209217,3.1894433,-10.3760605
79.02802,14.345807,251.45885,251.45941,3.3558927,3.5632472,-5.150775
78.937004,14.417244,245.89957,245.9055,3.6908638,3.937051,1.9483966
79.04923,14.476502,241.22092,241.30371,3.8588083,4.1322594,6.9984207
79.16147,14.535764,236.54222,236.70192,4.026753,4.327468,13.359735
79.580925,14.63438,232.79926,232.99217,4.221489,4.578186,21.543169
80.00039,14.732995,229.0563,229.28238,4.4162254,4.828905,30.778927
80.65742,14.873289,229.6311,229.96664,4.625415,5.137426,45.11941
81.314445,15.01358,230.20592,230.65086,4.8346057,5.4459467,61.576374
82.657745,14.857222,230.40823,230.61551,4.6588626,5.1598454,52.213284
84.00104,14.700863,230.61055,230.58017,4.483119,4.873744,43.5404
84.18762,14.821928,234.34195,234.45148,4.8499103,5.3421493,64.1601
84.374214,14.94299,238.07336,238.32277,5.216702,5.810555,87.80439
85.24701,14.992948,241.3118,241.74182,5.238251,5.8977947,95.089516
86.1198,15.042905,244.5503,245.1609,5.2598,5.9850335,100.23072
86.78006,14.929983,247.64378,248.2421,5.550288,6.317275,120.961044
87.44032,14.817061,250.73732,251.32323,5.840777,6.6495166,141.74858
86.586426,14.82391,253.34448,253.72722,5.535829,6.209247,112.77321
85.73253,14.83076,255.9517,256.13126,5.230881,5.768979,85.193596
84.020645,14.724998,255.82571,255.94237,5.157175,5.6386456,75.58455
82.30877,14.619235,255.69974,255.75352,5.083469,5.5083137,65.397484
80.498276,14.531109,245.40262,245.3643,4.7257485,5.1076255,43.296104
78.687775,14.44298,235.1055,234.97507,4.368028,4.7069387,24.907484
80.903435,14.417123,225.65851,225.64229,5.2496157,5.68802,70.82396
83.11908,14.391263,216.21146,216.30945,6.131204,6.6691003,134.6743
84.28258,14.371936,213.34584,213.55,7.055372,7.7838144,210.3815
85.44608,14.352607,210.48018,210.79056,7.9795403,8.898529,292.31747
85.75191,14.447774,218.46225,218.79767,8.9320965,10.119739,383.74863
86.05774,14.542943,226.44432,226.80478,9.884652,11.340952,463.12555
86.39026,14.566727,226.17894,226.48393,9.899424,11.37403,465.52658
86.72278,14.590512,225.91351,226.16309,9.914193,11.407107,468.05246
86.806725,14.5840225,222.53769,222.84444,9.897684,11.377201,466.91052
86.89067,14.577533,219.16185,219.52579,9.881175,11.347294,465.4632
86.05964,14.704812,219.62611,219.95908,10.157313,11.779624,482.43402
85.22862,14.832091,220.09038,220.39236,10.433452,12.211954,497.01874
85.05119,14.951678,222.75165,223.04576,10.39797,12.22564,496.2104
84.87376,15.071262,225.41289,225.69913,10.362489,12.2393265,495.20822
85.004166,15.12116,223.72258,223.90384,10.425393,12.333131,498.61142
85.13458,15.171059,222.03224,222.1086,10.488298,12.426936,501.78363
85.666985,15.186471,220.24678,220.48715,10.488253,12.505824,506.6056
86.19939,15.201885,218.46127,218.8657,10.488206,12.58471,511.5801
85.85961,15.275185,215.33769,215.83821,10.168105,12.226847,495.67938
85.519844,15.348483,212.21408,212.81076,9.848004,11.868983,477.17502
86.04314,15.482562,211.36205,211.93608,9.789287,11.916262,479.92017
86.566444,15.616639,210.51001,211.06145,9.730569,11.963541,481.72748
87.02808,15.570791,210.35715,211.1353,9.760817,11.999164,486.3859
87.48973,15.524943,210.20433,211.20918,9.791064,12.034786,490.82648
87.5443,15.548437,210.30667,211.23146,9.450901,11.578211,466.63568
87.59886,15.571931,210.409,211.25378,9.11074,11.121637,440.22614
88.14779,15.578678,209.34059,210.0202,8.732392,10.609293,409.90082
88.69673,15.585426,208.27225,208.78659,8.354045,10.096948,377.45917
89.55307,15.538749,204.26396,205.06622,8.17999,9.891495,364.79352
90.4094,15.492073,200.2557,201.34584,8.005933,9.686042,350.8958
90.48477,15.535504,203.46974,204.62384,7.7981706,9.522655,339.22485
90.560135,15.578937,206.68376,207.90182,7.5904083,9.359268,327.26886
91.17543,15.623855,209.30197,210.96239,7.280267,9.068708,307.7594
91.79074,15.668772,211.92014,214.02296,6.9701257,8.77815,288.81662
93.83593,15.668738,207.90158,210.55756,7.749913,10.032212,373.74585
95.88111,15.668706,203.883,207.09213,8.529701,11.286275,432.34448
95.72135,15.700437,205.07631,207.71991,8.868816,11.632946,451.43338
95.561584,15.732167,206.26959,208.3477,9.207932,11.979616,469.74857
95.51215,15.733336,203.35342,205.54471,8.838292,11.490628,444.99774
95.46272,15.7345085,200.43726,202.74174,8.468654,11.00164,419.0623
95.043144,15.776399,198.84421,201.44589,8.158807,10.676726,402.57532
94.62356,15.818289,197.25116,200.15002,7.8489566,10.3518095,387.004
94.546326,15.8321905,197.85152,200.85735,7.5773587,10.081339,371.038
94.46909,15.846094,198.4519,201.56468,7.305761,9.810868,351.95535
94.16685,15.894464,200.02846,203.29564,7.451559,10.051597,368.3826
93.86461,15.942833,201.605,205.0266,7.5973577,10.292326,382.79962
93.74572,16.007816,207.38583,210.77899,8.115361,10.92947,416.50983
93.62682,16.0728,213.16663,216.53139,8.633365,11.566615,450.77966
93.22657,16.145195,218.50325,221.33382,9.069805,12.142471,477.89215
92.82632,16.21759,223.83986,226.13625,9.506246,12.718328,503.12744
92.5099,16.230984,225.49945,227.73158,9.750642,12.989294,515.442
92.19348,16.244375,227.15903,229.32697,9.995037,13.260257,527.3382
92.03562,16.243275,228.61047,230.64314,10.156332,13.463054,534.7406
91.87776,16.242174,230.062,231.95932,10.317629,13.665851,541.4233
91.497604,16.255888,232.21346,234.22713,10.410666,13.809453,546.90045
91.117455,16.2696,234.36491,236.49493,10.503705,13.953052,552.42865
90.90257,16.272936,237.10513,239.35345,10.344006,13.756796,547.4478
90.6877,16.276274,239.8453,242.21198,10.184309,13.560537,540.66705
91.11477,16.210587,243.29344,245.72507,9.796999,13.066687,520.4437
91.54184,16.144897,246.74152,249.23816,9.409689,12.572832,497.81064
91.712234,16.122896,248.20103,250.68123,8.904503,12.002723,467.71036
91.88262,16.100895,249.66057,252.12425,8.39932,11.432615,434.99554
91.920166,16.115526,249.56407,252.12308,7.9513416,10.979145,408.18472
91.9577,16.130157,249.46764,252.12195,7.503366,10.525678,380.40833
91.97895,16.128548,249.66376,252.79997,7.172569,10.137331,358.539
92.00021,16.12694,249.85988,253.478,6.8417735,9.748985,335.92197
92.76342,16.020811,252.58708,256.30392,6.2143016,8.786451,274.82446
93.526634,15.914682,255.31427,259.12988,5.586832,7.8239202,212.06522
94.32819,15.796318,260.63654,264.7715,5.147058,7.0533214,165.40019
95.12975,15.677955,265.9588,270.4131,4.707283,6.2827234,122.613304
95.5491,15.603796,260.33917,265.7519,4.3622622,5.797563,98.553955
95.96845,15.529637,254.71951,261.09076,4.017242,5.3124027,73.58372
95.59245,15.55398,214.99628,212.10187,4.2809787,5.6724195,86.16553
95.21645,15.578322,175.27303,163.11299,4.5447154,6.0324364,76.545746
94.21612,15.598415,147.14742,134.89345,5.446582,7.1115136,96.648415
93.215775,15.618508,119.0218,106.673904,6.348447,8.190591,138.89325
92.07042,15.602582,74.698975,69.23167,7.207942,9.13511,241.88992
90.92506,15.586658,30.376133,31.7894,8.067435,10.07963,330.79434
90.73534,15.527965,31.316296,32.54614,8.460229,10.497123,355.15
90.5456,15.469273,32.256435,33.302853,8.853022,10.9146185,378.44876
90.35833,15.350152,30.58339,31.460588,9.128149,11.091782,387.06683
90.17106,15.231032,28.910368,29.618324,9.403276,11.268947,399.16672
89.69371,14.985404,24.036062,24.798859,9.33852,11.150057,391.33124
89.216354,14.739778,19.161758,19.979418,9.273766,11.031166,383.96475
88.1179,14.682526,18.31302,19.040993,9.199867,10.893767,377.53668
87.019455,14.625275,17.464258,18.102541,9.125968,10.756367,372.13916
85.359184,14.651181,19.27749,19.849033,9.07547,10.659471,370.41986
83.69891,14.677088,21.090746,21.595526,9.024971,10.5625725,368.37823
83.207825,14.668434,20.181402,20.738565,8.880531,10.41664,361.6882
82.71674,14.659783,19.272034,19.881605,8.7360935,10.27071,355.42197
83.18864,14.631257,17.517614,18.238874,8.162616,9.560113,320.8316
83.66054,14.602729,15.763195,16.596144,7.589138,8.849516,280.1425
84.6702,14.519929,14.386449,15.125611,7.4863133,8.659138,266.18716
85.67985,14.437128,13.009678,13.655079,7.383489,8.468758,254.94945
86.60543,14.314877,11.004354,11.494574,7.5745683,8.654666,263.28958
87.53102,14.192628,8.999054,9.334067,7.7656474,8.840571,271.8509
86.14202,14.28094,8.628214,8.912507,7.977199,9.10691,288.62848
84.75301,14.369252,8.257373,8.490947,8.18875,9.373245,308.48013
82.545654,14.506972,6.0518456,6.3974524,7.9940457,9.218565,308.11218
80.338295,14.644691,3.846318,4.303933,7.799343,9.063887,301.65128
79.14135,14.711503,166.16022,141.7491,7.6695127,8.938402,185.63446
77.944405,14.778314,328.47412,279.19427,7.5396824,8.812918,194.1244
79.180214,14.650695,340.92188,316.57907,7.7593274,8.977577,183.17493
80.416016,14.523076,353.3696,353.96384,7.978973,9.142234,265.47354
81.17621,14.4492035,352.3145,352.8209,7.918873,9.032547,256.91507
81.93639,14.37533,351.2594,351.67804,7.858774,8.922859,249.45729
81.17482,14.445898,349.96527,350.44537,7.7826643,8.878129,245.68378
80.413246,14.516466,348.67114,349.21274,7.706552,8.833397,242.04929
79.539444,14.563959,346.47964,347.07834,7.9270444,9.096423,263.46335
78.665634,14.61145,344.28818,344.94403,8.147536,9.35945,285.09714
79.9704,14.442414,343.58374,344.1377,8.50832,9.709777,314.1044
81.27516,14.273376,342.87936,343.3314,8.869105,10.060106,341.0882
82.183846,14.220759,343.56134,343.98434,9.064889,10.327742,359.24023
83.09252,14.168142,344.2433,344.63724,9.260673,10.595379,376.93842
82.39871,14.19074,342.64124,343.00244,9.41708,10.81228,393.1109
81.704895,14.213335,341.0392,341.36755,9.573484,11.029178,409.58188
79.95256,14.274339,338.5761,338.9208,9.475592,10.928154,405.24655
78.20022,14.3353405,336.113,336.47403,9.377701,10.827128,400.8279
76.74132,14.340555,335.7708,336.12433,9.267927,10.659626,389.7058
75.28242,14.345767,335.42865,335.77466,9.158152,10.492124,374.91724
75.22541,14.310541,336.25482,336.6146,8.978698,10.238513,357.13123
75.1684,14.275314,337.081,337.45453,8.799244,9.984901,338.85068
75.77717,14.225124,338.16513,338.46707,8.657303,9.796122,326.98932
76.38594,14.174937,339.24927,339.47964,8.515364,9.607343,313.48984
74.80228,14.165628,339.04883,339.3118,8.330798,9.366119,292.75385
73.218605,14.156319,338.84842,339.1439,8.146231,9.124896,270.4564
70.73577,14.161693,336.4087,336.67203,7.599357,8.488681,210.2914
68.25293,14.167067,333.969,334.20013,7.052484,7.852465,157.64355
68.1724,14.213444,329.9875,330.2503,6.8088346,7.599714,139.38605
68.091866,14.259821,326.00592,326.30054,6.5651855,7.3469625,122.04323
67.43342,14.44532,327.1111,327.26157,6.7195015,7.530172,133.1332
66.77498,14.630819,328.21622,328.22263,6.873819,7.713382,144.15251
67.05332,14.616543,323.62842,323.7282,6.8600183,7.6736245,141.7668
67.33165,14.602265,319.04065,319.2338,6.8462176,7.6338687,139.56552
69.64988,14.335189,316.62036,316.7355,7.0891376,7.8406024,158.3077
71.96811,14.068113,314.20013,314.23727,7.3320556,8.047338,185.33684
72.81078,13.989147,311.05063,311.04132,7.108599,7.7795997,168.45299
73.65346,13.910184,307.9011,307.8454,6.885141,7.511862,153.02393
74.97186,13.851217,304.98752,304.8856,6.635443,7.222971,139.6041
76.29027,13.792252,302.0739,301.92584,6.3857436,6.9340787,125.45259
75.83726,13.871927,298.2305,298.076,6.0227966,6.547618,100.64924
75.38424,13.951603,294.38712,294.22617,5.65985,6.1611576,78.098915
74.04615,14.027494,290.4645,290.4256,5.6703815,6.170512,77.26449
72.708046,14.103383,286.54193,286.6251,5.6809134,6.179868,76.91145
72.69685,14.124909,285.1632,285.31644,5.754345,6.2561646,81.280594
72.68566,14.146434,283.78455,284.00784,5.8277755,6.3324604,85.77686
74.79095,14.094417,285.48773,285.6589,5.7903175,6.277433,86.72117
76.89625,14.042398,287.19092,287.31,5.75286,6.2224054,89.68537
77.36869,14.055295,290.8666,291.06793,5.5474668,5.995493,77.269356
77.84113,14.06819,294.54233,294.82593,5.3420734,5.768581,64.52979
77.74681,14.143012,297.03464,297.28262,5.2242646,5.646602,56.328423
77.65248,14.217834,299.52692,299.73926,5.106455,5.5246224,49.049683
78.05344,14.234589,301.53574,301.71213,5.3156466,5.7631717,61.778275
78.454384,14.251343,303.5445,303.685,5.524838,6.001721,75.34579
78.41914,14.271322,303.75827,303.86255,5.582042,6.0775156,79.01677
78.38392,14.2913,303.972,304.04007,5.639245,6.1533103,82.80433
78.97325,14.286188,304.56158,304.62683,5.702789,6.2289205,88.39112
79.5626,14.281075,305.15118,305.21362,5.766333,6.3045297,93.75902
79.27317,14.320359,305.61078,305.81903,5.6792006,6.229701,88.481445
78.98375,14.359643,306.07037,306.4244,5.592069,6.1548715,83.12703
77.747795,14.462119,305.11374,305.52783,5.53074,6.108399,76.75895
76.51185,14.564595,304.15714,304.63123,5.46941,6.061926,70.465775
75.80343,14.594999,303.07803,303.50958,5.4951115,6.086493,69.977135
75.095,14.625405,301.99887,302.38794,5.520812,6.1110587,70.80627
74.784004,14.631133,301.1605,301.47925,5.521846,6.118335,71.09566
74.47301,14.636862,300.32208,300.57053,5.5228786,6.1256113,71.438324
74.106186,14.654627,299.0806,299.36206,5.3604083,5.941491,62.44596
73.739365,14.67239,297.8391,298.15356,5.197937,5.757371,54.27942
73.80281,14.694361,293.15488,293.49356,5.017414,5.549756,46.11538
73.86624,14.716329,288.47067,288.83356,4.8368926,5.3421407,39.143066
74.694984,14.715855,281.8207,282.19662,5.240739,5.8155136,60.731155
75.52373,14.715379,275.17075,275.55972,5.644586,6.2888865,90.02094
78.1577,14.478235,269.47968,269.87985,5.9161654,6.510522,112.709335
80.79167,14.241089,263.78864,264.2,6.187743,6.732158,130.97838
82.32935,14.201087,258.74588,259.21588,6.230715,6.8065777,137.99168
83.86704,14.161082,253.70316,254.23174,6.273687,6.880997,148.61249
84.985695,14.234836,255.931,256.40573,6.7200465,7.4406815,188.82787
86.10434,14.308587,258.15884,258.57974,7.1664085,8.000365,230.10748
86.24111,14.477185,266.60794,267.03122,7.0463037,7.9547896,225.27179
86.37788,14.645783,275.057,275.48267,6.926199,7.909214,221.2106
86.09399,14.663854,278.4988,278.9642,7.1551886,8.237845,243.52869
85.81008,14.681927,281.9406,282.44568,7.38418,8.566477,264.49484
86.19744,14.634767,282.661,283.21436,7.6429,8.881876,288.10913
86.5848,14.587606,283.3814,283.983,7.9016204,9.197274,311.616
86.15656,14.544775,287.33606,287.89294,8.085661,9.351807,320.01956
85.728325,14.501945,291.29068,291.80286,8.269699,9.506342,329.15103
85.29428,14.523654,292.30795,292.8732,8.153633,9.3464775,316.30972
84.86023,14.545362,293.32526,293.9435,8.037567,9.186613,303.46948
85.38136,14.447305,292.88297,293.42355,7.96376,9.049927,295.52045
85.9025,14.349247,292.44073,292.9036,7.889955,8.913241,287.70258
85.65116,14.3199005,293.52274,293.98163,7.7310534,8.713711,272.39032
85.399826,14.290555,294.6047,295.05963,7.572151,8.514179,257.1651
85.71685,14.254485,293.60007,294.01413,7.400967,8.304448,244.1529
86.03388,14.218414,292.5954,292.9686,7.2297845,8.094717,231.25122
85.47193,14.256329,290.52185,290.86264,6.8581967,7.6603727,197.81909
84.90997,14.29424,288.4483,288.75668,6.4866066,7.226029,165.4319
84.27374,14.33936,285.16843,285.48242,6.3653812,7.0914125,154.70831
83.63751,14.384479,281.8885,282.20822,6.244156,6.9567966,145.00374
83.83849,14.396499,278.87228,279.24066,6.3446712,7.0694194,153.16295
84.03947,14.408518,275.85602,276.27307,6.4451866,7.182042,161.84293
84.274376,14.437318,271.89825,272.36432,6.261838,6.978846,151.7477
84.50929,14.466115,267.94055,268.4556,6.078489,6.7756495,141.89938
84.54474,14.559648,263.27206,263.88336,5.794823,6.4969277,126.833534
84.580185,14.653178,258.60355,259.31113,5.5111575,6.2182074,110.973045
84.58132,14.767152,252.4522,253.50269,5.2917075,6.063381,102.96454
84.58245,14.8811245,246.30086,247.69424,5.072258,5.9085565,96.397964
84.47243,15.001372,240.54982,242.82353,4.907148,5.9559484,103.37506
84.36241,15.121623,234.79884,237.95282,4.7420382,6.003339,109.45635
84.23049,15.254112,229.60442,233.7761,4.5279875,6.0446367,115.97329
84.098564,15.3866,224.41005,229.59943,4.313938,6.085934,120.54731
84.32527,15.48793,216.94576,223.8493,3.9305558,5.857519,108.71405
84.55199,15.589258,209.48143,218.09914,3.547175,5.6291027,96.0262
84.42862,15.672721,200.6818,210.86603,3.5702858,5.7414136,102.90407
84.30527,15.7561865,191.88217,203.6329,3.5933976,5.8537245,110.776825
83.58417,15.847227,185.66174,196.85068,3.9484134,6.3320856,138.7956
82.863075,15.93827,179.44133,190.06844,4.3034296,6.8104453,165.50883
82.45236,15.984224,177.75386,185.37431,5.1614757,7.811987,217.22331
82.04164,16.030178,176.06636,180.68018,6.019523,8.81353,266.1818
81.51299,16.088915,174.5337,179.70662,6.0626545,8.930067,273.28043
80.984344,16.147652,173.00104,178.7331,6.1057863,9.046605,281.05573
81.81349,16.190683,171.03076,176.91867,5.9153643,8.901966,272.69617
82.64265,16.233715,169.06046,175.1043,5.7249413,8.757328,265.42435
83.28054,16.253262,171.69766,178.02475,5.3810463,8.429107,248.77583
83.91843,16.27281,174.33482,180.94519,5.0371504,8.100886,231.83
83.310555,16.284275,183.65126,190.60541,5.403363,8.441791,251.1499
82.70268,16.295738,192.96768,200.26561,5.7695746,8.782695,269.76395
85.3999,15.609401,191.85245,195.7737,5.876772,7.947336,225.87282
88.097115,14.923062,190.73726,191.2818,5.9839687,7.111976,173.82533
89.23567,14.906553,182.23357,182.84132,6.5748158,7.837232,220.94467
90.37423,14.890045,173.72984,174.40085,7.1656632,8.562488,260.6828
90.07475,14.854397,167.27913,168.00696,7.745677,9.224571,307.48517
89.77528,14.818749,160.82841,161.6131,8.32569,9.886654,351.48465
90.08594,14.975405,158.74284,160.07492,8.088327,9.847649,347.82175
90.39658,15.132057,156.6573,158.53674,7.850964,9.808642,343.14725
90.94704,15.309525,158.13916,161.40236,7.2345924,9.315092,309.21127
91.497505,15.486994,159.62103,164.26796,6.618219,8.821542,275.3387
92.278725,15.547104,168.94269,175.31367,5.610769,7.6843596,213.5097
93.05996,15.607211,178.26434,186.3594,4.6033177,6.5471787,156.00961
93.71694,15.576491,187.42656,196.33034,3.878771,5.7361827,112.7936
94.373924,15.545774,196.58876,206.30127,3.1542249,4.925188,66.32456
94.75909,15.529343,196.34604,207.39041,2.863418,4.557368,46.946262
95.14426,15.512913,196.10329,208.47958,2.5726113,4.1895475,27.757895
95.36577,15.519611,197.3209,209.47702,2.498267,4.150469,24.873653
95.58728,15.526311,198.53851,210.47447,2.4239216,4.11139,21.785099
95.747314,15.5326,193.5535,207.85384,2.3382187,3.9598286,17.87049
95.90734,15.53889,188.56847,205.2332,2.2525156,3.8082669,17.199821
96.03849,15.537853,198.73085,213.95316,2.1707315,3.78846,9.20518
96.16963,15.536814,208.89328,222.6731,2.0889475,3.768653,3.7424119
96.251434,15.534774,218.42676,230.63882,2.197368,3.9441357,10.011411
96.33324,15.532735,227.96028,238.60454,2.3057895,4.1196184,15.310037
96.28235,15.55139,232.59045,242.49846,2.3616102,4.265578,21.554998
96.23145,15.5700445,237.22069,246.39238,2.41743,4.4115386,27.142113
96.10058,15.599092,241.41734,250.13512,2.5233264,4.578366,34.392178
95.96971,15.628137,245.61398,253.87785,2.6292222,4.7451916,41.209152
95.85802,15.665715,247.18642,256.64133,2.4605255,4.5851855,34.228085
95.746315,15.703296,248.75883,259.40482,2.29183,4.4251785,26.466146
95.664795,15.735726,246.06915,258.00162,2.2701442,4.4518514,29.566862
95.583275,15.768159,243.37946,256.59842,2.2484586,4.4785247,32.74442
95.50655,15.8014555,243.82735,256.4099,2.2222137,4.433001,29.396757
95.429825,15.834755,244.27524,256.22147,2.1959689,4.387479,26.041904
95.296715,15.886713,238.99878,252.2453,2.2292109,4.5320725,35.950226
95.163605,15.938671,233.72232,248.26913,2.262453,4.6766663,45.45782
94.95505,15.990793,229.68788,244.9165,2.4692445,4.9964876,63.98205
94.7465,16.042917,225.65349,241.56393,2.6760352,5.316308,81.85582
94.73187,16.068222,234.94763,248.62547,3.1156454,5.9533916,112.352325
94.71726,16.093527,244.24176,255.68706,3.5552557,6.5904746,140.97548
94.6473,16.100586,252.1177,263.39462,3.7668722,6.7300873,149.14613
94.57734,16.107643,259.99362,271.10217,3.9784896,6.8696985,157.38512
94.55423,16.061941,262.90915,274.3928,3.928774,6.6868057,149.20831
94.53111,16.01624,265.82477,277.68347,3.879058,6.5039144,140.80121
94.45773,16.01488,264.92712,274.87857,4.1157646,6.8889375,157.68661
94.38435,16.01352,264.02948,272.0737,4.352471,7.273962,175.57529
94.40215,16.015879,265.3493,272.39987,4.386437,7.3921714,179.93402
94.41996,16.018236,266.66907,272.72607,4.420403,7.5103807,183.1508
94.34513,16.111069,268.34955,274.98468,3.5849793,6.1340423,112.07562
94.2703,16.203901,270.02997,277.2433,2.7495544,4.757703,39.641644
94.148636,16.195377,270.80762,278.36148,2.5957832,4.58857,31.10248
94.02697,16.186853,271.58533,279.47974,2.4420109,4.419439,22.366812
94.1947,16.159819,267.80743,277.6648,2.2485185,4.098212,8.878458
94.36243,16.132786,264.02957,275.8498,2.0550263,3.7769856,-6.002524
94.47133,16.096325,261.5811,274.09598,2.065702,3.7105808,-7.906976
94.58022,16.059862,259.1326,272.34225,2.0763783,3.6441746,-9.960761
94.71652,16.02362,251.46706,265.32416,2.2134767,3.686792,-4.788139
94.85283,15.98738,243.80159,258.30615,2.350574,3.7294104,0.7034451
94.85598,15.952421,244.6198,256.38995,2.6636267,4.174678,22.015202
94.85913,15.917464,245.43796,254.47379,2.9766793,4.619945,41.749462
94.830925,15.911292,249.75543,258.8534,2.8323202,4.5052743,34.77379
94.80271,15.90512,254.07295,263.23297,2.687961,4.3906035,27.39081
94.78084,15.9172125,253.51201,264.14944,2.5398088,4.1505623,17.079636
94.758965,15.929305,252.95111,265.06586,2.3916574,3.91052,6.2740955
94.664566,15.925849,244.62088,257.28745,2.4579678,3.8704314,6.4406505
94.57017,15.922395,236.29065,249.50906,2.5242782,3.8303416,6.2427244
94.326065,15.916631,235.36061,246.32886,2.5580208,3.9478445,8.860762
94.08196,15.910866,234.43053,243.1486,2.5917633,4.065347,11.071116
93.74383,15.917945,230.47227,238.9776,2.5908773,4.105347,11.881416
93.405685,15.925025,226.51402,234.80664,2.5899925,4.145346,13.130106
92.914024,15.961253,224.75742,232.46474,2.7661736,4.4834,29.047892
92.42236,15.997481,223.00085,230.1229,2.9423556,4.821454,44.654522
92.13134,16.072096,218.07791,226.5073,2.839653,4.790515,43.37569
91.840324,16.146708,213.15498,222.8917,2.7369504,4.7595773,42.21577
92.04951,16.209465,207.7582,218.0422,2.894459,5.019098,57.786255
92.25869,16.272224,202.36139,213.19273,3.0519676,5.278618,74.15246
92.352036,16.332066,197.90154,209.76405,3.2307882,5.5414925,90.87605
92.44538,16.391909,193.44167,206.33537,3.409609,5.804366,108.45083
92.24739,16.450129,192.15065,204.5689,3.6736126,6.165183,129.06087
92.04939,16.508348,190.85965,202.80241,3.937617,6.5259986,149.17802
91.62258,16.566528,188.42273,199.94771,4.1094785,6.771521,162.03947
91.19576,16.624708,185.98581,197.09303,4.28134,7.017042,175.10497
90.83238,16.677708,186.12708,196.19612,4.447379,7.3131194,190.57358
90.469,16.730707,186.26834,195.29924,4.613417,7.609196,205.63676
90.08703,16.79366,185.57603,194.99771,4.5963783,7.6436152,207.67337
89.70506,16.856613,184.88373,194.69618,4.579339,7.678034,209.67203
89.76128,16.886631,180.57971,189.40442,4.8043666,7.9704814,224.98666
89.81748,16.916645,176.27567,184.11269,5.029395,8.262931,238.74535
90.27525,16.929537,172.72327,179.76918,5.090566,8.38853,242.23268
90.733025,16.942425,169.17088,175.42566,5.151737,8.514131,244.689
90.61622,16.975882,167.8414,173.9923,4.9884357,8.363913,234.96312
90.49942,17.009338,166.51192,172.5589,4.8251333,8.213693,225.71535
90.348465,16.989748,172.79376,178.47066,4.6772156,8.090973,217.16501
90.1975,16.970158,179.07558,184.3824,4.529297,7.968251,208.20918
89.778915,16.978695,180.29076,186.64932,4.5749416,8.04346,215.9696
89.36032,16.987232,181.50597,188.91628,4.620586,8.118669,223.94305
88.216324,17.233906,187.31267,195.55635,4.8530245,8.368048,241.42868
87.072334,17.480577,193.11934,202.1964,5.0854635,8.617424,259.99683
87.71806,17.316736,200.00308,208.56319,5.308148,8.780272,269.20663
88.363785,17.152899,206.8868,214.92995,5.5308337,8.94312,278.81073
88.56744,17.150375,210.21608,217.93297,5.7457767,9.248158,295.0825
88.77108,17.147854,213.54541,220.93602,5.96072,9.553196,311.28488
89.80378,16.80904,223.86227,229.49422,6.8723807,10.100968,356.1408
90.83647,16.47023,234.17915,238.05241,7.7840424,10.648742,398.06546
91.156235,16.456459,229.71782,233.71385,7.241438,10.190146,369.1968
91.476,16.442694,225.25647,229.37529,6.6988335,9.731553,334.16898
91.4518,16.423775,227.17279,231.69792,6.8815093,9.850754,346.421
91.4276,16.40486,229.0891,234.0206,7.064185,9.969958,358.05276
89.05763,16.346722,234.91518,238.58777,7.200112,9.757301,343.81583
86.687675,16.28858,240.74127,243.15495,7.3360367,9.544644,325.8683
86.447296,16.181492,239.39186,241.47382,7.4918585,9.639709,332.24582
86.206924,16.074402,238.04243,239.7927,7.6476803,9.734775,338.3054
85.392365,16.054998,237.70622,239.32967,7.74322,9.785868,337.48352
84.5778,16.035593,237.36996,238.86664,7.8387613,9.836961,337.65793
84.92135,16.00825,236.28381,237.61348,7.896465,9.882732,342.4376
85.2649,15.980903,235.19762,236.36032,7.954166,9.928506,348.13745
85.162704,15.980879,234.01724,235.22935,7.9411964,9.892524,345.39194
85.0605,15.980856,232.83687,234.09837,7.928227,9.856543,342.7462
85.34877,16.022667,230.36803,231.96626,7.5703416,9.5898285,325.64438
85.63704,16.064476,227.89917,229.8342,7.2124543,9.323112,309.07025
85.544365,16.147802,224.22263,226.61427,7.045954,9.27928,305.1992
85.451675,16.231127,220.54608,223.39429,6.879456,9.235449,301.5346
85.000336,16.330017,218.80406,222.10855,6.905415,9.468638,314.34845
84.54899,16.42891,217.06206,220.82285,6.9313745,9.701825,327.1381
84.32397,16.49622,219.08955,222.53062,7.208973,10.042456,346.95908
84.09893,16.563532,221.11699,224.2384,7.4865713,10.383086,365.58682
84.478745,16.580292,222.44276,225.83708,7.5505624,10.537422,375.40857
84.85856,16.597052,223.7686,227.43571,7.614554,10.691757,384.76935
85.27103,16.599117,221.51509,225.6123,7.3910856,10.417771,370.777
85.6835,16.601183,219.26154,223.78883,7.167615,10.143783,356.7048
85.32019,16.647251,217.1524,221.8818,6.8224516,9.863724,337.69437
84.95689,16.69332,215.04321,219.97481,6.4772882,9.583664,318.12576
83.99456,16.792507,212.53593,217.77303,6.3757243,9.57267,316.15964
83.032234,16.891693,210.02866,215.57126,6.2741604,9.561676,313.90546
81.87412,16.966417,213.03789,221.72993,5.936986,9.067439,284.05957
80.71601,17.041142,216.04709,227.88861,5.5998116,8.573199,251.39293
79.62796,17.076933,216.91696,228.77652,5.1368246,8.078253,223.59508
78.53991,17.112722,217.78688,229.66443,4.673838,7.583308,198.55069
79.034454,17.081057,217.7051,228.0684,4.9359837,7.9806376,219.6976
79.529,17.049387,217.62335,226.47238,5.1981287,8.377968,242.87846
80.135605,17.005007,221.24847,229.61502,5.340789,8.492802,249.3689
80.74221,16.960627,224.87361,232.75766,5.483449,8.607637,255.69469
80.89565,16.919344,230.66466,237.8067,5.5822678,8.718615,260.84216
81.0491,16.878061,236.45566,242.85573,5.681086,8.829593,265.44742
79.41038,16.871798,237.43839,242.67693,6.750836,10.085649,339.33057
77.77166,16.865532,238.42107,242.49811,7.8205886,11.341707,419.97955
77.09073,16.732405,239.09586,242.74222,8.11804,11.504234,432.6596
76.409805,16.599277,239.77063,242.98631,8.415491,11.666764,445.28864
78.153534,16.43683,236.31758,238.9542,8.665872,11.587787,441.55496
79.89727,16.274385,232.86449,234.92207,8.916252,11.508808,435.46548
79.74734,16.106459,234.79584,236.56618,9.413504,11.8971615,461.23514
79.59741,15.93853,236.72719,238.21028,9.910756,12.285515,484.61624
80.29736,15.713404,238.41542,239.67534,10.35032,12.67077,505.06088
80.9973,15.488277,240.1036,241.14034,10.789886,13.0560255,523.7361
81.535164,15.332322,241.27484,242.24461,10.934983,13.141314,528.0594
82.07302,15.176369,242.44608,243.3489,11.080083,13.226602,531.499
82.468956,15.105059,244.37875,245.18712,11.275018,13.449817,538.8371
82.86488,15.03375,246.31137,247.02527,11.46995,13.67303,544.8506
82.818,15.003845,245.19258,245.82399,11.402395,13.556655,541.52014
82.77112,14.973941,244.0738,244.62276,11.334838,13.44028,538.16296
82.4543,14.991054,242.87051,243.43365,11.502097,13.691866,544.28424
82.137474,15.008165,241.66724,242.24461,11.669356,13.943455,549.5407
81.66347,15.099019,243.50165,244.21252,11.761778,14.143595,553.74036
81.18947,15.18987,245.33607,246.18044,11.854199,14.343739,557.651
80.94708,15.321877,245.06233,245.81494,11.591143,14.0891075,553.933
80.704704,15.453884,244.78854,245.4494,11.328087,13.834477,549.03094
79.993256,15.632443,244.1808,245.03981,11.019269,13.563422,542.32074
79.28181,15.811001,243.57312,244.63022,10.710452,13.292369,532.4677
78.82854,15.928076,241.16154,242.5642,10.139829,12.668021,505.43204
78.37526,16.045155,238.75002,240.49815,9.569206,12.043674,472.79993
78.196785,16.173283,234.28587,236.73378,9.285947,11.916857,463.4789
78.0183,16.301413,229.82167,232.96945,9.002687,11.790042,453.17227
77.64307,16.421759,228.65924,232.38882,8.724151,11.695858,446.25467
77.26783,16.542107,227.49675,231.8082,8.445615,11.601674,439.31442
76.583664,16.66013,228.83025,233.75107,8.320644,11.629321,440.34045
75.89949,16.77815,230.1637,235.69395,8.195676,11.656967,440.12354
76.13558,16.812494,230.31439,236.49445,7.5824623,10.96872,397.93042
76.37167,16.84684,230.46506,237.295,6.9692507,10.28047,352.95865
76.81877,16.86148,231.8098,238.87036,6.6152105,9.885944,328.60178
77.26588,16.876123,233.1545,240.44574,6.261173,9.49142,304.82397
77.39069,16.861202,234.9115,242.2814,6.1476436,9.3353405,294.60516
77.5155,16.846281,236.6685,244.11705,6.0341144,9.179264,284.7748
77.685585,16.806366,238.85608,245.70033,6.2629185,9.405293,297.64874
77.85566,16.766449,241.04367,247.28363,6.49172,9.631324,310.8594
77.762115,16.696556,241.5736,247.06868,6.8691907,9.967855,332.54034
77.66857,16.626665,242.10352,246.85373,7.246663,10.304387,355.07495
78.294495,16.337473,243.84076,247.1649,8.3462305,11.053473,411.02884
78.92042,16.048279,245.57796,247.47606,9.445797,11.80256,459.55313
80.76074,15.807007,247.5208,249.07376,9.228788,11.31643,429.97125
82.601074,15.565735,249.46361,250.6715,9.01178,10.8302965,402.30988
85.10173,15.477967,248.37524,249.37921,8.422196,10.013046,361.2016
87.60239,15.390199,247.28688,248.08693,7.8326135,9.195796,321.02438
90.647514,15.350414,245.12573,246.15314,7.1901803,8.579371,280.37302
93.692635,15.310632,242.96465,244.2194,6.5477495,7.962949,233.55914
93.8516,15.438754,241.02951,242.36522,6.1897507,7.6621284,209.95857
94.01057,15.5668745,239.09438,240.51108,5.8317547,7.361309,187.40788
95.123245,15.564314,233.54286,235.5291,5.8152704,7.4855094,195.53265
96.23593,15.561754,227.99133,230.54713,5.798787,7.6097093,203.30688
95.48902,15.672488,229.37659,231.77466,6.2915745,8.199135,246.54579
94.74212,15.783223,230.7618,233.0022,6.7843595,8.788558,289.42575
94.41097,15.855483,228.64641,230.9104,6.737333,8.908377,295.06128
94.07983,15.927746,226.53104,228.81856,6.690306,9.028196,299.0164
93.445175,16.024792,230.70143,232.79576,7.7117834,10.223412,377.77347
92.810524,16.121841,234.87183,236.77296,8.733263,11.418626,442.57758
92.94751,16.125244,235.18573,237.14229,8.629196,11.393152,439.1151
93.0845,16.128649,235.49957,237.51166,8.525129,11.367679,435.3894
92.969696,16.163692,235.43803,237.8218,8.352237,11.235303,427.65292
92.85488,16.198734,235.3765,238.13191,8.179346,11.102928,420.70343
93.0824,16.195368,237.01125,239.93797,8.019091,10.925933,411.3026
93.30992,16.192003,238.646,241.74408,7.8588343,10.748935,401.18137
93.173035,16.213518,239.16684,242.70538,7.986891,10.960508,412.97952
93.03614,16.235033,239.68767,243.66675,8.114949,11.17208,424.05563
92.37247,16.288666,239.60622,243.57997,8.120632,11.219711,426.36978
91.70878,16.342299,239.52477,243.49326,8.126313,11.267344,427.99417
90.94689,16.391825,237.47153,241.43881,8.057308,11.260787,425.58783
90.185005,16.441353,235.41832,239.38443,7.988303,11.254229,422.69943
89.53916,16.498652,234.81992,238.60596,8.190235,11.5461645,436.47958
88.89332,16.55595,234.22157,237.82755,8.392168,11.838098,451.6042
88.61608,16.566559,233.42543,236.6622,8.728467,12.291227,474.8673
88.33883,16.57717,232.62929,235.49686,9.064767,12.744355,497.0936
87.53459,16.555216,231.96777,234.88933,9.097297,12.730278,497.57916
86.73034,16.533262,231.30632,234.28186,9.129826,12.716199,497.8733
87.70082,16.409822,231.39877,234.2846,9.146568,12.560625,493.83243
88.671295,16.286383,231.49118,234.28741,9.163313,12.405051,491.15894
90.35761,16.060732,232.8318,235.0991,9.56921,12.492378,502.72818
92.04394,15.835079,234.17242,235.91081,9.975106,12.579706,509.34845
91.50112,15.816666,237.94894,239.87598,9.626716,12.161176,492.1117
90.95831,15.798251,241.72548,243.84114,9.278324,11.742649,472.633
90.66793,15.7620125,241.4571,243.43341,8.933015,11.21674,446.19363
90.377556,15.725774,241.18867,243.02574,8.587707,10.690832,416.86157
91.03814,15.606766,243.72585,245.49197,8.882884,10.92247,431.09418
91.698715,15.48776,246.26302,247.95822,9.178062,11.154109,444.48492
90.29022,15.540737,247.05566,248.67621,9.020824,10.996974,437.65872
88.88173,15.593713,247.84831,249.39421,8.8635845,10.839839,427.99048
88.78392,15.597719,248.02797,249.47661,9.364849,11.497924,463.32285
88.68611,15.601727,248.20758,249.55905,9.866116,12.15601,493.53745
88.09896,15.599021,250.47882,251.7809,10.341609,12.71703,515.68414
87.5118,15.596318,252.75008,254.00278,10.817102,13.2780485,534.0334
87.49617,15.609984,254.27974,255.53667,10.596001,13.023076,525.076
87.480545,15.623653,255.80945,257.07056,10.374901,12.7681055,515.40643
88.77205,15.543321,255.96516,257.16882,9.978557,12.160566,492.88977
90.06356,15.46299,256.12085,257.26706,9.5822115,11.553028,466.64383
89.952934,15.453134,259.06937,260.0415,9.879585,11.906327,482.4374
89.84231,15.443279,262.0179,262.8159,10.176958,12.259628,497.0282
90.1863,15.411452,264.75076,265.48724,10.48019,12.5862465,509.44913
90.530304,15.379625,267.4836,268.15863,10.783422,12.912866,520.7837
90.62015,15.367893,270.02118,270.71548,10.80132,12.9235115,520.49164
90.70998,15.356161,272.5587,273.27237,10.81922,12.93416,520.3654
90.28531,15.346379,274.90985,275.56073,10.692963,12.771971,514.52576
89.86064,15.3366,277.26096,277.84915,10.566708,12.60978,507.80685
89.36178,15.368604,277.4843,278.13037,10.63268,12.66136,509.4076
88.86292,15.400608,277.70764,278.4116,10.698653,12.712938,510.95032
88.55984,15.384425,278.14948,278.87073,10.572155,12.522257,503.69815
88.25676,15.368243,278.5913,279.32983,10.445656,12.331575,495.80856
88.05797,15.403934,278.74152,279.5436,10.267766,12.088625,484.46408
87.859184,15.439627,278.8917,279.75735,10.089876,11.845677,471.80722
87.7263,15.461537,278.93637,279.8118,10.162407,11.95666,476.90125
87.59342,15.483445,278.98102,279.86618,10.23494,12.067643,481.76352
87.585205,15.472385,277.88644,278.68613,10.158408,11.95677,476.72156
87.577,15.461324,276.79193,277.50607,10.081878,11.845899,471.5996
87.309296,15.505816,277.7079,278.51532,10.12328,11.924937,474.17154
87.04159,15.55031,278.62384,279.52463,10.164684,12.003973,476.75372
86.42496,15.640154,279.72238,280.6062,9.964156,11.787168,462.802
85.808334,15.729998,280.82098,281.68774,9.763627,11.570358,448.31766
86.00161,15.812736,279.6561,280.54138,9.660889,11.515864,444.6542
86.19489,15.895475,278.49118,279.39502,9.55815,11.461367,440.98376
86.322105,15.962905,279.45862,280.58923,9.117317,11.006297,415.02237
86.44932,16.030334,280.42603,281.78345,8.676482,10.551227,388.18787
86.49112,16.088253,285.05356,286.50784,7.801944,9.560584,323.5142
86.53291,16.146173,289.6811,291.23224,6.9274054,8.569939,258.23047
87.551735,16.11745,291.29367,293.13983,5.938437,7.3523827,180.81259
88.57056,16.088726,292.90622,295.04745,4.9494686,6.134825,107.943825
88.940025,16.055878,296.47653,298.77966,4.2416563,5.204632,57.921436
89.309494,16.023031,300.0468,302.5119,3.5338447,4.2744374,15.139791
89.477036,16.014153,299.98715,303.38687,3.0819478,3.7197025,-10.3362665
89.64458,16.005274,299.92746,304.26184,2.630051,3.1649687,-38.73371
89.90968,16.003822,301.5257,307.72784,2.3110638,2.790548,-58.07983
90.1748,16.00237,303.12393,311.1938,1.9920766,2.4161263,-75.34094
90.45028,15.98476,287.45316,292.77222,1.7770444,2.0952706,-91.58885
90.72576,15.967151,271.78235,274.35065,1.5620123,1.7744148,-92.655426
91.11956,15.929666,262.20984,263.9748,1.5838518,1.7735833,-90.674034
91.51336,15.89218,252.63736,253.59895,1.6056923,1.7727505,-88.62096
91.76073,15.850348,240.89459,241.01709,1.2856144,1.4124312,-100.57393
92.00809,15.808516,229.15176,228.43527,0.9655366,1.0521121,-112.378235
91.988914,15.778037,209.4042,208.61786,1.275636,1.3764738,-95.80355
91.969734,15.747559,189.65663,188.80046,1.5857344,1.7008355,-80.14108
91.84466,15.729051,177.789,177.39682,1.9424901,2.0937397,-64.810875
91.71959,15.710541,165.92139,165.99316,2.2992456,2.486644,-49.238884
90.731964,16.035349,157.67569,161.51175,2.7970226,3.4836164,-31.086943
89.74434,16.360155,149.43001,157.03035,3.2948008,4.4805884,26.925072
89.3019,16.460016,146.39088,154.03412,3.696389,5.1356087,61.921124
88.85945,16.55988,143.35176,151.03792,4.097977,5.790629,98.87698
88.53944,16.626049,141.5541,148.94363,4.325319,6.206175,122.57237
88.21942,16.692217,139.75641,146.84932,4.5526605,6.6217194,146.62642
87.43751,16.763933,137.26572,144.24208,4.909523,7.1197066,174.89572
86.65559,16.83565,134.775,141.63487,5.2663856,7.617694,203.04749
87.338,16.829945,133.11336,138.99477,5.93784,8.299832,240.49654
88.02042,16.82424,131.45169,136.35469,6.609294,8.981974,281.85178
89.75536,16.727392,135.44315,139.12584,6.78414,9.024945,282.2479
91.49031,16.630545,139.43457,141.89702,6.958986,9.067918,280.48413
91.61472,16.520443,138.24626,140.24126,7.22249,9.198501,289.5909
91.739136,16.41034,137.05797,138.58553,7.485992,9.329084,299.09683
91.84805,16.20609,138.64844,139.91277,8.201313,9.958212,346.88394
91.95697,16.001842,140.23892,141.23999,8.9166355,10.5873375,393.87753
90.57053,15.625973,135.64607,136.07733,9.085849,10.600468,392.13788
89.1841,15.250101,131.05322,130.91464,9.255064,10.613598,391.834
88.87648,14.9952135,113.91463,114.099335,9.177551,10.467366,377.8218
88.56888,14.740326,96.776024,97.28403,9.100039,10.3211355,367.02176
89.34464,15.246308,95.33789,96.145134,10.097627,11.887072,458.98798
90.12041,15.752288,93.89975,95.00621,11.095216,13.453005,522.3669
91.704,15.850611,95.865746,97.41795,11.000365,13.396682,521.0564
93.28759,15.948931,97.83175,99.82969,10.905517,13.340359,517.2222
93.55174,16.042442,108.985,111.91159,10.167789,12.5265665,491.701
93.8159,16.135954,120.13825,123.99348,9.430065,11.712775,456.5118
93.91831,16.188745,135.85394,140.0331,8.223259,10.198358,367.50372
94.02071,16.24154,151.56966,156.07272,7.0164533,8.683939,258.78012
93.04334,16.296473,164.19691,169.01299,6.3664002,7.8538723,213.77296
92.06597,16.351404,176.82417,181.95323,5.7163486,7.023806,170.21184
91.5418,16.351461,181.43011,186.85234,5.223207,6.505507,144.02844
91.01764,16.35152,186.03607,191.75148,4.730064,5.9872065,112.92406
90.74982,16.296707,190.15152,194.91455,4.4296417,5.535055,83.93359
90.482,16.241896,194.26695,198.07762,4.1292186,5.082902,55.535442
90.446365,16.199844,172.82748,174.02585,3.9992952,4.79869,36.270416
90.410736,16.15779,151.388,149.97408,3.869373,4.5144773,25.703068
90.15197,16.162743,138.22134,127.6694,4.7814403,5.67472,83.38685
89.893196,16.167698,125.05468,105.36476,5.6935077,6.8349624,109.76495
89.67392,16.227219,84.76915,75.50431,6.66811,8.166411,171.15506
89.45464,16.28674,44.483643,45.643883,7.6427126,9.497858,302.8146
89.514114,16.249647,30.583437,31.722929,9.090054,11.264681,397.80438
89.573586,16.212555,16.683254,17.801975,10.537395,13.031501,476.9607
89.21387,16.206936,15.313438,11.437076,11.258279,13.929934,495.99652
88.85416,16.201313,13.943647,5.072201,11.979162,14.828363,498.87924
87.31288,16.274847,97.27973,78.53328,12.760943,15.912702,459.10077
85.771614,16.34838,180.61578,151.99435,13.5427265,16.997038,435.59894
86.3802,16.2921,179.29572,165.64749,14.207016,17.870787,509.25278
86.988785,16.235823,177.97565,179.3006,14.871307,18.744532,566.9652
89.251976,15.920479,217.48302,209.01625,14.819121,18.802937,535.34454
91.51516,15.605138,256.99036,238.73187,14.766933,18.861343,500.99335
90.97553,15.525492,271.4623,238.11678,14.75183,18.790123,436.39026
90.4359,15.445846,285.9343,237.50168,14.736727,18.718903,383.67868
89.242714,15.420696,315.1409,291.68103,14.579375,18.480743,490.983
88.04954,15.395545,344.34753,345.86035,14.422026,18.242582,600.84344
86.741844,15.309482,348.759,335.12668,13.969706,17.586926,547.5106
85.434135,15.22342,353.17044,324.393,13.517383,16.931269,474.48602
85.19182,15.309178,353.85526,335.04825,12.906239,16.134096,516.218
84.9495,15.394939,354.54007,345.70346,12.2950945,15.336927,551.042
86.05097,15.333067,351.54135,347.59644,12.07656,15.051041,566.82574
87.152435,15.271196,348.54257,349.48938,11.858025,14.765153,575.2082
83.83842,15.448674,347.58038,348.56906,11.521803,14.3944435,566.04083
80.52441,15.626154,346.6182,347.6487,11.18558,14.023734,554.22833
80.00523,15.636149,344.80753,346.0293,10.946046,13.698423,543.1613
79.48607,15.646145,342.99686,344.4099,10.706513,13.373114,529.1177
80.039474,15.603667,340.46533,341.90448,10.371634,12.908087,507.72748
80.59288,15.561189,337.9338,339.3991,10.036753,12.443058,483.7483
80.78834,15.545452,333.91162,335.4367,9.865177,12.196291,471.06454
80.983795,15.529718,329.8894,331.47437,9.693602,11.949522,458.17715
81.77391,15.44611,328.69583,330.18143,9.693779,11.889172,455.79648
82.564026,15.362502,327.50217,328.8885,9.693954,11.82882,453.17172
82.18418,15.421168,326.82593,328.17743,9.104311,11.161606,412.11447
81.804344,15.4798355,326.14966,327.46637,8.514668,10.49439,366.044
81.667755,15.536709,322.04083,323.80524,7.9862676,9.958374,329.34097
81.531166,15.593585,317.93204,320.1441,7.457869,9.422359,290.15045
82.49377,15.589967,314.94394,317.30566,7.3752995,9.337822,288.9504
83.45636,15.586349,311.95584,314.46725,7.2927294,9.253284,287.903
84.20706,15.588424,309.0857,311.7979,7.201792,9.170057,285.70828
84.95776,15.590502,306.21555,309.12857,7.110854,9.086831,284.05322
85.37935,15.572014,305.52853,308.67368,7.1394744,9.151965,290.66592
85.80093,15.553525,304.84146,308.2188,7.168094,9.217096,297.2053
86.02648,15.58452,306.29623,309.52475,7.0918784,9.201014,296.15884
86.252045,15.615517,307.75098,310.83066,7.015664,9.184931,294.7311
86.49715,15.601221,309.11234,312.04984,7.1367855,9.316294,303.74637
86.742256,15.586925,310.47375,313.26895,7.2579093,9.447659,312.8453
86.74054,15.627605,311.5938,314.55768,7.1956735,9.456997,312.91315
86.73884,15.668283,312.71387,315.8464,7.1334357,9.466334,312.92838
87.80012,15.639851,314.7654,317.92813,7.1330643,9.431882,312.22363
88.86141,15.611417,316.81693,320.00986,7.132693,9.397432,311.2455
89.53501,15.592403,318.773,321.7803,7.1002016,9.302053,305.0845
90.20861,15.573387,320.72903,323.55078,7.0677085,9.206676,298.3782
90.75406,15.518938,320.83063,323.482,6.933955,8.993541,284.36343
91.29951,15.464485,320.93222,323.4132,6.8001995,8.780403,269.83862
90.31285,15.458478,320.3455,322.65695,6.874338,8.806923,273.06183
89.32619,15.452472,319.7588,321.90076,6.948475,8.833441,275.00824
89.224174,15.446541,318.1066,320.48566,6.752837,8.631742,261.8835
89.122154,15.44061,316.45438,319.07056,6.5572,8.430044,248.90529
88.95288,15.50158,315.90286,317.63242,7.316729,8.942057,283.89246
88.78361,15.5625515,315.35138,316.19424,8.076261,9.454068,313.9807
89.39228,15.524176,315.68015,316.49405,8.143412,9.511338,317.6539
90.00096,15.485799,316.00894,316.7939,8.210566,9.568608,322.09015
89.65162,15.481862,317.87738,318.5769,8.375504,9.764949,332.49973
89.302284,15.477926,319.74585,320.3599,8.5404415,9.96129,343.05923
87.654396,15.543884,318.75732,319.3376,8.711814,10.182525,355.43417
86.00651,15.609844,317.76874,318.31522,8.883186,10.403757,367.78073
87.39371,15.489093,317.79327,318.36688,8.916803,10.413812,369.68057
88.780914,15.368341,317.81784,318.41855,8.950421,10.423865,371.9993
89.02077,15.358523,320.64798,321.42535,8.917108,10.40529,369.8775
89.26063,15.348705,323.47815,324.43213,8.883791,10.386716,367.49075
88.495056,15.38393,325.11688,325.92218,8.680384,10.10706,349.1682
87.729485,15.419156,326.75558,327.41214,8.476975,9.827405,330.0846
87.87542,15.395155,328.1226,328.85132,8.391791,9.730953,323.6002
88.02134,15.371151,329.4896,330.29047,8.306608,9.634501,317.2855
87.98105,15.381441,331.14505,331.91245,8.157902,9.445395,304.85983
87.94075,15.39173,332.8005,333.5344,8.009197,9.256288,292.4176
87.905075,15.405406,334.20526,334.9228,7.7906523,9.010546,276.35602
87.86939,15.419082,335.61002,336.3112,7.5721073,8.764804,259.91837
87.19176,15.444659,335.68298,336.34546,7.381957,8.498978,240.84233
86.514114,15.470235,335.75592,336.37973,7.191808,8.233152,219.71397
86.1862,15.479723,334.5954,335.23444,7.098588,8.129975,211.65337
85.858284,15.48921,333.43494,334.0892,7.0053654,8.026798,203.50996
85.03909,15.53174,333.3429,334.00638,6.881729,7.890036,189.43787
84.2199,15.574271,333.2509,333.92358,6.758093,7.7532735,175.73296
84.64395,15.563648,333.53082,334.20013,6.7597466,7.752674,177.94652
85.06799,15.553026,333.81076,334.47668,6.7614007,7.7520742,179.88972
85.34161,15.520825,335.1651,335.78995,6.7853165,7.7567115,180.90468
85.615234,15.488624,336.5194,337.10324,6.8092303,7.761348,181.75117
85.74668,15.441003,336.17014,336.6997,6.7597985,7.6876407,177.75319
85.87812,15.393382,335.8209,336.29614,6.7103667,7.6139355,173.81586
85.14553,15.42871,337.56216,337.92596,6.412674,7.2823057,147.8063
84.41295,15.464038,339.30338,339.5557,6.1149826,6.950676,123.254776
83.44082,15.496195,339.3866,339.74872,5.857528,6.6477346,102.11
82.46868,15.528355,339.46988,339.94174,5.6000733,6.344792,84.50963
81.38041,15.545794,339.47067,339.87836,5.27962,5.9654875,64.95271
80.29213,15.563232,339.4714,339.815,4.9591656,5.5861835,45.604218
79.97508,15.575996,341.76874,342.08148,4.497405,5.0506473,21.94929
79.658035,15.588763,344.0661,344.34796,4.0356445,4.515111,-2.1823099
79.67867,15.589109,344.74005,345.0916,3.655819,4.0640554,-18.979574
79.699326,15.589455,345.41403,345.83527,3.2759924,3.612999,-30.01304
79.596466,15.564585,340.24066,340.7424,2.7394693,2.9870167,-36.652435
79.493614,15.539713,335.06723,335.6495,2.202946,2.3610332,-38.18673
79.63255,15.499432,326.40466,326.7353,1.8037648,1.914836,-38.99627
79.7715,15.459152,317.74207,317.82104,1.4045826,1.4686389,-43.016636
79.9075,15.410733,285.47662,285.26132,1.0671586,1.1105351,-46.213497
80.0435,15.362314,253.21118,252.7016,0.7297346,0.7524314,-54.33414
81.69759,14.91603,173.10318,172.93402,1.044569,1.0910317,-64.33818
83.35168,14.4697485,92.995224,93.16646,1.3594035,1.4296318,-58.247425
83.25972,14.506156,104.27753,104.469696,1.7775428,1.886915,-53.61469
83.167755,14.542563,115.55985,115.77291,2.195682,2.3441968,-42.096893
82.95391,14.5822115,118.83929,119.09247,2.5683718,2.7533195,-30.743517
82.74007,14.621861,122.11875,122.412025,2.9410622,3.1624413,-18.489418
83.1331,14.632947,123.30129,123.66774,3.3651881,3.638816,-5.349127
83.52614,14.6440325,124.48386,124.92345,3.7893128,4.11519,9.5068245
84.37089,14.638193,120.33973,120.874115,4.2059355,4.6108537,26.817427
85.21564,14.632352,116.19558,116.824814,4.6225576,5.1065183,48.97795
86.21677,14.624869,116.71062,117.38032,4.9964957,5.6532826,78.17576
87.21788,14.617388,117.225624,117.93583,5.3704324,6.2000465,107.98343
88.27886,14.594024,125.48603,126.20895,5.8563824,6.764196,138.8131
89.339836,14.570659,133.74643,134.48209,6.3423324,7.328345,169.63873
89.297066,14.629365,148.45215,149.20688,5.937841,6.797569,145.34744
89.25429,14.688071,163.15787,163.9317,5.5333495,6.266793,120.88061
88.303,14.73756,177.08578,177.75705,5.658338,6.3923063,128.33797
87.35172,14.787052,191.01372,191.58243,5.7833276,6.517819,134.69185
86.32091,14.698012,213.20914,213.45345,5.1243534,5.7125325,89.39329
85.29009,14.608971,235.4046,235.32448,4.4653807,4.9072447,44.74395
84.21998,14.577473,230.22794,230.07391,3.885223,4.2239137,22.838419
83.14985,14.545975,225.05125,224.8233,3.3050668,3.5405827,6.0968943
82.30163,14.507067,210.7004,210.59149,2.9536865,3.1506402,1.3991908
81.45341,14.468161,196.3495,196.3597,2.6023068,2.760697,-9.820325
80.96049,14.403016,171.15175,171.24008,2.661859,2.8187752,-16.267944
80.467575,14.337871,145.95398,146.12048,2.721412,2.8768523,-22.200094
80.360214,14.282143,133.53824,133.7761,2.893638,3.069413,-17.815628
80.25286,14.226413,121.12253,121.43169,3.065864,3.2619739,-14.638781
79.83875,14.263034,114.84531,115.05799,3.4649994,3.7133448,-2.2322764
79.42463,14.299652,108.56808,108.684265,3.8641336,4.164716,10.447529
79.21147,14.351979,103.830055,104.186584,4.1054015,4.453447,18.522135
78.99832,14.404306,99.092026,99.6889,4.34667,4.7421775,28.82006
78.476685,14.430023,96.56988,97.06141,4.5218606,4.9176593,34.762478
77.95506,14.45574,94.0477,94.433914,4.6970506,5.0931406,40.43155
79.01725,14.37871,85.99222,86.25844,4.4820905,4.8346424,32.71977
80.07944,14.3016815,77.93673,78.08294,4.2671294,4.576144,26.798782
80.79842,14.274092,64.26485,64.33723,4.37437,4.6953297,30.65633
81.51741,14.246504,50.592937,50.591496,4.481612,4.814515,30.932613
81.498,14.2833805,43.53242,43.548817,4.735779,5.1082654,39.675617
81.4786,14.320259,36.471905,36.50611,4.989946,5.4020157,50.97969
81.48317,14.3546505,31.277956,31.266733,5.2276683,5.6812353,63.916237
81.48774,14.389042,26.084003,26.02733,5.465391,5.9604545,80.90712
81.11852,14.435598,26.125072,26.068653,5.5345626,6.0579624,87.001945
80.7493,14.482154,26.166115,26.109976,5.603736,6.1554713,93.98746
80.19352,14.541179,56.783157,56.744843,5.509277,6.0671215,84.689384
79.63775,14.600203,87.4002,87.379684,5.414819,5.978772,79.190796
79.24052,14.649814,110.40807,115.38164,5.236636,5.7831097,78.2606
78.84329,14.699425,133.41597,143.38362,5.0584545,5.587447,92.783104
81.0546,14.316882,172.51503,177.5247,3.6402645,3.941005,20.938509
83.26592,13.93434,211.6141,211.66577,2.222076,2.2945628,-20.958124
81.888306,13.967241,150.87083,151.26294,2.5161386,2.600794,-29.27348
80.51069,14.000143,90.127594,90.86008,2.8102021,2.907025,-18.95
79.63439,14.033758,60.77761,56.386677,3.5285282,3.7032557,27.574778
78.7581,14.067372,31.427652,21.913252,4.246855,4.4994874,54.252308
78.34751,14.100203,190.20827,185.63666,4.990567,5.3568482,58.62636
77.93693,14.13303,348.98883,349.36008,5.734279,6.2142086,71.38784
81.40247,14.054472,346.888,347.38318,7.2752395,8.089363,190.08858
84.86802,13.975916,344.78717,345.40622,8.816198,9.964515,333.32333
87.287506,13.795428,347.80707,348.5482,11.304273,13.3299675,526.10187
89.70699,13.61494,350.827,351.6902,13.792347,16.69542,580.1395
88.64631,13.579282,347.7602,348.45746,14.291422,17.32004,585.4462
87.58563,13.543623,344.69333,345.22476,14.790495,17.944654,589.7278
86.04843,13.578775,345.19226,345.81522,14.759886,17.92836,591.81165
84.51123,13.613929,345.6911,346.4057,14.729275,17.912066,594.14996
82.852905,13.765233,348.6167,349.3082,14.249421,17.292215,592.46576
81.19459,13.916537,351.54233,352.21066,13.769569,16.672367,592.1801
79.93983,14.038599,349.1927,349.85574,13.229829,15.946887,589.55914
78.68507,14.160658,346.843,347.50082,12.690089,15.221408,583.8329
80.36932,14.023219,345.05035,345.64807,12.555069,14.934457,580.56305
82.05358,13.885779,343.25772,343.7953,12.420049,14.647508,573.5723
82.48944,13.854649,342.77127,343.41153,12.198328,14.365495,566.7298
82.925316,13.823517,342.28485,343.02774,11.976607,14.083483,558.97815
80.73226,14.004455,337.9496,338.70404,11.781044,13.871891,555.34735
78.5392,14.185395,333.61435,334.38037,11.585478,13.6603,549.6649
76.17229,14.370111,332.2704,332.97824,11.840035,14.095212,555.5948
73.805374,14.554831,330.92642,331.57617,12.094591,14.530123,558.63727
77.827805,14.244966,334.54025,335.08917,12.366177,14.747082,573.73755
81.85023,13.935101,338.15408,338.60217,12.637763,14.964041,578.63196
79.57467,14.106165,337.90933,338.47998,11.973184,14.1736555,564.1016
77.299126,14.277229,337.6646,338.35782,11.308605,13.383272,536.58435
74.60603,14.445229,336.0417,336.72668,11.495122,13.702188,537.8159
71.91293,14.613227,334.4188,335.0956,11.681639,14.021102,538.54376
71.12152,14.741661,334.46524,335.22458,11.530208,13.903124,531.46686
70.33011,14.870095,334.51175,335.35358,11.378777,13.785147,524.0605
72.06849,14.76432,335.29745,336.038,11.5104265,13.877933,533.979
73.80686,14.658546,336.08322,336.72235,11.6420765,13.97072,542.83417
75.29377,14.529528,338.3706,338.90344,11.422629,13.625261,536.66656
76.78068,14.400509,340.65793,341.08453,11.203184,13.279804,529.8978
75.98967,14.5069895,340.5596,341.03683,10.519108,12.444631,490.84363
75.19866,14.613473,340.46124,340.98914,9.835033,11.609461,443.90927
73.9633,14.6802435,338.1401,338.7113,9.688176,11.414867,426.10434
72.72794,14.747014,335.81897,336.4334,9.541317,11.220272,408.1077
72.54883,14.7481,335.31918,335.92163,9.415166,11.064043,397.2218
72.36971,14.749186,334.8194,335.40982,9.289015,10.907813,385.733
72.04296,14.806236,332.63654,333.21857,9.146349,10.763898,373.48694
71.71621,14.863285,330.4537,331.02725,9.003684,10.619984,361.70544
71.85863,14.815849,326.50616,326.9937,9.974158,11.668201,432.8445
72.00105,14.768416,322.5587,322.9602,10.944632,12.71642,492.17065
71.30333,14.78976,323.1256,323.54028,11.012974,12.822129,493.55798
70.605606,14.811103,323.6926,324.12033,11.081313,12.927838,495.03778
70.794586,14.761528,323.7957,324.1924,11.026133,12.83195,492.03128
70.983574,14.711953,323.89877,324.26453,10.97095,12.736059,488.9467
70.86488,14.680994,323.96783,324.34674,10.860871,12.581702,481.6174
70.74621,14.650036,324.0369,324.429,10.750793,12.427344,474.14072
70.39699,14.656486,323.49448,323.8903,10.584952,12.207049,461.6366
70.047775,14.662936,322.95206,323.35165,10.419111,11.986752,447.54187
70.217606,14.665721,321.6603,322.05,10.250071,11.768013,436.41522
70.387436,14.668505,320.36853,320.7483,10.081027,11.549273,424.59503
69.95174,14.750218,319.48398,319.92288,9.912879,11.35273,409.2081
69.516045,14.831929,318.59933,319.0974,9.744731,11.156187,392.95154
69.50685,14.856068,316.91647,317.4619,9.525345,10.877049,374.29578
69.497665,14.880205,315.2336,315.8264,9.30596,10.597911,354.58768
69.94753,14.874895,312.36145,313.01138,9.123369,10.333547,339.5165
70.39739,14.869585,309.48935,310.19644,8.94078,10.069182,324.4678
71.36572,14.783833,305.5254,306.10596,8.653894,9.685081,305.67963
72.33406,14.698079,301.56143,302.01547,8.36701,9.300976,287.31592
72.98651,14.707437,296.7795,297.15018,8.215685,9.127207,276.87158
73.63897,14.716794,291.99765,292.2848,8.06436,8.953439,265.59958
74.843506,14.716429,287.66776,287.9401,8.092242,8.99492,272.12033
76.04806,14.7160635,283.33783,283.59534,8.120127,9.036401,275.53745
76.86033,14.752892,284.4934,284.7741,8.130837,9.039021,275.82788
77.67259,14.789717,285.64896,285.95288,8.141546,9.041642,276.59744
79.833115,14.715746,285.7132,285.90573,8.015842,8.914446,269.72675
81.99363,14.641775,285.7775,285.85852,7.8901386,8.787252,265.69727
81.02869,14.783114,283.94562,284.12106,7.845543,8.784506,258.68036
80.063736,14.924453,282.11377,282.38364,7.800947,8.78176,254.19493
78.84418,15.030669,280.339,280.7402,7.4528036,8.423902,223.81491
77.62461,15.136886,278.56424,279.09683,7.104662,8.066043,194.42004
78.03241,15.2164545,274.38995,275.08252,6.798262,7.7507973,178.2943
78.4402,15.296023,270.21573,271.06824,6.491862,7.435551,163.05186
78.74497,15.354838,265.68552,266.86356,6.218772,7.150664,148.48871
79.04976,15.413651,261.1553,262.65887,5.945683,6.8657775,134.3667
78.92341,15.506154,258.1491,260.19824,5.8594365,6.890052,137.91905
78.797066,15.598657,255.14297,257.73755,5.7731915,6.914325,141.50168
78.71449,15.685319,256.13007,258.965,5.9357147,7.3348994,166.76036
78.63192,15.77198,257.1172,260.19244,6.098238,7.755473,191.57129
78.79689,15.838861,261.8442,265.19006,6.478471,8.333207,223.72255
78.96186,15.9057455,266.57123,270.18765,6.858704,8.91094,259.0081
78.28229,15.9503,272.9197,275.75574,7.5700817,9.657625,308.3908
77.602715,15.994856,279.26822,281.32385,8.281458,10.404313,364.2915
78.43699,15.828028,280.89304,282.4979,8.8036585,10.861656,398.68417
79.271255,15.661199,282.51782,283.672,9.325858,11.319001,432.7783
79.94549,15.537727,280.78317,281.7813,9.396584,11.271258,431.58002
80.619705,15.414255,279.0485,279.8907,9.467306,11.223518,429.66037
81.20673,15.153961,277.99472,278.88095,9.770622,11.68677,460.6556
81.79377,14.893667,276.94098,277.87122,10.073938,12.1500225,487.1106
82.13464,14.756294,277.41852,278.361,10.229901,12.2813,494.25525
82.47551,14.618921,277.896,278.85077,10.385867,12.412578,501.25217
82.6613,14.568444,277.14197,278.16336,10.295811,12.270083,495.517
82.84709,14.517964,276.388,277.47595,10.205756,12.127586,489.60715
83.54783,14.440509,276.63513,277.61307,10.23579,12.106773,489.2567
84.24857,14.363054,276.88232,277.75018,10.265826,12.085959,489.92557
84.541565,14.353189,278.33765,279.12457,10.238128,12.030103,487.27005
84.83455,14.343324,279.79294,280.4989,10.210426,11.974243,484.45273
84.774185,14.292247,281.16043,282.10477,10.287206,12.080319,490.04565
84.71381,14.24117,282.52798,283.71063,10.363985,12.186398,495.50916
83.519005,14.205609,285.7628,286.70773,10.466871,12.277755,497.69196
82.324196,14.170047,288.99756,289.70486,10.569757,12.369111,501.14645
81.19222,14.127455,290.92114,291.4994,10.59818,12.377822,502.2865
80.06026,14.084863,292.84467,293.29395,10.626602,12.386534,503.99625
79.330826,14.0507145,292.66638,293.07346,10.645263,12.378188,504.752
78.601395,14.016564,292.4881,292.85294,10.663923,12.3698435,505.1438
78.27918,13.95623,292.1457,292.51273,10.508009,12.129035,494.11255
77.95696,13.895894,291.80328,292.17252,10.3520975,11.888225,482.05792
78.14445,13.852288,291.2417,291.5763,10.200267,11.66496,470.16364
78.331924,13.808683,290.68008,290.98007,10.048438,11.441696,458.05206
77.914734,13.845707,289.04282,289.36606,9.932632,11.312133,449.6357
77.49754,13.8827305,287.4056,287.75204,9.816828,11.182569,440.60995
76.06936,13.969006,287.9161,288.2012,9.778502,11.172416,436.77078
74.64116,14.055281,288.42664,288.65036,9.740178,11.162264,432.2148
73.599205,14.133299,290.41156,290.62167,9.271988,10.590285,390.5432
72.55725,14.211314,292.39655,292.59302,8.803798,10.018305,341.3471
72.36935,14.254273,294.27643,294.47415,8.323902,9.448156,296.87476
72.18144,14.297231,296.15634,296.3553,7.844007,8.878008,250.5259
71.94774,14.339083,296.66803,297.02,7.083387,7.995421,179.98976
71.714035,14.380935,297.17978,297.6847,6.322769,7.112833,120.09207
71.486626,14.472912,293.01685,293.92743,5.7770705,6.534797,90.39929
71.25922,14.564892,288.8539,290.1702,5.231373,5.956762,64.37318
71.22628,14.646601,285.74637,287.49625,4.7974024,5.468407,47.924015
71.193344,14.7283125,282.63882,284.82224,4.363433,4.980053,36.773396
71.20571,14.777838,276.24136,278.99924,3.9259808,4.4669776,25.526766
71.218094,14.827362,269.8439,273.1762,3.4885287,3.953902,15.331897
71.83,14.855965,260.46838,263.31137,3.8661082,4.3652377,23.7619
72.441925,14.884566,251.09285,253.44658,4.2436886,4.7765737,34.005695
73.25181,14.907464,246.9314,249.12607,4.6678777,5.329824,54.355362
74.06169,14.930363,242.76994,244.80559,5.0920663,5.8830743,81.092125
74.53482,14.9687395,243.69748,245.7906,5.408788,6.391583,109.67756
75.00795,15.007118,244.62495,246.77562,5.725509,6.9000916,139.13959
75.263504,15.059106,245.66614,247.86578,5.8039074,7.165642,155.87997
75.51905,15.111094,246.7073,248.95596,5.8823056,7.431193,172.51881
75.98629,15.157829,247.0651,249.35812,6.1707606,7.903527,200.30586
76.45353,15.204563,247.42284,249.76033,6.4592133,8.37586,227.96638
76.730675,15.148796,242.83345,244.79724,6.621379,8.209267,215.98172
77.00782,15.093028,238.24406,239.83418,6.7835445,8.042669,203.675
78.26074,15.215678,248.34181,250.25769,7.1028366,8.50345,233.67194
79.513664,15.338328,258.43958,260.68118,7.42213,8.964231,265.46692
78.050156,15.388114,270.3299,272.36475,7.6977673,9.210781,280.73962
76.58663,15.437901,282.22028,284.04834,7.973404,9.457329,297.54324
76.42608,15.382892,286.67532,288.2354,8.106832,9.558962,305.46133
76.265526,15.327881,291.13037,292.42245,8.240262,9.660595,313.68213
76.50721,15.254763,292.75854,293.83865,8.410723,9.7827,323.89102
76.74888,15.181645,294.38672,295.2548,8.581186,9.904804,334.2725
76.90137,15.086785,294.72235,295.6538,8.508026,9.7694235,324.621
77.05385,14.991928,295.058,296.05276,8.434869,9.634041,314.72794
77.475624,14.91296,294.83093,295.6394,8.40191,9.533983,307.9398
77.8974,14.833995,294.6038,295.226,8.368952,9.433927,301.8327
78.27719,14.764058,294.4692,295.00974,8.38956,9.423025,303.39035
78.656975,14.694119,294.33466,294.79346,8.410166,9.412127,304.8215
78.4825,14.631771,295.10892,295.595,8.291715,9.243109,292.70746
78.308014,14.569421,295.88324,296.39648,8.1732645,9.074092,280.23447
77.7894,14.537799,296.42612,296.85925,7.916885,8.756202,253.92589
77.27078,14.506179,296.96896,297.322,7.660504,8.438309,228.90279
77.10648,14.492218,296.8536,297.16766,7.4060407,8.139451,204.55112
76.94219,14.478254,296.73828,297.0133,7.151575,7.8405914,181.82838
76.46602,14.487684,295.54315,295.81235,6.8703294,7.5165076,158.10385
75.98984,14.497114,294.34802,294.61136,6.5890837,7.192424,137.84135
75.260635,14.517221,293.3582,293.58615,6.5590234,7.1621757,134.78596
74.53143,14.53733,292.36838,292.56085,6.5289655,7.131929,132.86931
73.75869,14.600791,292.446,292.6109,6.3886223,6.99388,123.54615
72.98594,14.664253,292.52368,292.661,6.2482786,6.85583,113.37139
72.41339,14.755785,291.53964,291.6788,5.9294405,6.5191813,91.82447
71.84084,14.847314,290.55557,290.69656,5.610602,6.182532,72.98194
71.85984,14.91783,292.55914,292.78516,4.8646665,5.3538556,40.235184
71.87883,14.988346,294.56268,294.87372,4.118731,4.5251784,18.93966
71.81305,15.040242,293.73483,294.12662,3.7563484,4.120754,9.578604
71.74727,15.092136,292.90698,293.37955,3.3939657,3.7163289,1.1994667
71.74239,15.146266,283.98682,284.55307,2.8946896,3.1543598,-5.753212
71.73751,15.200397,275.0667,275.72656,2.3954146,2.5923898,-14.789153
71.94547,15.260609,259.13675,260.13068,2.2215285,2.3942435,-21.311344
72.153435,15.320821,243.20688,244.53479,2.0476437,2.1960974,-27.820333
72.721275,15.374326,234.47772,235.88977,2.0229018,2.179432,-29.354912
73.2891,15.427831,225.74855,227.2448,1.9981599,2.162768,-30.886509
74.13916,15.479582,216.10258,217.63956,2.1170232,2.354445,-29.869434
74.98922,15.531331,206.4566,208.03432,2.2358854,2.546121,-27.564966
76.39808,15.569699,197.89804,201.2945,2.2454264,2.6783965,-30.033197
77.806946,15.608067,189.3395,194.55467,2.2549675,2.8106732,-28.472738
79.038734,15.656708,185.01842,191.16228,2.3305273,3.0537019,-21.151934
80.27052,15.705346,180.69731,187.7699,2.4060872,3.2967308,-14.527019
81.72814,15.759894,176.38892,185.00264,2.5529852,3.64046,-0.7580279
83.18575,15.81444,172.08049,182.23537,2.699883,3.9841878,13.044084
81.20102,15.797706,167.00578,173.92722,3.2170506,4.660775,48.44871
79.21629,15.780969,161.9311,165.61906,3.7342172,5.337364,76.61714
80.61484,15.820974,162.57193,167.61288,3.651031,5.4439692,83.24556
82.01339,15.860984,163.21277,169.60667,3.5678437,5.5505753,91.595406
83.383484,15.889298,161.53331,169.64534,3.5124946,5.5888734,95.014
84.75358,15.917614,159.85382,169.68404,3.4571443,5.6271715,97.399
86.05975,15.923741,161.65147,172.5369,3.3268783,5.4913983,91.0657
87.36593,15.929871,163.44913,175.38979,3.1966124,5.3556266,82.15254
88.22443,15.950902,165.33875,177.91382,3.2380211,5.3778787,83.78639
89.082924,15.971933,167.22835,180.43787,3.279431,5.4001317,85.82934
89.85593,15.976869,172.33801,187.69788,2.756275,4.7556586,49.925945
90.62892,15.981801,177.44766,194.95787,2.233118,4.111185,20.076822
91.03943,15.971887,180.74158,201.55148,2.0848718,3.750395,17.961811
91.449936,15.961972,184.03549,208.14507,1.9366255,3.389606,11.481211
91.4853,15.964872,189.1594,213.33324,1.9128833,3.266315,6.5580435
91.52065,15.967772,194.28333,218.52141,1.8891412,3.143024,1.8522962
91.45898,15.97178,203.80516,225.46088,1.8157277,3.1077256,-12.628574
91.397316,15.975789,213.32701,232.40033,1.7423131,3.0724273,-28.615824
91.465065,15.967773,221.36763,238.46265,1.6661551,3.005788,-41.704777
91.53282,15.959758,229.4083,244.52496,1.589997,2.939149,-51.91682
91.71279,15.949819,231.04836,244.36774,1.7195728,3.1448133,-41.93256
91.89276,15.939877,232.68842,244.21056,1.8491486,3.3504777,-31.68195
91.9463,15.940736,232.74274,243.52864,1.8724093,3.4941123,-25.526512
91.99984,15.941594,232.79706,242.84679,1.895669,3.6377468,-19.42525
91.982025,15.950338,229.86542,240.67033,1.7634776,3.5016048,-27.738003
91.96422,15.959086,226.93379,238.49391,1.6312851,3.3654616,-36.147945
92.00473,15.970305,225.93553,237.18472,1.583657,3.3490634,-38.593086
92.04525,15.9815235,224.93727,235.87556,1.536029,3.3326652,-41.073097
91.907,16.005714,212.90709,233.42433,1.155005,2.799961,-50.551826
91.76873,16.029903,200.87686,230.97308,0.77397984,2.2672572,-43.68371
91.90064,16.020163,162.58365,212.0942,0.9119181,1.740782,8.153376
92.032555,16.010422,124.29041,193.2153,1.0498564,1.2143068,41.947674
92.34463,15.993746,125.6549,170.41983,1.4448898,1.8910849,27.550316
92.6567,15.977071,127.0194,147.62436,1.8399233,2.5678642,-5.5638027
92.20449,16.056503,131.86931,149.29137,2.1443727,3.343796,6.9006166
91.75228,16.135937,136.71918,150.95839,2.4488213,4.1197276,23.62752
91.798805,16.186493,136.22919,151.57838,2.6361532,4.5977454,51.153816
91.84534,16.237051,135.73923,152.19833,2.8234844,5.075762,79.18512
91.239815,16.31181,134.89886,151.62976,3.0737731,5.492174,100.8253
90.63429,16.38657,134.05853,151.06114,3.324061,5.9085855,123.369804
89.4392,16.477919,135.69298,152.4717,3.6433167,6.4165454,146.61034
88.24411,16.569263,137.32741,153.88225,3.9625726,6.9245067,171.54504
86.36787,16.654697,141.84782,156.53659,4.2654076,7.451317,199.32764
84.49164,16.740133,146.36826,159.1909,4.568243,7.9781284,226.14272
82.18641,16.834097,150.29596,162.39418,4.91514,8.47861,250.70645
79.88118,16.92806,154.22365,165.59749,5.2620373,8.979092,281.27982
78.98703,16.98013,158.27365,168.36276,5.5378985,9.359941,304.6083
78.09288,17.032196,162.32365,171.12802,5.8137593,9.740787,326.66168
79.6971,17.266626,165.21384,173.35713,6.517134,10.479618,359.4753
81.30131,17.501057,168.10403,175.58623,7.22051,11.218446,395.60233
81.37975,17.502893,170.27216,177.11482,7.3099236,11.371315,404.23804
81.45819,17.50473,172.44029,178.64339,7.399339,11.524184,412.1652
82.0483,17.497032,175.15651,181.25739,7.4329185,11.559584,413.45676
82.63841,17.489332,177.87274,183.87138,7.4664965,11.594985,415.01746
83.56485,17.424948,180.24684,186.57593,7.173058,11.183496,393.1568
84.491295,17.360561,182.62091,189.28046,6.8796215,10.772007,372.60532
85.12925,17.285284,186.79543,193.8864,6.647638,10.443568,357.95358
85.76721,17.210009,190.9699,198.49232,6.415654,10.1151285,342.3036
86.53557,17.135681,194.15036,201.77583,6.355851,9.99238,336.22336
87.303925,17.061352,197.33081,205.05936,6.2960486,9.869632,330.15167
88.50406,16.990517,202.4521,209.85152,6.4247565,9.968253,336.9193
89.70418,16.919682,207.57343,214.64366,6.5534663,10.066875,346.38995
90.74297,16.84029,209.23308,215.69888,6.689681,10.146965,355.65408
91.78176,16.760895,210.89273,216.75415,6.8258953,10.227056,363.70438
92.302025,16.73368,213.5956,219.47781,7.090372,10.546359,383.83408
92.82229,16.706465,216.29846,222.20146,7.3548512,10.8656645,402.16547
93.32263,16.711279,217.69408,223.5146,7.57316,11.109352,414.51212
93.82298,16.716093,219.0897,224.82768,7.791469,11.353041,426.21033
93.780754,16.76556,221.05182,226.53624,7.7523723,11.386725,425.8102
93.738525,16.81503,223.01399,228.24475,7.7132754,11.42041,425.2759
92.50315,16.936829,224.05698,229.24977,7.318317,11.138582,406.34146
91.26777,17.058624,225.10002,230.25475,6.9233584,10.856754,385.5319
90.99429,17.103798,222.30504,227.84283,6.749961,10.705669,376.45258
90.72082,17.148975,219.51006,225.43092,6.5765634,10.554587,366.841
89.79557,17.215319,219.46681,226.54396,6.027327,9.977574,330.647
88.87032,17.281664,219.42351,227.657,5.478091,9.400559,297.8049
88.14256,17.30943,216.81285,226.33383,5.0649743,8.842373,269.15527
87.414795,17.337193,214.20224,225.01073,4.651858,8.284184,239.47733
87.299225,17.322409,206.07666,219.66885,4.0936117,7.4272947,191.72374
87.183655,17.307625,197.95111,214.327,3.5353668,6.5704055,141.59404
87.55887,17.264538,183.93286,202.02243,3.6125286,6.3575253,130.05467
87.934074,17.22145,169.91461,189.7179,3.6896904,6.144645,118.44611
88.62336,17.182276,163.06987,179.64285,4.2082596,6.788368,160.34479
89.31264,17.1431,156.22514,169.56784,4.726828,7.4320903,197.22234
89.28379,17.207396,156.3866,168.22835,4.8773694,7.8885612,219.61961
89.25495,17.271688,156.54803,166.88887,5.027911,8.345033,242.0401
88.863365,17.350193,158.71313,169.13622,5.098559,8.51793,250.35101
88.47178,17.428698,160.87827,171.38358,5.169207,8.690827,259.07516
87.67221,17.506807,166.74173,178.07822,5.1206,8.705965,261.39786
86.87264,17.584917,172.60521,184.77284,5.0719934,8.721101,263.99518
85.46595,17.664799,181.95802,194.9817,4.9625373,8.676053,262.40768
84.059265,17.744678,191.31085,205.19058,4.853082,8.631006,259.91977
83.26161,17.766603,195.5973,209.73396,4.776997,8.503457,252.44563
82.46397,17.788525,199.88377,214.2773,4.700912,8.375909,246.24968
82.59355,17.735804,201.60722,215.2388,4.7488027,8.454979,250.84358
82.72312,17.683086,203.3307,216.20026,4.7966933,8.534049,255.33923
82.86167,17.802526,204.90346,218.47377,4.0801735,7.2782693,182.90446
83.00021,17.921967,206.47621,220.74728,3.363654,6.0224905,113.29431
82.607895,17.850464,208.80011,220.79807,3.594744,6.369814,129.46222
82.215576,17.778961,211.124,220.8488,3.8258328,6.717138,145.63759
82.35691,17.72589,215.46968,223.92079,3.9580343,6.9660215,157.26152
82.498245,17.672817,219.81535,226.99278,4.0902357,7.2149053,169.23834
82.66117,17.595951,227.57481,234.27773,3.988289,7.103056,161.12863
82.82408,17.519089,235.33432,241.56271,3.8863437,6.9912076,153.75099
82.69769,17.451092,238.51628,244.94453,3.914626,6.9697495,153.20554
82.571304,17.383097,241.6983,248.32631,3.9429083,6.948292,153.1055
81.942795,17.311014,240.81879,247.05467,4.0743966,6.9741964,153.3277
81.314285,17.238934,239.93929,245.78299,4.2058854,7.000101,153.32922
81.39566,17.1274,234.8267,240.76083,4.271046,6.8341174,144.79015
81.47704,17.015865,229.71408,235.7387,4.3362074,6.668133,136.4175
82.0715,16.911692,222.48485,228.51787,4.4557195,6.6625037,137.49892
82.66596,16.807516,215.25562,221.29698,4.575232,6.656873,139.87546
84.08799,16.757557,211.66454,216.66742,5.00398,7.129983,171.03174
85.51001,16.707596,208.07344,212.03781,5.432727,7.6030936,197.79391
87.82317,16.539995,208.06242,210.68008,6.434544,8.430683,255.85689
90.136345,16.372395,208.05139,209.32236,7.4363623,9.258271,315.1641
89.856255,16.120522,212.0911,212.9528,8.208155,9.833628,360.39438
89.57616,15.868649,216.13084,216.58325,8.979946,10.408985,404.93823
87.95589,15.965708,213.39012,214.17543,8.58653,10.111894,377.184
86.33561,16.062767,210.64946,211.7676,8.193115,9.814804,346.72742
85.268074,16.34315,205.5913,208.07921,7.681094,9.719059,331.36288
84.20053,16.623533,200.53313,204.39084,7.169075,9.623317,318.65814
83.31567,16.830221,197.85098,203.237,6.683814,9.3370495,299.27606
82.43082,17.036911,195.16881,202.08316,6.1985517,9.050783,284.27286
82.48693,17.119684,194.45222,202.74704,5.795574,8.679373,266.55292
82.54305,17.202457,193.73561,203.41087,5.3925967,8.307961,247.21873
82.64082,17.269022,194.32474,204.98674,5.4310713,8.366919,249.45842
82.738594,17.335585,194.9139,206.5626,5.469547,8.425873,251.69073
82.73587,17.362173,194.11595,206.30179,5.4052405,8.452692,252.85643
82.73314,17.38876,193.31804,206.041,5.340934,8.479508,253.98228
82.7975,17.431562,192.73425,204.9397,5.491684,8.696161,265.6505
82.86187,17.474367,192.15045,203.83838,5.642434,8.912812,277.24426
83.47509,17.460579,190.18936,201.6672,5.586002,8.812605,272.37933
84.08831,17.44679,188.22826,199.49603,5.529569,8.712395,267.5831
83.992516,17.544676,193.59642,203.7109,6.036064,9.426492,305.56598
83.89672,17.642561,198.9646,207.92577,6.54256,10.140587,344.76282
84.034,17.635857,204.65813,212.89804,6.5636616,10.102423,344.2872
84.171265,17.62915,210.35168,217.87033,6.584761,10.064256,343.62607
84.02576,17.625607,209.29445,216.01495,6.618199,10.198353,350.22574
83.88023,17.622063,208.23721,214.15959,6.651639,10.332449,355.83533
84.07323,17.610527,211.46188,217.0042,7.2959194,11.0103445,393.74957
84.26622,17.598991,214.68646,219.84885,7.940198,11.688236,430.88562
84.30907,17.55662,220.1728,224.75664,8.301478,12.0588665,453.23096
84.351906,17.51425,225.65915,229.66443,8.66276,12.429493,474.0601
85.33175,17.340124,226.22603,229.77696,9.104816,12.904875,501.02856
86.31159,17.165995,226.79292,229.88951,9.546874,13.380257,525.688
86.153465,17.046297,227.45168,230.19658,9.43604,13.0074835,509.69888
85.99534,16.926598,228.11044,230.50366,9.325207,12.634713,493.39862
86.19318,16.833246,225.75333,228.3277,9.260824,12.460517,487.23193
86.39102,16.739895,223.39621,226.15173,9.196444,12.286321,480.94846
86.74309,16.655624,222.53966,224.95103,9.363477,12.329509,486.28842
87.095146,16.57135,221.6831,223.75034,9.530511,12.372697,491.2514
87.2764,16.534832,221.99779,224.00673,9.406982,12.17369,482.1817
87.45764,16.498316,222.31252,224.26312,9.283454,11.974683,472.9788
87.33454,16.468271,223.29062,225.1643,9.268281,11.892594,469.42227
87.21145,16.438225,224.26878,226.06549,9.253108,11.810509,465.8421
87.857025,16.416225,223.49973,225.183,9.159122,11.677999,460.3012
88.5026,16.394222,222.73071,224.30045,9.065135,11.545485,454.14484
87.95507,16.379873,222.12695,223.92444,8.984594,11.387102,446.68042
87.407555,16.365524,221.52315,223.54848,8.904054,11.228719,437.7967
88.09664,16.30624,219.74512,221.51321,8.839481,11.087902,432.32574
88.78574,16.246954,217.96707,219.47795,8.774906,10.947084,426.46802
88.920616,16.220629,215.98471,217.44667,8.796328,10.943142,427.14777
89.05549,16.1943,214.00233,215.4154,8.817746,10.9391985,427.82516
88.87704,16.204874,212.21767,213.73535,8.598033,10.698504,411.16153
88.698586,16.21545,210.433,212.05525,8.37832,10.45781,394.48584
88.611275,16.284712,208.94762,211.08627,7.879091,9.996748,363.18457
88.52398,16.353973,207.46223,210.1173,7.3798614,9.535686,330.94406
88.55226,16.401756,206.8707,209.94836,7.0003777,9.22309,307.82764
88.58055,16.449537,206.27913,209.77943,6.6208935,8.910494,285.94427
88.36677,16.51413,203.9717,208.18275,6.30588,8.660529,269.84418
88.15299,16.578722,201.66425,206.58606,5.990865,8.410565,253.32355
87.75392,16.64507,197.90749,204.06544,5.8290157,8.410339,252.93044
87.35485,16.711416,194.15071,201.54485,5.6671658,8.410111,252.44174
86.79594,16.792551,188.52556,197.35564,5.502605,8.260979,243.91356
86.237015,16.873688,182.90044,193.16644,5.338043,8.111843,235.16971
85.82524,16.934654,179.84224,190.70372,5.4418354,8.221852,240.82396
85.413475,16.995619,176.78406,188.241,5.545629,8.331864,246.26483
85.26485,17.038315,174.8884,186.85579,5.6054153,8.358258,246.87161
85.11623,17.081007,172.99275,185.47061,5.665202,8.384652,247.18013
84.79031,17.12951,175.38934,188.22514,5.645418,8.391253,247.60464
84.4644,17.178013,177.78593,190.9797,5.625634,8.397855,247.62764
84.06796,17.197992,180.65602,193.62172,5.506627,8.2834635,241.88765
83.671524,17.217974,183.52608,196.26375,5.38762,8.169074,235.81824
83.15711,17.2269,186.3085,199.02298,5.117546,7.8954043,221.4485
82.64271,17.235826,189.09093,201.78218,4.847473,7.6217337,206.30487
82.30076,17.23497,190.64612,202.83041,4.854879,7.6722965,210.26358
81.95881,17.234112,192.20134,203.87865,4.8622856,7.7228603,214.07608
81.93355,17.220253,194.7319,206.44373,4.7828655,7.6150665,206.64886
81.908295,17.206394,197.26248,209.00879,4.7034454,7.507272,198.96594
81.97048,17.174545,195.61096,206.89665,4.5021534,7.2306576,183.86415
82.03266,17.142698,193.95946,204.78453,4.300861,6.9540434,168.59256
81.8628,17.184227,200.04419,209.18155,4.750855,7.4050784,189.84055
81.69293,17.225756,206.1289,213.57861,5.200849,7.856112,214.79842
81.83571,17.192795,206.05486,213.17975,4.9105787,7.4537263,188.99101
81.978485,17.159834,205.98079,212.78087,4.6203084,7.05134,163.06606
82.73501,17.12807,204.75194,210.73824,4.62699,7.038551,163.37144
83.49153,17.096308,203.52312,208.6956,4.6336727,7.0257616,163.61664
84.51529,17.03212,200.92061,205.98203,4.9039273,7.19336,173.83081
85.539055,16.96793,198.31812,203.26846,5.174182,7.3609567,183.74245
85.91432,16.916292,198.6203,203.26016,5.3548274,7.461752,190.28853
86.28957,16.864656,198.92253,203.25185,5.5354714,7.562546,197.40138
86.64165,16.68872,200.41685,203.60233,6.155252,7.9821672,226.45538
86.99372,16.512787,201.91115,203.95279,6.7750316,8.401788,255.15924
88.37306,16.231236,203.86267,205.21223,7.3370037,8.757889,282.01813
89.7524,15.949684,205.81418,206.47165,7.8989735,9.113992,311.11115
89.441605,15.817416,197.87804,198.43684,7.7767076,8.890883,293.49936
89.130806,15.685151,189.94193,190.402,7.654442,8.667774,275.26318
88.86694,15.816337,185.98416,186.37659,8.459851,9.588442,339.89545
88.603096,15.947525,182.02638,182.35115,9.265263,10.5091095,402.97156
89.7425,16.016262,183.38686,183.67818,9.5924225,11.117535,441.14142
90.881905,16.085003,184.74733,185.00517,9.919582,11.725962,475.33554
90.95598,16.224586,179.27028,179.85706,9.6044235,11.61275,466.9476
91.03005,16.364172,173.7932,174.70894,9.289265,11.499538,455.99945
90.87018,16.654757,174.04733,175.5777,9.526522,12.051762,481.22858
90.7103,16.945343,174.30145,176.44646,9.763779,12.603988,504.55838
91.04371,16.948637,177.76842,179.98611,9.338562,12.118986,479.92972
91.37713,16.951931,181.2354,183.52576,8.913348,11.633985,452.73868
91.49016,17.004179,180.97577,183.89145,8.4738,11.240377,427.4714
91.60319,17.056427,180.71616,184.25711,8.034251,10.84677,401.5971
91.169106,17.146524,176.74937,181.42064,7.5368137,10.455139,375.34366
90.73503,17.236624,172.78262,178.58417,7.0393763,10.063508,347.6251
90.73372,17.291649,169.36055,174.85928,7.270803,10.366702,365.51578
90.732414,17.346672,165.93843,171.13435,7.5022273,10.669896,383.22757
90.868034,17.365803,167.65125,172.15808,8.033826,11.330767,420.38205
91.00367,17.384937,169.36403,173.1818,8.565424,11.991634,456.769
90.0809,17.44421,167.93663,172.29764,8.714067,12.274133,471.54822
89.158134,17.503485,166.50923,171.41351,8.86271,12.556631,485.6648
88.804146,17.553219,169.64478,174.30623,9.021848,12.822117,498.3018
88.45014,17.602955,172.78032,177.19894,9.180983,13.087603,510.09036
88.754364,17.538885,173.68843,177.78326,9.5075655,13.429129,527.51215
89.05858,17.474812,174.59653,178.36755,9.834148,13.770657,541.7974
89.48766,17.445345,176.03896,179.76665,9.799935,13.63683,537.88434
89.91674,17.415878,177.4814,181.16574,9.765722,13.503003,533.42
90.10358,17.406366,179.92664,183.4675,9.675836,13.3695135,527.31104
90.290405,17.396858,182.37186,185.76923,9.585949,13.236024,520.9453
90.501976,17.39076,180.99904,184.54993,9.597528,13.294659,523.16486
90.71354,17.384663,179.6262,183.33063,9.609106,13.353292,525.39856
90.70953,17.393476,182.49486,186.23698,9.61213,13.280737,523.2134
90.70553,17.40229,185.3635,189.14331,9.615154,13.20818,520.97955
88.03013,17.236862,204.15297,207.05995,10.109256,13.526097,538.624
85.35472,17.071436,222.94252,224.97661,10.603359,13.844014,550.6614
85.68372,16.882856,223.14006,225.05232,10.499026,13.497916,538.4962
86.012726,16.694277,223.33762,225.12798,10.394696,13.151819,526.234
85.81871,16.533966,224.72404,226.52646,10.387298,12.986159,520.313
85.6247,16.37366,226.11047,227.9249,10.379899,12.820499,514.22784
86.47195,16.280285,228.92256,230.59486,10.348684,12.71179,512.1028
87.31919,16.186913,231.73465,233.2649,10.317468,12.603077,509.45804
87.7183,16.130808,234.76698,236.38402,10.171337,12.336341,499.36282
88.1174,16.0747,237.79938,239.50322,10.025206,12.069607,488.4999
88.13522,16.03832,239.31065,240.90385,9.67164,11.577043,465.195
88.15304,16.00194,240.82193,242.30455,9.318078,11.084478,440.65707
87.95862,15.980437,241.95921,243.41843,9.051829,10.706199,418.36407
87.76421,15.958937,243.09642,244.53229,8.785579,10.327921,394.8388
87.75167,15.938716,243.51767,244.78342,8.651208,10.122528,382.31662
87.739136,15.918495,243.93887,245.0345,8.516837,9.917133,368.8906
87.70432,15.919365,245.67645,246.69542,8.493503,9.887314,366.22733
87.66952,15.920238,247.41399,248.35635,8.470168,9.857494,363.45615
87.66473,15.891085,248.4128,249.26595,8.458441,9.821165,361.02133
87.65993,15.861933,249.4116,250.17558,8.446713,9.784836,358.53427
87.588326,15.87058,251.60144,252.45332,8.389089,9.738082,354.12
87.51671,15.879229,253.79124,254.73105,8.331465,9.691325,349.83896
87.47375,15.932606,258.82635,259.9456,8.026086,9.398661,326.7041
87.430786,15.985982,263.86148,265.16016,7.720706,9.105997,304.9908
86.90271,16.08195,269.78262,271.34415,7.241316,8.640424,271.42883
86.37463,16.17792,275.70374,277.5282,6.761928,8.174853,235.53262
85.96349,16.205479,277.89215,280.2121,5.912409,7.2036457,172.31166
85.55235,16.233038,280.08057,282.89603,5.06289,6.2324376,113.88156
85.55403,16.241606,277.26898,280.7401,4.345997,5.372563,68.38166
85.5557,16.250174,274.45734,278.5842,3.6291037,4.512688,26.546633
85.83926,16.25204,268.48404,273.11566,3.1403382,3.9381073,2.3465672
86.12281,16.25391,262.51068,267.6471,2.651573,3.3635278,-22.551989
86.38226,16.276539,258.65363,264.22968,2.4273844,3.1255758,-35.088284
86.64172,16.299168,254.79663,260.8123,2.2031956,2.8876238,-48.708275
86.65576,16.317717,241.24112,257.37772,1.9449859,2.5935953,-40.49271
86.6698,16.336267,227.68565,253.94315,1.6867762,2.2995656,-5.005512
86.62988,16.355124,219.26881,245.23996,1.6501873,2.1773088,-7.336005
86.589966,16.373981,210.85197,236.53673,1.6135983,2.0550508,-10.171699
86.807434,16.402927,206.23235,226.43959,1.6701411,2.1752791,-35.91103
87.024895,16.431873,201.61266,216.34239,1.7266839,2.295506,-64.00082
87.25048,16.446432,197.17068,209.93867,1.7522067,2.417974,-72.59856
87.476074,16.460989,192.7287,203.53491,1.7777295,2.5404408,-80.69024
88.128174,16.465706,182.53638,195.41852,1.7669142,2.587744,-71.09587
88.780266,16.470425,172.34407,187.30211,1.7560989,2.6350472,-59.68633
89.24722,16.486877,174.0783,187.75499,1.6062605,2.609231,-75.22066
89.71418,16.503328,175.81253,188.20789,1.4564223,2.583415,-89.08982
89.99215,16.518114,172.44093,187.97813,1.3194977,2.4523437,-81.146515
90.27012,16.532902,169.0693,187.74841,1.1825732,2.3212724,-72.711075
89.124,16.238764,156.74673,187.28268,1.1114987,1.7634807,-19.503086
87.977875,15.944628,144.42418,186.81696,1.0404253,1.205689,1.902594
87.93839,15.9299,104.968506,136.30235,1.2656466,1.5065423,-7.227886
87.8989,15.915171,65.51281,85.787766,1.4908679,1.8073957,-25.931166
88.01685,15.888526,56.936,76.669136,1.5068108,1.8843377,-25.865347
88.13481,15.861881,48.359196,67.550545,1.5227537,1.9612784,-26.078793
88.445305,15.828359,53.830517,63.141453,1.5317494,2.0383844,-65.042114
88.7558,15.794833,59.30182,58.732338,1.5407461,2.1154902,-46.61545
88.849464,15.8025675,63.696358,63.821568,1.5989658,2.277463,-47.66409
88.94314,15.810299,68.09092,68.910774,1.6571854,2.4394357,-47.9081
88.89496,15.821036,69.14507,71.19918,1.7674365,2.6357622,-47.764446
88.846794,15.831775,70.19923,73.48759,1.8776886,2.8320875,-41.54603
88.5474,15.857045,73.674934,77.13696,1.9995402,2.9575915,-34.86585
88.248,15.882318,77.15064,80.78634,2.1213908,3.0830944,-29.210974
88.65042,15.89472,80.83784,84.60462,2.2400203,3.2496314,-21.8191
89.05283,15.907122,84.52505,88.42293,2.35865,3.4161687,-14.177442
89.436264,15.932735,85.70014,90.11858,2.4113684,3.5637388,-6.57747
89.81969,15.95835,86.87524,91.81426,2.464087,3.7113078,1.6187407
90.023544,15.973756,88.3295,93.565796,2.514096,3.8315675,8.372926
90.2274,15.98916,89.78376,95.31733,2.564106,3.9518287,14.6518135
90.398415,15.995982,92.25521,97.87845,2.6310647,4.07267,20.636532
90.56943,16.002804,94.72664,100.43957,2.6980233,4.19351,26.897675
90.674644,16.015339,94.86493,101.46706,2.6604156,4.170362,26.736372
90.77986,16.027872,95.00323,102.494545,2.6228082,4.1472144,26.304228
90.78361,16.045517,93.534584,102.00155,2.5517516,4.0706353,23.457653
90.78735,16.063158,92.06595,101.50855,2.4806952,3.9940574,20.469978
90.78878,16.078629,88.23041,98.47528,2.4842227,3.9944496,22.761812
90.79021,16.094097,84.394844,95.44201,2.4877503,3.9948416,25.447416
90.86051,16.104654,81.47664,92.078476,2.6397839,4.184494,35.68459
90.93082,16.115211,78.558426,88.714935,2.7918181,4.3741446,45.115814
91.01204,16.12504,78.20223,87.034645,3.0048919,4.6872277,58.50135
91.093254,16.134872,77.84605,85.35433,3.2179644,5.000309,71.86697
91.196365,16.130814,77.95194,84.65642,3.2554572,5.0730534,73.90868
91.29947,16.126757,78.057846,83.95848,3.2929502,5.1457963,75.955795
91.41302,16.117756,78.755974,83.9541,3.3275673,5.174566,75.88681
91.52656,16.108751,79.45413,83.94975,3.3621848,5.2033353,75.81484
91.55448,16.094624,80.2084,84.53645,3.5624866,5.411627,85.41806
91.582405,16.080498,80.96266,85.12316,3.7627892,5.619918,95.40635
91.39035,16.075138,80.92043,84.97785,4.0717483,5.9417367,111.02301
91.1983,16.069778,80.878235,84.83255,4.3807073,6.263555,126.83921
91.055305,16.049519,80.3065,83.82544,4.6528406,6.5398693,139.75626
90.91231,16.029259,79.7348,82.81833,4.9249735,6.816185,152.4267
90.88668,16.001316,80.37884,82.94604,4.968286,6.8276315,151.94511
90.86106,15.9733715,81.022896,83.073715,5.0115986,6.839079,151.40466
90.93665,15.950785,81.82954,83.80523,4.8396,6.5953,139.45442
91.012245,15.928196,82.6362,84.53675,4.6676006,6.351521,126.718834
90.99087,15.905385,82.75584,84.556885,4.6343627,6.2336226,120.464645
86.21067,16.305317,79.365166,79.64892,5.318441,6.110228,108.76846
86.134315,16.268253,78.08444,78.4117,5.298522,6.0696416,106.552284
86.00421,16.236515,78.104294,78.471535,5.516213,6.318454,117.05869
85.874115,16.204777,78.12415,78.53139,5.733904,6.5672674,128.32504
85.79484,16.12986,78.82809,79.20885,5.876724,6.678523,132.95798
85.71557,16.054947,79.53204,79.886284,6.019543,6.7897787,138.32787
85.03365,16.068825,80.17647,80.51852,5.8962183,6.6676607,130.57875
84.35173,16.082703,80.82092,81.15077,5.7728915,6.5455422,123.25402
83.53453,16.173943,79.906815,80.294945,5.60902,6.4172506,115.890205
82.71732,16.26518,78.9927,79.43909,5.4451494,6.2889585,106.56232
82.59071,16.249535,77.95961,78.35322,5.5927296,6.4268413,112.429695
82.46411,16.233887,76.92655,77.26733,5.7403097,6.564724,118.53909
81.37064,16.230394,76.18229,76.33135,5.814565,6.642568,119.359184
80.277176,16.226902,75.43803,75.395386,5.8888197,6.720411,120.6886
79.77988,16.29619,74.51517,74.57692,5.907787,6.8046923,125.2928
79.28257,16.365479,73.59231,73.758484,5.926755,6.888974,130.65578
79.45019,16.387276,74.26957,74.45866,6.0922313,7.1009617,144.73688
79.617805,16.409077,74.94681,75.15886,6.257711,7.3129497,159.51399
79.4427,16.36758,76.36406,76.5727,6.367277,7.397241,164.81953
79.2676,16.326086,77.78131,77.98653,6.476843,7.4815335,170.15666
79.098015,16.346325,77.64859,77.87969,6.2682495,7.264324,155.39052
78.92843,16.36656,77.51588,77.77286,6.0596566,7.0471153,140.33632
79.01548,16.425863,76.47549,77.018776,6.078349,7.1412144,147.33371
79.10252,16.48517,75.435104,76.26471,6.097041,7.2353134,154.61557
79.08521,16.490181,74.343,75.06031,6.233068,7.3824596,164.77855
79.06791,16.495193,73.25093,73.85593,6.369095,7.5296073,174.98497
78.86373,16.473318,72.1026,72.62212,6.468186,7.619365,181.16805
78.65956,16.451445,70.9543,71.38834,6.567277,7.709123,187.337
78.381386,16.48026,70.40024,70.89736,6.6010804,7.796095,193.23032
78.1032,16.509077,69.8462,70.4064,6.634886,7.8830676,199.05727
78.328026,16.54197,69.93504,70.56555,6.5921655,7.8766255,198.97919
78.55284,16.57486,70.023895,70.72472,6.5494475,7.870184,198.94835
79.04448,16.61711,70.568665,71.31014,6.3987613,7.7852263,193.90051
79.53612,16.659355,71.11341,71.89557,6.248075,7.7002673,188.57822
79.84011,16.669153,70.906105,71.77905,6.573639,8.08399,214.12775
80.144104,16.67895,70.6988,71.66255,6.899203,8.467711,238.51349
80.13054,16.654621,70.12148,71.10645,7.042361,8.593019,246.17928
80.116974,16.630293,69.54415,70.550354,7.1855183,8.718324,253.77211
79.74203,16.703524,69.92721,71.25181,7.1561613,8.80907,259.55667
79.36708,16.776754,70.310234,71.95326,7.1268063,8.899813,265.62723
80.23769,16.686474,72.00506,73.15199,7.567753,9.274002,285.19308
81.10831,16.596193,73.699875,74.350716,8.008701,9.6481905,303.29346
80.622925,16.627365,73.7319,74.458435,7.6903305,9.3356905,286.91846
80.13754,16.658537,73.7639,74.566154,7.3719597,9.0231905,270.27875
80.068794,16.67393,75.02816,75.909424,7.528163,9.217805,280.49643
80.000046,16.689322,76.29242,77.25272,7.684364,9.41242,290.7473
80.42948,16.519993,72.36703,73.33366,8.045271,9.680768,305.54196
80.85891,16.350664,68.441635,69.41459,8.406178,9.949119,319.883
81.496056,16.399017,68.248505,69.16965,8.321008,9.920399,318.9307
82.133194,16.447367,68.05538,68.924736,8.235835,9.891677,318.39224
82.47445,16.55287,66.47603,67.62281,7.7646227,9.517573,302.7614
82.815704,16.658373,64.89669,66.32089,7.2934103,9.14347,286.8488
83.334694,16.687885,65.457016,67.09708,6.9502387,8.791057,267.176
83.85368,16.717398,66.01732,67.87325,6.607069,8.438646,244.62029
85.21083,16.757854,69.84322,71.842,6.492807,8.437977,244.44862
86.56796,16.798313,73.66916,75.81075,6.378543,8.437306,242.13048
87.965675,16.832779,76.9179,79.06748,6.684961,8.871974,267.02155
89.363396,16.867245,80.16664,82.3242,6.991379,9.306643,291.5135
90.07013,16.866127,82.01691,84.18564,6.999315,9.317194,291.06094
90.77687,16.865011,83.86715,86.04708,7.0072527,9.327748,290.51395
91.05237,16.871239,83.96949,86.226555,6.818485,9.120001,278.14572
91.327866,16.87747,84.07183,86.40603,6.6297164,8.912253,266.31863
91.27439,16.917019,84.703896,87.376854,6.4572477,8.762084,258.57077
91.220924,16.956568,85.33594,88.34768,6.2847767,8.611913,250.61722
90.60276,16.933756,87.67993,90.11044,6.570407,8.878554,265.6238
89.984604,16.910942,90.0239,91.87324,6.856035,9.145198,280.72827
89.21526,16.904772,88.90362,90.52731,7.3428383,9.63043,309.9617
88.44592,16.898596,87.7833,89.18141,7.829641,10.115663,336.914
87.90851,16.918165,86.23742,87.74576,7.703426,10.033249,332.78317
87.37108,16.93773,84.691536,86.310135,7.577211,9.950838,328.972
87.65801,16.931358,84.21484,85.79671,7.2072988,9.534307,305.95984
87.944954,16.924986,83.73815,85.283264,6.837389,9.117775,280.532
88.375374,16.940811,82.67152,84.654594,6.5288033,8.83407,262.8115
88.80581,16.956636,81.60488,84.02593,6.22022,8.5503645,244.77568
89.041466,16.9756,80.77253,83.52143,6.3384714,8.706675,255.24243
89.27712,16.994562,79.94016,83.01695,6.4567223,8.862982,265.47845
89.40909,17.022943,78.69304,81.90697,6.8011107,9.303887,292.20135
89.54105,17.051325,77.44591,80.79698,7.1455007,9.744793,318.15375
90.297844,17.04213,78.518295,81.53047,7.50786,10.177312,339.0004
91.054634,17.032936,79.59065,82.26398,7.870222,10.60983,362.9457
91.776955,17.027014,81.53734,84.33073,7.758998,10.506548,356.89862
92.499275,17.021091,83.484,86.39748,7.647776,10.403265,351.80905
93.02829,17.032562,87.453606,90.54695,7.3631625,10.128407,335.43707
93.55731,17.044035,91.42323,94.69643,7.078551,9.853546,319.02893
93.83778,17.068943,93.99759,97.63449,7.006184,9.84795,319.46255
94.118256,17.093847,96.57194,100.572586,6.9338193,9.842354,319.8157
94.20243,17.134045,99.075905,103.313866,6.9156003,9.900604,323.99908
94.286606,17.174238,101.57987,106.055176,6.8973813,9.958855,328.10315
93.92844,17.267097,102.90975,107.40491,7.057168,10.319843,347.9198
93.57027,17.359957,104.2396,108.75465,7.2169547,10.680832,367.49673
93.22366,17.479445,106.34965,110.91896,7.315049,10.972867,381.2041
92.877045,17.598934,108.45967,113.083275,7.4131436,11.264904,394.2273
92.734795,17.720352,110.16946,115.314606,7.810577,11.827505,428.0962
92.59254,17.841766,111.87925,117.545906,8.208011,12.390107,459.2877
93.84615,17.979902,114.88497,120.762535,8.127899,12.482903,459.90897
95.09976,18.11804,117.89067,123.97917,8.047791,12.5757,458.39606
94.43351,18.296436,124.98119,130.73767,8.448383,13.171135,484.1285
93.76726,18.474834,132.07175,137.49617,8.848977,13.766571,507.29443
94.50291,18.465237,135.44829,140.67017,8.792025,13.703144,502.1279
95.23856,18.455637,138.82484,143.84418,8.735075,13.639714,496.8446
95.3062,18.438574,139.19756,144.61937,8.826701,13.696158,501.49765
95.37384,18.421509,139.57024,145.39455,8.918327,13.752601,505.79355
95.57607,18.404886,155.96391,161.69102,9.737372,14.826147,539.8036
95.77831,18.388266,172.35759,177.98749,10.5564165,15.899691,556.7938
95.377335,18.301752,173.40543,178.61574,9.555537,14.567391,535.2806
94.976364,18.215239,174.45326,179.244,8.55466,13.235091,485.98843
94.87897,18.192207,178.21085,184.5973,8.340633,12.739485,471.75803
94.78157,18.169176,181.9684,189.95062,8.126609,12.243876,451.32996
94.49396,18.19136,186.17271,194.55476,7.5405393,11.731347,423.81573
94.20634,18.213547,190.37706,199.15894,6.9544673,11.218821,396.22235
93.52285,18.225311,199.97638,207.97272,7.208863,11.476496,410.4067
92.839355,18.237078,209.57574,216.7865,7.4632607,11.734171,423.37473
90.4437,18.068958,214.90146,220.10573,7.6538143,11.672577,421.50223
88.048035,17.900839,220.22722,223.42497,7.8443685,11.61098,419.94852
86.275085,17.800236,219.87636,223.33353,7.8535767,11.576331,422.75092
84.50212,17.699633,219.5255,223.24203,7.8627853,11.541685,422.1922
84.93231,17.65686,220.22598,223.58058,8.0239525,11.721154,431.42862
85.362495,17.614088,220.92648,223.91913,8.185118,11.900624,441.36398
85.33426,17.654026,220.54456,223.72581,7.987035,11.779034,432.80685
85.30603,17.693962,220.16258,223.5325,7.7889504,11.657446,424.95425
84.922134,17.747252,218.5899,222.28574,7.61158,11.5089445,416.49307
84.538246,17.80054,217.01723,221.03902,7.434209,11.360443,408.6787
83.77523,17.874933,213.09053,218.7955,7.004011,10.926525,387.3165
83.012215,17.949324,209.1639,216.55199,6.573813,10.49261,363.32898
82.08431,18.013706,205.22914,213.94391,6.201334,10.113397,341.77316
81.15641,18.078089,201.29442,211.33583,5.828856,9.734185,321.67413
80.760605,18.123833,197.1792,208.66602,5.5809116,9.3910055,303.21927
80.364784,18.169575,193.06395,205.99622,5.332966,9.047824,284.8632
80.97749,18.129217,187.85031,201.52792,5.183705,8.71431,267.5888
81.59019,18.088858,182.63667,197.05965,5.034443,8.380796,248.10545
82.2214,18.055552,177.89629,192.71294,5.140864,8.381178,245.80368
82.8526,18.022243,173.1559,188.36627,5.247285,8.381561,243.91829
82.72384,18.072586,175.1134,190.02751,5.2799873,8.517182,251.88512
82.59508,18.122927,177.07089,191.68875,5.3126893,8.652803,259.75275
82.40574,18.16824,184.04857,198.14374,5.3031363,8.785834,268.60422
82.21641,18.213552,191.0262,204.59874,5.2935824,8.918862,277.3989
82.35188,18.201536,197.97906,211.33481,5.177241,8.811749,271.4951
82.48736,18.189522,204.93195,218.07092,5.0608983,8.704638,264.00995
82.63587,18.161161,208.54362,221.23651,4.8417845,8.514116,252.78612
82.784386,18.132803,212.15529,224.40216,4.62267,8.323592,241.31871
82.95234,18.106396,213.86594,225.03412,4.6541915,8.39395,245.43896
83.120285,18.079988,215.57663,225.66603,4.685713,8.464307,248.92801
83.04119,17.938488,220.64207,229.17854,5.122471,9.008443,278.13342
82.96209,17.796991,225.70757,232.691,5.559229,9.552579,305.14532
83.237564,17.676369,229.0481,235.38481,5.4341893,9.265983,286.88458
83.51303,17.555744,232.38869,238.07863,5.309149,8.979385,269.52188
84.03984,17.415052,234.01527,239.63857,5.2871323,8.781095,260.11862
84.56666,17.274359,235.64188,241.19846,5.265116,8.582805,251.69925
85.14931,17.147945,234.86234,241.04997,4.9878783,8.10606,226.48444
85.73195,17.021532,234.08281,240.90144,4.7106414,7.6293173,199.89969
86.23329,16.926506,232.09406,239.6923,4.4859567,7.22665,176.89723
86.73463,16.831482,230.1053,238.48315,4.2612724,6.8239822,154.61917
86.959496,16.768486,228.81511,236.80586,4.4320984,6.9079456,159.92111
87.18437,16.70549,227.52492,235.12856,4.6029243,6.9919095,165.23042
87.374466,16.65915,225.7165,232.62856,4.728649,7.0666213,168.92558
87.56457,16.612808,223.90814,230.12854,4.8543735,7.141332,173.10602
88.10996,16.567171,221.71648,227.51836,4.9543777,7.2199287,177.71278
88.655365,16.521536,219.52481,224.90816,5.054382,7.2985253,182.70035
89.37128,16.511574,220.43091,225.2358,5.323477,7.6141815,202.29752
90.087204,16.50161,221.33705,225.56339,5.5925717,7.929839,221.36371
90.75497,16.459555,222.9354,226.8714,5.8735337,8.210114,239.02187
91.42272,16.417501,224.53372,228.17941,6.154495,8.490391,257.09146
91.78604,16.351841,225.6126,228.65282,6.397467,8.604355,267.9959
92.14936,16.286184,226.69147,229.12622,6.6404366,8.718321,278.76907
92.046364,16.252308,225.79417,228.22342,6.5954094,8.619573,272.44757
91.94336,16.218431,224.89691,227.32057,6.5503845,8.520824,266.20724
91.53051,16.273264,224.28622,227.0303,6.403747,8.513,262.08603
91.11765,16.328098,223.67555,226.73997,6.2571077,8.505177,258.08057
90.50149,16.442505,221.6451,225.46515,5.86936,8.281509,242.03566
89.88533,16.556911,219.61465,224.19026,5.4816117,8.057844,227.53685
89.107185,16.662695,217.57164,223.03352,5.2432146,7.9401555,220.49261
88.329056,16.768476,215.52861,221.87674,5.004818,7.822466,214.00728
87.47559,16.859726,210.43929,218.38232,4.8421497,7.6844373,206.48306
86.62214,16.950974,205.3499,214.88791,4.679482,7.5464087,199.90556
86.26196,17.009783,200.94951,211.06479,4.522176,7.338925,188.3509
85.901794,17.068594,196.54912,207.24167,4.36487,7.1314406,176.56583
86.066864,17.078548,191.27232,201.98563,4.4104967,7.1590147,178.19135
86.23193,17.088503,185.9955,196.72958,4.4561224,7.1865897,179.80124
86.73024,17.091015,182.49272,191.87712,4.6123123,7.4241166,192.08212
87.22853,17.093523,178.98993,187.02467,4.7685018,7.6616426,204.68095
87.18795,17.142794,178.59798,186.49794,4.8082,7.7883015,211.74724
87.14737,17.192064,178.20601,185.97122,4.8478966,7.91496,218.63846
86.71264,17.260311,179.6598,187.2363,4.754871,7.8699303,214.69063
86.27791,17.328556,181.11359,188.5014,4.661845,7.824901,210.61201
85.711395,17.377151,185.90945,193.594,4.660295,7.9125915,216.69365
85.14488,17.425747,190.70528,198.6866,4.658744,8.000283,222.89053
84.345535,17.475027,194.60243,203.83197,4.6016936,7.9340224,220.6708
83.54618,17.524307,198.49956,208.97733,4.544644,7.8677635,217.85545
83.244316,17.525139,204.63237,214.75699,4.5435023,7.9003763,219.48032
82.94246,17.52597,210.76523,220.53671,4.542361,7.9329896,220.53056
83.54322,17.61763,210.69601,220.65166,4.451516,7.6424356,202.5959
84.14398,17.70929,210.6268,220.76665,4.3606715,7.3518815,184.46384
84.16534,17.70499,213.57465,223.45757,4.250676,7.187431,174.09201
84.18669,17.700691,216.52249,226.14844,4.1406803,7.0229816,163.51547
84.86587,17.631977,219.07938,227.92116,4.2194424,7.0688343,164.86343
85.54503,17.563263,221.63626,229.69392,4.298205,7.114687,166.8091
85.65532,17.504387,227.04268,235.14209,4.2329884,6.9770927,158.80452
85.76561,17.445509,232.4491,240.59029,4.16777,6.839499,150.3369
85.5617,17.366713,235.29037,243.41562,4.1220555,6.650353,140.24017
85.35778,17.287914,238.1317,246.24095,4.07634,6.4612083,130.05869
85.452255,17.201664,239.17622,246.40561,4.2366896,6.477866,130.50948
85.546715,17.115416,240.22069,246.5703,4.3970385,6.4945254,130.89124
85.85922,17.021612,241.08786,247.21436,4.4328413,6.3742995,125.17456
86.17173,16.92781,241.95499,247.85846,4.4686446,6.254074,119.476105
86.4102,16.88392,240.63417,246.30054,4.4304447,6.114863,112.188095
86.648674,16.84003,239.31331,244.74257,4.392245,5.975652,104.59948
87.2537,16.772272,238.2043,242.45544,4.573717,6.068546,108.87862
87.85872,16.704517,237.09525,240.1683,4.7551885,6.161439,112.822754
87.75219,16.626482,235.85068,238.25208,4.9186506,6.187068,113.22617
87.645645,16.548447,234.60605,236.33589,5.082112,6.212696,113.3862
87.35751,16.48811,232.92116,234.2263,5.2799487,6.3178735,118.30184
87.06938,16.427776,231.23633,232.1167,5.477785,6.4230523,123.85589
87.284645,16.404255,228.9517,229.80882,5.631988,6.625148,137.12337
87.499916,16.380735,226.66708,227.5009,5.786191,6.827243,150.37192
87.67472,16.43232,224.6951,225.89534,5.8073,7.013818,162.56952
87.84952,16.483908,222.7231,224.28978,5.8284106,7.2003922,174.78009
87.49967,16.60076,220.44281,222.6408,5.841505,7.4695773,190.84319
87.14982,16.717613,218.16257,220.99182,5.8545995,7.7387633,207.00175
86.5054,16.840164,216.26317,219.97388,5.7865233,7.9400306,219.17049
85.860985,16.962715,214.36382,218.95598,5.718447,8.141299,231.4032
85.20096,17.122631,208.5046,214.82076,5.496483,8.140428,233.22054
84.54094,17.282545,202.64539,210.6856,5.2745194,8.139558,234.89035
84.517555,17.356434,192.82156,201.66347,5.4537168,8.322215,247.33447
84.49418,17.43032,182.99773,192.64136,5.632914,8.50487,256.41748
84.98445,17.44362,177.55344,185.62115,6.299722,9.269537,295.932
85.474724,17.456919,172.10915,178.60097,6.966528,10.034204,337.06903
86.06555,17.530487,170.78165,176.71347,7.1391006,10.358618,355.83664
86.656364,17.604055,169.45418,174.82597,7.3116755,10.683029,374.79324
86.99714,17.677353,169.31125,174.836,7.2965465,10.739454,377.3902
87.33791,17.75065,169.16827,174.84601,7.2814174,10.7958765,379.82947
86.921906,17.81145,172.73996,178.56377,7.259591,10.855647,381.4829
86.5059,17.872252,176.31165,182.28152,7.2377667,10.915418,383.08136
85.2558,17.966326,182.0266,189.03825,6.922843,10.609158,364.73474
84.0057,18.060402,187.74153,195.79498,6.6079197,10.3028965,349.2825
84.02581,17.999283,196.5577,206.92236,5.7909718,9.197279,293.79944
84.04592,17.938164,205.37386,218.04977,4.974024,8.091662,229.77068
84.59257,17.870436,206.6706,217.43764,5.0793214,8.264346,240.56448
85.139206,17.802708,207.96732,216.82553,5.1846175,8.43703,249.74413
85.14254,17.839897,215.84409,224.42424,4.861341,8.004238,220.93427
85.145874,17.877085,223.72087,232.02289,4.538064,7.571447,192.72629
85.72341,17.806334,220.27382,228.8162,4.332335,7.2508335,173.85617
86.30095,17.735582,216.82677,225.60945,4.126606,6.9302206,155.39214
87.098366,17.65497,212.17097,220.96666,4.297723,7.111482,167.85254
87.89578,17.574354,207.51512,216.32387,4.468839,7.2927446,180.46727
88.46288,17.533457,210.17085,218.83725,4.6940866,7.511533,194.73555
89.02999,17.492558,212.82654,221.35059,4.919334,7.7303224,209.01082
89.68942,17.43283,217.74825,225.70055,5.116534,7.8581123,216.63374
90.34887,17.373104,222.66995,230.05046,5.313736,7.9859014,224.29073
90.61373,17.316198,224.54291,231.45972,5.426552,8.040382,227.75119
90.87859,17.25929,226.41586,232.86897,5.5393686,8.094863,231.59227
90.81318,17.253956,225.6156,231.67648,5.793,8.332915,246.6163
90.747765,17.24862,224.81532,230.484,6.046631,8.570966,262.3199
91.02403,17.190561,225.67183,230.51556,6.3636556,8.782453,277.90225
91.30031,17.132504,226.52834,230.54713,6.6806803,8.993941,294.47787
91.27957,17.069387,227.27959,230.79846,6.898278,9.057142,301.4128
91.258835,17.006273,228.03085,231.04979,7.115878,9.120346,308.57306
90.9725,16.980757,230.02571,233.13396,6.892274,8.851339,288.8524
90.68617,16.955238,232.02057,235.21814,6.668669,8.582335,269.23126
90.70209,16.94104,232.34523,235.23643,6.7215867,8.6188,272.0222
90.71801,16.926844,232.66994,235.25471,6.774502,8.655266,274.8154
90.23662,16.957155,230.89255,234.3314,6.483095,8.410815,255.78534
89.75524,16.987469,229.11519,233.40805,6.191686,8.166365,238.80978
89.22071,17.072887,226.71935,231.59373,6.192461,8.406433,252.89523
88.68619,17.158306,224.32349,229.77942,6.1932364,8.646503,267.13617
87.82895,17.258472,221.14015,226.99278,6.1691785,8.72005,270.33032
86.971695,17.358639,217.9568,224.20619,6.1451187,8.793596,274.35132
86.12685,17.443394,216.2732,222.93883,5.8383713,8.5266485,256.41986
85.282005,17.528145,214.58952,221.67148,5.5316224,8.259704,239.5906
84.41347,17.615183,210.96773,218.82993,5.402929,8.212133,237.37865
83.54492,17.702223,207.346,215.98831,5.274235,8.164563,235.17189
83.0095,17.790386,209.6656,219.48065,5.2441535,8.1976,236.65309
82.47407,17.878551,211.98517,222.97296,5.2140727,8.230635,236.44905
82.41232,17.938982,213.4405,224.73383,4.999204,8.029928,224.19836
82.35058,17.99941,214.89586,226.4947,4.7843347,7.8292227,211.94144
82.2376,18.034985,213.87523,225.05162,4.8010707,7.9276495,217.94972
82.12463,18.07056,212.85464,223.60855,4.8178067,8.026074,223.55524
82.49687,18.06089,215.03279,225.51259,4.7597365,7.9403534,218.29588
82.86911,18.051222,217.21089,227.41663,4.701667,7.854632,212.75368
83.284386,18.015406,222.90791,233.03397,4.539389,7.61294,196.59633
83.69967,17.979588,228.60487,238.65134,4.377112,7.371248,180.82452
84.088356,17.918736,235.46777,245.58072,4.236915,7.103052,164.74364
84.47705,17.85788,242.33066,252.51015,4.0967197,6.834858,150.13116
84.64902,17.799244,248.28072,258.93304,3.8754303,6.5091414,133.80472
84.820984,17.740608,254.23077,265.356,3.65414,6.183425,118.37585
84.75023,17.701637,258.43805,269.40323,3.542229,6.0376234,111.05722
84.679474,17.662664,262.64526,273.45056,3.430318,5.8918223,103.84208
83.424484,17.645744,267.85934,276.12723,3.8717031,6.0583034,110.39389
82.1695,17.628826,273.07336,278.80392,4.3130875,6.224785,109.98597
82.12361,17.51838,272.76727,277.70245,4.5888042,6.424605,118.18346
82.077736,17.407932,272.46124,276.601,4.8645205,6.6244254,127.05053
82.30074,17.315723,270.65515,274.2183,4.883245,6.551294,122.45318
82.52375,17.223515,268.849,271.8356,4.9019704,6.4781613,117.5725
82.45303,17.14992,267.44772,270.26108,5.0914607,6.6203914,124.659515
82.38231,17.076324,266.04645,268.68646,5.2809525,6.76262,131.93707
82.37723,17.023245,266.97687,269.2858,5.492906,6.918525,139.20587
82.372154,16.970167,267.90732,269.88516,5.704861,7.0744295,146.08975
82.66646,16.91497,268.09802,269.89465,5.6777606,6.970244,140.44548
82.96076,16.859776,268.28876,269.90417,5.6506596,6.866057,135.13725
83.608665,16.826166,265.49365,267.08716,5.498213,6.641042,125.65487
84.25657,16.792555,262.69858,264.27008,5.3457656,6.416027,116.1098
85.06188,16.764774,259.61588,260.99677,5.340848,6.334385,115.015175
85.8672,16.736994,256.53314,257.7235,5.335929,6.2527432,113.10949
85.77271,16.70957,254.18924,255.232,5.304912,6.143146,106.128944
85.67822,16.682148,251.84535,252.7405,5.273896,6.03355,98.97072
85.24029,16.66603,253.02081,253.94261,5.4292393,6.200059,107.29492
84.80236,16.649918,254.19627,255.14467,5.584583,6.366569,115.24518
84.504456,16.605913,254.37996,255.258,5.629674,6.4105253,116.21867
84.20654,16.56191,254.56364,255.37132,5.674765,6.4544806,117.26248
83.89466,16.546549,255.24728,256.0109,5.6577544,6.429155,114.21841
83.58277,16.531187,255.93095,256.65054,5.6407433,6.403829,111.20059
83.14508,16.556961,258.12018,258.86288,5.5946913,6.3670974,106.88587
82.70738,16.582733,260.30933,261.0753,5.5486393,6.3303666,102.44273
82.52027,16.623884,259.84747,260.76642,5.2345676,5.9895387,83.87648
82.333145,16.665037,259.3856,260.45764,4.9204965,5.648712,66.66236
82.33662,16.726555,255.27185,256.9329,4.403633,5.1029043,44.10177
82.340096,16.788073,251.15813,253.40814,3.88677,4.5570984,19.87142
82.3232,16.834284,243.9142,247.39577,3.4701748,4.124704,3.2285044
82.3063,16.880495,236.67032,241.3834,3.0535796,3.6923106,-13.591755
82.39482,16.91616,224.98294,230.63705,2.8764496,3.5107737,-19.707872
82.483345,16.95183,213.29556,219.89073,2.6993198,3.329237,-25.273983
82.79952,16.974163,201.91928,209.6934,2.6215796,3.2649105,-27.578215
83.11571,16.996498,190.54305,199.49603,2.5438406,3.200584,-31.556372
83.57673,17.025455,185.46613,193.47281,2.7503066,3.5025456,-21.342525
84.037735,17.054413,180.38922,187.4496,2.9567726,3.8045073,-9.283185
84.43529,17.07111,176.97841,182.91476,3.1872451,4.156222,4.6992517
84.83283,17.087807,173.56761,178.37994,3.417718,4.5079365,19.089558
85.01125,17.104725,170.79758,174.8682,3.7870846,4.9578533,43.445293
85.18968,17.121643,168.02754,171.35649,4.156452,5.40777,68.58063
85.89364,17.111961,171.98792,174.40065,4.425031,5.745211,84.8671
86.59758,17.102278,175.94827,177.44484,4.693611,6.0826516,104.081314
86.51635,17.146618,175.82834,177.76227,4.7109103,6.264514,115.51872
86.435135,17.190956,175.7084,178.07973,4.7282104,6.446375,126.2115
86.27947,17.23724,172.00314,175.08693,4.7050195,6.520793,130.93433
86.12381,17.283525,168.2979,172.09415,4.681829,6.5952115,135.59352
86.1854,17.275139,163.96416,167.57132,5.1728625,7.2243657,172.44728
86.24698,17.266752,159.63042,163.0485,5.663896,7.8535213,206.92198
85.95932,17.321918,161.62508,164.9186,5.9061036,8.165607,225.1905
85.67165,17.377085,163.61974,166.7887,6.1483107,8.477693,243.71237
85.99848,17.410831,164.3129,167.39816,6.186329,8.589284,250.10922
86.325294,17.444576,165.00609,168.00764,6.224347,8.700876,256.30847
86.35532,17.48044,164.8502,167.93744,6.1875834,8.727474,257.5809
86.385345,17.516304,164.6943,167.86723,6.1508174,8.754069,258.74435
86.55824,17.538033,164.74364,167.85541,6.1906915,8.833283,262.75992
86.731155,17.559765,164.79295,167.84357,6.230563,8.912498,266.65125
87.14803,17.560038,167.40675,170.01704,6.128276,8.806353,257.9553
87.56492,17.56031,170.02054,172.19057,6.0259867,8.700207,249.80696
87.882324,17.546074,173.401,175.68544,6.048275,8.750787,253.44429
88.19974,17.531837,176.78145,179.18034,6.0705647,8.801371,257.29398
88.350105,17.520735,175.43042,178.65215,5.6605062,8.306108,231.29361
88.50047,17.509634,174.07938,178.12392,5.2504487,7.810848,206.41257
89.15056,17.502346,172.20691,176.18193,4.9780517,7.4917974,189.13391
89.80065,17.495062,170.33446,174.2399,4.705656,7.172747,171.32758
90.179085,17.51044,168.57866,172.73,4.612055,7.0922904,166.94661
90.55751,17.525822,166.82283,171.22005,4.5184536,7.011835,162.14915
90.921616,17.513134,169.97539,174.6686,4.203553,6.661831,140.44485
91.28571,17.500444,173.12791,178.11713,3.8886538,6.3118267,119.038376
91.73848,17.490677,173.35056,179.5724,3.3603492,5.6429796,80.38872
92.191246,17.48091,173.5732,181.02766,2.8320446,4.9741335,41.609074
92.71518,17.451727,183.15327,189.12448,2.3924973,4.355752,-1.4911066
93.23911,17.422543,192.73337,197.22131,1.9529499,3.737369,-41.3552
93.62729,17.378468,205.5591,210.25388,1.8451047,3.465844,-52.555927
94.01547,17.33439,218.38478,223.28648,1.7372595,3.1943185,-63.206367
94.20838,17.279455,237.06723,240.04588,1.9537499,3.3144946,-52.07571
94.4013,17.224518,255.74963,256.80536,2.170241,3.4346707,-39.865574
94.098,17.168781,265.86356,268.13898,2.5097826,3.8270833,-17.441353
93.79469,17.113045,275.97748,279.47256,2.8493247,4.219496,8.074309
93.32439,17.102448,281.43515,284.01648,3.0598598,4.469289,22.24587
92.85407,17.09185,286.89285,288.5604,3.2703955,4.7190804,36.076275
92.31678,17.10757,284.08072,287.40228,3.0256667,4.49766,25.964115
91.77949,17.123291,281.26852,286.2441,2.780938,4.2762413,15.115896
91.71119,17.145737,275.76675,284.49948,2.356002,3.7833784,-9.733026
91.6429,17.16818,270.265,282.75482,1.9310675,3.2905152,-34.340633
91.60611,17.182905,265.29144,277.6102,2.0826774,3.4439793,-25.686773
91.56933,17.197632,260.31787,272.4656,2.2342885,3.5974433,-17.193176
91.40807,17.195107,264.2308,274.20795,2.2541773,3.6331458,-17.952658
91.24681,17.19258,268.14374,275.95023,2.2740655,3.6688497,-18.640738
90.96188,17.17258,272.3573,278.12137,2.4659567,3.8190238,-11.637999
90.676956,17.152582,276.57086,280.29248,2.657847,3.9691992,-4.0441775
90.19711,17.108416,278.66736,281.8761,2.8442862,4.037641,1.872879
89.71727,17.06425,280.76382,283.4597,3.0307243,4.106083,7.979723
89.883865,16.954754,286.76465,288.71832,3.152436,4.0987506,8.534749
90.05045,16.845257,292.76547,293.9769,3.2741487,4.0914183,8.953407
91.24086,16.770983,281.20227,282.29022,4.056816,4.8712044,47.309986
92.431274,16.69671,269.6391,270.6035,4.8394833,5.6509905,87.98003
89.308426,16.564665,276.31848,277.01047,5.210459,5.9296613,97.69308
86.18557,16.432621,282.9979,283.41736,5.5814357,6.208332,107.438385
86.01338,16.270372,282.37555,282.73428,5.5761676,6.1304164,102.98924
85.84119,16.108124,281.75323,282.05115,5.570898,6.0525007,98.69709
85.68412,16.027002,282.2358,282.5241,5.3031564,5.746301,82.14876
85.52706,15.94588,282.7184,282.9971,5.0354147,5.4401016,66.76229
85.99696,15.975932,285.35236,285.69806,4.760345,5.148473,53.66113
86.46687,16.005985,287.9863,288.399,4.4852753,4.8568435,40.49344
86.212814,15.979554,293.0204,293.35083,4.5463486,4.8969283,40.763287
85.958755,15.953125,298.05447,298.30267,4.6074204,4.937013,40.43576
84.293495,15.898788,297.95154,298.13757,4.737809,5.083877,44.74892
82.62824,15.844451,297.84866,297.97253,4.868197,5.230742,47.587357
81.290955,15.808897,292.3123,292.56543,4.875295,5.210765,44.113834
79.95366,15.773343,286.7759,287.15833,4.8823934,5.190789,39.88272
78.67923,15.689601,280.69327,281.0439,4.8400865,5.1241646,34.43453
77.40481,15.605859,274.61066,274.92947,4.797779,5.05754,31.566751
77.04399,15.530953,269.54443,269.71613,5.021509,5.305847,42.465412
76.683174,15.456048,264.47824,264.50278,5.2452393,5.5541553,54.267967
78.22829,15.395871,263.43094,263.44708,5.375773,5.7034726,64.83887
79.7734,15.335693,262.3836,262.39136,5.506306,5.85279,74.0521
80.62217,15.307931,264.17953,264.2469,5.4154496,5.758742,70.05507
81.47093,15.280168,265.97552,266.10245,5.324593,5.664694,67.70972
79.823105,15.381106,264.0712,264.21835,5.2942653,5.657075,63.578205
78.17528,15.482041,262.16693,262.3343,5.263939,5.649455,60.797775
77.994804,15.558385,259.9805,260.03766,5.2221775,5.6054125,57.82912
77.81433,15.634728,257.79407,257.74106,5.1804147,5.56137,55.008854
77.320786,15.722834,255.69202,255.7472,4.8925476,5.26158,42.6693
76.82723,15.810941,253.58997,253.75328,4.604681,4.961789,32.60805
76.44752,15.90071,242.29233,242.64624,3.8513267,4.1367717,9.592373
76.0678,15.990482,230.99467,231.53922,3.0979726,3.311756,-10.572567
76.41189,16.059307,215.11139,215.76659,3.1910634,3.4052916,-11.435104
76.755974,16.128134,199.22812,199.99397,3.2841532,3.498826,-7.8499126
77.15849,16.193478,196.01607,196.83978,3.451896,3.6949728,-3.401048
77.561005,16.258823,192.804,193.68556,3.6196396,3.8911185,2.0919557
78.025894,16.34199,188.61522,189.41306,3.9989717,4.3364744,15.760871
78.490776,16.425158,184.42645,185.14056,4.378303,4.781829,32.44689
78.75881,16.517944,185.95921,186.76205,5.1504674,5.753529,73.039665
79.02685,16.610731,187.49196,188.38354,5.922633,6.725229,126.86859
79.045105,16.614147,193.09242,193.81981,6.6860733,7.6403413,174.79372
79.063354,16.617563,198.6929,199.25604,7.449514,8.555453,228.81734
79.10877,16.585735,202.40288,203.00763,7.439139,8.502552,226.24265
79.15419,16.553905,206.11288,206.75922,7.428762,8.449647,223.16782
79.126915,16.566584,206.27228,206.79779,7.265278,8.268447,211.0799
79.09964,16.579266,206.43169,206.83635,7.101794,8.087249,198.79807
80.20976,16.416101,209.88684,210.1551,6.9530272,7.873889,187.52193
81.31989,16.252937,213.34206,213.47385,6.8042626,7.6605306,177.84782
82.87372,16.08333,211.70631,211.77109,6.010119,6.6481924,121.96885
84.42755,15.913725,210.07063,210.06828,5.215977,5.635854,72.99755
84.8678,15.783814,217.6813,217.7051,5.1091805,5.5009074,68.4198
85.30805,15.653904,225.29192,225.34195,5.002384,5.3659625,64.976364
85.3995,15.607493,231.2291,231.31636,5.0244384,5.3867927,66.02827
85.49095,15.561084,237.16623,237.29082,5.0464926,5.407622,66.647736
85.14433,15.571519,244.45729,244.60052,4.772193,5.102215,52.70817
84.797714,15.581953,251.74832,251.91025,4.497895,4.7968082,39.67259
84.67197,15.584498,256.92194,257.05627,4.401424,4.6688714,34.617928
84.546234,15.587044,262.09558,262.20227,4.3049536,4.5409355,29.131453
84.058426,15.531809,269.0181,269.14847,4.352201,4.599507,29.887764
83.570625,15.476574,275.9406,276.0946,4.3994474,4.658077,30.289673
81.34243,15.549017,276.268,276.35938,4.2993765,4.5534916,20.54294
79.11423,15.621461,276.59537,276.6241,4.1993055,4.4489055,12.433083
78.67941,15.583816,272.8612,272.83542,4.3933473,4.6350746,17.527443
78.244606,15.546171,269.12704,269.04666,4.587389,4.821244,23.861597
78.83995,15.452472,266.3545,266.26642,4.8114924,5.064639,35.173805
79.4353,15.35877,263.58188,263.4862,5.0355964,5.3080335,47.410725
78.662895,15.359006,261.5296,261.4662,4.939754,5.2152457,42.09393
77.89049,15.359241,259.47736,259.44623,4.8439116,5.1224566,37.22513
77.32896,15.4276495,255.62238,255.59212,4.801002,5.080882,36.45708
76.767426,15.496057,251.7674,251.73798,4.758092,5.039309,36.3439
76.05233,15.568118,248.70296,248.65935,4.74664,5.031588,37.032974
75.33724,15.640182,245.63857,245.58076,4.73519,5.023867,37.035717
75.21345,15.693919,243.14671,243.11316,4.728716,5.0190625,37.221294
75.08966,15.747657,240.6549,240.64555,4.722242,5.0142565,37.216515
75.44276,15.775451,239.22887,239.21983,4.5536933,4.8315115,30.842806
75.79585,15.803246,237.80276,237.79411,4.3851447,4.6487656,24.617954
75.666336,15.856992,233.27,233.26213,4.1722956,4.4232144,18.085306
75.53683,15.910735,228.7372,228.73021,3.9594464,4.1976643,10.418145
75.50573,15.959139,221.05624,221.15195,3.6720145,3.8936288,1.4520437
75.47464,16.007542,213.37529,213.57375,3.3845837,3.589595,-7.1031117
75.516884,16.063807,204.6838,204.91202,3.4242966,3.6339617,-5.90931
75.55912,16.12007,195.99236,196.25024,3.4640105,3.678327,-4.524017
76.28107,16.07085,192.21144,192.2993,3.6649776,3.8867056,1.8873106
77.00301,16.02163,188.43057,188.34837,3.8659444,4.095084,8.586418
79.66449,15.851297,184.81845,184.71889,3.9642045,4.1918297,18.415861
82.325966,15.680967,181.20634,181.08937,4.0624647,4.288575,21.463062
83.70762,15.585659,180.85472,180.74283,4.0475626,4.274238,19.037888
85.08926,15.49035,180.50308,180.3963,4.0326595,4.2599015,16.269053
85.01001,15.529345,177.06392,177.01022,3.8865423,4.1074705,11.090469
84.93077,15.56834,173.62476,173.62411,3.7404244,3.9550383,6.3288884
85.19252,15.605033,172.24718,172.22884,3.4955838,3.6974251,-2.0845535
85.45428,15.641728,170.86958,170.83353,3.2507432,3.4398117,-11.000878
86.27121,15.564338,183.48213,183.2128,2.6280844,2.778383,-34.429115
87.08813,15.486946,196.09471,195.59206,2.0054257,2.1169531,-59.956413
87.84414,15.385801,220.52234,219.44044,1.5456299,1.6247104,-74.47651
88.60016,15.284659,244.94992,243.28888,1.085834,1.1324677,-88.70906
86.457695,15.322769,173.4234,173.77147,1.0474164,1.0796824,-98.68178
84.31524,15.360881,101.89689,104.25406,1.0089989,1.0268956,-91.87626
84.518326,15.353236,75.50972,76.906944,1.4335141,1.4685587,-62.764618
84.72141,15.3455925,49.12255,49.55983,1.8580304,1.9102217,-41.33268
84.352425,15.391246,37.621956,38.001472,2.0701194,2.1457834,-34.086777
83.98343,15.4369,26.121386,26.443089,2.2822082,2.3813465,-32.418816
85.5882,15.241318,26.603092,26.93965,2.7676547,2.9011436,-16.92347
87.19297,15.045735,27.084824,27.436186,3.2531013,3.4209418,-0.8752789
86.72719,15.037942,22.060352,22.37874,3.6237764,3.8194401,7.370614
86.26139,15.0301485,17.035858,17.32127,3.9944525,4.2179384,15.996982
86.0664,15.035075,18.862608,19.186617,4.2180033,4.4513783,23.051533
85.8714,15.040003,20.689333,21.051964,4.4415536,4.684818,31.623674
86.24981,15.004549,100.57659,100.905846,4.538906,4.785353,43.988304
86.62821,14.969095,180.46385,180.75972,4.636259,4.8858886,40.384136
87.425896,14.925132,261.8856,262.16495,4.9758615,5.2567387,60.43197
88.22359,14.881167,343.30734,343.57013,5.315464,5.627589,55.187473
88.05701,14.903373,340.07767,340.2943,5.6682496,6.011049,76.395134
87.890434,14.925575,336.84802,337.01843,6.021035,6.3945084,100.181175
87.19799,15.031589,334.70496,334.82138,6.175894,6.5657897,112.63694
86.50556,15.1376,332.56186,332.6243,6.330753,6.7370725,125.29564
84.93504,15.304705,327.8225,327.88226,6.666792,7.1414666,148.57947
83.364525,15.471809,323.0832,323.1402,7.0028305,7.5458612,166.91121
81.58112,15.589638,321.0043,321.05627,7.442123,8.055094,195.09119
79.79772,15.707469,318.92538,318.9723,7.881414,8.564325,232.59833
78.591675,15.806527,319.03033,319.1508,7.8172326,8.493952,225.21663
77.38562,15.905585,319.13528,319.3293,7.7530494,8.423579,217.71976
77.071915,15.946387,319.33426,319.5501,7.4451494,8.078766,188.19023
76.75821,15.98719,319.53323,319.7709,7.137247,7.7339497,160.61514
76.78369,16.027243,318.9681,319.21753,6.993025,7.5789113,148.65953
76.809166,16.067299,318.40298,318.66412,6.8488007,7.423874,138.2153
76.769424,16.095486,318.24332,318.5395,6.780768,7.3477407,133.33253
76.729675,16.123676,318.08368,318.41486,6.7127337,7.271607,128.44751
76.92237,16.127954,317.8436,318.15393,6.476765,7.0083027,112.80307
77.11507,16.132236,317.60355,317.89304,6.240794,6.7449994,98.34032
77.80991,16.09924,315.8089,316.11047,6.0810213,6.562175,89.9308
78.50477,16.06624,314.01425,314.3279,5.921249,6.379351,81.71084
78.75392,16.084831,313.41608,313.68253,5.8033395,6.243668,75.20355
79.003075,16.10342,312.81793,313.0371,5.6854296,6.107986,69.26881
79.7939,16.06812,311.61377,311.76147,5.832847,6.2767873,81.04226
80.58472,16.032814,310.4096,310.4858,5.980264,6.445588,92.92274
80.30783,16.069315,310.7868,310.77008,5.8210588,6.280973,83.48044
80.03094,16.105814,311.164,311.05435,5.6618543,6.1163588,73.9657
79.573715,16.142706,310.83725,310.7486,5.631241,6.083681,70.4821
79.1165,16.179596,310.5104,310.44284,5.6006274,6.051005,67.00432
78.99633,16.195204,310.3774,310.36462,5.66245,6.1152287,69.54471
78.87616,16.21081,310.24445,310.2864,5.724272,6.179452,72.18025
79.10917,16.190199,310.74744,310.844,5.6222143,6.0592284,67.34017
79.34219,16.169588,311.25037,311.40155,5.520157,5.939005,62.497112
80.34139,15.915039,308.72324,308.88354,5.194496,5.57165,51.783413
81.34061,15.660488,306.19604,306.3655,4.8688364,5.2042947,42.291664
81.035995,15.673157,307.89633,308.06482,5.044513,5.407973,49.149143
80.731384,15.6858225,309.5966,309.76413,5.220191,5.61165,56.218792
81.81938,15.643702,310.24026,310.4701,5.351805,5.752571,66.37164
82.907364,15.601579,310.88394,311.176,5.4834185,5.8934927,76.87535
84.53254,15.498482,312.75803,313.05145,5.562903,5.9728017,84.79334
86.15771,15.395383,314.63214,314.92694,5.642389,6.052111,88.67966
86.11985,15.390474,317.63873,317.87674,5.7102537,6.1279373,91.53153
86.081985,15.385567,320.64532,320.82657,5.778118,6.2037625,94.5158
85.50975,15.412125,324.10526,324.25082,5.873676,6.3143606,99.799904
84.937515,15.438682,327.56512,327.67502,5.9692345,6.4249597,103.09149
84.15093,15.478193,329.3411,329.48663,5.5519757,5.9632287,74.74435
83.36434,15.517704,331.11703,331.2982,5.1347184,5.5014973,49.031277
83.03953,15.5247345,328.68613,328.8678,4.5803885,4.886084,25.147854
82.714714,15.531762,326.25525,326.43747,4.0260587,4.270672,3.1618824
82.449486,15.56886,321.42224,321.62048,3.6722174,3.885788,-7.8965197
82.18426,15.605957,316.5892,316.8035,3.318375,3.5009043,-15.393057
82.16348,15.623822,312.18195,312.34152,3.3992941,3.580721,-11.99401
82.142715,15.6416855,307.77463,307.8796,3.4802132,3.6605377,-8.292372
82.764244,15.59901,303.29318,303.41278,3.9071274,4.1194816,6.36854
83.38578,15.5563345,298.81168,298.94598,4.334043,4.578425,23.09213
83.97671,15.515179,297.35974,297.48453,4.3932376,4.657925,27.293196
84.567635,15.47402,295.90778,296.02307,4.4524317,4.7374234,31.09382
84.28487,15.515305,293.67212,293.78067,4.291989,4.5620284,24.277369
84.0021,15.556591,291.43646,291.53833,4.1315455,4.386633,18.448652
84.137886,15.565304,291.05573,291.17566,4.3068614,4.5794435,25.480822
84.273674,15.574019,290.67496,290.81296,4.4821754,4.7722535,33.602226
84.18115,15.597001,294.42188,294.5601,4.535416,4.834288,35.27629
84.08864,15.619982,298.1687,298.3072,4.5886583,4.8963227,36.730904
83.802414,15.655265,300.23727,300.3955,4.5765777,4.891519,35.4922
83.516174,15.690548,302.30582,302.48376,4.5644975,4.8867154,34.264374
82.352165,15.788516,303.32724,303.45807,4.634912,4.9808273,35.754852
81.188156,15.886484,304.34866,304.4324,4.705325,5.0749397,36.362118
80.3245,15.941634,304.06195,304.2141,4.5199,4.8723674,26.317667
79.46086,15.996782,303.77527,303.99588,4.3344746,4.669794,15.89738
79.5839,16.000029,301.3893,301.62576,4.4128847,4.7515736,19.387842
79.70695,16.003277,299.00333,299.25568,4.491296,4.833352,22.715536
79.99984,15.962117,299.73178,299.936,4.0578055,4.3453994,8.035084
80.29273,15.920959,300.4602,300.6164,3.6243167,3.857447,-4.892094
80.73624,15.877166,296.90836,297.0386,3.2831674,3.4779203,-12.484353
81.17975,15.83337,293.35645,293.46075,2.942018,3.0983927,-17.940592
81.59868,15.787177,288.3855,288.46094,2.9202244,3.0704498,-16.378334
82.01762,15.740983,283.41452,283.46106,2.898432,3.0425067,-15.402851
82.35921,15.712562,280.0966,280.10977,3.1908746,3.3599575,-7.565539
82.7008,15.684139,276.7787,276.75854,3.4833183,3.6774068,0.7109211
82.727936,15.660405,275.87946,275.87872,3.5929701,3.799706,3.3343048
82.75508,15.636668,274.9803,274.999,3.702622,3.922004,6.29359
82.97228,15.674518,245.25153,245.28102,3.668501,3.8831003,7.8484664
83.189476,15.712365,215.52277,215.56303,3.63438,3.8441954,8.146988
81.93455,15.807331,220.17055,220.26346,4.144677,4.4216533,18.778025
80.67961,15.902298,224.81831,224.96382,4.654975,4.999112,34.462303
80.32431,15.967577,230.52467,230.68306,4.8591166,5.228083,42.27146
79.96901,16.032858,236.23108,236.40231,5.0632586,5.457053,51.18154
80.075584,16.082417,243.00328,243.17221,5.2250648,5.6185765,58.74063
80.18215,16.131975,249.77548,249.9421,5.386871,5.780099,66.510895
80.825096,16.070894,253.4795,253.68872,5.455888,5.842085,71.21357
81.46803,16.009813,257.18353,257.43533,5.524905,5.904071,76.54205
81.438484,15.9342785,255.76683,255.96233,5.6198263,5.996498,81.11905
81.40893,15.858741,254.35017,254.48936,5.714748,6.0889254,86.386215
82.23555,15.775295,254.21269,254.33032,5.7198963,6.0944347,90.74068
83.06217,15.691848,254.07516,254.17133,5.725044,6.0999436,95.27651
82.83755,15.659238,256.9131,257.03806,5.6692104,6.038414,90.66138
82.61294,15.626628,259.75104,259.90482,5.6133776,5.976883,86.520874
82.541504,15.608359,263.0056,263.21802,5.811635,6.1933856,98.31747
82.47008,15.590093,266.26013,266.53122,6.009893,6.409889,110.44977
81.98023,15.568141,266.78116,267.04172,6.157619,6.5597444,118.180145
81.49039,15.54619,267.30212,267.5523,6.305345,6.709599,126.850845
81.0301,15.487327,267.73685,267.90765,6.463536,6.8870354,137.5125
80.56981,15.42846,268.1715,268.26297,6.6217284,7.0644727,148.36276
80.24433,15.478383,267.39832,267.51498,6.405982,6.8486853,133.03842
79.91885,15.528308,266.62512,266.767,6.190236,6.632899,118.188896
80.27611,15.648392,266.32617,266.4903,6.084475,6.5348654,110.87065
80.63336,15.7684765,266.02728,266.21356,5.9787164,6.4368334,104.17523
80.527534,15.912496,261.50302,261.69504,5.715487,6.155356,87.54429
80.42172,16.056513,256.97876,257.1766,5.4522586,5.8738775,71.87833
79.69331,16.153364,258.04993,258.34308,5.6158085,6.090601,82.24978
78.964905,16.250217,259.1211,259.50955,5.7793584,6.3073254,93.909386
77.87277,16.37988,258.6731,259.06638,5.654139,6.198453,86.53474
76.78064,16.509546,258.2251,258.62326,5.5289187,6.089581,78.85163
77.38635,16.507057,254.05132,254.42133,5.5094066,6.0763016,79.23727
77.992065,16.504568,249.87753,250.21944,5.489895,6.063022,78.93576
77.86195,16.613722,244.07513,244.517,5.419211,5.9814353,75.25674
77.73184,16.722872,238.27278,238.81456,5.348527,5.89985,71.53589
78.4593,16.763647,235.72676,236.31047,5.422273,6.016611,78.08851
79.18676,16.80442,233.1807,233.80634,5.4960194,6.1333723,84.52964
80.28306,16.74784,233.54793,233.93971,5.695799,6.3941793,100.570694
81.37937,16.691261,233.91515,234.07315,5.895577,6.654987,117.18451
81.72112,16.67836,233.58759,233.74434,6.1962686,7.020168,140.18874
82.06288,16.665459,233.25998,233.41553,6.496958,7.385349,162.57841
81.27303,16.573063,244.97543,245.2783,6.9226995,7.854427,186.40771
80.483185,16.480669,256.6909,257.14105,7.348441,8.323504,212.5997
79.31027,16.49143,263.9621,264.38516,6.8449993,7.665203,169.70404
78.13737,16.50219,271.23334,271.62927,6.3415575,7.0069017,128.50584
77.71237,16.306566,279.16135,279.51025,6.678984,7.33049,143.60391
77.28738,16.110943,287.08936,287.39127,7.0164113,7.65408,160.40904
76.91166,15.938592,281.09048,281.42725,7.0488324,7.7152705,166.04295
76.53594,15.766243,275.09158,275.4632,7.0812535,7.7764626,172.45332
75.84235,15.640837,275.40353,275.79672,7.178461,7.8505177,178.69763
75.14874,15.515432,275.71548,276.13025,7.2756667,7.924573,186.47461
76.393654,15.343435,275.2225,275.56137,7.4372153,8.070433,201.63547
77.63857,15.171439,274.72955,274.9925,7.598762,8.216295,218.04227
78.63253,15.042091,278.65488,278.89813,7.6397643,8.24676,224.54776
79.626495,14.9127445,282.5802,282.8038,7.6807685,8.277226,231.81674
81.36725,14.704336,289.1546,289.28107,7.771616,8.365554,243.17268
83.107994,14.495928,295.729,295.75827,7.8624635,8.453881,257.5128
83.31214,14.353212,296.69153,296.68842,7.680305,8.242199,241.46199
83.5163,14.210498,297.65405,297.6185,7.4981484,8.030515,225.65195
80.72287,14.3608675,297.46857,297.51205,7.4474764,7.989423,214.00198
77.92945,14.511237,297.283,297.40567,7.3968062,7.9483314,202.47183
77.34506,14.386601,298.55765,298.7655,7.4126124,7.92165,203.37312
76.760666,14.261963,299.83228,300.12534,7.4284205,7.8949685,204.30252
78.87942,14.041105,303.1002,303.31808,7.5172944,7.990007,217.17741
80.99817,13.820249,306.36807,306.51077,7.6061707,8.085047,229.17288
78.633415,14.052101,308.90585,308.98645,7.8157806,8.3922,243.77881
76.26866,14.283957,311.44354,311.46207,8.025391,8.699354,261.40582
72.7656,14.418575,308.38058,308.4937,8.252643,8.912332,272.60797
69.26254,14.553192,305.31757,305.52533,8.479894,9.125309,274.22498
69.18089,14.507282,302.8608,303.0463,8.422216,9.050164,269.40472
69.09924,14.461372,300.40402,300.56723,8.364539,8.97502,264.68808
71.53439,14.202106,298.1861,298.38724,8.559246,9.185589,296.75418
73.969536,13.942841,295.96814,296.20728,8.753955,9.39616,330.3543
72.16677,14.129565,293.36603,293.54785,8.775951,9.479724,322.1808
70.36399,14.316289,290.76395,290.8884,8.79795,9.563289,312.0923
73.31783,14.172371,288.38754,288.45618,9.047319,9.838762,354.15634
76.27168,14.028452,286.0111,286.02393,9.296689,10.11424,382.5008
79.35318,13.938045,282.41754,282.50098,9.569112,10.457553,413.0873
82.43469,13.847635,278.82394,278.97803,9.841535,10.800866,442.64023
83.98148,13.777329,282.63687,282.8684,10.261566,11.340408,472.09604
85.52828,13.707024,286.44977,286.75873,10.681599,11.879951,498.7365
84.482666,13.915765,295.23706,295.64633,10.499396,11.699274,483.07346
83.437065,14.124504,304.02432,304.53397,10.317196,11.518598,468.21817
81.22921,14.425841,310.27365,310.8354,10.080883,11.23998,447.3318
79.02136,14.727177,316.5229,317.13684,9.844569,10.961361,424.2499
77.13144,14.892246,320.54465,321.0426,9.377903,10.400856,383.1877
75.24153,15.057316,324.5664,324.94836,8.911239,9.840348,334.92984
74.53078,15.110795,323.85797,324.23672,8.679537,9.544011,310.55914
73.82003,15.164272,323.1495,323.52505,8.447836,9.247676,286.2596
76.29549,15.002964,321.06937,321.51926,8.47695,9.245945,296.55365
78.77094,14.841654,318.98923,319.51343,8.506065,9.244216,301.14053
81.09096,14.724626,319.18973,319.59506,8.607955,9.365634,312.15912
83.41098,14.6075945,319.3902,319.67667,8.709845,9.487052,327.47327
83.11373,14.626152,321.29822,321.52884,8.778565,9.574448,332.0861
82.81648,14.644709,323.20624,323.38095,8.847289,9.661842,336.51523
80.263145,14.898973,324.51736,324.65338,8.72489,9.544749,321.1616
77.70981,15.15324,325.8285,325.92575,8.602491,9.427652,306.52386
78.365974,15.0801935,325.84253,325.9618,8.400694,9.176258,287.44574
79.02215,15.007146,325.8566,325.99783,8.198895,8.924867,267.6948
79.08126,15.015914,323.69006,323.82114,7.999433,8.702464,248.8012
79.14038,15.024683,321.5235,321.6444,7.79997,8.480062,230.21791
79.32627,14.969619,319.6201,319.75674,7.71768,8.375521,223.5931
79.51216,14.914554,317.71664,317.86908,7.63539,8.270982,217.03082
79.2794,14.926237,316.18777,316.41187,7.4901567,8.089764,203.44078
79.04665,14.937922,314.65894,314.95462,7.3449254,7.9085464,190.4582
79.0544,14.9072895,315.08112,315.19696,7.0186925,7.546071,162.27692
79.06215,14.876659,315.50336,315.43933,6.6924596,7.1835947,137.06891
77.49443,15.030085,314.00757,313.93127,6.5014997,6.999838,121.136215
75.92672,15.183512,312.5118,312.42325,6.31054,6.8160806,107.46583
74.19082,15.263553,308.95712,308.9826,6.369478,6.8667283,110.63393
72.45492,15.343592,305.4024,305.542,6.428416,6.9173756,108.70657
71.377426,15.382026,304.03833,304.19415,6.230993,6.7013416,92.77908
70.29992,15.420458,302.67422,302.8463,6.0335693,6.4853067,79.72983
69.88113,15.470702,301.90424,302.1201,5.828915,6.261094,70.18803
69.462326,15.520946,301.13425,301.3939,5.624261,6.036883,61.31727
69.609764,15.551771,300.6978,300.9325,5.449469,5.836689,53.884937
69.757195,15.582598,300.26132,300.47107,5.274678,5.6364946,46.75529
70.08366,15.579904,297.66605,297.8658,5.00002,5.3380537,38.123722
70.4101,15.57721,295.07074,295.26053,4.725361,5.039611,30.589613
70.87488,15.65001,291.33206,291.59705,4.5708165,4.882673,27.230738
71.33965,15.722813,287.59332,287.93356,4.416272,4.7257333,24.297289
71.74559,15.752743,286.10654,286.4261,4.226884,4.515741,19.400665
72.15153,15.782671,284.61978,284.9186,4.037496,4.305748,14.451048
72.87734,15.803726,283.47794,283.72897,3.741527,3.9757035,5.9723563
73.60316,15.824779,282.3361,282.53928,3.4455588,3.6456592,-0.07406405
74.10763,15.815659,277.8027,277.89532,3.201692,3.3828516,-5.605063
74.61209,15.80654,273.26935,273.25134,2.9578261,3.120045,-11.166818
74.60757,15.813915,274.16443,274.10986,2.4718983,2.6011424,-19.420376
74.603035,15.821293,275.0595,274.9684,1.9859703,2.0822399,-24.316479
74.657005,15.830407,265.56815,265.40372,1.5920694,1.6606618,-30.405012
74.710976,15.839523,256.07675,255.83902,1.1981696,1.2390826,-37.888348
74.68109,15.849554,228.0898,227.99245,1.0473026,1.0820471,-42.572426
74.6512,15.859588,200.10286,200.14592,0.89643663,0.92501163,-46.444355
74.73384,15.873733,184.68417,184.76262,1.192227,1.2408683,-42.33324
74.816475,15.887876,169.26546,169.37929,1.4880185,1.556725,-39.289494
75.05617,15.922103,165.07486,165.31497,1.8879367,1.9894788,-34.138115
75.29586,15.956329,160.88423,161.25064,2.2878551,2.4222326,-25.51189
75.35832,16.010603,158.68541,159.03925,2.6696413,2.8494215,-15.562971
75.42079,16.064873,156.48659,156.82784,3.0514274,3.2766094,-5.9116282
75.00168,16.152237,158.34383,158.72318,3.2640145,3.5318263,-2.908575
74.58256,16.239597,160.20105,160.61853,3.4766016,3.787043,0.3620073
74.52747,16.315456,157.9263,158.46349,3.5706053,3.912461,2.7200856
74.47238,16.391314,155.6516,156.30844,3.664609,4.0378776,5.183917
75.35898,16.383621,155.28802,155.8385,3.6212265,3.9864945,7.1517267
76.245575,16.375929,154.92448,155.36856,3.5778441,3.9351099,9.324655
76.4677,16.416004,154.93744,155.31155,3.4717069,3.8224764,8.158202
76.689804,16.456078,154.95036,155.25455,3.3655696,3.7098415,6.746648
76.803444,16.507286,150.09103,150.40718,3.3610103,3.7170026,7.896067
76.91709,16.558493,145.23167,145.5598,3.35645,3.724165,8.612395
77.32079,16.555988,142.30602,142.62701,3.3724859,3.7475107,9.788548
77.7245,16.55348,139.38034,139.69421,3.3885226,3.7708576,9.943227
77.72483,16.591785,127.56718,128.03174,3.44782,3.8432617,10.492007
77.72517,16.63009,115.75398,116.3693,3.5071173,3.9156647,10.265076
77.15853,16.724028,110.88921,111.69829,3.6266596,4.1040874,14.435339
76.591896,16.817963,106.024445,107.027275,3.7462022,4.2925096,19.775698
76.36258,16.857117,105.60153,106.63632,4.410968,5.0908937,49.103054
76.133255,16.896267,105.17859,106.24537,5.0757337,5.8892775,84.12594
76.91881,16.823563,104.273445,105.06018,5.4473925,6.3331366,101.79005
77.70436,16.75086,103.36828,103.875,5.8190513,6.7769947,123.840034
77.96841,16.749083,103.83057,104.408905,5.9574504,6.939597,132.6007
78.23245,16.747307,104.29286,104.94278,6.095849,7.1022,141.33702
78.36322,16.764694,101.73706,102.50563,6.2382255,7.28818,152.07874
78.49398,16.78208,99.18127,100.06845,6.3806,7.474161,163.51245
79.12995,16.736908,100.17346,100.9908,6.4658628,7.554052,167.51744
79.765915,16.691734,101.16565,101.91318,6.5511274,7.6339436,172.23671
80.61755,16.660059,102.57641,103.4837,6.3862033,7.4320793,161.9598
81.46919,16.628384,103.98715,105.05421,6.221281,7.2302146,153.94528
82.26752,16.615,103.89602,105.29136,5.866062,6.791142,134.7729
83.065834,16.601614,103.80486,105.5285,5.510843,6.352071,116.00187
83.87429,16.668947,104.10944,106.81936,5.110354,5.9484777,102.09178
84.68274,16.736282,104.414,108.110245,4.7098656,5.544884,88.45717
85.77911,16.77889,104.261795,109.18414,4.3433022,5.2617197,79.94025
86.875496,16.8215,104.109566,110.25804,3.9767387,4.9785547,67.47942
86.30732,16.946991,103.81658,109.83828,3.8421752,4.9318247,65.2376
85.739136,17.072483,103.52363,109.41851,3.7076108,4.8850946,61.255047
85.25,17.120798,105.259735,110.57948,3.6720107,4.9357104,62.050014
84.76085,17.169111,106.99585,111.74045,3.6364105,4.9863267,63.3605
84.74001,17.175047,104.70079,109.04506,3.7522404,5.126068,71.181915
84.71917,17.180983,102.40572,106.34967,3.8680696,5.2658095,78.675095
84.376915,17.182732,98.24216,102.00049,3.9416769,5.3237457,80.314
84.03466,17.184484,94.07862,97.65128,4.015285,5.381682,81.577835
83.67706,17.215462,92.17794,95.54038,4.056685,5.4678903,84.65593
83.319466,17.246439,90.27727,93.42949,4.098086,5.554097,87.83633
83.39603,17.231833,89.29483,92.56242,4.109215,5.544058,87.535866
83.47259,17.217228,88.31239,91.69538,4.1203446,5.5340195,87.13382
83.987274,17.182093,86.40019,89.842155,4.126897,5.490533,85.690704
84.50197,17.146955,84.488014,87.98893,4.1334486,5.4470477,84.21802
84.406654,17.141539,83.68644,87.22349,4.036118,5.3278975,77.30953
84.31133,17.136122,82.884865,86.458046,3.9387865,5.2087474,70.233215
84.28272,17.13883,81.30664,85.141174,3.7514696,4.9802995,57.65613
84.25412,17.141537,79.72841,83.82431,3.5641515,4.7518516,44.162098
81.460335,16.896238,75.123665,77.687675,3.5770643,4.5138936,21.93145
78.66655,16.650942,70.51889,71.551025,3.5899758,4.275934,9.258127
78.41094,16.60151,68.87424,69.8196,3.4681854,4.0754013,1.6268318
78.155334,16.552076,67.22955,68.08818,3.3463957,3.8748684,-5.3122196
77.88699,16.50716,67.64775,68.36878,3.2187445,3.6959052,-8.58919
77.61865,16.46224,68.06595,68.64939,3.0910933,3.5169418,-11.45086
77.35552,16.434383,65.94332,66.55088,2.934947,3.3146596,-16.054735
77.0924,16.406525,63.820717,64.45239,2.7788007,3.1123774,-19.563225
77.03214,16.390162,58.52219,59.156673,2.5773883,2.8667715,-24.656544
76.97188,16.373796,53.223663,53.860977,2.375976,2.6211643,-29.444908
76.96494,16.359863,47.939224,48.550385,2.2710073,2.4916553,-31.86691
76.958,16.34593,42.654804,43.23979,2.1660395,2.3621476,-32.216206
76.892914,16.330374,34.474422,35.021248,2.3364618,2.545731,-30.197529
76.82783,16.314814,26.294064,26.802727,2.506885,2.7293136,-27.3986
76.80659,16.31513,21.480068,21.95246,2.8538911,3.131705,-24.506502
76.78535,16.315447,16.666075,17.102169,3.200896,3.534095,-21.269373
76.9856,16.34274,23.906763,14.4055,3.3070033,3.689244,35.20617
77.18586,16.37003,31.147451,11.708808,3.4131098,3.844393,69.80954
77.84422,16.414127,30.971212,11.639141,3.3332102,3.7921114,66.770386
78.5026,16.458225,30.794996,11.569451,3.253311,3.739831,63.37394
79.21565,16.47464,22.15517,13.148342,3.031759,3.501697,24.134094
79.9287,16.491053,13.515347,14.727232,2.8102062,3.263563,-36.106068
80.77729,16.506271,51.513046,33.44447,2.6465461,3.1140504,54.45804
81.62588,16.521492,89.510735,52.16171,2.4828863,2.9645379,89.49644
82.45164,16.528843,135.15236,108.631294,2.3742003,2.860443,66.36554
83.277405,16.536194,180.79398,165.10088,2.2655132,2.7563472,37.56945
83.96654,16.53172,257.7959,227.6974,2.331527,2.8353713,78.64637
84.65568,16.527246,334.79782,290.29395,2.3975408,2.914395,82.74618
85.108086,16.510534,336.55148,316.9707,2.375884,2.8971946,49.541542
85.560486,16.493824,338.3051,343.64752,2.3542275,2.8799927,-66.27703
85.74214,16.476027,332.75568,338.59396,2.2075522,2.6758678,-72.29152
85.9238,16.45823,327.20618,333.54037,2.060878,2.471744,-78.69882
86.17249,16.445425,323.59494,329.42273,2.0268297,2.4163013,-78.51453
86.42119,16.432625,319.9837,325.305,1.9927807,2.3608596,-78.00838
86.51296,16.416197,317.8921,322.21936,2.025815,2.4191709,-71.806046
86.604744,16.39977,315.80045,319.1337,2.0588484,2.4774823,-64.401726
86.28739,16.381508,315.95474,318.28427,1.7342354,2.0903468,-70.69321
85.97003,16.363245,316.10904,317.4348,1.4096222,1.7032112,-77.67072
85.83624,16.347408,298.06763,301.68854,1.1999204,1.4336355,-94.8971
85.70245,16.331573,280.02625,285.94226,0.9902175,1.1640587,-114.16851
85.70746,16.322594,278.83948,267.7678,0.8312737,0.98784137,-26.199072
85.71246,16.313616,277.6527,249.59328,0.6723299,0.8116229,17.351046
85.909035,16.302172,277.63425,264.41135,0.84036726,1.0114942,-16.854387
86.105606,16.290726,277.61572,279.22934,1.0084035,1.2113643,-91.17857
86.0401,16.296022,250.62254,254.47717,1.1643422,1.4086304,-98.76151
85.97461,16.301321,223.62944,229.72495,1.3202817,1.6058965,-108.78656
86.28315,16.297472,217.49599,222.90457,1.7966567,2.2105312,-82.03044
86.59169,16.293627,211.36258,216.08414,2.2730317,2.815166,-58.384125
88.99518,16.074247,208.0864,210.53441,3.0283453,3.5108223,-30.202072
91.398674,15.854869,204.81018,204.98468,3.78366,4.2064786,12.854533
90.438255,15.957992,208.98854,209.20859,4.1222525,4.617942,26.248253
89.47784,16.061113,213.16687,213.43245,4.4608455,5.029404,46.274506
89.159515,16.136728,218.59442,218.83395,4.694524,5.335346,62.66329
88.841194,16.212341,224.02199,224.23544,4.9282026,5.6412888,79.113106
88.5387,16.266998,228.93715,229.34299,4.9217925,5.719363,82.88207
88.23619,16.321655,233.85233,234.45053,4.915384,5.797439,87.541595
87.94812,16.365744,233.6013,234.37512,4.930261,5.880888,92.5239
87.66005,16.409832,233.35028,234.2997,4.9451385,5.964337,97.48909
88.127686,16.423138,235.52042,236.87297,4.693678,5.7108874,84.10881
88.595314,16.436441,237.69055,239.44623,4.442217,5.457438,71.199425
88.30701,16.470669,230.90611,234.17422,4.5091796,5.631129,82.02167
88.01871,16.504896,224.12161,228.90224,4.576141,5.804821,93.861595
87.43012,16.569876,221.98805,226.72926,4.770723,6.1463,112.40372
86.841545,16.634855,219.85448,224.55629,4.965304,6.487778,131.94124
87.39227,16.683407,219.75352,224.12364,5.139013,6.7727714,148.62602
87.943,16.731956,219.65251,223.69095,5.312722,7.0577655,166.1003
88.32942,16.762207,220.37424,224.30153,5.3592477,7.17858,173.77045
88.71584,16.792458,221.09596,224.91205,5.405773,7.299393,181.71275
88.94261,16.816853,222.09146,225.80089,5.380372,7.33029,183.61867
89.16939,16.841251,223.08702,226.68974,5.354972,7.3611865,185.47585
89.391716,16.847832,225.80106,229.57391,5.0479107,7.0661626,167.63374
89.61404,16.85441,228.51512,232.4581,4.7408504,6.7711387,149.57918
89.775566,16.85453,226.69171,231.47102,4.528242,6.5401607,136.62488
89.937096,16.854647,224.86826,230.48395,4.3156343,6.3091817,123.75378
89.9335,16.875044,223.00995,228.87633,4.3012733,6.3287773,125.1236
89.92992,16.895437,221.15164,227.26865,4.2869124,6.348373,126.40238
89.785614,16.929827,217.60634,223.75925,4.4147315,6.554516,137.89973
89.641304,16.964212,214.06097,220.24979,4.542549,6.7606597,150.15067
89.440636,17.000412,212.64737,218.9189,4.3279557,6.601217,139.77382
89.23996,17.036608,211.2337,217.58807,4.113362,6.441774,129.26178
89.04943,17.062616,207.77884,214.97076,3.8775985,6.2082214,115.368065
88.858894,17.088627,204.32397,212.3534,3.6418345,5.974669,101.265114
88.41552,17.122444,199.95712,208.55016,3.6777854,6.0483465,106.64176
87.972145,17.156265,195.59026,204.74689,3.713736,6.1220255,111.745346
87.2043,17.198294,191.79163,201.25624,3.7824574,6.2231884,117.83596
86.436455,17.240322,187.99298,197.7656,3.8511798,6.3243527,125.04699
85.9012,17.261543,183.73636,194.06976,3.7172797,6.1429806,115.202835
85.365944,17.282764,179.47975,190.37392,3.5833802,5.961608,106.539085
85.17526,17.310616,180.38292,189.35078,3.7428493,6.262051,120.62027
84.98458,17.338463,181.2861,188.32767,3.9023194,6.562493,134.79117
85.35324,17.349659,183.04852,188.90547,3.8872623,6.613926,134.8126
85.7219,17.360853,184.81099,189.4833,3.8722055,6.66536,135.10956
86.3194,17.354145,187.3369,191.30667,3.8819091,6.654965,132.1867
86.91689,17.347437,189.86281,193.13004,3.891612,6.64457,129.0093
87.49084,17.323612,191.46982,194.74161,3.9439192,6.682341,131.11996
88.06478,17.299788,193.07683,196.3532,3.996225,6.7201123,134.04858
90.10106,17.383707,193.37064,196.60632,4.514893,7.227529,168.39752
92.137344,17.467628,193.66447,196.85945,5.03356,7.7349463,199.32944
92.100136,17.463055,195.43866,199.07256,4.716714,7.3639674,179.2447
92.06292,17.458483,197.21284,201.28569,4.399867,6.992987,157.77576
92.39921,17.42061,196.48746,201.55833,3.993275,6.468401,127.641136
92.735504,17.382734,195.76204,201.83101,3.586683,5.943816,99.383415
92.89241,17.356348,192.08247,199.05046,3.373231,5.5915575,81.04041
93.04932,17.329964,188.40286,196.26994,3.1597798,5.239299,63.21093
93.13928,17.307306,186.2918,193.72586,3.1798606,5.213722,62.35502
93.22924,17.284647,184.18071,191.18176,3.1999412,5.188145,61.355404
93.11199,17.27821,182.13542,188.95186,3.1964695,5.159679,59.141262
92.99474,17.271774,180.09013,186.72198,3.192998,5.1312127,56.875454
92.62872,17.276648,176.10309,182.80428,3.1778421,5.1074023,54.331184
92.2627,17.28152,172.11603,178.88655,3.162686,5.083593,52.23103
91.38506,17.31034,171.16289,177.2568,3.173111,5.1329308,50.682823
90.50742,17.339159,170.20975,175.62706,3.1835368,5.1822686,49.586918
89.65858,17.381344,167.66022,173.32286,3.135771,5.166702,46.26618
88.80974,17.423527,165.11072,171.01868,3.0880063,5.151135,44.391396
88.90234,17.437553,164.21228,170.02519,3.0447526,5.1499953,43.599262
88.99495,17.451578,163.31387,169.0317,3.0015001,5.1488543,42.823128
89.84247,17.463375,165.00536,170.36243,2.9151828,5.0976653,38.865364
90.68999,17.475172,166.69685,171.69315,2.8288655,5.046476,36.200058
91.414024,17.478792,164.78159,170.80783,2.7501209,4.973805,35.461914
92.13807,17.48241,162.8663,169.92253,2.671376,4.9011335,35.511032
92.418816,17.498781,161.56374,169.19522,2.599187,4.821553,31.63484
92.69957,17.515154,160.26114,168.46788,2.5269969,4.7419734,28.008768
92.731,17.525703,158.90015,167.52869,2.4929798,4.701762,26.19734
92.762436,17.536255,157.53915,166.58948,2.4589615,4.661551,24.385157
92.59354,17.54211,153.27304,163.56604,2.3916173,4.5400567,19.192566
92.42463,17.547964,149.00694,160.54257,2.324273,4.4185634,14.793243
92.16851,17.551022,143.3448,155.71269,2.338719,4.384541,16.221642
91.9124,17.554077,137.68266,150.8828,2.3531647,4.3505173,18.481207
91.7078,17.547808,132.7219,145.6913,2.422091,4.403554,26.004145
91.50321,17.541538,127.76113,140.49979,2.491018,4.4565907,32.745224
91.35729,17.53729,125.554695,136.84367,2.6140182,4.64865,44.113976
91.21138,17.533041,123.34826,133.18755,2.7370193,4.8407097,54.388626
91.09445,17.524256,122.12001,131.10492,2.7552803,4.9217634,58.33366
90.97753,17.51547,120.891754,129.02226,2.7735422,5.002817,62.285843
90.82763,17.519247,119.22795,127.04457,2.7986567,5.041958,64.86371
90.67773,17.52303,117.56415,125.06688,2.823771,5.081097,67.40026
90.50301,17.523642,118.251976,125.424034,2.8504863,5.141886,69.37082
90.32831,17.52425,118.93981,125.78119,2.8772018,5.202675,71.4634
89.839615,17.534807,119.98622,126.906685,2.8956654,5.2604113,73.406654
89.350914,17.545364,121.03263,128.03221,2.9141283,5.318148,75.478134
89.263916,17.53906,121.38147,129.31898,2.683289,5.0603065,60.161697
89.17691,17.532759,121.73034,130.60574,2.4524508,4.802464,44.651638
89.28232,17.523613,115.20002,128.29887,2.1802976,4.363179,27.714788
89.38771,17.514465,108.6697,125.99201,1.9081453,3.9238942,14.448209
90.35195,17.549622,104.55217,119.90852,2.2334485,4.3586087,39.055767
91.316185,17.58478,100.434616,113.82502,2.5587518,4.7933216,64.02255
91.6401,17.529411,93.20181,108.59223,2.4709463,4.567104,56.267056
91.96401,17.474047,85.96902,103.359436,2.38314,4.3408847,50.485703
92.481285,17.426,81.70788,98.39733,2.4391074,4.394169,49.976242
92.998566,17.377958,77.44674,93.43519,2.495075,4.4474535,49.128277
93.00276,17.363424,73.79344,89.272514,2.5655093,4.54496,52.14444
93.00696,17.348892,70.14017,85.10983,2.6359437,4.6424675,55.663292
93.02503,17.337687,67.22016,81.30679,2.7512534,4.8177342,64.13635
93.04311,17.326485,64.300186,77.50375,2.866563,4.9930024,71.43227
93.03553,17.324139,62.94502,75.23683,2.9958692,5.1843104,79.61239
93.02796,17.321795,61.58985,72.96993,3.1251755,5.3756185,87.6279
93.00939,17.317764,61.306847,71.92055,3.3023193,5.630079,99.04908
92.99082,17.313734,61.023846,70.87113,3.4794621,5.884541,109.6116
92.79061,17.332336,60.958767,70.11476,3.739824,6.233994,124.82271
92.59039,17.35094,60.893684,69.35839,4.0001874,6.583447,139.41255
92.1902,17.397991,61.729275,69.552444,4.2430825,6.9250526,154.69649
91.79,17.445042,62.56486,69.74647,4.4859767,7.266659,170.18062
91.40679,17.481564,62.765903,69.77066,4.6829185,7.5314226,182.92027
91.02359,17.518084,62.96694,69.79487,4.8798604,7.796187,195.25764
90.68467,17.563364,63.370934,70.00977,5.057283,8.045778,207.12202
90.34574,17.608644,63.774906,70.22467,5.2347064,8.29537,220.35823
90.16259,17.636692,64.86312,71.249084,5.3505177,8.4663105,230.66383
89.97944,17.664742,65.95133,72.2735,5.4663286,8.637253,240.31938
89.76949,17.699543,65.757545,72.41934,5.4571595,8.650499,241.86456
89.55954,17.734344,65.56373,72.56516,5.44799,8.663746,243.37112
89.42442,17.750498,65.295105,72.32797,5.612071,8.864448,255.10284
89.28931,17.76665,65.026505,72.09075,5.7761517,9.065147,267.50607
89.13367,17.794075,65.607796,72.47657,5.943392,9.284114,280.39688
88.97803,17.8215,66.18909,72.862366,6.1106324,9.503081,293.97867
88.944305,17.830338,67.06046,73.65772,6.176723,9.596191,299.8277
88.91058,17.839176,67.93184,74.45308,6.2428136,9.689304,305.61633
89.01561,17.84184,69.47153,75.80448,6.101246,9.542763,294.8917
89.12063,17.844505,71.011246,77.155914,5.959678,9.396223,284.7699
89.421684,17.819693,70.414764,77.05574,5.751215,9.120841,268.7385
89.72273,17.794882,69.81826,76.955574,5.5427523,8.845462,253.54555
89.93618,17.779003,68.50325,75.77147,5.630395,8.912805,258.36942
90.14964,17.763123,67.18824,74.58737,5.7180386,8.980148,263.3602
90.18625,17.766977,67.2924,74.25418,6.099742,9.412947,289.14188
90.22286,17.770834,67.39655,73.920975,6.4814453,9.845748,315.28107
90.24035,17.77426,68.649605,74.79575,6.4676843,9.857861,314.6173
90.257835,17.777685,69.90266,75.67051,6.4539237,9.869971,313.82523
90.26127,17.77796,70.01273,75.835236,6.653247,10.069245,326.90622
90.26471,17.778233,70.12284,75.99994,6.8525696,10.2685175,339.68762
90.2812,17.784054,70.93127,76.67619,6.9859476,10.423438,348.72855
90.29768,17.789877,71.73968,77.352425,7.1193237,10.5783615,357.90164
90.20352,17.811525,74.0006,79.453026,7.224745,10.729905,366.4179
90.10936,17.833176,76.2615,81.55363,7.3301663,10.881451,375.04858
91.0858,17.965208,76.162285,81.473114,6.721051,10.041705,323.8344
92.06224,18.097242,76.06304,81.39261,6.1119347,9.201962,272.28867
92.097374,18.11757,76.59135,82.72922,5.7325206,8.816052,250.4323
92.13251,18.1379,77.119675,84.06583,5.3531065,8.430141,230.52177
92.39464,18.148111,78.4031,86.10143,5.0688286,8.150341,217.85072
92.65677,18.158321,79.68653,88.13701,4.7845507,7.8705387,205.58708
92.90037,18.161467,80.55405,90.05612,4.4408236,7.444845,186.2914
93.143974,18.164608,81.42156,91.97523,4.097097,7.0191517,167.8709
93.3992,18.167074,83.06959,94.508766,3.758281,6.584728,148.94437
93.65443,18.169544,84.71761,97.04231,3.4194646,6.1503034,130.02136
93.91884,18.159376,85.8814,99.29055,3.192151,5.8085213,114.55407
94.18325,18.149208,87.04519,101.53881,2.9648364,5.466739,97.81065
94.32003,18.153646,89.02409,104.069595,2.7946048,5.213584,85.27356
94.45681,18.158085,91.003,106.60041,2.6243732,4.960428,70.65911
94.62169,18.143343,92.03132,108.91966,2.4114902,4.6410956,52.35429
94.786575,18.128601,93.05964,111.2389,2.1986074,4.321765,36.917805
94.77665,18.13698,94.08813,113.646065,2.007652,4.0052633,25.785967
94.76672,18.145359,95.11662,116.05325,1.8166975,3.6887634,16.769712
94.81708,18.13477,99.406044,122.29445,1.5126494,3.259757,4.0856476
94.86744,18.12418,103.69544,128.53568,1.2086004,2.8307521,-7.5699863
94.89097,18.115593,101.2631,135.84062,1.0163676,2.4344158,5.6769104
94.914505,18.107006,98.83077,143.1456,0.8241347,2.0380797,8.127304
94.9856,18.08928,123.86167,157.89458,0.6464705,1.6836094,-23.301203
95.0567,18.071554,148.89256,172.64359,0.46880525,1.3291402,-93.07503
95.26051,18.018387,116.87631,180.32892,0.50082594,1.0799531,15.368189
95.464325,17.965221,84.86006,188.01425,0.53284657,0.83076584,61.993378
95.66737,17.898716,79.91517,144.11574,0.611889,0.85550755,25.69157
95.87043,17.832214,74.97031,100.217224,0.6909315,0.88024926,-45.246014
95.755875,17.840248,85.9584,105.743965,0.80631614,1.2038559,-66.46469
95.64131,17.84828,96.94652,111.27073,0.9217018,1.5274625,-86.38226
95.437904,17.897615,131.2065,128.20522,0.7060514,1.4200233,-85.45504
95.23449,17.946949,165.46649,145.13972,0.49040106,1.3125843,-47.190212
95.35631,17.922352,176.70438,154.70752,0.4371621,1.2602395,-50.001816
95.47811,17.897753,187.94228,164.27533,0.38392416,1.2078947,-53.385487
95.59378,17.873777,180.27847,166.19896,0.3755657,1.2327542,-70.868324
95.70946,17.849798,172.61467,168.1226,0.3672082,1.2576137,-104.91439
95.751495,17.841558,192.86972,178.29799,0.34703264,1.2130711,-70.34793
95.79354,17.83332,213.1248,188.47337,0.32685706,1.1685284,-49.09684
95.85043,17.826168,146.59927,172.20831,0.40321988,0.96494,-80.99624
95.907326,17.819017,80.07376,155.94324,0.47958368,0.7613528,38.249866
96.131325,17.750645,76.67653,135.38242,0.6601952,0.92968905,22.155212
96.35533,17.682272,73.2793,114.82161,0.8408057,1.0980265,8.563801
96.14025,17.72014,73.26727,120.41634,0.67445624,1.0059853,9.610638
95.92518,17.758009,73.25523,126.011086,0.50810677,0.9139452,10.6062765
95.85596,17.765743,77.825645,118.66295,0.7884936,1.2441472,5.6682987
95.78674,17.773474,82.39606,111.314804,1.0688804,1.5743505,-8.878343
95.607574,17.807774,86.52119,113.10695,1.0209068,1.7185665,-17.715506
95.428406,17.842072,90.64634,114.89909,0.9729323,1.8627826,-29.610611
94.53323,18.32488,84.78028,107.1392,1.1948618,2.4097009,-30.062628
93.63805,18.80769,78.91423,99.37932,1.4167922,2.956619,-29.026155
93.8356,18.687273,70.26826,95.73618,1.3193339,2.6590374,-16.50888
94.03316,18.566858,61.62229,92.09305,1.2218767,2.3614545,-11.846476
94.07491,18.50598,53.919754,86.259445,1.2678378,2.2621925,-10.236097
94.11666,18.445103,46.21722,80.42584,1.3137989,2.1629295,-9.867168
93.97081,18.40154,44.15048,73.89529,1.539254,2.3667436,-9.341763
93.82496,18.35798,42.083714,67.364746,1.764709,2.5705578,-12.789499
93.35736,18.381577,47.075005,68.47461,1.9712847,2.987552,-10.379419
92.88975,18.405172,52.066265,69.58447,2.1778595,3.4045463,-7.8262067
92.39325,18.455223,57.234707,73.63798,2.3134289,3.8338814,7.2935824
91.89674,18.505272,62.40315,77.69147,2.448997,4.2632155,27.976072
91.662674,18.540401,62.357384,79.586235,2.29336,4.2377224,30.014431
91.42861,18.57553,62.311623,81.48099,2.1377232,4.212228,31.788904
91.19339,18.628204,64.15246,81.77356,2.3613985,4.495371,43.048214
90.95816,18.680882,65.993286,82.06612,2.5850747,4.778514,54.791527
90.343956,18.769148,72.679985,85.38754,3.1106377,5.6151047,100.50355
89.729744,18.857416,79.36666,88.70896,3.6361997,6.451696,139.96555
89.409,18.923676,80.20437,90.2853,3.518384,6.4486437,139.67937
89.08825,18.989937,81.04207,91.86163,3.4005675,6.4455934,139.42784
89.250725,19.004982,81.72299,92.93219,3.4261613,6.4716144,141.75403
89.413216,19.020027,82.403946,94.00275,3.451755,6.497636,144.13396
89.716324,19.022795,86.03326,97.43767,3.508095,6.5437903,147.42361
90.01943,19.025562,89.662575,100.87261,3.564435,6.5899453,149.6864
90.17006,18.997957,92.065475,104.17557,3.3158832,6.2429395,133.49062
90.32067,18.970354,94.46836,107.47853,3.0673313,5.8959336,116.23207
90.439835,18.931076,92.77118,107.900314,2.7937949,5.4350624,93.651085
90.559,18.891796,91.074,108.3221,2.5202582,4.9741907,68.54571
90.53713,18.852863,90.23912,107.070564,2.6433372,5.008282,71.41088
90.515274,18.813932,89.40424,105.819016,2.7664154,5.042374,74.299995
90.34861,18.788162,88.43137,104.191475,2.8321116,5.083322,76.272675
90.18194,18.762394,87.45852,102.56392,2.8978088,5.1242704,78.24522
89.97988,18.73414,86.00888,100.47903,2.9567544,5.1979675,81.91118
89.77783,18.705885,84.559235,98.39416,3.0156991,5.2716646,85.527176
89.46478,18.707134,87.043686,99.745735,3.077011,5.427702,92.90755
89.15174,18.708385,89.52816,101.09732,3.1383219,5.5837398,99.87721
88.8604,18.734537,92.53915,103.469055,3.3442135,5.916594,116.76878
88.569046,18.76069,95.550156,105.84077,3.5501041,6.2494473,132.46228
88.16156,18.81604,96.231155,106.4584,3.6885319,6.504633,144.76176
87.75407,18.87139,96.912155,107.076,3.8269603,6.759818,157.64214
87.57774,18.910135,97.53727,107.620544,3.706755,6.7287483,155.23523
87.401405,18.948881,98.16241,108.16509,3.5865502,6.697678,152.654
87.47872,18.964367,97.152275,109.00531,3.17468,6.1417413,124.90215
87.55604,18.979855,96.14214,109.84553,2.7628098,5.5858045,93.719315
87.71423,18.97815,95.20281,110.507034,2.655567,5.3693857,82.94742
87.87243,18.976446,94.26349,111.16854,2.5483239,5.1529684,72.080505
88.14688,18.971672,95.236855,113.01238,2.3701365,4.9016895,57.61459
88.42133,18.966902,96.21022,114.85619,2.191948,4.6504116,45.381546
88.786385,18.911844,103.63499,120.02239,2.206846,4.7456493,47.77142
89.15144,18.856785,111.05975,125.18859,2.2217453,4.840887,51.09249
89.30138,18.805973,112.228165,129.6937,1.9399053,4.3191986,22.541931
89.451324,18.755165,113.396576,134.19878,1.6580663,3.79751,2.2419026
89.70974,18.69246,113.09482,137.31345,1.4777185,3.431054,-5.705469
89.96817,18.629755,112.79306,140.42809,1.2973707,3.0645986,-18.367199
90.28076,18.555744,102.862656,139.03098,1.1227626,2.5688682,-18.81685
90.59335,18.48173,92.93226,137.63388,0.9481545,2.0731363,-18.458284
91.041016,18.390903,89.24634,135.59785,0.8332752,1.784447,-20.040747
91.488686,18.30008,85.560425,133.56183,0.7183949,1.4957575,-20.093079
91.7828,18.245998,91.77009,133.93732,0.75662374,1.4909781,-24.862753
92.076904,18.191916,97.97975,134.31284,0.79485255,1.4861988,-30.191236
92.25541,18.15749,113.44848,140.28477,0.861177,1.6845016,-52.737907
92.43391,18.123064,128.91718,146.25667,0.9275015,1.8828045,-102.71904
92.67347,18.073906,170.96983,172.54398,0.919964,1.8633313,-131.05818
92.91303,18.024746,213.0225,198.83125,0.9124275,1.8438594,-49.75842
93.159454,17.973581,226.27303,214.70287,0.6680203,1.4940834,-59.218555
93.40588,17.922415,239.5235,230.57442,0.4236132,1.1443087,-78.42443
93.6142,17.880081,233.46696,234.37267,0.54271615,1.2333988,-132.80658
93.82251,17.83775,227.41049,238.1709,0.66181916,1.3224889,-156.35634
94.15555,17.779802,237.17935,248.46033,0.7282335,1.3677697,-151.17079
94.48859,17.721855,246.94826,258.74982,0.7946488,1.4130504,-146.26367
94.73837,17.677504,244.72601,256.15662,1.0836258,1.7729411,-126.42436
94.98817,17.633154,242.50378,253.56345,1.3726028,2.132833,-106.05752
95.062454,17.623796,253.98772,266.07446,1.3872514,2.304686,-94.34217
95.136734,17.614439,265.47165,278.58545,1.401899,2.4765403,-84.46489
95.188866,17.608538,264.35486,280.36694,1.4372714,2.4774435,-79.07239
95.241,17.602638,263.23816,282.14847,1.4726448,2.4783454,-70.8537
95.32097,17.576466,262.3164,279.9313,1.6407381,2.663256,-62.011616
95.40094,17.550295,261.39474,277.71414,1.8088324,2.8481662,-52.91634
95.39529,17.51684,262.82092,276.94122,1.8932321,2.96374,-51.047234
95.389626,17.483385,264.24716,276.16827,1.9776318,3.079314,-47.612274
95.35274,17.449177,266.37976,277.14227,1.9992226,3.139262,-46.346268
95.31584,17.414968,268.5124,278.11627,2.0208135,3.1992097,-45.01411
95.52965,17.375204,270.5204,279.7534,1.8814089,2.9496837,-59.395096
95.74345,17.33544,272.5284,281.39047,1.7420056,2.7001579,-73.71821
96.30609,17.24646,268.23004,274.38925,1.8343273,2.4998033,-81.849785
96.86874,17.15748,263.93176,267.38803,1.926649,2.2994502,-85.23284
97.65375,17.015898,259.42465,261.36707,2.0010822,2.2577229,-81.106155
98.43876,16.874315,254.91756,255.3461,2.0755146,2.2159965,-74.109665
98.99618,16.715403,249.44724,249.55115,2.434741,2.5930805,-56.638515
99.5536,16.556492,243.97691,243.75623,2.7939665,2.9701645,-37.933254
99.31583,16.497364,244.07523,243.51488,2.7366786,2.959648,-37.541897
99.07806,16.438236,244.17354,243.27353,2.67939,2.9491315,-37.116516
98.27549,16.536846,242.57181,242.19693,2.663419,3.168624,-33.56383
97.47293,16.635454,240.97003,241.12033,2.647448,3.3881152,-28.95518
95.92859,16.836296,238.31284,241.04604,2.399848,3.3353238,-38.061813
94.38425,17.037136,235.65569,240.97176,2.152248,3.2825334,-45.813953
93.13671,17.508642,232.65356,239.29431,2.2514858,3.332278,-47.915104
91.889175,17.980146,229.65146,237.61693,2.350725,3.3820224,-49.76093
91.08522,18.04531,225.35817,235.80142,2.2034094,3.2929602,-55.177135
90.281265,18.11047,221.06485,233.98589,2.056094,3.2038968,-59.018597
90.10715,18.187609,219.8279,231.18199,2.2336054,3.6003907,-41.481773
89.93303,18.264751,218.59088,228.3781,2.4111178,3.9968848,-21.024698
89.940636,18.327814,217.16183,227.96599,2.238683,3.8944373,-28.3623
89.94824,18.390877,215.73279,227.5539,2.0662482,3.79199,-35.8419
90.032845,18.44872,214.17639,225.78792,2.1343932,3.9552798,-27.204697
90.117455,18.506565,212.62,224.02193,2.2025394,4.11857,-18.326271
89.95083,18.564644,204.65115,220.02594,2.0343153,3.88833,-29.441029
89.784195,18.62272,196.68233,216.0299,1.8660923,3.6580904,-38.53252
89.61906,18.677017,200.73465,217.92361,1.9411716,3.7904885,-34.799038
89.45392,18.731314,204.78699,219.81734,2.016251,3.9228854,-29.198246
89.527855,18.760723,203.95969,218.62303,2.133871,4.091133,-19.151758
89.60179,18.79013,203.13235,217.42868,2.2514908,4.259381,-9.412832
89.77704,18.818443,204.75266,219.4839,2.2690458,4.2587566,-8.116732
89.95228,18.84676,206.37297,221.53908,2.2866006,4.2581315,-6.7330947
90.17844,18.844627,207.7825,223.38884,2.3110118,4.243848,-5.979244
90.40458,18.842499,209.19206,225.23856,2.3354232,4.2295647,-5.004235
90.54564,18.843618,213.83841,228.92908,2.349854,4.2547626,-3.351744
90.68671,18.844736,218.48482,232.61955,2.3642848,4.2799606,-1.6519363
90.88412,18.8296,221.10342,235.54837,2.275152,4.143236,-9.339965
91.081535,18.814463,223.72205,238.4772,2.1860204,4.0065103,-16.744991
91.14038,18.821863,225.33438,241.67014,2.0062888,3.752784,-30.659103
91.199234,18.829266,226.94673,244.86311,1.826557,3.499059,-43.127922
91.321266,18.824007,221.10088,241.19308,1.7378519,3.2344751,-51.616264
91.4433,18.818748,215.25502,237.52307,1.6491475,2.9698913,-50.920708
91.48127,18.820938,215.60971,236.65836,1.604248,2.9311235,-59.93408
91.51925,18.823126,215.96446,235.79361,1.5593497,2.8923569,-68.992355
91.58371,18.81747,206.3916,227.49776,1.5181315,2.7300358,-67.09036
91.64818,18.811815,196.81876,219.2019,1.4769135,2.5677135,-64.69363
91.75957,18.797197,195.18007,214.80527,1.436819,2.5353093,-82.07999
91.87096,18.782576,193.5414,210.4086,1.3967235,2.5029063,-99.54157
92.01304,18.765402,188.07996,205.52061,1.3468932,2.468641,-99.5227
92.15513,18.748228,182.61852,200.63261,1.297062,2.434377,-99.22261
92.316986,18.730906,185.20058,200.21388,1.328813,2.6166615,-106.931694
92.47884,18.713587,187.78265,199.79518,1.360564,2.7989464,-102.10799
92.2807,18.74909,181.0854,195.59976,1.3340335,2.833975,-97.686424
92.08256,18.784594,174.38814,191.40436,1.3075029,2.8690028,-91.42353
91.84103,18.817402,175.02725,192.94055,1.1976951,2.7885365,-94.78033
91.59948,18.85021,175.66635,194.47672,1.0878875,2.7080717,-98.12789
91.449745,18.870234,174.82855,194.91756,1.124043,2.7270532,-90.582756
91.30002,18.890255,173.99075,195.35835,1.1601985,2.7460358,-83.049644
91.10341,18.917158,166.7684,194.95482,1.0594583,2.5296729,-60.438477
90.9068,18.944061,159.54605,194.55125,0.9587182,2.31331,-47.829082
90.89195,18.936232,150.90752,187.54309,1.0887145,2.3400013,-36.80948
90.877106,18.928402,142.269,180.5349,1.2187097,2.366694,-26.52253
86.46602,19.01902,177.45589,195.25194,1.5178828,3.2239866,-60.761604
82.05493,19.10964,212.64279,209.96901,1.817057,4.081278,-17.82973
82.77219,18.996632,192.03117,209.12358,1.5127174,3.374304,-34.118385
83.48944,18.883623,171.41954,208.27815,1.2083777,2.6673288,-5.7067943
84.06384,18.817429,155.40118,192.6275,1.2840904,2.6022289,-6.939964
84.63824,18.751234,139.38284,176.97684,1.359804,2.5371277,-7.7782273
84.968,18.719955,133.8893,165.83228,1.5294334,2.749753,-8.011357
85.29777,18.688675,128.39575,154.68773,1.6990637,2.9623768,-9.53155
85.404335,18.693329,129.7371,152.83522,1.7446862,3.1805718,-13.786795
85.510895,18.697985,131.07849,150.9827,1.7903097,3.3987665,-19.19898
85.799286,18.689608,131.94365,150.41045,1.9566891,3.6890037,-12.385982
86.08766,18.68123,132.80878,149.8382,2.1230676,3.9792423,-2.0748537
86.31704,18.704615,135.58295,150.94229,2.3234692,4.329584,13.803944
86.54642,18.728,138.35713,152.04637,2.5238707,4.6799245,33.37657
86.99134,18.739395,141.50706,154.16733,2.4350286,4.673245,27.569952
87.436264,18.75079,144.65701,156.28828,2.3461866,4.666565,20.979721
87.879845,18.759047,143.04259,155.94157,2.1420996,4.4072313,4.762514
88.32342,18.767302,141.42813,155.5949,1.9380116,4.1478977,-11.580035
88.80433,18.758493,136.05135,151.85016,1.9754785,4.1185284,-8.044101
89.28523,18.74969,130.67458,148.10541,2.0129454,4.089159,0.64060843
89.730255,18.750046,130.14064,146.54335,2.108382,4.2428937,7.9383206
90.17527,18.750399,129.60674,144.98128,2.2038188,4.3966284,17.965832
90.59452,18.76525,128.53516,143.548,2.3316479,4.5918393,31.77627
91.013756,18.780094,127.463585,142.11475,2.459478,4.7870493,45.47438
91.23514,18.816275,127.93668,141.55325,2.6196592,5.0352116,60.402115
91.45651,18.852455,128.40976,140.99178,2.7798393,5.2833757,75.33434
91.466965,18.875002,128.0442,140.4699,2.7519884,5.2902126,75.42344
91.47742,18.89755,127.67863,139.94804,2.7241375,5.2970495,75.51064
91.51155,18.898891,126.28171,138.36542,2.8562312,5.463042,86.362175
91.545685,18.900234,124.88478,136.78279,2.9883246,5.6290336,96.41098
91.612816,18.90525,124.11715,135.55373,3.2423778,5.9950233,116.63251
91.67995,18.910265,123.34951,134.32466,3.4964306,6.3610144,136.14542
91.836395,18.905062,123.624306,134.99132,3.500133,6.373244,137.76717
91.99283,18.899858,123.89908,135.65797,3.5038364,6.3854733,139.24704
92.13631,18.898066,126.87497,138.38554,3.436598,6.3428946,136.24753
92.279785,18.896275,129.85088,141.11311,3.3693607,6.3003163,133.13484
92.1126,18.913786,136.35323,147.19449,3.2416177,6.1874566,122.97187
91.94543,18.9313,142.85558,153.27588,3.1138747,6.074596,109.85391
91.3907,18.960371,141.85526,156.79718,2.639486,5.431679,75.11626
90.83598,18.989445,140.85492,160.31847,2.1650977,4.7887607,35.38673
89.819786,19.066492,147.23407,164.86363,2.682456,5.5700607,78.29911
88.80359,19.143538,153.61322,169.40878,3.1998143,6.3513594,123.71635
88.52743,19.12234,168.41023,180.61034,3.133504,6.1888623,104.51265
88.25127,19.10114,183.20728,191.81189,3.0671935,6.0263643,87.31968
87.249405,19.25075,176.17589,187.26451,3.8346457,7.1540008,159.0553
86.24755,19.40036,169.14449,182.71715,4.6020994,8.281638,228.39073
86.15915,19.511684,180.64096,190.84088,5.3630557,9.340286,289.9279
86.07074,19.623007,192.13745,198.96461,6.1240134,10.398933,343.44855
86.601166,19.664417,190.17789,196.9442,5.6618347,9.752375,306.31973
87.13159,19.705828,188.21835,194.92377,5.1996555,9.105817,267.65164
87.43825,19.679358,192.27466,201.72939,5.0005665,8.7065115,252.23317
87.74491,19.652891,196.33095,208.53499,4.801477,8.307209,231.54875
88.15975,19.660494,201.86732,213.79607,4.8608694,8.400754,237.24095
88.574585,19.668098,207.40372,219.05711,4.9202604,8.494297,242.40529
89.363045,19.654919,212.5171,222.47684,4.918063,8.562458,244.50758
90.151505,19.64174,217.63057,225.89651,4.915865,8.630622,245.02948
90.81666,19.54319,220.0976,227.48271,5.115566,8.743062,250.81595
91.48181,19.444641,222.56467,229.06885,5.315266,8.855503,257.06232
91.93968,19.32753,225.3048,231.96611,5.4895873,8.9053755,263.67798
92.39755,19.210419,228.04492,234.86333,5.663908,8.955247,271.13605
92.88818,19.134848,231.33856,238.101,5.620716,8.834104,264.38318
93.378815,19.059277,234.63216,241.33862,5.5775237,8.712963,257.66724
93.66666,19.008907,236.5698,242.7279,5.521814,8.592064,249.72917
93.95449,18.958542,238.50743,244.11719,5.466103,8.471166,241.99931
94.02801,18.891897,239.84299,244.80426,5.624981,8.536142,247.9546
94.10154,18.825254,241.17854,245.4914,5.783859,8.601118,254.05194
94.06223,18.760447,243.4228,247.5737,5.782332,8.499007,248.45882
94.02292,18.695639,245.66707,249.65596,5.7808046,8.396896,242.6873
93.87313,18.647964,244.0279,248.30905,5.715401,8.250135,233.9882
93.72335,18.600292,242.38872,246.96214,5.649998,8.103373,224.91702
93.38331,18.598763,240.14986,244.6879,5.6215153,8.073671,222.56802
93.04326,18.597233,237.91101,242.41365,5.5930314,8.04397,220.3765
92.75835,18.62589,236.58356,241.19388,5.529833,8.018493,217.87666
92.473434,18.654549,235.25616,239.97415,5.4666343,7.9930162,215.6153
92.16239,18.706139,233.51996,238.62386,5.3496,7.956606,212.32953
91.85135,18.757732,231.78375,237.27356,5.2325654,7.920197,208.95206
91.486374,18.809046,229.24167,235.59464,4.905542,7.629451,190.70833
91.12141,18.860361,226.69958,233.91577,4.578519,7.338705,172.61809
90.75233,18.902609,225.41278,232.55988,4.34349,7.0970225,156.37671
90.38325,18.944855,224.12599,231.20396,4.108461,6.85534,140.39154
89.87748,18.982897,223.63913,231.08386,3.8079922,6.519634,120.04017
89.37172,19.020939,223.1523,230.96379,3.5075238,6.1839266,100.23678
89.009796,19.045803,221.74823,230.55077,3.3481045,5.9422536,87.02906
88.64789,19.07067,220.34415,230.13768,3.1886845,5.700582,73.72179
88.872696,19.028343,225.456,234.25629,3.0470028,5.4344954,57.354298
89.097496,18.986021,230.56783,238.3749,2.9053214,5.1684084,41.064316
89.9548,18.870062,234.03041,242.07161,2.675339,4.677728,14.596689
90.8121,18.754107,237.493,245.76839,2.4453557,4.1870494,-10.955359
91.60205,18.658348,232.04042,243.20047,2.0928895,3.6094737,-41.23975
92.392006,18.56259,226.58786,240.63257,1.7404245,3.0318968,-70.52631
92.82088,18.511454,231.17542,242.10194,1.9111985,3.2148273,-61.26652
93.24974,18.460318,235.76299,243.57132,2.0819724,3.3977578,-52.171482
93.54869,18.405008,237.99068,245.64528,2.1588855,3.4687889,-45.94843
93.84764,18.3497,240.21838,247.71918,2.2357996,3.5398202,-40.175926
94.138504,18.3052,248.91003,254.99193,2.369722,3.6414092,-33.098
94.42937,18.260702,257.60168,262.2647,2.5036442,3.7429996,-26.180525
94.92393,17.994383,288.0088,292.36063,2.9570591,3.9700258,-9.843604
95.41849,17.728065,318.41586,322.45657,3.410474,4.197051,-6.5529127
94.00844,17.652912,324.76047,327.61902,4.000508,4.7690935,23.219603
92.5984,17.57776,331.1051,332.78152,4.590542,5.341137,43.33202
91.80733,17.498224,216.06311,217.27298,4.8136187,5.5365386,74.91104
91.01625,17.418692,101.02114,101.76438,5.036697,5.73194,89.18992
90.86773,17.349775,65.33124,66.144196,5.150753,5.8183045,85.361
90.719215,17.280859,29.641333,30.524006,5.2648096,5.9046683,79.66179
90.798676,17.203184,22.879278,23.69674,5.1297927,5.701493,69.3667
90.87814,17.12551,16.117226,16.869474,4.994775,5.498317,58.882347
90.32145,17.059608,59.51119,60.248222,4.949982,5.428038,70.41581
89.76476,16.993706,102.905174,103.62697,4.9051905,5.357761,71.80162
89.254105,16.897907,176.64888,172.31696,5.1759753,5.6123357,79.0498
88.74345,16.802107,250.39261,241.00696,5.446759,5.866909,113.33306
87.93259,16.669128,133.61208,124.212555,5.7383633,6.183128,118.227844
87.12173,16.53615,16.83155,7.4181547,6.029966,6.499347,128.97688
86.40887,16.503729,13.374054,8.928559,5.870242,6.32549,109.81554
85.696014,16.471306,9.916557,10.438964,5.7105174,6.1516337,96.32633
85.52492,16.470428,13.570398,14.122952,5.340746,5.7404304,67.80378
85.35383,16.469547,17.224241,17.806965,4.970975,5.3292255,47.250935
85.43137,16.503489,19.005646,19.567568,4.7783113,5.1213617,39.12163
85.50892,16.537428,20.78705,21.328196,4.585648,4.9134965,31.369772
85.70131,16.557182,23.059378,23.44868,4.6979465,5.035871,36.987362
85.893684,16.576937,25.331705,25.569191,4.810245,5.1582456,43.030518
86.177414,16.555616,28.998034,29.171762,5.1045923,5.491577,60.415882
86.46115,16.5343,32.664387,32.77436,5.3989396,5.8249073,79.15432
86.95132,16.526918,35.9,36.03187,5.621488,6.101739,95.71495
87.44147,16.519537,39.135597,39.289406,5.844038,6.378569,111.09895
87.502045,16.538002,45.09991,45.277683,6.108405,6.665729,128.99634
87.56262,16.556467,51.06422,51.265957,6.37277,6.952889,147.59546
87.05904,16.495796,50.52948,50.838448,6.3254495,6.890523,143.61017
86.55546,16.435123,49.99471,50.410965,6.278129,6.828157,139.27779
86.69404,16.437698,43.718246,44.0971,6.487078,7.0910244,158.76772
86.83262,16.440273,37.441757,37.783257,6.696027,7.353893,179.342
87.320724,16.433039,34.738255,35.190914,7.894733,8.833181,278.71222
87.80883,16.425804,32.03475,32.5986,9.093441,10.312468,365.88208
87.97985,16.338713,33.819965,34.34182,10.186335,11.655637,435.9555
88.15086,16.25162,35.605156,36.08502,11.27923,12.998806,498.82718
87.707436,16.110737,32.40156,32.853195,11.419018,13.146737,505.60797
87.26399,15.969855,29.197943,29.621372,11.558807,13.294668,512.8644
85.1836,15.933704,28.40057,28.759323,11.531694,13.231234,514.7353
83.10321,15.8975525,27.603199,27.897299,11.5045805,13.167799,516.4739
81.76367,15.927893,28.567913,28.874786,11.456511,13.083009,515.0209
80.42415,15.958233,29.532629,29.852272,11.408442,12.998221,513.544
79.54813,15.911583,26.457573,26.815535,11.349304,12.921664,511.3806
78.67211,15.864932,23.382515,23.77882,11.290168,12.845109,509.6946
76.58581,15.848167,26.716072,27.083849,10.935742,12.361956,488.90524
74.499504,15.831406,30.049652,30.388903,10.581315,11.878801,469.32043
77.76099,15.621901,32.425156,32.678196,10.625096,11.95329,462.87137
81.02248,15.4123955,34.800655,34.96751,10.668877,12.027777,464.2021
78.778175,15.460225,32.03099,32.13284,10.205742,11.406894,432.52826
76.53387,15.508053,29.261301,29.29819,9.742607,10.786012,400.6695
75.97818,15.567971,28.227205,28.321465,9.692662,10.740581,397.54602
75.422485,15.627887,27.19311,27.344765,9.642717,10.695149,395.03424
72.50469,15.82522,26.497044,26.613321,9.380814,10.427209,378.7337
69.58689,16.022556,25.800953,25.881853,9.118911,10.159267,356.91357
69.80015,15.943283,23.45509,23.646544,9.226348,10.221127,364.57028
70.013405,15.864011,21.109253,21.411234,9.333784,10.282988,372.32938
72.3139,15.620338,22.425959,22.639975,9.460191,10.430166,382.3522
74.6144,15.376666,23.742664,23.868742,9.5866,10.577342,391.118
72.563,15.522417,23.825193,23.954607,9.442532,10.411794,381.1903
70.5116,15.668168,23.907722,24.040472,9.298463,10.246248,370.06686
68.75335,15.739184,22.87864,23.063255,9.112339,10.005296,350.20255
66.99511,15.810201,21.84958,22.086063,8.926216,9.764344,329.16193
65.5917,15.823373,21.720701,21.928616,8.524717,9.279569,296.12564
64.188286,15.836545,21.59182,21.771166,8.1232195,8.794791,262.93472
63.717304,15.841017,23.48382,23.70736,7.6633244,8.267646,227.86882
63.24632,15.84549,25.375795,25.643528,7.2034297,7.7405014,194.01756
64.34231,15.797213,27.318918,27.588743,6.878397,7.363154,172.93747
65.43829,15.748937,29.26204,29.533934,6.5533624,6.985807,151.0477
66.55961,15.681394,29.42491,29.731525,6.307658,6.706608,133.39125
67.68092,15.613851,29.58778,29.929092,6.0619535,6.427409,115.585434
68.45777,15.57631,30.896645,31.250877,5.8506336,6.192847,100.546326
69.23461,15.538773,32.205536,32.57264,5.6393147,5.958283,85.35305
69.36745,15.547149,33.36566,33.70632,5.2341633,5.526545,64.45654
69.50029,15.555527,34.525764,34.840004,4.8290105,5.094806,48.68028
69.04466,15.601308,34.85544,35.16095,4.490241,4.7280917,41.783295
68.589035,15.647092,35.185135,35.48189,4.1514707,4.3613787,37.510826
68.41502,15.666843,37.94094,38.23707,4.014199,4.212608,35.146454
68.241005,15.686595,40.696766,40.99224,3.8769264,4.063837,31.976183
67.756195,15.7079,43.294468,43.617153,3.5574799,3.720914,27.550646
67.27138,15.729204,45.89217,46.24207,3.2380342,3.3779907,23.037006
67.08892,15.725658,52.44758,52.797283,3.2165213,3.355263,20.532625
66.90647,15.722115,59.002987,59.35252,3.1950095,3.3325353,18.132528
66.40266,15.756523,69.2449,69.65783,3.1400635,3.2785676,12.57754
65.89884,15.790932,79.48679,79.963135,3.0851178,3.2245984,5.88501
65.71936,15.836347,87.7238,88.27234,3.103184,3.249781,1.8127867
65.53988,15.881762,95.96084,96.58151,3.1212492,3.2749631,-2.155008
65.44948,15.906477,104.96513,105.56257,3.0924807,3.2451265,-6.5434966
65.35909,15.931193,113.96946,114.54361,3.0637107,3.2152898,-10.134035
65.327965,15.956673,124.48644,124.968994,3.288959,3.4616265,-7.891173
65.29683,15.982151,135.00342,135.39438,3.5142074,3.7079635,-2.8771093
65.30901,16.04678,146.70926,147.06346,3.836094,4.071111,7.271107
65.321205,16.111406,158.41508,158.73254,4.1579795,4.434259,17.04112
65.023994,16.22827,166.27402,166.5235,4.491763,4.812303,28.900122
64.726776,16.345135,174.13295,174.31447,4.8255477,5.1903486,43.058006
67.25062,16.084736,179.76799,179.91109,5.3307147,5.745098,66.8389
69.77445,15.824337,185.40302,185.50772,5.835882,6.2998486,92.492775
70.15321,15.935676,186.85799,187.01683,6.194784,6.7333636,118.8863
70.53197,16.047014,188.31294,188.52592,6.553684,7.1668773,147.01744
71.36139,16.174564,188.76892,189.00514,6.936126,7.650562,178.6522
72.19082,16.302114,189.2249,189.48434,7.3185687,8.134246,209.98677
73.14266,16.43631,191.34337,191.59412,7.6580453,8.598241,238.87764
74.094505,16.570505,193.46187,193.70387,7.9975233,9.062239,265.64285
74.44277,16.670427,194.91537,195.28871,8.552543,9.813144,311.42776
74.79104,16.770353,196.3689,196.87355,9.107561,10.564046,362.4061
76.02493,16.757647,200.10725,200.62445,9.4292145,10.997032,392.60403
77.25882,16.744942,203.84561,204.37535,9.750869,11.430016,421.7406
78.99091,16.674717,207.64595,208.19962,9.727445,11.383445,419.9242
80.723015,16.604492,211.44629,212.02385,9.704022,11.336875,418.87604
80.99862,16.607822,213.64917,214.21461,9.344776,10.862302,389.7215
81.27423,16.611153,215.8521,216.40532,8.985531,10.387729,359.97894
81.53417,16.623783,216.93327,217.45602,8.888607,10.256509,351.12256
81.79412,16.636415,218.01447,218.50671,8.791683,10.125292,342.30405
82.142426,16.591578,217.92274,218.40155,8.977176,10.317018,356.79944
82.49074,16.546743,217.83107,218.29639,9.16267,10.50874,371.34576
82.68774,16.502096,217.83043,218.2218,9.174329,10.520837,372.77112
82.884735,16.457453,217.82979,218.14722,9.18599,10.532932,374.226
82.7209,16.412739,219.84033,220.16768,9.282784,10.648786,382.10312
82.55705,16.368027,221.8509,222.18814,9.379577,10.764639,389.85608
82.3203,16.333212,223.47406,223.72237,9.378444,10.755228,389.4478
82.08354,16.2984,225.09717,225.25659,9.377314,10.745817,389.1411
82.578545,16.292858,226.42113,226.63354,8.998305,10.268413,359.2705
83.07354,16.287317,227.74503,228.01054,8.619298,9.791011,328.30756
84.08097,16.273693,228.85419,229.10548,8.418464,9.5252695,315.56686
85.08841,16.26007,229.96329,230.20047,8.2176285,9.259531,304.43512
84.87106,16.335426,232.78348,233.01627,7.8159003,8.792625,269.66513
84.65373,16.410786,235.60368,235.8321,7.414172,8.325722,236.75208
84.71981,16.470453,237.70363,237.88875,6.9026527,7.741706,197.95035
84.78589,16.530125,239.80357,239.9454,6.391133,7.1576915,161.41148
84.86438,16.562529,238.77847,238.94981,5.9446125,6.651703,131.21706
84.942856,16.594934,237.75342,237.95424,5.4980907,6.1457157,100.08191
85.10549,16.630077,234.83968,235.08485,5.0667033,5.6610155,73.248
85.26812,16.665222,231.926,232.21552,4.6353154,5.1763153,50.961708
85.276886,16.73337,228.63295,228.97804,4.238799,4.7402487,33.175003
85.28565,16.801517,225.33989,225.74057,3.842282,4.3041816,16.629654
85.41022,16.84692,219.24812,219.75204,3.6625724,4.1228538,7.027757
85.53479,16.89232,213.15636,213.76347,3.482863,3.9415257,-2.2345476
85.878815,16.933336,210.31035,210.84753,3.189749,3.6211665,-15.852928
86.22285,16.97435,207.46436,207.93161,2.8966343,3.3008072,-29.245752
86.45162,17.024466,202.1645,202.81326,2.9424007,3.439966,-29.075838
86.680405,17.074585,196.86465,197.69487,2.9881659,3.5791247,-27.971323
86.722305,17.145584,189.58418,191.17221,3.0512905,3.7727962,-26.947245
86.7642,17.216583,182.30371,184.64954,3.114415,3.9664679,-22.044659
86.46742,17.34174,179.31708,180.96815,3.0963168,3.7995627,-25.467602
86.17063,17.466896,176.33044,177.28677,3.0782185,3.632659,-26.393309
87.12861,17.537827,173.48607,174.68646,3.309687,4.036274,-16.491184
88.08658,17.608755,170.6417,172.08618,3.5411553,4.4398904,1.9314098
88.73403,17.653343,170.1457,171.9549,3.8142843,4.953521,31.490667
89.381485,17.697933,169.64972,171.82358,4.0874143,5.467152,65.51332
88.987686,17.758818,171.25554,173.53432,4.473919,6.0098205,99.400925
88.593895,17.8197,172.86139,175.24504,4.860423,6.5524898,131.94662
88.45727,17.854465,174.0956,176.2572,5.1934686,6.9925647,157.15118
88.32065,17.889229,175.3298,177.26935,5.526515,7.43264,181.5495
88.07524,17.905859,175.08246,176.9908,5.634322,7.5641603,188.42056
87.82984,17.922491,174.83514,176.71228,5.7421303,7.695682,195.43394
87.572266,17.93354,172.70442,174.99792,5.666383,7.634208,191.7756
87.31468,17.94459,170.57372,173.28355,5.5906353,7.572736,188.42577
87.86964,17.960781,169.20468,171.96135,5.365999,7.351959,174.81955
88.42458,17.976974,167.83565,170.63913,5.141363,7.131182,162.64116
88.996895,18.008589,167.4259,170.27956,5.0100193,7.06371,159.58354
89.5692,18.040205,167.01613,169.91997,4.878677,6.996238,156.13945
89.66571,18.070456,168.92197,172.07133,4.8601494,7.0323,158.71652
89.76222,18.100706,170.82779,174.2227,4.841623,7.068363,161.11113
90.10314,18.103796,173.77017,177.20615,4.822341,7.047959,160.6071
90.44406,18.10689,176.71257,180.18959,4.803059,7.027556,159.59045
90.64672,18.097916,177.37865,180.69684,4.7026105,6.900709,151.53014
90.84938,18.08894,178.04472,181.2041,4.6021614,6.7738614,143.36081
90.95802,18.089882,176.4554,179.78375,4.3946486,6.542432,129.2888
91.066666,18.090828,174.86609,178.36345,4.1871357,6.3110027,114.912025
91.354836,18.080648,172.57214,176.26083,4.022823,6.153399,105.33553
91.643005,18.070473,170.27821,174.15825,3.8585098,5.9957952,95.919785
91.736855,18.079046,167.56644,171.74887,3.7674782,5.904831,91.14505
91.83072,18.087624,164.85468,169.33951,3.676446,5.8138666,86.52594
91.65352,18.095837,161.78003,166.66325,3.8188837,5.974688,97.68986
91.47632,18.104052,158.7054,163.98698,3.961321,6.13551,108.12225
91.00622,18.10794,156.5756,161.6558,4.0776844,6.242239,114.125145
90.5361,18.111828,154.44586,159.3246,4.1940484,6.348968,120.44165
89.74138,18.112167,151.00587,155.69493,4.252934,6.3898516,122.56135
88.94666,18.112505,147.5659,152.0653,4.31182,6.4307356,124.44474
87.96519,18.13125,146.03185,150.0957,4.5050735,6.6627936,136.90736
86.9837,18.149994,144.49779,148.12613,4.698328,6.894852,150.40514
86.49374,18.164803,143.98892,147.45137,4.9081817,7.138275,163.70456
86.003784,18.179613,143.48006,146.77664,5.1180353,7.381697,177.80666
85.94825,18.174288,143.34074,146.36292,5.3247952,7.591221,189.59052
85.89271,18.168962,143.20143,145.9492,5.5315557,7.8007455,201.57964
85.56891,18.150928,142.46526,144.98729,5.514594,7.736798,198.62762
85.245094,18.132896,141.72908,144.02539,5.4976325,7.672851,195.0469
84.77214,18.117298,140.60841,142.90732,5.19795,7.30695,175.17528
84.299194,18.101696,139.48776,141.78925,4.8982673,6.941049,155.99438
84.18941,18.074484,137.49548,140.0205,4.565604,6.5372033,135.3161
84.07961,18.047272,135.50322,138.25172,4.232941,6.1333575,114.93876
85.43601,17.859903,126.75705,130.25609,4.1373863,5.8849306,104.39545
86.79241,17.672533,118.0109,122.260475,4.041832,5.636502,94.550674
86.5199,17.629995,113.307755,117.466774,4.0117974,5.5707493,92.506775
86.24737,17.587456,108.6046,112.67305,3.9817624,5.5049973,90.08951
86.31788,17.548841,107.58628,110.94239,4.0023675,5.4900036,88.26034
86.38839,17.510227,106.56796,109.2117,4.0229726,5.4750113,86.39359
86.51017,17.47747,106.84566,109.313324,4.0534263,5.44322,84.582405
86.63195,17.444714,107.12333,109.414925,4.083881,5.4114304,82.74538
86.980385,17.422709,105.26311,107.721405,4.09112,5.37948,81.720116
87.32883,17.400707,103.402885,106.027885,4.0983586,5.347531,80.586784
87.922264,17.374836,99.65076,102.57972,3.936887,5.125988,70.2572
88.5157,17.348967,95.898605,99.13155,3.7754164,4.9044437,58.900944
88.83965,17.333513,90.458984,94.15161,3.5817432,4.6405497,44.728714
89.163605,17.318062,85.01934,89.17165,3.3880713,4.376654,31.074137
89.28384,17.305399,77.872955,82.72831,3.1544914,4.089061,16.911047
89.40406,17.29274,70.72657,76.284966,2.9209127,3.8014686,1.6159016
89.34307,17.299976,66.231636,71.22295,2.9656813,3.8531458,2.7397695
89.28208,17.307215,61.7367,66.160934,3.01045,3.9048228,3.1763613
89.16071,17.30911,62.0819,66.06452,2.988737,3.9248738,3.7406137
89.03933,17.311008,62.42711,65.96811,2.9670246,3.9449236,4.5335956
89.07448,17.314,54.776554,60.336006,2.5885901,3.486003,-17.414429
89.10963,17.31699,47.126,54.703926,2.210157,3.0270822,-39.263374
89.355255,17.282541,69.831085,38.76116,2.3467078,3.0409396,49.578117
89.60089,17.248095,92.5362,22.818394,2.483259,3.0547981,89.462746
89.59465,17.20692,156.28427,24.32538,3.1077213,3.806503,165.7086
89.58842,17.165747,220.03236,25.832369,3.7321837,4.558208,210.68365
88.66495,17.161808,117.932236,22.498333,3.8302042,4.7489734,151.09956
87.74147,17.15787,15.832085,19.164297,3.9282248,4.9397388,24.015612
87.11907,17.179087,19.145685,22.609247,3.8843641,4.885686,22.243742
86.49667,17.200304,22.459284,26.054197,3.8405044,4.8316317,20.598442
86.456474,17.199272,22.487474,25.707834,4.045627,5.0769114,31.65883
86.41629,17.198242,22.515688,25.361446,4.25075,5.3221908,43.48755
86.34266,17.187027,22.446283,25.244116,4.273735,5.323134,43.567562
86.26903,17.175812,22.376879,25.12676,4.29672,5.324077,43.64729
86.15666,17.157791,22.971613,25.424477,4.4751043,5.4997034,52.633553
86.0443,17.13977,23.566324,25.722166,4.6534896,5.675329,61.788353
86.041916,17.125916,27.901808,29.589611,4.9473066,5.9831324,79.91276
86.039536,17.11206,32.23729,33.457058,5.2411246,6.290936,99.57368
85.83641,17.11648,35.466515,36.612404,5.319453,6.3924327,107.512535
85.63327,17.120897,38.69572,39.767754,5.397781,6.493931,115.53727
85.33017,17.12471,41.487873,42.588264,5.3744164,6.4351907,112.97814
85.02707,17.128523,44.28005,45.40878,5.3510528,6.376451,110.80161
84.743416,17.083412,45.95946,46.96299,5.2950535,6.2464175,103.488335
84.459755,17.0383,47.63887,48.5172,5.239054,6.116383,95.98423
84.48514,17.018726,47.875717,48.86155,5.2290497,6.109308,96.00155
84.510506,16.999157,48.11254,49.20592,5.219045,6.102232,96.01801
84.225945,17.016035,48.59985,49.625046,5.302452,6.214409,102.11767
89.75829,18.26531,144.87646,146.38666,7.6157603,9.546458,307.8426
91.53078,18.228172,132.19768,135.48418,6.656868,8.650735,252.27916
93.30327,18.191038,119.51889,124.58168,5.697978,7.7550144,201.96062
93.71217,18.225306,129.15744,133.39989,5.8358235,7.959273,211.66945
94.121086,18.259575,138.79599,142.2181,5.9736686,8.163531,221.91808
94.28196,18.296038,138.20697,141.41376,6.148079,8.446804,238.07137
94.442825,18.332499,137.61794,140.60945,6.3224874,8.73008,253.91055
94.20466,18.411512,142.63994,146.21457,6.9648066,9.443534,299.36835
93.96649,18.490526,147.66193,151.81966,7.607127,10.156988,346.88904
94.27335,18.465128,152.20255,156.63159,7.577043,10.141041,346.5105
94.580215,18.439728,156.7432,161.44354,7.546959,10.125097,346.814
94.9403,18.393133,159.8502,163.33217,7.151533,9.668801,316.28238
95.30038,18.34654,162.95721,165.2208,6.7561073,9.212507,281.6837
95.42432,18.236294,180.05627,182.07608,7.0750794,9.388301,300.07507
95.54826,18.126045,197.1553,198.93134,7.3940516,9.564092,320.8003
95.101524,18.086025,201.35693,203.21205,7.34275,9.423836,314.66064
94.65479,18.046007,205.5586,207.4928,7.291451,9.283577,308.3181
93.901665,17.977312,210.84303,212.54036,7.8165154,9.750469,340.73767
93.148544,17.90862,216.1275,217.58798,8.34158,10.217361,369.84763
92.60344,17.800467,223.17172,224.45152,8.673484,10.453326,385.5177
92.05834,17.692312,230.21594,231.31503,9.005386,10.689291,401.01028
91.20989,17.702635,230.3545,231.25647,9.533057,11.431899,442.5265
90.361435,17.71296,230.49312,231.19792,10.060731,12.17451,479.5719
89.50851,17.75926,228.65196,229.25504,10.6909685,13.019874,515.2829
88.65556,17.80556,226.81076,227.31221,11.321205,13.865239,545.29346
87.490685,17.789345,224.93324,225.40718,11.941146,14.682378,561.33795
86.325806,17.773129,223.05566,223.50217,12.561088,15.4995165,567.4792
83.33124,17.820074,220.86887,221.4255,12.34107,15.201239,570.6659
80.33667,17.867018,218.68202,219.34889,12.121056,14.902962,564.9495
80.75965,17.979046,215.45493,216.24431,11.133867,13.71322,533.8694
81.18263,18.09107,212.22789,213.13977,10.146681,12.523478,478.80075
85.0537,17.518826,223.73123,224.52296,10.502227,12.697453,498.6012
88.92477,16.94658,235.23459,235.9061,10.857775,12.87143,515.4575
81.59226,16.40425,260.90604,261.36777,10.117691,11.628316,452.36496
74.25975,15.8619175,286.5775,286.82938,9.377609,10.3852005,377.77042
77.26189,15.854971,282.2445,282.48108,10.50889,11.823722,473.3471
80.26402,15.848027,277.91147,278.13272,11.640171,13.26224,542.2844
77.3606,15.759439,275.73907,276.02106,12.341178,14.196157,561.4087
74.45719,15.670853,273.5667,273.90936,13.042184,15.130072,569.4204
73.40096,15.630018,272.41678,272.76938,13.468551,15.693881,573.10675
72.34473,15.589184,271.2668,271.6294,13.8949175,16.25769,575.7228
71.23562,15.451616,269.30734,269.61823,13.77976,16.058176,575.4372
70.12651,15.31405,267.34793,267.60706,13.664603,15.858659,575.0043
70.433304,15.166873,264.16498,264.37106,13.372238,15.431568,571.0172
70.74008,15.019694,260.982,261.13507,13.079872,15.004476,564.51404
71.903496,14.87628,258.9288,259.1115,13.214502,15.170571,568.4182
73.066895,14.732862,256.87558,257.088,13.349133,15.336668,569.93463
73.6422,14.60883,257.85226,258.0362,13.58328,15.618545,570.7203
74.21749,14.484799,258.82895,258.98438,13.817429,15.900421,571.2486
74.76717,14.442956,256.63852,256.86636,13.801016,16.004877,569.9583
75.31684,14.401113,254.44809,254.74837,13.784604,16.109335,568.2549
75.33616,14.400746,254.87636,255.18164,13.966288,16.344505,568.7623
75.35548,14.400377,255.30464,255.61493,14.14797,16.579674,569.02826
75.31207,14.384231,254.9872,255.26085,14.036654,16.411808,569.02075
75.26867,14.368087,254.66982,254.90677,13.925339,16.24394,568.91705
76.1164,14.293418,253.29518,253.48405,13.793429,16.048609,568.1101
76.96413,14.21875,251.92055,252.06128,13.661521,15.853278,567.91144
76.51809,14.324908,249.76497,249.91933,13.7618885,16.01556,567.97626
76.07205,14.431068,247.60942,247.77739,13.862259,16.177841,568.41473
75.52459,14.507131,246.42418,246.6852,13.888747,16.22114,569.0268
74.97713,14.583195,245.23898,245.59302,13.9152355,16.264442,569.88696
75.01726,14.638739,242.1803,242.52412,13.781147,16.099096,569.6374
75.0574,14.694285,239.12161,239.45523,13.647056,15.933752,569.46375
75.08758,14.794135,236.96292,237.27174,13.57664,15.905874,569.0145
75.11777,14.893986,234.80429,235.08824,13.506225,15.877997,568.53094
75.392044,15.01594,230.77187,231.05225,13.539357,15.96575,568.8843
75.66631,15.137897,226.7394,227.01619,13.57249,16.053501,569.28827
78.37594,15.154115,219.20792,219.48282,14.545919,17.395247,573.519
81.085556,15.170336,211.67644,211.94946,15.519349,18.73699,579.14325
82.673874,15.375681,212.59827,212.83673,16.400747,20.075254,577.1154
84.26219,15.581025,213.52003,213.72395,17.282145,21.41352,576.37415
85.710625,15.631891,212.28029,212.5943,17.371946,21.638752,574.92316
87.15905,15.682757,211.04048,211.46465,17.46175,21.863983,573.37463
85.10657,16.204786,219.9835,220.38553,18.613415,23.674974,575.4243
83.054085,16.726818,228.92654,229.30641,19.765083,25.485966,582.44464
83.52125,16.925837,226.74608,227.2484,18.417585,23.718594,577.2134
83.98842,17.124857,224.56563,225.19037,17.07009,21.951223,576.88654
84.29824,17.266777,225.30528,226.06653,16.295586,20.957586,578.14636
84.60805,17.408699,226.04495,226.94269,15.521081,19.963953,579.96484
84.99685,17.472004,224.5611,225.51363,15.138415,19.471905,580.07465
85.38564,17.535313,223.07724,224.08452,14.755751,18.979855,581.01746
85.8218,17.548874,222.29536,223.30452,14.717325,18.935045,581.2171
86.25794,17.562433,221.51343,222.52448,14.6789,18.890234,581.05994
87.26128,17.492714,222.78891,223.91298,15.301634,19.71797,579.0001
88.264626,17.422997,224.06445,225.30144,15.924367,20.545702,578.3042
88.258804,17.454721,225.43205,226.63217,15.529629,20.034582,578.22015
88.252975,17.486444,226.79971,227.96289,15.13489,19.523458,578.58905
86.83216,17.62859,223.96088,225.0764,14.957411,19.326569,581.64307
85.41134,17.770735,221.12206,222.18991,14.779933,19.129677,582.04736
84.46278,17.762236,220.47293,221.4019,14.594636,18.874062,581.16254
83.514244,17.753738,219.8238,220.61389,14.409342,18.618443,579.5885
83.56564,17.795153,219.423,220.32156,14.677478,19.008286,580.0448
83.617035,17.836569,219.02226,220.02919,14.945616,19.39813,579.95294
84.44579,17.803602,217.50174,218.54163,14.550985,18.85114,581.0068
85.27455,17.770638,215.98122,217.0541,14.156354,18.30415,582.0125
85.413086,17.75639,216.42964,217.57166,14.17717,18.316244,582.2991
85.55162,17.74214,216.87802,218.0892,14.197986,18.32834,582.5435
85.01994,17.719482,218.55344,219.58238,14.674496,18.905993,580.2626
84.48827,17.696825,220.22888,221.0756,15.151008,19.483646,579.0016
84.62024,17.597376,217.00636,217.92007,15.150143,19.42084,578.3309
84.7522,17.497927,213.78384,214.76456,15.14928,19.35803,577.9225
84.85307,17.474293,212.90518,213.8329,15.082154,19.280163,577.4945
84.95394,17.450659,212.0265,212.90123,15.015026,19.202293,577.00586
84.80561,17.449785,211.46109,212.38225,14.864759,18.990723,577.0836
84.65727,17.44891,210.89568,211.86333,14.714493,18.779154,577.0772
84.96048,17.46415,208.90718,209.84492,14.681427,18.735544,576.69244
85.26368,17.479387,206.9187,207.8265,14.64836,18.691933,576.1988
84.71952,17.433657,206.91322,207.75197,15.029996,19.180868,576.1233
84.175354,17.387926,206.90773,207.67744,15.411629,19.669802,576.0984
83.70519,17.415842,209.15167,209.99129,15.11434,19.272514,576.43536
83.23503,17.443756,211.39561,212.30511,14.81705,18.875223,576.8283
83.430046,17.46474,208.19824,209.10092,14.804797,18.871824,576.2185
83.62506,17.485725,205.0009,205.89673,14.792542,18.868423,575.6531
82.82565,17.554377,203.96371,204.91658,14.822405,18.961721,575.3801
82.02624,17.62303,202.92651,203.93645,14.852265,19.05502,575.14386
82.003784,17.627619,202.04626,202.99097,14.967496,19.2082,575.02216
81.98133,17.63221,201.166,202.0455,15.082726,19.361383,574.9648
82.60245,17.640453,199.54611,200.37746,14.844361,19.070171,574.0243
83.22356,17.648699,197.92625,198.70943,14.605998,18.77896,573.2988
82.93854,17.68237,197.75983,198.701,14.8285,19.102922,573.76917
82.65352,17.716042,197.59341,198.69257,15.051002,19.426886,574.3595
82.40553,17.724728,198.04277,199.19205,14.8233,19.143126,574.41705
82.15755,17.733412,198.49214,199.69154,14.595596,18.859365,575.08136
81.06883,17.885983,196.83037,197.8714,14.163343,18.35618,575.3695
79.98011,18.038551,195.16864,196.05128,13.731088,17.852997,576.46246
80.33397,17.985968,196.45161,197.45319,14.29674,18.585201,576.4405
80.68783,17.933388,197.73463,198.85507,14.862392,19.31741,575.79425
81.788994,17.852003,197.5256,198.52625,14.377174,18.66134,575.3963
82.89017,17.770618,197.3166,198.19739,13.891955,18.005276,576.2725
84.2043,17.62908,196.23296,197.13133,14.077979,18.164055,574.6826
85.51843,17.487543,195.14932,196.06526,14.264003,18.322834,572.3069
86.327194,17.38619,197.65033,198.5332,14.4387665,18.52139,571.6846
87.13596,17.284838,200.15132,201.00113,14.613528,18.719948,570.968
87.85775,17.222086,198.71858,199.54405,14.280927,18.184248,568.88196
88.57953,17.159332,197.28586,198.08696,13.948324,17.648546,567.0309
88.72962,17.16999,202.74501,203.46887,13.974524,17.676018,568.32245
88.87972,17.180647,208.2042,208.85075,14.00072,17.703493,569.2776
89.35896,17.10164,207.06252,207.5678,13.559252,17.057852,567.7924
89.83821,17.022633,205.92084,206.28485,13.117786,16.412214,565.6157
90.23232,16.917622,208.38861,208.83253,12.436125,15.424595,561.88934
90.626434,16.812609,210.8564,211.38019,11.754465,14.4369755,556.6512
89.635414,16.799166,215.15018,215.70705,11.169203,13.612992,543.8626
88.644394,16.785723,219.44395,220.03395,10.583941,12.78901,515.7597
85.185555,16.762148,225.95049,226.34248,10.289978,12.2885065,482.56915
81.7267,16.738573,232.457,232.65102,9.996013,11.788,447.201
82.34248,16.502413,236.6564,236.89902,8.791575,10.155237,349.10764
82.958275,16.266253,240.85585,241.14708,7.5871387,8.522475,238.50905
84.04211,16.140833,250.31136,250.61923,8.296164,9.296368,303.5906
85.12594,16.015411,259.76688,260.09134,9.00519,10.07026,367.05716
82.62907,16.095387,262.40652,262.58197,8.8245,9.831763,340.4008
80.1322,16.17536,265.0461,265.0726,8.643809,9.593266,319.49
79.71286,15.977448,262.55408,262.52435,8.839305,9.77157,338.20377
79.29353,15.779534,260.06198,259.97617,9.034803,9.949874,356.05933
76.67329,15.664373,258.102,258.0704,9.042027,9.931912,357.06708
74.05305,15.5492115,256.14197,256.16464,9.049254,9.913951,352.39417
75.59501,15.279389,255.58191,255.58238,8.827622,9.576589,335.81427
77.13698,15.009565,255.0218,255.00014,8.605989,9.239226,315.36945
78.21414,14.768118,253.77881,253.72083,8.127364,8.667873,270.34848
79.291306,14.526669,252.53586,252.44151,7.648741,8.096521,229.65154
78.64496,14.497599,250.55817,250.47922,7.361812,7.787313,207.53964
77.99861,14.468526,248.58046,248.51697,7.0748835,7.478105,184.84436
77.150246,14.513405,247.45749,247.34813,6.800719,7.1883416,163.263
76.30187,14.558287,246.33458,246.17924,6.526554,6.8985777,141.64685
76.32548,14.547312,247.66379,247.46165,6.538451,6.902607,142.41457
76.34909,14.53634,248.99295,248.744,6.5503483,6.906637,143.17854
76.72892,14.505228,249.12149,248.91505,6.478543,6.8309684,139.65912
77.108765,14.474115,249.25003,249.08609,6.4067354,6.7553,136.07947
76.66926,14.479727,244.42024,244.27127,6.0236697,6.347356,109.00188
76.22975,14.485337,239.5904,239.45645,5.640602,5.9394107,82.96748
76.06342,14.560437,236.86742,236.71574,5.677214,5.985554,85.99708
75.89711,14.635537,234.14445,233.97502,5.713826,6.031698,89.207756
75.524506,14.72063,232.91498,232.7312,5.649695,5.9737306,85.80729
75.1519,14.805722,231.68549,231.4874,5.5855637,5.9157624,82.001274
73.70966,14.925366,235.8262,235.66415,5.8444314,6.212656,95.4249
72.267426,15.045011,239.9669,239.84093,6.1032996,6.5095496,107.18491
71.442116,15.217848,236.11905,236.02547,5.7382045,6.129778,88.48679
70.616806,15.390683,232.27115,232.21002,5.3731093,5.750006,66.570564
70.31519,15.519797,224.15436,224.13722,5.1188426,5.4811525,52.206757
70.01359,15.648911,216.0375,216.06442,4.864577,5.212301,40.159714
69.86388,15.759898,212.1309,212.17625,4.825551,5.176225,38.53481
69.714165,15.870885,208.22432,208.28806,4.7865252,5.14015,37.146202
69.14321,15.994487,211.3269,211.30678,4.672849,5.0270853,32.129112
68.572266,16.11809,214.42949,214.32547,4.5591736,4.9140196,27.303843
67.34691,16.244196,215.90866,215.87164,4.820954,5.2254233,38.491985
66.12154,16.3703,217.3879,217.41777,5.082734,5.5368276,52.048195
65.77879,16.404446,214.87079,214.98,5.096913,5.540224,52.943855
65.43604,16.438593,212.35367,212.54218,5.111091,5.5436196,54.4535
67.96316,16.210108,211.43091,211.57222,5.416101,5.837739,68.53127
70.49027,15.981626,210.50815,210.6023,5.721111,6.1318583,85.97621
73.52464,15.715461,211.50002,211.56317,5.6142716,5.9990697,85.01365
76.55901,15.449293,212.49194,212.5241,5.507432,5.8662815,76.35955
77.300316,15.360303,211.59917,211.61076,5.389363,5.7282157,67.55049
78.041626,15.271312,210.70639,210.69739,5.2712936,5.5901494,60.06801
78.0737,15.1455965,218.79906,218.72195,5.066848,5.3716536,50.329178
78.10579,15.01988,226.89172,226.74652,4.8624024,5.1531587,41.047565
81.23476,14.769232,230.18217,230.10146,4.6476927,4.9126415,36.47421
84.36372,14.518583,233.47263,233.45633,4.4329834,4.672125,35.1509
84.33141,14.551494,234.35872,234.44562,3.9967475,4.212768,20.366968
84.299095,14.584404,235.24477,235.43495,3.560513,3.753413,9.024477
83.728134,14.643919,228.3101,228.47618,3.2467592,3.4164114,2.3697996
83.157166,14.703434,221.37544,221.5174,2.9330065,3.07941,-3.0931578
83.188156,14.6591625,222.07426,222.08023,2.6795995,2.8055453,-7.981548
83.219154,14.614891,222.77309,222.64307,2.4261928,2.5316796,-13.745534
84.91067,14.461287,231.35197,231.18706,2.374451,2.4702847,-25.07123
86.602196,14.307683,239.93088,239.73103,2.3227081,2.4088888,-36.3718
86.71218,14.253954,249.93611,249.79874,2.4082894,2.498343,-33.64929
86.82216,14.200227,259.9414,259.86636,2.4938705,2.5877962,-30.215557
86.590485,14.143802,270.83386,270.84637,2.6956882,2.8007247,-23.761738
86.35882,14.087376,281.72635,281.82635,2.8975062,3.0136533,-19.00517
85.446266,14.086189,286.40753,286.53592,3.2559597,3.405533,-7.6113887
84.53371,14.085001,291.0888,291.24548,3.614413,3.7974129,1.5351793
82.09077,14.215441,291.31476,291.38495,3.9562016,4.160478,9.316611
79.64782,14.34588,291.54068,291.52438,4.2979913,4.523542,15.787227
77.68486,14.390674,289.49533,289.57654,4.810025,5.055945,31.232412
75.72189,14.43547,287.45004,287.6287,5.3220596,5.588348,53.044544
76.36326,14.388502,285.00067,285.1416,5.437486,5.7135825,62.582043
77.00464,14.341532,282.55133,282.65448,5.5529127,5.838817,72.962685
78.404,14.29226,276.9236,277.0139,5.7228684,6.022142,89.248825
79.80336,14.242988,271.29593,271.37335,5.8928237,6.205466,104.19771
79.56837,14.221801,267.32788,267.3596,6.369648,6.7274494,138.24742
79.33337,14.200613,263.3599,263.34586,6.846473,7.2494326,171.93057
78.58355,14.254525,264.08115,264.01285,6.923696,7.3500786,175.43144
77.83374,14.308438,264.8023,264.6798,7.000917,7.4507256,178.45697
76.506615,14.421854,265.47003,265.29153,6.4987454,6.9152317,139.24274
75.1795,14.535273,266.1378,265.90323,5.996574,6.3797383,100.15714
74.30886,14.649276,264.6339,264.44348,5.693432,6.0614076,78.543976
73.43823,14.763282,263.1301,262.98373,5.3902884,5.7430754,61.544106
72.49168,14.91187,263.5287,263.4423,5.422426,5.795912,63.458633
71.54512,15.060456,263.92728,263.90085,5.4545627,5.8487496,65.20732
70.626396,15.177572,265.2296,265.22446,5.4697394,5.8707333,65.74971
69.70767,15.294688,266.53198,266.54807,5.4849153,5.892718,66.23248
70.62083,15.27846,266.7659,266.8399,5.297912,5.6713123,57.106358
71.53398,15.262228,266.99985,267.1318,5.1109076,5.449907,48.713734
73.11155,15.12433,269.65518,269.81018,4.962053,5.2747707,40.93566
74.689125,14.986434,272.3105,272.4885,4.8131976,5.0996366,35.16434
75.14321,14.948119,278.25113,278.3556,4.6527085,4.920683,26.446037
75.597305,14.909807,284.19174,284.22272,4.49222,4.7417297,17.953957
77.310425,14.777708,291.20804,291.31897,4.5631194,4.810273,19.591684
79.02356,14.645607,298.2244,298.41522,4.634019,4.8788185,26.093054
80.01665,14.569086,304.32443,304.46774,4.7273674,4.9806747,31.458017
81.00974,14.492568,310.42444,310.52032,4.820715,5.0825295,35.99385
81.60283,14.386652,310.38263,310.5958,4.056577,4.2601514,7.528558
82.19592,14.280739,310.3408,310.67133,3.2924407,3.4377735,-11.385563
84.09247,14.160844,314.66006,314.9229,3.7329268,3.9139884,-0.8250285
85.98901,14.040948,318.9794,319.17456,4.173413,4.3902044,12.4429245
86.22871,14.000973,320.28513,320.46497,4.7560716,5.021329,37.35274
86.46838,13.960999,321.59085,321.75537,5.3387303,5.6524534,66.69397
86.51352,13.931929,319.61972,319.74924,5.9398913,6.3145013,105.21162
86.558655,13.902856,317.64856,317.743,6.5410542,6.976549,151.18614
85.56977,13.956958,318.23517,318.37903,7.136037,7.6581855,196.12932
84.58089,14.011063,318.82178,319.015,7.7310214,8.339821,244.69362
82.707924,14.059765,323.77185,324.0015,7.7849975,8.402157,239.9187
80.83495,14.108469,328.72192,328.988,7.838973,8.464494,240.94604
80.71239,14.079679,332.6475,332.89655,7.53851,8.11246,211.54141
80.58983,14.050887,336.573,336.805,7.238046,7.760425,183.16954
80.652664,14.043052,338.85364,339.0766,7.1511135,7.6763268,175.0795
80.7155,14.035215,341.13422,341.34814,7.064183,7.5922275,167.11751
79.98082,14.081491,341.851,342.1312,6.85242,7.351555,148.2932
79.24613,14.127767,342.56787,342.9142,6.6406584,7.1108823,129.72417
79.607864,14.070206,340.56635,340.8952,6.326526,6.756918,108.341805
79.9696,14.012646,338.56482,338.8761,6.012394,6.402954,90.77063
79.906845,13.999565,337.9741,338.25516,5.721566,6.076457,73.78481
79.84409,13.986485,337.3834,337.63422,5.4307375,5.74996,57.077305
78.958244,14.035107,334.17795,334.50363,4.9592085,5.234452,33.073696
78.07239,14.083728,330.97253,331.37308,4.4876804,4.7189436,11.5985565
77.08127,14.15334,319.58664,320.02112,4.288504,4.5101376,5.9026117
76.09016,14.222955,308.20084,308.66913,4.089328,4.3013325,1.7036742
75.84121,14.253209,299.65884,300.10785,3.9896586,4.1904263,0.12078639
75.59227,14.2834635,291.11685,291.5465,3.8899891,4.0795217,-0.13533928
75.280235,14.317356,289.3172,289.71597,3.6031673,3.7716343,-2.2177029
74.9682,14.351248,287.51755,287.88547,3.3163455,3.4637487,-4.0988755
75.08986,14.368375,278.90845,279.2563,3.1756659,3.313714,-2.433704
75.21152,14.385503,270.29932,270.62714,3.034986,3.1636782,-3.7973733
75.84025,14.375614,258.75754,258.9913,2.9377165,3.0587096,-4.1464763
76.46898,14.365727,247.2158,247.35545,2.840447,2.9537408,-6.118876
77.200874,14.3670225,236.54153,236.64233,3.2450933,3.392686,-2.8844435
77.93278,14.368318,225.86726,225.92926,3.6497407,3.8316307,3.677777
77.98377,14.442201,219.51384,219.75288,3.8506715,4.0705333,9.290634
78.03477,14.516087,213.16039,213.5765,4.0516024,4.309437,16.688564
77.42556,14.699861,207.15182,207.73273,4.2502675,4.544006,24.230051
76.81636,14.883634,201.14325,201.88892,4.448932,4.7785745,31.383448
75.14332,15.136386,203.95628,204.6086,4.9448485,5.3985767,53.460884
73.47027,15.389136,206.76935,207.32828,5.440765,6.018579,86.71677
69.18327,15.597365,214.9518,215.40302,6.214609,6.969282,135.06609
64.89626,15.805593,223.13426,223.47768,6.9884543,7.9199867,186.5224
64.75321,15.772322,224.47017,224.63634,7.403859,8.375317,213.13306
64.61015,15.739048,225.8061,225.79494,7.819264,8.830648,239.26308
63.646202,15.7256775,222.84981,222.88594,8.196391,9.281695,264.34436
62.682247,15.712307,219.89355,219.97688,8.573516,9.732742,292.3203
62.026535,15.762923,215.61482,215.72824,8.778268,10.003398,309.0135
61.37082,15.813541,211.33614,211.4796,8.983018,10.274053,324.6407
60.69952,15.811628,206.35913,206.65384,9.345681,10.754694,351.73352
60.02822,15.809712,201.38211,201.82808,9.708343,11.2353325,375.38907
63.259426,15.686454,201.22958,201.66087,9.9841175,11.553347,400.3341
66.49062,15.563196,201.07706,201.49365,10.25989,11.871358,425.14694
67.217,15.455128,202.93178,203.42021,10.504694,12.163957,441.7096
67.943375,15.34706,204.7865,205.34676,10.7494955,12.456554,456.7654
69.7909,15.285679,200.71753,201.39407,10.819203,12.54403,466.38757
71.63842,15.224298,196.64853,197.4414,10.888911,12.631506,477.04083
72.711266,15.246112,195.72115,196.46979,11.333013,13.240159,503.14417
73.78411,15.267924,194.79373,195.4982,11.777113,13.848812,528.0718
74.803635,15.384297,193.44397,194.1937,12.179129,14.471889,547.36566
75.82315,15.500671,192.09422,192.88922,12.581144,15.094966,561.81146
76.551575,15.664053,192.11115,192.86958,12.822898,15.511852,566.4319
77.28,15.827433,192.12805,192.84995,13.0646515,15.928739,568.05334
79.147125,15.770058,193.79068,194.43217,13.090629,15.950286,568.7751
81.01427,15.712681,195.45331,196.0144,13.116608,15.971834,570.15515
81.87122,15.735854,194.26013,194.84958,13.022905,15.878718,568.96954
82.72817,15.7590275,193.06693,193.68478,12.929206,15.785605,566.9284
82.61691,15.916421,192.24446,192.93465,12.822042,15.727803,566.8336
82.505646,16.073816,191.422,192.18456,12.714878,15.67,566.7458
82.52857,16.200819,190.38837,191.17696,12.730402,15.765577,567.0273
82.551506,16.327822,189.35474,190.16934,12.745925,15.861153,567.59644
82.63841,16.450974,188.47559,189.22832,12.589927,15.745967,568.13336
82.72531,16.574123,187.59648,188.28731,12.433928,15.630784,569.0247
82.93871,16.707117,187.02516,187.89459,12.349855,15.636082,571.08057
83.152115,16.840113,186.45387,187.50188,12.265781,15.641377,572.8698
83.82008,16.891832,187.12042,188.28033,11.971554,15.31009,571.73096
84.48804,16.94355,187.78697,189.05879,11.677326,14.978805,570.8607
85.6598,16.876266,187.39687,188.7356,11.488355,14.717954,568.4629
86.831566,16.80898,187.00677,188.41238,11.299382,14.457106,564.3757
86.7785,16.80634,183.54623,184.91719,11.449865,14.629908,565.8858
86.72544,16.8037,180.0857,181.422,11.6003475,14.802708,565.8022
86.04179,16.833239,179.21825,180.52654,12.24978,15.636575,568.7007
85.35812,16.86278,178.35078,179.63107,12.899214,16.470442,569.6494
84.69728,16.90865,177.6627,178.85008,13.222483,16.919147,569.95715
84.03644,16.95452,176.97461,178.06908,13.545752,17.367855,569.7392
83.86212,16.95467,177.8057,178.77702,13.967735,17.933664,568.4792
83.68781,16.954823,178.63678,179.48499,14.389718,18.499472,568.88635
82.373695,16.975433,180.09322,180.98099,14.652435,18.853432,570.68207
81.05958,16.996046,181.54964,182.47699,14.915153,19.20739,572.7339
79.78022,16.982748,182.48708,183.30412,15.0411215,19.362467,571.1466
78.500854,16.969454,183.42453,184.13127,15.167093,19.517546,569.00323
77.64819,16.940195,183.5685,184.17043,14.965651,19.23155,568.0852
76.79552,16.910936,183.71248,184.2096,14.764206,18.945559,567.4203
76.88642,16.92591,183.2068,183.83635,14.674675,18.830654,567.81116
76.97732,16.940887,182.70116,183.46312,14.585142,18.715752,568.3769
74.54004,17.223612,182.91876,183.85565,14.3430805,18.58985,568.9229
72.102745,17.506334,183.1364,184.24821,14.101022,18.46395,570.8119
73.05895,17.393597,186.2551,187.45648,13.894622,18.14349,569.10583
74.01517,17.280859,189.37383,190.66478,13.688222,17.823034,568.6157
76.187614,17.046991,191.28406,192.59335,13.396351,17.331518,570.48236
78.360054,16.813124,193.19427,194.52193,13.104481,16.840002,572.04004
78.488045,16.869974,196.076,197.58528,12.869669,16.57299,574.44147
78.61602,16.926823,198.95772,200.64865,12.634858,16.305979,576.1446
80.46682,16.87575,203.19737,204.81293,11.926513,15.387877,576.2538
82.31762,16.824677,207.43703,208.9772,11.218169,14.469779,566.5003
83.54754,16.779648,211.50887,213.13039,10.799724,13.927171,553.6877
84.777466,16.73462,215.58072,217.2836,10.381279,13.384562,534.67285
86.00702,16.67154,218.09674,220.01901,9.842759,12.703906,506.41406
87.23657,16.60846,220.61278,222.75443,9.304239,12.023251,474.18555
87.6734,16.576853,221.27129,223.60014,8.949089,11.528868,450.11438
88.11022,16.545248,221.9298,224.44582,8.593941,11.034485,424.43283
87.38544,16.55834,222.5453,225.0117,8.421146,10.839968,410.25284
86.660645,16.571436,223.16086,225.57755,8.248349,10.64545,394.47107
84.977585,16.526674,224.32599,226.3718,8.240126,10.523174,380.4565
83.29452,16.481915,225.49113,227.16609,8.2319,10.4009,367.7619
83.36864,16.498941,224.16408,225.94623,8.159676,10.358751,364.97437
83.442764,16.515968,222.83698,224.72635,8.087452,10.3166,362.07642
83.67073,16.497858,222.95471,224.67212,7.999337,10.223324,356.42773
83.898705,16.479746,223.07237,224.61784,7.9112244,10.130045,351.32822
84.12022,16.489859,220.00307,221.65141,7.8309054,10.05679,347.65652
84.34173,16.499973,216.93372,218.68498,7.7505865,9.983538,343.95618
83.92476,16.548868,217.37807,219.29457,7.647944,9.92081,337.5546
83.5078,16.597765,217.82237,219.90411,7.5453033,9.858082,331.45868
83.19092,16.63867,218.4775,220.78592,7.3416176,9.734352,322.62802
82.87405,16.679573,219.13261,221.6677,7.137934,9.610625,314.1288
82.44553,16.7551,217.4487,220.58302,6.947412,9.561747,310.63986
82.01701,16.830627,215.7648,219.49841,6.7568884,9.512868,307.84854
81.711,16.894321,213.06847,217.7278,6.519859,9.349039,299.21588
81.404976,16.958015,210.3722,215.9572,6.2828274,9.185213,290.1303
81.38049,16.989216,206.75342,213.18692,5.9490557,8.825065,270.37036
81.356,17.020416,203.13463,210.41661,5.615285,8.464919,252.22362
81.45329,17.036785,198.83354,206.63477,5.4167204,8.224339,239.96451
81.55057,17.053152,194.53246,202.85289,5.2181554,7.98376,227.66745
82.08934,17.038355,191.0422,199.52452,5.0703297,7.7955217,217.8812
82.62812,17.023558,187.55194,196.19617,4.922504,7.607285,205.00745
83.15743,17.01311,186.05273,194.19102,4.8789268,7.5575566,200.26706
83.686745,17.002663,184.5535,192.18585,4.8353486,7.5078278,196.30524
84.16992,16.986437,185.12466,192.17894,4.7575407,7.430047,189.98212
84.65309,16.970213,185.69583,192.17204,4.6797323,7.3522663,184.01631
84.868996,16.956541,183.90189,190.90147,4.4428887,7.0471663,165.97557
85.084885,16.942873,182.10793,189.63092,4.206046,6.7420664,148.62111
85.02145,16.926859,180.6719,188.63783,4.0047073,6.4624043,133.00246
84.958,16.910845,179.23587,187.6447,3.803369,6.182743,117.98842
84.6906,16.91139,179.42769,187.66681,3.897239,6.2476835,122.298836
84.42319,16.911938,179.61949,187.68893,3.9911077,6.3126245,126.69693
84.79031,16.898014,176.96823,184.18007,4.0401917,6.3514204,126.97137
85.15743,16.88409,174.31696,180.67122,4.089275,6.3902173,128.10725
85.739876,16.876474,173.3927,178.74695,4.2542896,6.606705,139.50581
86.32232,16.86886,172.46846,176.82268,4.4193025,6.8231945,151.27785
86.9057,16.863306,169.94592,174.5621,4.4610877,6.8573127,154.97745
87.48908,16.857752,167.42334,172.30153,4.5028734,6.891431,158.6021
88.6628,16.819157,168.28902,172.44202,4.915157,7.2552514,180.96335
89.83654,16.780561,169.1547,172.5825,5.3274417,7.6190715,200.43172
90.11225,16.681791,172.98647,175.66263,5.929657,8.054344,225.83345
90.38798,16.58302,176.81827,178.74272,6.5318737,8.489615,254.7192
89.01406,16.415115,182.71716,184.22931,6.659235,8.382831,249.8662
87.640144,16.247213,188.61607,189.71588,6.786597,8.276046,244.14182
86.81841,16.179737,191.47104,192.39108,6.6575513,8.047512,230.0399
85.99669,16.112257,194.32603,195.06631,6.5285077,7.818978,214.36557
86.19276,16.054022,191.81377,192.48224,6.589289,7.8332334,214.73578
86.38883,15.995786,189.30153,189.89816,6.6500688,7.847489,214.84431
85.013245,15.99659,186.32524,186.87674,6.809546,7.9901075,216.206
83.63766,15.997392,183.34895,183.85529,6.969021,8.132726,215.98267
83.06962,16.098318,178.83015,179.57555,6.8139462,8.087191,211.10175
82.50158,16.199242,174.31133,175.2958,6.6588697,8.041656,207.30278
85.34813,16.366087,169.68872,171.09467,7.3479056,9.27035,291.28873
88.19469,16.532928,165.0661,166.89351,8.036942,10.499046,379.64984
90.15282,16.767803,164.16687,166.46829,8.844515,11.73764,453.68283
92.11094,17.00268,163.2676,166.04305,9.652087,12.976236,514.4718
92.14553,17.129274,170.04944,172.64423,9.990126,13.433638,531.7116
92.18012,17.255869,176.83127,179.2454,10.328166,13.891041,543.52563
92.48205,17.239107,176.37416,179.4116,9.817906,13.381269,526.80786
92.78397,17.222342,175.91707,179.5778,9.30765,12.871501,504.32388
92.4721,17.282104,177.96487,181.97092,9.136321,12.767115,497.81992
92.16023,17.341864,180.01268,184.36401,8.964991,12.662728,491.00287
91.98249,17.396372,183.06691,187.5417,8.858929,12.619281,486.7866
91.80475,17.450876,186.12112,190.7194,8.752868,12.575831,482.68744
91.649216,17.501469,190.28514,195.12114,8.419616,12.25579,464.5387
91.493675,17.552061,194.44914,199.52286,8.086366,11.935749,444.5062
91.23711,17.574387,191.65556,197.66388,7.835248,11.645802,429.2739
90.980545,17.596714,188.86197,195.80487,7.5841303,11.355852,414.06335
90.28014,17.640896,190.64612,197.13757,7.931293,11.79059,436.34238
89.57974,17.685078,192.43025,198.47028,8.278458,12.225329,459.77948
88.53973,17.673027,200.45953,206.42316,7.915579,11.817213,435.52142
87.4997,17.660978,208.48885,214.37607,7.5527,11.409099,414.38785
86.95526,17.565588,213.83801,219.24408,7.2792964,11.024878,395.73395
86.41083,17.470201,219.18716,224.11209,7.0058928,10.640659,375.47348
85.464806,17.392017,226.51373,230.83995,7.1576595,10.723177,381.1074
84.51878,17.313833,233.84024,237.56786,7.3094244,10.805697,382.76443
85.32744,17.093372,243.61426,246.9349,7.358744,10.5793085,372.4772
86.136086,16.872911,253.38829,256.302,7.408062,10.35292,363.40903
85.946915,16.821932,253.53854,256.54855,6.572007,9.247844,294.59378
85.75773,16.77095,253.68877,256.79517,5.7359543,8.142768,227.94339
84.74867,16.63013,256.74863,259.36722,5.1498632,7.250046,174.50792
83.739624,16.489315,259.80844,261.93924,4.5637736,6.357325,116.927574
82.81429,16.4345,256.0765,258.35114,4.3739905,5.972577,96.14274
81.88897,16.379686,252.34456,254.76297,4.1842084,5.5878296,75.712875
80.57347,16.301155,252.68214,254.29988,4.5490074,5.7665644,78.65531
79.25797,16.222622,253.01973,253.8368,4.9138055,5.9452996,81.84428
78.323425,16.043016,255.27776,255.92467,5.0277014,5.885687,75.10599
77.388885,15.863411,257.53583,258.01257,5.141596,5.826074,68.62534
77.144714,15.731587,255.03223,255.45235,4.6832013,5.2124414,42.67706
76.900536,15.599761,252.52869,252.8921,4.224807,4.598809,21.890615
76.88977,15.557174,242.04341,242.13902,3.73436,4.033691,7.592672
76.879005,15.5145855,231.55807,231.38593,3.243914,3.4685729,-2.511067
77.31882,15.503547,226.1401,225.83073,2.9179645,3.1096897,-9.079817
77.75863,15.492511,220.72214,220.27554,2.592015,2.750808,-15.595809
78.430504,15.54769,200.45909,200.14525,2.9915118,3.2122233,-7.4187145
79.10238,15.602868,180.19604,180.01492,3.3910074,3.6736386,6.5499997
79.399796,15.726474,165.3144,165.27158,3.496369,3.8318238,11.050202
79.697205,15.850078,150.43277,150.5282,3.60173,3.9900076,12.653626
79.92005,15.993452,156.50279,156.49312,3.7767897,4.278652,21.500347
80.14291,16.136827,162.57281,162.45807,3.9518492,4.567297,31.150223
80.98598,16.244013,162.5845,163.07617,4.138358,4.9611783,45.712524
81.829056,16.3512,162.59618,163.69426,4.3248677,5.355061,64.688255
82.60686,16.435383,158.27579,160.05661,4.766927,6.030727,102.09027
83.38467,16.51957,153.9554,156.41893,5.208985,6.7063932,138.84007
84.50145,16.60307,152.45166,155.32756,5.664763,7.4845333,184.09752
85.61823,16.686567,150.9479,154.2362,6.1205397,8.262673,231.96541
86.41702,16.810804,150.40778,154.57411,6.2169385,8.568541,251.95059
87.21583,16.935043,149.86765,154.91202,6.313337,8.874407,270.39316
87.75301,17.005571,148.85876,153.88876,6.4639673,9.162041,287.48596
88.29019,17.076101,147.84987,152.86551,6.6145954,9.4496765,304.48337
88.48411,17.135174,145.99257,150.50877,7.4753494,10.456953,370.8635
88.67801,17.194244,144.13527,148.15205,8.336102,11.46423,430.61136
89.583694,17.197437,141.55876,145.09209,9.605586,13.13031,513.99097
90.48938,17.20063,138.98224,142.03212,10.875072,14.796388,556.9644
90.00483,17.273132,138.93594,141.08841,11.442314,15.351746,556.6474
89.520294,17.345636,138.88963,140.14473,12.009556,15.907104,553.5494
89.80513,17.428162,145.17632,146.58475,12.03852,16.060404,556.80084
90.08997,17.510689,151.46301,153.02477,12.067485,16.213703,559.31885
90.35072,17.553896,151.73604,154.00311,11.425214,15.546273,561.6315
90.611465,17.597103,152.00906,154.98149,10.782943,14.878842,559.0732
89.93403,17.757866,154.39967,157.56398,11.154269,15.4319515,565.9164
89.256584,17.918627,156.7903,160.14645,11.525594,15.985059,571.6661
88.92679,17.977146,161.17015,164.13374,11.992749,16.567362,573.67957
88.597,18.035666,165.55002,168.12102,12.459905,17.149664,576.16833
87.70822,18.093885,174.92583,177.69218,12.572555,17.26292,582.7259
86.81944,18.152103,184.30164,187.26337,12.685205,17.376177,589.5648
81.75398,18.15072,199.05214,200.93982,13.09097,17.63399,588.67017
76.688515,18.149336,213.80267,214.61629,13.496735,17.891802,580.433
77.819244,17.77258,211.57848,212.61397,13.540735,17.72656,577.9132
78.949974,17.395819,209.35431,210.6117,13.584736,17.561321,576.06177
79.62911,17.210005,212.33008,213.7267,13.63118,17.541895,576.76416
80.308266,17.024187,215.3059,216.84177,13.677625,17.522469,576.7566
80.71395,16.866236,219.10858,220.42172,14.081591,17.964972,575.67224
81.11964,16.708286,222.9113,224.00168,14.485556,18.407478,575.0121
82.23007,16.54777,223.96904,224.87326,14.410242,18.213776,574.49335
83.34049,16.387255,225.02682,225.74484,14.334929,18.020075,573.7824
83.492,16.308565,226.62772,227.32095,14.14043,17.704412,572.9711
83.6435,16.229877,228.22856,228.89702,13.945933,17.388752,572.1167
83.07746,16.176958,230.45891,231.1988,13.8388815,17.204895,571.85004
82.51141,16.12404,232.68921,233.50063,13.731831,17.021038,571.74896
81.59274,16.053518,235.58691,236.30724,13.415587,16.516838,570.3472
80.67408,15.982998,238.48468,239.11383,13.099343,16.01264,569.05457
80.0534,15.901286,238.89629,239.58035,12.479485,15.093612,564.8732
79.43271,15.819573,239.30786,240.04683,11.859625,14.174581,552.66656
79.68599,15.803154,238.82428,239.4797,11.67182,13.939257,548.12976
79.93927,15.786733,238.34071,238.9126,11.4840145,13.703933,542.8545
80.82012,15.827902,235.90057,236.4504,11.184122,13.287629,530.2212
81.70097,15.869069,233.46048,233.98819,10.88423,12.871328,512.0702
81.20482,15.916681,233.13872,233.67152,10.232421,12.050803,470.3159
80.708664,15.964292,232.81691,233.35481,9.580613,11.230277,420.75488
81.40013,16.017296,231.19513,231.51479,9.464671,11.103761,411.125
82.0916,16.0703,229.5733,229.6747,9.348729,10.977244,402.48163
82.58784,16.10193,225.48376,225.65517,9.716938,11.480482,434.40143
83.084076,16.133562,221.39423,221.63568,10.085146,11.98372,464.78494
82.14423,16.119324,219.83202,220.08592,9.745833,11.506339,434.05072
81.204384,16.105082,218.26976,218.53612,9.406521,11.028956,402.81436
80.13208,16.184368,218.03436,218.32884,9.151255,10.78497,385.83246
79.059784,16.263655,217.79903,218.12155,8.8959875,10.540983,370.5952
78.35323,16.32313,216.74448,217.11089,8.744122,10.376047,359.86597
77.64669,16.382607,215.68993,216.10016,8.592257,10.211109,348.9462
77.29851,16.463366,209.8608,210.57999,8.376228,9.996675,331.2887
76.95033,16.544127,204.0317,205.0598,8.160201,9.782241,313.57654
76.623505,16.649776,198.99554,200.16254,8.342823,10.101127,332.40918
76.29666,16.755428,193.9594,195.26524,8.525442,10.420014,351.81946
75.87314,16.82845,193.65399,194.93431,8.440654,10.376305,347.95044
75.44962,16.901468,193.34857,194.6034,8.355865,10.332598,344.54855
75.668945,16.96828,194.91273,196.12668,8.478572,10.586835,361.46536
75.888275,17.035095,196.47691,197.64998,8.601277,10.841069,378.3861
76.73379,17.016184,197.06985,198.23686,8.77695,11.06356,393.99988
77.57931,16.997272,197.6628,198.82373,8.952622,11.286049,409.41837
78.20806,16.904774,200.93016,202.00809,9.374359,11.705045,436.13928
78.83682,16.812273,204.19754,205.19243,9.796096,12.124042,463.24118
80.462425,16.614832,204.82019,205.79286,10.133176,12.438277,482.95905
82.08802,16.417393,205.44287,206.39328,10.470253,12.752513,502.97137
82.48935,16.095173,204.42946,205.35257,8.987071,10.628789,379.73785
82.890686,15.772953,203.41609,204.31189,7.503887,8.505065,238.41762
83.0594,15.668313,198.64822,199.18556,6.3438106,7.1282454,157.68008
83.22811,15.563674,193.88034,194.05923,5.1837325,5.751426,78.794754
85.92049,15.450315,180.85492,181.14783,4.1578674,4.582397,25.768698
88.61286,15.336958,167.8295,168.23643,3.1320019,3.4133668,-17.826889
89.77406,15.430248,184.82303,184.9898,2.5748816,2.8444176,-39.992195
90.93527,15.523535,201.81656,201.74315,2.0177612,2.2754672,-64.771416
90.25201,15.5374775,247.27464,252.13892,2.437884,2.7080474,-57.404243
89.568756,15.551419,292.73276,302.53464,2.858007,3.1406276,-26.286703
88.88844,15.515831,296.95102,301.40402,2.9255328,3.1747434,-33.683403
88.208145,15.480241,301.16934,300.27335,2.9930587,3.2088594,-11.456302
87.69254,15.548358,287.54922,287.05554,3.3697853,3.727552,4.610485
87.17695,15.616472,273.92917,273.83768,3.7465117,4.2462454,20.712381
87.080444,15.694231,268.4793,268.73727,4.8593593,5.526852,73.73063
86.98395,15.771991,263.02948,263.6368,5.9722056,6.8074603,151.00284
87.66615,15.656153,267.47937,268.07193,7.8251286,8.98099,299.7095
88.348366,15.540315,271.92932,272.50705,9.678051,11.154524,438.0838
85.205124,15.263073,278.68195,279.08563,10.05703,11.493892,454.4629
82.06188,14.98583,285.43454,285.66418,10.43601,11.833259,477.28802
81.03444,15.011376,283.74036,284.0646,9.987527,11.288725,446.5557
80.006996,15.036922,282.04614,282.465,9.539046,10.744191,410.29013
80.28887,15.001006,280.00256,280.48376,9.445012,10.631848,402.94836
80.570755,14.965089,277.95895,278.5025,9.350979,10.519506,395.87476
81.035904,14.993603,276.83496,277.29266,9.527246,10.768776,412.056
81.50105,15.022117,275.711,276.08282,9.703513,11.018048,427.55225
81.00577,15.169512,273.61392,274.05316,9.463519,10.794556,408.0532
80.51049,15.316908,271.51675,272.0235,9.223525,10.571063,388.1222
79.50552,15.5512085,267.26294,267.87552,8.982005,10.373404,370.93466
78.500565,15.785508,263.0092,263.72754,8.740483,10.175743,355.83798
77.60246,15.96736,258.88397,259.77524,8.731922,10.275811,362.71783
76.70437,16.149208,254.75879,255.82285,8.723359,10.37588,369.42953
76.25842,16.257366,253.53471,254.90396,8.538226,10.205491,356.2395
75.81247,16.365526,252.31068,253.98508,8.353091,10.035101,343.27725
75.852066,16.403095,253.70625,255.47127,8.1658535,9.842033,328.38214
75.89167,16.440668,255.10184,256.95746,7.9786153,9.648968,312.85788
75.63292,16.455065,258.8031,260.47922,8.155035,9.89301,329.26932
75.374176,16.469463,262.50443,264.001,8.331457,10.137054,344.81714
75.52634,16.399658,263.56137,264.95206,8.285311,10.054064,339.32925
75.67849,16.329855,264.61838,265.90308,8.239167,9.971072,333.59662
75.5473,16.215492,265.28412,266.35275,8.832404,10.602769,379.0476
75.41611,16.101131,265.94992,266.8024,9.425643,11.234466,421.2909
75.67814,15.939511,266.5504,267.3308,9.723943,11.478923,439.35388
75.94016,15.777889,267.15088,267.85922,10.022242,11.723378,456.87085
76.91127,15.631529,269.47925,270.17172,10.09991,11.789299,464.20816
77.88239,15.485165,271.80756,272.4842,10.17758,11.855217,470.53934
78.74672,15.372826,273.31412,273.88217,9.817895,11.315543,439.02673
79.61105,15.260485,274.82068,275.28012,9.458212,10.77587,405.22287
79.39998,15.064444,275.5598,276.08627,9.278724,10.514718,389.02008
79.18891,14.868401,276.2989,276.8924,9.099237,10.253567,372.66382
79.53784,14.8040495,276.41537,277.03247,8.589346,9.584739,325.6794
79.88677,14.739698,276.53183,277.17255,8.079454,8.915913,275.164
80.28742,14.689765,273.7165,274.298,7.701828,8.442208,240.88889
80.68807,14.63983,270.90115,271.4235,7.3242035,7.968504,208.0289
81.19517,14.602293,271.0149,271.46658,7.0430017,7.6289544,187.60388
81.70226,14.564759,271.1286,271.50958,6.761802,7.2894034,167.14165
82.10178,14.549343,270.5935,270.93195,6.4507017,6.9321604,145.47388
82.50131,14.533929,270.0584,270.35434,6.1396,6.574918,124.92439
82.95085,14.504654,268.7338,268.98544,5.913813,6.3144393,110.213844
83.40038,14.475376,267.40915,267.61652,5.6880264,6.0539613,96.39319
83.55663,14.493974,265.6864,265.83356,5.3952894,5.731167,78.9395
83.71288,14.512571,263.96362,264.05063,5.102553,5.408372,63.508507
83.943504,14.5011015,262.68768,262.73242,4.749163,5.0223184,46.982082
84.17413,14.4896345,261.4118,261.4142,4.395772,4.6362653,30.86334
83.90813,14.516304,256.94388,256.8818,4.277713,4.505619,25.634602
83.64211,14.542973,252.47594,252.34933,4.159652,4.3749714,21.613434
83.49849,14.551152,249.57901,249.42558,4.1060987,4.3224287,20.230082
83.35486,14.559334,246.68204,246.50182,4.052544,4.2698874,19.060411
82.954735,14.609007,243.5541,243.3257,4.18512,4.418622,22.747429
82.55461,14.658683,240.4261,240.14958,4.3176975,4.567356,27.202679
82.33895,14.70008,237.89601,237.61914,4.543883,4.827224,36.135326
82.1233,14.74148,235.36592,235.08868,4.7700677,5.0870914,46.495758
81.64697,14.802484,231.3626,231.08292,4.801442,5.128831,46.55311
81.170654,14.863487,227.35927,227.07715,4.8328156,5.170572,46.025574
81.26185,14.901614,226.28728,226.03212,5.0395722,5.4077773,55.920033
81.353035,14.939741,225.21529,224.98708,5.246328,5.644983,66.93467
82.10685,14.926826,223.30684,223.12811,5.340945,5.7528334,74.22717
82.860664,14.91391,221.3984,221.26917,5.4355607,5.8606853,82.31361
82.798294,14.922198,221.2126,221.16803,5.2076335,5.61716,70.28493
82.73593,14.930485,221.02675,221.0669,4.979706,5.373635,59.02974
81.45429,14.9998045,216.37106,216.49835,5.217662,5.659146,67.62961
80.17267,15.069122,211.71532,211.92975,5.4556174,5.9446573,79.03877
79.1109,15.140401,214.69171,214.89465,5.931116,6.527827,109.45053
78.04913,15.211679,217.66812,217.85951,6.4066153,7.1109953,144.61375
79.07352,15.154578,213.32422,213.65335,5.8323507,6.4754725,106.538376
80.09789,15.097476,208.9803,209.44719,5.258086,5.839948,74.99082
80.55374,15.114851,207.01598,207.32872,5.606592,6.2113853,94.01859
81.009575,15.132226,205.0516,205.21022,5.955098,6.5828204,113.86027
78.10257,14.921019,204.36766,204.46864,6.49199,7.1062403,143.83786
75.195564,14.709808,203.68369,203.72705,7.0288815,7.6296597,176.53204
74.13655,14.346074,191.50233,191.64465,6.278515,6.7458005,125.0187
73.077545,13.982342,179.32095,179.56227,5.528146,5.8619404,68.55162
76.180954,13.96284,172.2843,172.66435,6.1913743,6.61657,117.261635
79.28436,13.94334,165.24763,165.76645,6.8546033,7.371199,167.21214
80.99925,14.490383,170.08606,170.86906,8.00379,8.872773,262.71744
82.71415,15.037426,174.92447,175.97168,9.152976,10.374348,370.46548
82.620575,15.547839,184.17816,185.26564,9.286296,10.769995,390.05716
82.527,16.058256,193.43184,194.5596,9.419619,11.165642,414.53918
83.05089,16.058874,195.94136,197.06421,9.319872,11.049895,410.02536
83.574776,16.059492,198.45085,199.5688,9.220123,10.934149,405.4994
85.01233,16.060059,204.3971,205.48578,9.276313,11.031375,419.18976
86.44988,16.060621,210.34334,211.4028,9.332502,11.128603,433.69254
87.481064,16.127909,214.07779,215.13565,9.309115,11.228209,443.97607
88.512245,16.195194,217.8122,218.86852,9.285729,11.327817,451.05353
89.06921,16.286037,219.04457,220.29256,9.311986,11.523393,460.26346
89.62617,16.376883,220.27692,221.71661,9.338244,11.718972,468.56488
90.0684,16.417984,220.11676,221.60687,9.590736,12.032887,484.27576
90.510635,16.459084,219.95662,221.49713,9.843228,12.346803,498.7015
90.82885,16.48193,222.42369,223.77876,10.292185,12.948658,522.5001
91.14707,16.504774,224.89082,226.06038,10.741141,13.55051,541.50726
91.23306,16.5384,224.72041,225.88815,10.738248,13.560253,541.37024
91.31905,16.57203,224.54999,225.71594,10.735353,13.569997,541.23334
91.37629,16.597551,224.87721,226.09013,10.784105,13.645002,543.1153
91.433525,16.623074,225.20442,226.46431,10.83286,13.720008,544.9429
91.713646,16.630363,224.23079,225.57578,10.732083,13.615299,541.6831
91.99377,16.637653,223.25714,224.68723,10.631309,13.510592,538.1135
92.02261,16.684122,222.61604,224.32802,10.298583,13.164563,526.01276
92.05146,16.73059,221.97493,223.96883,9.96586,12.818531,511.8179
91.92959,16.787664,223.43405,225.12921,10.036737,12.958831,515.67505
91.80772,16.844734,224.89323,226.28958,10.107614,13.099131,519.1528
91.91072,16.889622,223.99077,225.6834,9.945336,13.06656,516.0732
92.013725,16.93451,223.0883,225.0772,9.783058,13.033989,512.7552
91.290764,17.127752,224.25713,227.13074,9.284123,12.892655,500.07312
90.567795,17.320997,225.42601,229.18423,8.785188,12.751319,485.12122
90.450035,17.382471,225.54703,229.46074,8.366287,12.363691,461.33963
90.332275,17.443943,225.66809,229.73729,7.9473867,11.976065,438.23315
90.269554,17.495825,224.81026,229.73941,7.6671557,11.726139,427.17258
90.20683,17.547707,223.95248,229.74156,7.3869247,11.476213,416.46497
90.80382,17.507828,222.37793,228.74362,6.983139,11.009021,394.22302
91.40081,17.46795,220.80344,227.74568,6.579354,10.541828,368.54858
91.70046,17.467379,222.84843,230.24481,6.5629287,10.491709,367.55502
92.00011,17.466808,224.89348,232.7439,6.546505,10.441589,366.3739
92.02345,17.468458,230.65424,237.5918,6.2057323,10.100376,342.848
92.0468,17.47011,236.41501,242.43971,5.8649616,9.759163,318.41287
92.206856,17.387703,239.10504,245.44601,5.521936,9.187393,287.6863
92.36691,17.3053,241.79509,248.45227,5.1789107,8.6156225,253.00728
92.9292,17.180988,247.36543,253.42545,5.1106825,8.432844,241.05109
93.491486,17.056679,252.93578,258.39862,5.042454,8.250068,228.4194
93.90621,16.947508,257.21805,263.20215,4.614929,7.5962853,191.26128
94.320946,16.838339,261.50037,268.00565,4.187403,6.9425035,153.56116
94.36025,16.760042,267.46448,273.95602,4.1026073,6.749127,143.5672
94.39956,16.681742,273.4286,279.90637,4.017811,6.555752,132.6727
93.664856,16.629915,276.55728,283.3879,3.7350183,6.112694,111.412476
92.93016,16.578089,279.6859,286.8694,3.4522254,5.669636,90.58936
93.69354,16.700493,259.6802,266.08453,3.721678,6.1389117,110.919624
94.456924,16.822897,239.67444,245.29974,3.9911306,6.608187,134.99393
94.61285,16.782404,245.09232,250.49347,3.8522215,6.2986116,118.11073
94.76878,16.741913,250.51013,255.68721,3.7133117,5.9890347,102.01059
94.98794,16.670404,254.45084,259.1947,3.7682054,5.9643064,100.84016
95.2071,16.598898,258.39154,262.70212,3.8230994,5.939578,99.40391
95.47913,16.51444,259.50104,265.4256,3.5728955,5.339703,70.647705
95.75115,16.429983,260.6106,268.14905,3.3226926,4.7398295,43.257023
95.52072,16.375048,260.46426,267.68567,3.2816112,4.599287,37.054455
95.2903,16.320112,260.31796,267.22232,3.240529,4.4587455,30.704971
94.484985,16.267963,263.32907,269.0837,3.1470108,4.1979094,16.749933
93.67968,16.215813,266.34015,270.94513,3.0534916,3.937073,2.8660107
92.35688,16.193638,267.15552,270.97583,3.1262321,3.9679902,3.274591
91.03408,16.171463,267.97086,271.00644,3.1989715,3.9989085,5.3992085
90.13518,16.15706,264.90836,267.62433,3.069066,3.8263016,-4.0336256
89.23627,16.142656,261.84576,264.24225,2.9391596,3.6536946,-11.534138
89.04386,16.14284,253.5443,255.71591,3.1246111,3.8216326,-3.6401868
88.851456,16.143026,245.24277,247.18958,3.3100615,3.9895694,2.4031107
88.76991,16.148998,245.26932,246.59882,3.7418306,4.4349313,21.90325
88.68838,16.154968,245.29591,246.00806,4.173599,4.880292,41.836857
88.03418,16.114494,248.60321,249.14494,4.3345203,5.01597,48.321384
87.38,16.074022,251.91052,252.28178,4.4954414,5.1516476,55.441753
86.25139,16.015461,251.23544,251.52701,4.43544,5.035207,49.897743
85.12279,15.9569,250.56036,250.77223,4.3754396,4.918766,45.1434
84.487114,15.931916,250.95517,251.18098,4.1472907,4.65518,34.208447
83.85143,15.906932,251.34998,251.58974,3.9191422,4.3915954,23.991575
83.57755,15.9242935,246.81927,246.98314,3.4196844,3.822872,5.6885505
83.30367,15.941653,242.28859,242.37648,2.9202266,3.25415,-8.010127
83.67803,15.9627,240.44394,240.42249,2.9260082,3.2539423,-7.5203986
84.05238,15.983745,238.59935,238.4685,2.931789,3.2537346,-7.105951
84.57339,15.985833,235.87117,235.5675,2.7676857,3.0545166,-11.272713
85.09439,15.987922,233.14299,232.6665,2.6035824,2.855297,-16.409704
85.92323,15.932753,241.52345,241.13783,2.8441572,3.1240096,-10.866215
86.75208,15.8775835,249.90387,249.60916,3.0847313,3.3927233,-3.1574612
86.10015,15.801059,207.2474,206.866,2.1466868,2.3152256,-48.94694
85.44822,15.724532,164.59094,164.12285,1.2086414,1.2377291,-89.54425
85.124756,15.732451,122.981865,122.98983,2.1452258,2.2510011,-52.941704
84.801285,15.740371,81.37277,81.8568,3.081809,3.2642744,-10.407478
85.37948,15.845556,94.74413,95.58173,3.3360527,3.6627033,0.24896753
85.95767,15.950742,108.11549,109.30669,3.5902965,4.061131,13.058185
87.76341,15.914584,108.24619,109.77832,3.987748,4.5877957,39.129864
89.569145,15.878425,108.37689,110.24993,4.3851995,5.114459,64.7244
91.96147,16.005747,109.31981,112.353874,4.8425584,5.886744,102.91372
94.35379,16.133066,110.26275,114.45782,5.299917,6.659028,141.89977
94.60612,16.286661,112.617584,119.903244,6.247372,7.91912,215.7882
94.858444,16.440254,114.97242,125.34867,7.1948266,9.179211,289.08148
94.01338,16.326033,122.61444,127.24644,8.129892,10.290357,370.1251
93.16833,16.211813,130.25647,129.14418,9.064957,11.401502,429.97656
91.149414,15.283449,98.15115,82.65584,8.927576,10.568789,298.6568
89.13049,14.355085,66.04585,36.167492,8.790197,9.7360735,278.91452
88.2143,14.159418,40.430183,20.740238,9.430051,10.447795,317.991
87.29811,13.963749,14.814479,5.3129835,10.069907,11.159518,377.18823
85.95998,13.754786,146.98917,102.46008,10.230038,11.327756,355.18878
84.62183,13.545825,279.16385,199.60718,10.39017,11.495994,325.54672
84.42329,13.532894,278.42316,228.82736,9.883075,10.888249,319.17847
84.22475,13.519963,277.68253,258.04758,9.375979,10.280504,320.14938
84.36006,13.599934,311.6041,302.04956,9.530151,10.471888,374.7946
84.49538,13.679906,345.52567,346.0515,9.684325,10.663271,395.6679
83.6753,13.643438,341.05728,341.38217,8.603816,9.373712,308.3995
82.85523,13.606972,336.58893,336.71283,7.5233088,8.084153,214.36273
82.47737,13.622262,325.84756,325.9845,7.560951,8.093819,220.90172
82.09952,13.637552,315.10614,315.2562,7.598596,8.103484,228.10815
80.80104,13.648672,302.83606,302.9944,7.7750835,8.294935,247.06192
79.502556,13.659791,290.56595,290.73264,7.9515715,8.486384,265.17697
80.05679,13.769177,283.54233,283.69318,8.264856,8.8856125,295.2161
80.611015,13.878564,276.5187,276.65378,8.57814,9.28484,328.4586
82.29654,13.876021,269.62582,269.8442,9.241713,10.132958,396.34018
83.98206,13.873478,262.733,263.03464,9.905283,10.981078,452.79724
84.94866,13.8719225,264.23297,264.5635,10.529903,11.805335,496.2348
85.91527,13.870367,265.733,266.09238,11.154523,12.62959,527.6413
85.665436,13.939376,266.88644,267.2667,11.717071,13.402286,547.65
85.4156,14.008387,268.03992,268.441,12.279618,14.174981,561.86115
84.222626,14.043143,268.21674,268.71936,12.695586,14.782568,565.55206
83.02964,14.077901,268.39352,268.99774,13.111552,15.390155,567.70764
82.15389,14.138696,267.60797,268.0042,12.753525,14.891468,565.7102
81.278145,14.199491,266.82233,267.01074,12.395498,14.392782,561.5747
80.63122,14.343101,264.97833,265.3342,12.492948,14.611339,562.8671
79.98431,14.48671,263.13434,263.65768,12.590394,14.829896,563.8357
77.915764,14.733232,263.5024,264.09323,12.710389,15.123466,563.0552
75.84722,14.979754,263.8705,264.52884,12.830382,15.417035,563.9696
74.79444,15.108606,262.5589,263.34082,12.525964,15.080263,562.793
73.741646,15.23746,261.24728,262.15283,12.221543,14.743493,555.94446
74.11236,15.281352,263.1158,263.95377,12.580287,15.240224,563.85596
74.48306,15.325244,264.98438,265.75476,12.939032,15.736955,566.37695
75.31459,15.227616,265.6431,266.408,13.088421,15.87202,565.87506
76.14612,15.129988,266.30185,267.06125,13.237811,16.007086,565.3884
77.00346,15.030962,267.0789,267.8329,13.308977,16.04868,565.7649
77.86082,14.931933,267.8559,268.60452,13.380142,16.090273,565.92737
78.40841,14.809432,269.13654,269.83978,13.231944,15.815221,566.28406
78.95601,14.686932,270.4172,271.07504,13.083747,15.540169,566.2813
79.723114,14.562592,270.76172,271.4077,13.065166,15.459511,567.1504
80.49022,14.438254,271.1063,271.74036,13.046588,15.378853,568.59784
80.42763,14.368618,272.06833,272.72876,12.700857,14.882645,566.472
80.365036,14.298985,273.03036,273.71722,12.355126,14.3864355,562.1991
80.719604,14.26698,271.96732,272.56644,12.168292,14.105712,558.2654
81.07417,14.234975,270.9042,271.41565,11.98146,13.824991,553.9134
81.36946,14.257551,271.20804,271.81082,11.531592,13.311438,541.14966
81.664764,14.280127,271.51184,272.206,11.081725,12.797884,522.96497
81.962975,14.231855,270.22943,270.92184,10.866086,12.480253,511.91916
82.261185,14.183584,268.94696,269.63766,10.650448,12.162625,500.2658
82.338524,14.16853,267.61847,268.2587,10.404825,11.819162,485.0882
82.41588,14.153477,266.28995,266.87967,10.1592045,11.475701,468.824
82.38566,14.138246,263.76514,264.33298,9.968211,11.22346,456.05008
82.35544,14.1230135,261.24023,261.7863,9.77722,10.971216,442.61203
82.85526,14.1467495,257.9843,258.49045,9.920214,11.156663,453.13055
83.35509,14.170485,254.72832,255.19458,10.063208,11.342108,463.72382
83.263954,14.131235,253.08466,253.73994,10.387927,11.794978,485.24008
83.17281,14.091984,251.44096,252.28532,10.712644,12.2478485,504.75842
83.23386,14.022604,253.04912,253.89832,10.756958,12.271445,507.1661
83.2949,13.953224,254.65724,255.51129,10.8012705,12.295042,509.60394
83.28057,13.856313,254.63138,255.37924,10.612816,12.021892,499.61
83.26624,13.7594,254.60548,255.24718,10.424358,11.748743,488.87524
82.56198,13.790621,254.46996,255.08464,10.461849,11.801421,489.34283
81.85772,13.821842,254.33444,254.92216,10.499338,11.854102,490.94385
81.46904,13.880918,250.29268,250.8685,10.814765,12.262372,507.77518
81.08035,13.939993,246.25092,246.81485,11.130194,12.670644,521.9206
81.75487,13.90813,245.14407,245.70692,11.3469925,12.957012,531.71326
82.42938,13.876268,244.03728,244.59895,11.563791,13.243381,539.9447
82.85904,13.908863,243.07048,243.59413,11.449663,13.107453,536.47864
83.288704,13.941459,242.10371,242.58936,11.335533,12.971524,533.12445
83.02965,14.048799,242.01141,242.52019,11.604105,13.369283,542.4797
82.770584,14.156141,241.91914,242.45102,11.872675,13.767044,550.4083
82.29363,14.248014,240.85399,241.34756,12.0691395,14.0658,554.6287
81.81668,14.33989,239.78882,240.24413,12.265606,14.364553,557.6128
80.76913,14.478944,239.54149,240.0892,12.312284,14.52793,558.2434
79.721565,14.617997,239.2941,239.93428,12.358964,14.691307,560.5656
79.88805,14.759207,239.93849,240.4636,12.364363,14.753394,560.7942
80.054535,14.900415,240.5829,240.99295,12.369762,14.815481,560.7677
79.37285,15.144738,239.99689,240.68857,12.17972,14.701976,560.28094
78.691154,15.389062,239.41093,240.38423,11.989677,14.58847,559.78644
78.93708,15.49441,238.46368,239.59314,11.934013,14.583549,560.673
79.18301,15.599755,237.5165,238.80203,11.878349,14.57863,561.7384
79.50989,15.626822,237.78694,238.9565,11.750329,14.427296,559.95404
79.83676,15.653887,238.05739,239.11098,11.622308,14.275963,557.4064
79.86777,15.684246,240.22186,241.33533,11.864717,14.610244,562.96515
79.89878,15.714607,242.38635,243.55962,12.107125,14.944528,566.8741
79.88236,15.686198,241.96117,243.0519,12.26417,15.130667,567.5215
79.86594,15.657789,241.53595,242.54417,12.421213,15.316805,567.6799
80.43045,15.547199,241.68512,242.61134,12.783316,15.738511,568.1276
80.994965,15.436607,241.83426,242.67845,13.145415,16.160217,567.78
81.81352,15.323978,243.45126,244.38327,13.192166,16.167986,567.46594
82.63208,15.2113495,245.06828,246.0881,13.238915,16.175753,566.83246
83.30594,15.125706,248.01785,248.98718,13.099221,15.95521,566.0772
83.97979,15.040063,250.96747,251.8862,12.959528,15.734665,565.81854
82.639305,15.009868,251.39622,252.20306,13.231597,16.045326,566.8613
81.29881,14.979673,251.82504,252.51988,13.503664,16.355991,568.35046
81.66279,14.900934,254.28574,255.11139,13.13517,15.839565,567.19556
82.02677,14.822195,256.74646,257.70294,12.766677,15.32314,565.43805
82.42688,14.789804,258.1441,259.02548,12.466489,14.893755,563.8533
82.826996,14.757417,259.54178,260.34805,12.166301,14.46437,561.7637
83.262,14.714604,260.5244,261.25336,11.666993,13.757944,549.6165
83.697014,14.671795,261.50705,262.15872,11.167688,13.051521,528.7651
83.94073,14.643539,262.53897,263.16434,10.761564,12.4821615,507.43335
84.18444,14.615286,263.57086,264.1699,10.355439,11.9128,483.61218
84.25806,14.594011,263.73297,264.22638,10.147705,11.601135,469.36728
84.331665,14.572737,263.89508,264.28287,9.939969,11.289468,454.2156
84.433395,14.561811,263.4011,263.81433,9.7898855,11.1054535,444.06427
84.53512,14.550888,262.90714,263.3458,9.639805,10.921438,433.62543
84.6163,14.56736,261.81573,262.30222,9.334616,10.534671,410.8409
84.697495,14.583835,260.72427,261.2586,9.029428,10.1479025,385.15762
85.18809,14.589217,258.84146,259.38495,8.832129,9.8993225,370.82272
85.67868,14.594598,256.95856,257.5113,8.63483,9.650743,355.6753
86.27943,14.587596,254.10008,254.64409,8.77852,9.824074,371.3485
86.88017,14.580594,251.2416,251.77681,8.922209,9.997405,386.35065
86.96728,14.599859,248.63527,249.1216,8.860125,9.928765,381.85934
87.05439,14.619124,246.02895,246.46637,8.798041,9.860126,377.2135
86.62951,14.70565,243.25848,243.7491,8.7291,9.800736,369.83606
86.20462,14.792175,240.48804,241.03183,8.660161,9.741347,361.70572
86.29411,14.861836,238.52956,239.08757,9.012655,10.208703,392.84726
86.383606,14.931498,236.57112,237.14326,9.36515,10.676061,422.50922
86.31861,15.025668,234.61308,235.26633,9.38607,10.776381,427.24194
86.25362,15.119839,232.65504,233.38942,9.40699,10.876697,431.91446
85.88758,15.250449,234.44714,235.20944,9.487669,11.079591,439.92368
85.52155,15.381057,236.23929,237.0294,9.568347,11.282485,447.72745
85.8171,15.386779,237.11688,237.88988,9.524279,11.268037,447.8907
86.112656,15.392501,237.99452,238.75041,9.48021,11.253588,448.05524
84.45093,15.274768,238.67726,239.32475,9.956692,11.751079,469.6479
82.7892,15.157038,239.36,239.89908,10.433174,12.2485695,491.2707
83.15589,15.245822,233.77815,234.32158,9.7617035,11.4669485,447.89114
83.522575,15.334605,228.1963,228.74406,9.090233,10.6853285,397.73386
82.69433,15.479733,224.56233,225.2361,10.042282,12.00568,472.2575
81.86608,15.624862,220.92839,221.72812,10.994333,13.326032,529.63855
82.80276,15.621711,220.9564,221.7143,11.538845,14.064421,551.04663
83.73944,15.618562,220.98442,221.70053,12.083357,14.80281,561.4
82.24877,15.622644,221.36305,222.19064,12.2942095,15.084579,563.1816
80.75812,15.626726,221.74174,222.68077,12.505064,15.366349,566.8629
81.424225,15.6602955,223.4578,224.3326,12.683089,15.671144,567.6731
82.090324,15.693866,225.17384,225.98438,12.861115,15.97594,568.051
82.90384,15.668911,226.66522,227.41412,13.000949,16.13872,566.6605
83.717354,15.643956,228.15654,228.84383,13.140781,16.301502,565.77954
84.49044,15.575527,229.4778,230.23386,13.121851,16.23516,565.35864
85.26353,15.507101,230.799,231.62393,13.102919,16.168821,565.1943
85.36152,15.492466,227.5747,228.3512,13.592031,16.869371,565.0996
85.45952,15.47783,224.35048,225.07848,14.081142,17.56992,567.0226
86.05802,15.448105,226.8815,227.60085,13.923442,17.32771,565.5741
86.65653,15.41838,229.41257,230.12323,13.765742,17.085495,565.02826
87.196335,15.387903,229.73311,230.5901,13.388068,16.573599,564.9585
87.73614,15.357427,230.05368,231.05692,13.010395,16.061707,565.43384
88.07764,15.370208,231.39262,232.41591,12.773446,15.739348,565.8156
88.41913,15.38299,232.73163,233.77492,12.536498,15.416991,565.5547
88.70584,15.396962,231.43549,232.50919,12.424961,15.308628,565.56805
88.99256,15.4109335,230.13936,231.24348,12.313421,15.200268,565.5624
89.17813,15.440514,230.54056,231.61906,12.444374,15.381813,565.73444
89.36371,15.470097,230.94174,231.99463,12.575328,15.56336,565.867
89.70719,15.468755,232.01196,233.03647,12.594088,15.59292,565.69806
90.050674,15.467415,233.0822,234.07831,12.612848,15.6224785,565.5249
90.46431,15.460586,233.68034,234.69626,12.698826,15.7376585,565.5022
90.877945,15.453756,234.27849,235.31416,12.784805,15.852837,565.34924
90.56243,15.526466,234.16357,235.21312,13.0095825,16.211166,566.5127
90.24692,15.599179,234.04865,235.11209,13.23436,16.569496,567.647
90.37776,15.589436,233.91707,234.99135,13.126419,16.427591,567.54553
90.5086,15.579692,233.78548,234.87054,13.018479,16.285686,567.38464
90.49054,15.628623,233.9294,235.03835,12.928996,16.1988,567.90155
90.47247,15.677555,234.07333,235.2061,12.839515,16.11191,568.31885
90.4992,15.704631,234.87497,236.09322,12.774441,16.028582,568.55566
90.52593,15.731707,235.67667,236.98035,12.709369,15.945253,568.78314
90.412254,15.816706,236.85321,238.16875,12.686212,16.006994,570.3335
90.29858,15.901707,238.02975,239.35715,12.663053,16.068739,571.8788
90.56512,15.987273,237.20934,238.65985,12.56177,16.013844,572.68555
90.83166,16.07284,236.38892,237.96254,12.460486,15.958951,573.12
90.665985,16.195284,236.80077,238.31456,12.431862,16.046156,574.7853
90.50031,16.31773,237.21268,238.66653,12.403238,16.133358,576.5318
90.13599,16.48095,237.98474,239.8276,12.230694,16.130888,579.9496
89.77166,16.644169,238.75679,240.98866,12.058146,16.128416,582.9982
89.62115,16.785383,241.30797,244.14374,11.41678,15.842464,585.0074
89.47064,16.926598,243.8591,247.29883,10.775413,15.556514,586.74005
89.303635,16.963612,246.8298,250.55188,10.448027,15.314086,584.9795
89.13662,17.000626,249.8005,253.80495,10.120639,15.071658,580.6733
88.87668,17.024641,249.41696,253.27702,9.841521,14.7175455,570.733
88.61672,17.04866,249.03346,252.74908,9.562403,14.363431,558.6735
88.49412,17.065348,247.03369,250.54662,9.833231,14.73476,570.74817
88.3715,17.082035,245.03397,248.34416,10.104062,15.106089,580.7292
89.02945,16.990881,244.34315,247.74686,10.224952,15.066606,579.2115
89.687386,16.899727,243.65236,247.14955,10.345841,15.027125,577.06696
90.1135,16.820673,242.72272,246.16577,10.339552,14.858888,572.2822
90.539635,16.741617,241.79306,245.18205,10.333263,14.690649,567.70264
90.52772,16.72677,241.84842,245.0579,10.430884,14.722205,568.5598
90.51581,16.711924,241.90376,244.93376,10.528505,14.753763,569.31476
90.61265,16.650543,244.23158,247.02881,10.75892,14.79985,570.36444
90.70949,16.589159,246.5594,249.1239,10.989333,14.845937,570.71344
90.48034,16.673676,246.89694,249.11166,10.99789,14.725949,568.61676
90.25118,16.75819,247.23444,249.09947,11.006448,14.605961,566.2418
90.24824,16.68682,247.42786,249.2028,10.982975,14.512047,564.643
90.24529,16.615452,247.62123,249.3062,10.959503,14.418135,562.96375
90.13089,16.570528,245.90211,247.49706,11.022272,14.439694,563.5582
90.01649,16.5256,244.18301,245.68794,11.085038,14.461257,564.0674
89.8953,16.456778,243.64587,245.15918,11.313745,14.67614,567.345
89.77412,16.387953,243.10872,244.63042,11.542451,14.891024,570.035
89.27406,16.36815,244.61125,246.05782,11.724693,15.106953,572.1182
88.774,16.348349,246.11378,247.4852,11.906934,15.322883,573.57074
88.0443,16.334219,247.88336,249.33069,11.83342,15.190845,573.3306
87.31458,16.320091,249.65294,251.17618,11.759907,15.058807,573.08405
86.7217,16.291533,249.65477,251.20897,11.280582,14.379594,563.12604
86.12882,16.262974,249.65663,251.24171,10.801258,13.70038,542.598
85.88197,16.214249,251.29143,252.9162,10.547748,13.320503,528.6428
85.63513,16.165525,252.9262,254.5907,10.294237,12.940623,513.42896
85.39431,16.144611,254.59314,256.3217,10.149634,12.730834,504.6956
85.15348,16.1237,256.26004,258.0527,10.005033,12.521048,495.60056
85.19522,16.114452,256.48798,258.3438,9.812672,12.275436,484.56952
85.23696,16.105204,256.71585,258.63492,9.620312,12.029826,472.57547
85.47911,16.07875,255.31476,257.32016,9.351099,11.702415,455.9843
85.72126,16.052296,253.91368,256.00534,9.081887,11.375004,439.34073
85.96268,16.053022,254.27089,256.42743,9.095874,11.468252,444.9491
86.204094,16.053745,254.62808,256.84946,9.10986,11.5615,450.42337
86.353455,16.092552,252.51674,255.6025,8.8197775,11.408528,441.57748
86.50282,16.131357,250.4054,254.35548,8.529694,11.255559,431.69965
86.82125,16.17378,247.41502,251.86841,8.591707,11.46142,444.20026
87.13968,16.216202,244.42465,249.38127,8.653719,11.667284,455.9775
87.32478,16.310726,242.69681,248.13545,8.491951,11.585324,449.69894
87.509895,16.40525,240.96901,246.88957,8.330185,11.5033655,442.9754
87.17363,16.57655,237.77475,244.67993,7.9747944,11.276815,425.33856
86.837364,16.74785,234.58049,242.47023,7.619404,11.050266,408.67795
86.79707,16.867603,235.59134,242.71675,7.690762,11.306072,420.01334
86.75678,16.987356,236.60219,242.9633,7.762122,11.561878,430.5119
86.795334,17.088884,241.34346,247.18752,7.8489585,11.817637,441.71613
86.83389,17.190413,246.08473,251.41177,7.935797,12.0734,452.0771
87.13144,17.219358,249.3127,254.708,7.4097657,11.53122,420.95685
87.42899,17.248306,252.54063,258.00427,6.8837366,10.989044,389.367
87.70993,17.218142,258.4255,263.64038,6.5775943,10.616822,367.4919
87.99087,17.187977,264.31042,269.2765,6.2714515,10.2446,345.18887
88.39907,17.110073,264.21106,269.72507,5.9197416,9.722541,317.8565
88.80728,17.03217,264.11166,270.17365,5.568032,9.200484,288.47052
89.136986,16.955763,270.3249,275.2839,5.5269384,9.088091,280.79074
89.46669,16.879354,276.53806,280.39413,5.485846,8.9756975,272.46582
89.97682,16.715532,288.2367,292.07,5.0529466,8.208489,228.34785
90.48696,16.551708,299.93527,303.74588,4.6200466,7.441283,181.69278
91.43336,16.295052,270.44266,263.74472,4.3392186,6.5173903,101.44747
92.37975,16.038395,240.94998,223.74352,4.0583887,5.5934963,66.45246
89.45703,14.824249,155.20506,146.67499,6.530505,7.7041907,155.86919
86.5343,13.6101055,69.46012,69.6065,9.002624,9.814886,340.96658
85.06818,13.667046,72.43488,72.59383,8.6951685,9.455537,320.25235
83.60205,13.723985,75.40964,75.581154,8.387714,9.096189,299.30844
83.356575,13.722756,78.42507,78.63156,8.28767,8.973926,290.92487
83.11109,13.721527,81.440506,81.68197,8.187628,8.85166,282.30905
82.32045,13.746828,81.18331,81.42329,7.8679905,8.498291,257.98822
81.52981,13.772128,80.92612,81.16461,7.548353,8.144919,234.14813
81.39985,13.808361,86.6843,86.90864,7.2656255,7.8350677,211.12285
81.269905,13.844595,92.44246,92.65269,6.9828978,7.5252156,186.355
81.31467,13.872828,94.92185,95.20656,6.846665,7.3752985,174.29178
81.35944,13.901059,97.40124,97.76041,6.710435,7.225383,162.12494
81.57892,13.970568,101.51466,101.86106,6.7385216,7.2659826,162.51
81.798386,14.040077,105.6281,105.961685,6.7666078,7.306581,162.17783
81.879745,14.128125,109.26823,109.820724,6.7842817,7.330462,161.84036
81.961105,14.216172,112.908325,113.67976,6.8019533,7.3543434,161.5295
82.13897,14.29716,116.05156,116.816185,7.1261373,7.746278,188.01619
82.31685,14.378146,119.19479,119.952576,7.450319,8.13821,215.35686
82.36618,14.517725,121.3666,122.15989,7.4658694,8.202752,217.48526
82.41552,14.657302,123.53838,124.367195,7.4814177,8.267294,219.62076
82.57691,14.814393,125.517166,126.35002,7.5632467,8.4241085,228.20288
82.73831,14.971483,127.49595,128.33286,7.6450734,8.580923,236.82892
83.156265,15.0968,132.62964,133.41284,7.998183,9.069547,268.24384
83.57421,15.222116,137.76332,138.49284,8.351292,9.558173,298.84396
84.284065,15.3616705,142.62723,143.33006,8.42119,9.745926,312.2352
84.99391,15.501224,147.49115,148.16728,8.491088,9.93368,328.73813
85.57076,15.738684,154.39397,154.7414,8.385275,10.05407,339.9401
86.14763,15.976143,161.2968,161.3155,8.279463,10.174464,350.1151
87.47936,16.081657,165.05104,165.65663,8.132084,10.262725,362.94675
88.811104,16.187172,168.80525,169.99776,7.9847054,10.3509865,372.04767
89.8728,16.18584,172.08165,173.23024,7.8054495,10.127362,357.31955
90.93451,16.18451,175.35802,176.4627,7.626193,9.903741,342.9661
91.829445,16.243694,178.64828,181.12381,7.189793,9.712348,330.56003
92.72439,16.302881,181.93857,185.78491,6.7533927,9.520958,317.3788
93.280846,16.329313,196.40504,201.45581,6.120192,8.924689,282.53616
93.83729,16.355743,210.87154,217.12666,5.486992,8.3284235,245.72049
91.50671,16.363203,227.28957,233.68504,5.316736,8.232375,238.04704
89.17611,16.37066,243.70766,250.24342,5.1464815,8.136324,231.18951
87.686035,16.416317,248.80072,255.05824,5.365493,8.530658,254.72554
86.19595,16.461973,253.89383,259.87308,5.5845027,8.924991,274.79163
85.91854,16.518341,260.60355,266.1241,5.889207,9.315366,294.9235
85.64112,16.57471,267.3133,272.37518,6.193909,9.705742,318.14883
85.77503,16.558893,270.54672,275.19235,6.0998816,9.590999,310.91647
85.90894,16.543077,273.78015,278.00952,6.005852,9.476254,303.63007
86.2427,16.504122,274.69455,279.35565,5.9397326,9.309554,296.625
86.57647,16.465166,275.60895,280.70172,5.873612,9.142853,288.84793
86.84385,16.414986,275.7415,281.292,5.8443108,9.036365,284.50406
87.11122,16.364805,275.874,281.8823,5.8150086,8.929875,279.92218
84.515526,16.490002,272.96597,278.48682,7.1544256,10.628467,374.18146
81.91982,16.615202,270.05792,275.0913,8.49384,12.327059,470.22363
82.41805,16.518433,271.65652,276.9042,8.203292,11.89269,444.9773
82.91629,16.421665,273.25504,278.71704,7.9127464,11.458323,420.68713
83.55293,16.37115,272.0724,277.3704,7.7881193,11.283677,411.026
84.18957,16.320637,270.88977,276.02368,7.663492,11.109032,401.81372
84.85185,16.261938,272.82706,277.5319,7.5640016,10.995308,396.80606
85.514145,16.203241,274.76434,279.04007,7.464513,10.881587,392.06293
86.17731,16.15859,276.07867,279.85532,7.400022,10.809657,388.39285
86.84047,16.113935,277.393,280.67053,7.335533,10.737727,384.05164
87.6392,16.062084,278.85257,281.89926,7.33349,10.737579,384.4767
88.43793,16.010233,280.31213,283.12793,7.3314466,10.737429,383.91272
88.55511,16.041311,286.79953,289.56207,7.399209,10.941794,391.2025
88.67228,16.072388,293.28696,295.9962,7.466972,11.146157,398.13123
89.26243,16.058191,292.71622,296.51166,7.424769,10.989192,396.06403
89.85257,16.043993,292.1455,297.0272,7.382564,10.832225,392.74298
90.497856,15.998195,289.60336,295.0946,6.981749,10.242048,362.9989
91.14314,15.952395,287.0612,293.16205,6.5809317,9.651869,329.98334
90.99327,15.981756,293.36212,298.9217,6.425845,9.578912,322.648
90.84339,16.011116,299.66302,304.68137,6.2707567,9.505953,314.6743
91.02476,15.987139,297.3009,303.41864,5.68222,8.664349,263.5819
91.20612,15.963163,294.9388,302.15588,5.0936823,7.822744,210.35197
91.38772,15.929785,291.56558,299.21487,4.9832573,7.6030183,198.60587
91.56931,15.896407,288.1924,296.2738,4.8728313,7.3832912,187.2984
91.83785,15.861135,288.53638,296.6149,4.8324113,7.2579465,179.65266
92.106384,15.825865,288.88037,296.95602,4.7919903,7.1326013,172.1875
92.328606,15.790778,291.70444,299.83347,4.586467,6.800831,152.80087
92.55083,15.755693,294.52853,302.7109,4.380943,6.4690604,135.17538
92.726875,15.719316,299.0055,306.92242,4.116563,6.013491,110.49207
92.90292,15.682936,303.48245,311.13394,3.8521817,5.5579224,86.02102
93.176544,15.631686,302.66907,311.6369,3.327763,4.7150126,43.204407
93.45017,15.580439,301.85568,312.13986,2.8033447,3.8721042,-0.96891874
93.66588,15.543613,294.86444,304.1952,2.8037872,3.724846,-6.5225825
93.881584,15.50679,287.8732,296.25052,2.8042297,3.5775876,-12.454591
93.98872,15.494496,278.73715,286.80807,2.8558745,3.6627069,-6.051355
94.095856,15.482206,269.6011,277.36563,2.9075196,3.747825,-1.0439632
94.105606,15.496638,263.16397,271.05014,2.9286969,3.8246698,3.12119
94.11534,15.511071,256.72687,264.73465,2.9498732,3.9015148,6.391583
94.004135,15.556143,251.46524,260.79022,2.8487756,3.8729625,6.390589
93.89294,15.601214,246.20358,256.84586,2.7476768,3.8444102,6.495396
93.737724,15.646311,239.28854,250.67313,2.7129185,3.8909957,9.635289
93.58252,15.691406,232.37344,244.50038,2.6781604,3.9375815,12.462041
93.3562,15.750547,225.44714,236.5532,2.7051384,4.0993176,17.99091
93.12988,15.809689,218.52084,228.60602,2.7321165,4.2610536,23.6464
93.01866,15.864587,212.61601,221.76804,2.8155363,4.5987697,38.670845
92.90745,15.919485,206.71117,214.93005,2.8989563,4.9364853,54.065643
93.00651,15.98773,201.52145,210.0404,3.2398999,5.5003514,87.63618
93.10557,16.055973,196.33176,205.15077,3.5808434,6.064218,120.155716
93.30695,16.19905,193.0161,199.3432,4.7256246,7.6486826,203.78477
93.50833,16.342127,189.70041,193.53561,5.8704057,9.233147,283.83984
93.07807,16.363815,192.76544,197.09482,6.296045,9.736482,320.5934
92.64781,16.385506,195.83044,200.65402,6.7216825,10.239817,357.1992
92.68046,16.379786,202.01817,208.43852,6.7432256,10.197549,363.03296
92.7131,16.374063,208.20593,216.22302,6.764768,10.155281,364.75244
92.90522,16.339905,215.58096,223.75142,6.3895807,9.742607,338.10382
93.09733,16.305746,222.95593,231.27983,6.0143933,9.329931,310.31317
92.77361,16.283064,227.7471,235.86884,5.8992376,9.200783,300.71222
92.44989,16.260384,232.53821,240.45784,5.7840824,9.071634,290.6897
91.7868,16.249454,237.0519,245.68991,5.84138,9.16239,297.55875
91.12371,16.238525,241.56558,250.92204,5.8986773,9.253143,303.31693
89.94419,16.275734,244.18567,253.86292,5.910676,9.310712,305.2304
88.76467,16.31294,246.80571,256.80374,5.922674,9.36828,305.753
87.74715,16.322874,247.76913,257.82108,5.724136,9.10023,287.29187
86.72963,16.332806,248.7325,258.83844,5.525598,8.832181,272.73892
85.98407,16.338167,246.06183,257.27945,5.2182465,8.392735,248.68214
85.23851,16.343525,243.3911,255.72049,4.9108953,7.953287,224.8521
84.96254,16.35325,234.56029,246.20221,5.0656576,7.9976125,227.63782
84.68656,16.362972,225.72954,236.68398,5.2204204,8.041939,229.78288
84.12792,16.372007,223.06093,232.54443,5.5669203,8.549255,257.24155
83.56928,16.381042,220.39232,228.40494,5.9134197,9.056574,286.1349
83.285706,16.36765,218.94995,224.86386,6.5048456,9.762259,326.4165
83.00213,16.354256,217.50758,221.3228,7.096273,10.467944,365.7339
82.97104,16.276491,220.31078,223.14769,6.9657154,10.234288,349.7744
82.93996,16.198725,223.11401,224.97256,6.8351574,10.000629,332.68985
82.30135,16.23642,226.29126,228.70003,6.6581426,9.985013,330.91528
81.66275,16.274117,229.4685,232.42747,6.4811296,9.969397,329.34967
80.872284,16.379892,224.6456,229.07382,6.6713758,10.306983,351.8362
80.08182,16.485672,219.82268,225.72011,6.8616223,10.64457,371.87012
80.21303,16.626719,216.4412,223.05045,7.267371,11.212323,404.01157
80.34424,16.767765,213.05966,220.3807,7.673122,11.780078,434.3276
81.241684,16.881222,214.98267,221.90417,7.9935427,12.260012,459.79236
82.13914,16.994677,216.9057,223.42763,8.313961,12.739949,485.66574
82.88547,17.07791,221.19992,227.28413,8.527566,13.142388,506.1926
83.631805,17.161144,225.49414,231.14064,8.741171,13.544831,526.09766
83.11926,17.215345,229.5766,234.97595,8.967436,13.969979,546.7886
82.606705,17.269548,233.6591,238.81128,9.193699,14.39513,565.50165
82.628174,17.249537,234.45137,239.13934,9.481647,14.7510605,580.4281
82.64965,17.229523,235.24362,239.46742,9.769595,15.106989,592.3195
83.16584,17.147459,236.92026,241.28995,9.975347,15.256853,596.3082
83.68203,17.065397,238.59685,243.11247,10.181097,15.4067135,599.19995
84.1334,17.00209,239.38664,243.51001,10.43312,15.666226,602.3962
84.58477,16.938784,240.17645,243.90761,10.6851425,15.925737,603.7009
85.18264,16.847157,238.86517,242.3844,10.9046135,16.127989,603.2089
85.78051,16.755527,237.55391,240.86118,11.124085,16.330236,601.6118
85.6353,16.697723,237.91577,240.98557,11.195551,16.063696,597.5173
85.49009,16.63992,238.27759,241.10995,11.267017,15.797154,593.00916
84.07049,16.420454,237.3444,239.6277,11.63954,15.848882,590.02
82.65089,16.200985,236.41127,238.14543,12.012063,15.900608,584.26355
83.81684,16.076202,237.35374,239.05312,11.953485,15.714739,581.5971
84.982796,15.951421,238.29626,239.96078,11.894904,15.52887,579.78094
85.76224,15.87163,237.98523,239.61073,11.8828535,15.466776,578.205
86.54169,15.791841,237.67422,239.26064,11.870803,15.404681,576.4097
87.34307,15.732241,238.54553,240.20824,12.245022,15.854519,577.0965
88.14446,15.672638,239.41687,241.15578,12.61924,16.304356,576.79517
88.898674,15.639482,236.49046,238.29701,12.564559,16.190968,575.34314
89.65289,15.606324,233.564,235.43825,12.509878,16.077581,574.0207
89.93093,15.627381,232.16283,234.02197,12.519706,16.115065,573.978
90.20897,15.648438,230.76169,232.60564,12.529533,16.152546,573.76654
90.784485,15.648939,230.98701,232.77054,12.245395,15.805667,573.0504
91.35999,15.649441,231.21239,232.93544,11.961259,15.458788,571.63965
91.47535,15.663974,231.27255,233.2345,11.911242,15.414226,571.86127
91.5907,15.678507,231.33272,233.53362,11.861225,15.369666,572.06287
90.99845,15.736578,232.05708,234.30702,12.230514,15.914423,575.45953
90.406204,15.794648,232.78146,235.08043,12.599805,16.45918,577.508
90.57542,15.663411,241.37398,243.19029,12.008543,15.513181,574.0753
90.74462,15.532173,249.96645,251.30017,11.417284,14.56718,563.61066
88.47007,15.102283,268.57382,269.74246,9.595457,11.934078,480.5366
86.19551,14.672394,287.1812,288.18475,7.7736278,9.300976,315.39017
83.57006,14.219761,296.01956,296.672,6.964427,8.05424,215.09273
80.9446,13.767128,304.85794,305.1592,6.155226,6.8075037,125.9549
78.670815,13.612984,305.42496,305.7385,6.4430313,7.063425,136.5763
76.397026,13.458839,305.99197,306.3178,6.7308393,7.319346,152.8939
74.02274,13.119315,310.2418,310.50046,7.2654696,7.89192,192.52264
71.64846,12.779791,314.49158,314.68307,7.8000984,8.464494,231.67934
70.54536,12.659027,314.53748,314.72537,7.515111,8.129145,198.76352
69.44225,12.538263,314.5834,314.76764,7.230126,7.793797,169.85753
68.06923,12.645885,313.00604,313.2315,7.3511677,7.9695854,179.31133
66.69619,12.753508,311.4287,311.6954,7.4722114,8.145375,189.3668
65.21562,12.896546,311.77393,311.9409,7.8401237,8.593339,223.70476
63.735054,13.039588,312.1191,312.18637,8.208036,9.041305,252.70265
64.23469,13.114336,310.69464,310.6443,8.380161,9.223316,265.09256
64.73432,13.189083,309.27017,309.10217,8.552289,9.405328,277.31238
66.40116,13.133174,307.69608,307.4896,8.517109,9.335717,275.6964
68.068,13.077265,306.12192,305.87698,8.48193,9.2661085,277.50003
67.723404,13.002383,305.59534,305.28104,8.46407,9.207868,274.0977
67.3788,12.927501,305.0687,304.6851,8.446213,9.149627,271.03894
66.884125,12.824057,305.54205,305.2797,8.326895,8.984477,260.59955
66.38945,12.720612,306.0154,305.8743,8.207577,8.819327,250.84982
65.87137,12.634516,306.2077,306.14062,7.889993,8.454421,226.10959
65.35328,12.548418,306.4,306.40695,7.572407,8.089514,201.92769
64.92497,12.539264,309.01526,309.0794,7.4132915,7.9191747,190.71826
64.496666,12.530111,311.6305,311.75195,7.2541757,7.7488356,179.82405
63.949833,12.530105,314.26675,314.37674,7.1393623,7.6165624,171.89688
63.402996,12.530098,316.903,317.00153,7.024549,7.484289,164.65099
65.66545,12.587892,317.60452,317.70404,6.6296706,7.0209303,128.42432
67.92791,12.645684,318.3061,318.4066,6.2347918,6.5575714,98.01615
67.396484,12.62338,317.78546,317.90906,5.8348255,6.1242204,74.54216
66.86504,12.601074,317.26477,317.41156,5.4348593,5.690868,55.424294
67.21425,12.607329,318.40646,318.5785,5.377925,5.627814,51.221004
67.56345,12.613583,319.54816,319.7454,5.3209896,5.5647593,46.92691
67.95446,12.601808,319.6418,319.89584,5.1227508,5.348225,36.35275
68.345474,12.590032,319.73544,320.0463,4.92451,5.13169,29.39018
68.44439,12.5777,319.12936,319.51645,4.4281945,4.6029825,14.533284
68.54331,12.565369,318.52335,318.98663,3.9318774,4.0742736,1.4581949
68.382805,12.553466,320.56485,321.14697,3.3935714,3.5027702,-10.952473
68.22229,12.541561,322.6064,323.3073,2.8552654,2.9312668,-21.384827
68.16063,12.545589,322.77634,323.69733,2.3854172,2.43769,-30.294102
68.09896,12.549615,322.9462,324.0873,1.9155699,1.9441131,-39.575665
67.59475,12.578323,310.9399,307.31445,1.6256331,1.6413199,-40.524364
67.09054,12.607033,298.9336,290.5417,1.3356963,1.3385266,-33.741222
66.96,12.652924,308.9686,290.52502,1.3779421,1.3830984,-6.5011477
66.82947,12.698816,319.00363,290.5084,1.420188,1.4276713,4.890695
66.88018,12.738364,314.25842,300.80103,1.3941398,1.3988883,-18.231684
66.93089,12.777909,309.51318,311.09363,1.3680916,1.3701054,-53.371433
66.88723,12.806268,297.6492,298.90137,1.2588402,1.2535748,-54.247173
66.84356,12.834625,285.78522,286.709,1.1495887,1.1370444,-53.00151
66.7119,12.853699,268.2358,267.8885,1.1337278,1.1212544,-48.591072
66.58024,12.872769,250.68636,249.0679,1.1178657,1.1054631,-42.84421
66.30226,12.898959,237.79024,235.7144,1.229567,1.2312647,-38.653698
66.024284,12.925152,224.89406,222.36096,1.3412683,1.357065,-35.288055
65.89776,12.9626875,223.76132,221.94128,1.5483645,1.5759481,-32.683174
65.771225,13.000224,222.62857,221.52162,1.7554616,1.7948312,-29.955835
65.48844,13.045348,224.34723,223.13603,1.8319962,1.8775456,-30.227812
65.205666,13.090475,226.06589,224.75049,1.9085308,1.96026,-30.689054
64.85192,13.129605,222.70609,221.53873,1.9392861,2.0040936,-30.591677
64.49818,13.168735,219.34628,218.32697,1.9700423,2.0479274,-30.381212
64.35902,13.225968,216.20059,215.40808,2.2460706,2.3440316,-25.87609
64.21985,13.283201,213.05495,212.48914,2.522099,2.640136,-21.824493
64.9747,13.367844,208.06049,207.63289,2.9433215,3.0921116,-13.207117
65.729546,13.452488,203.06601,202.77663,3.364544,3.5440872,-5.6925044
66.63364,13.584354,203.12448,202.82823,3.770928,3.9823403,2.1731038
67.53773,13.716221,203.18292,202.87982,4.177311,4.4205933,11.131398
68.68213,13.865435,205.42502,205.0874,4.727909,5.0183253,29.423208
69.82654,14.014648,207.66713,207.29501,5.2785063,5.616059,56.13173
70.95515,14.203381,207.99216,207.6497,5.775254,6.1774487,87.119576
72.08375,14.39211,208.3172,208.00441,6.272001,6.7388387,119.9055
73.64567,14.510756,213.53198,213.218,6.7835927,7.3381066,155.75023
75.20759,14.629398,218.7468,218.4316,7.295186,7.9373755,197.29558
76.30941,14.783116,218.4505,218.20651,7.3336577,8.016665,203.3048
77.41123,14.936835,218.1542,217.98145,7.3721313,8.095958,207.56558
78.785736,14.99859,216.90977,216.76993,7.514584,8.281582,219.77974
80.16023,15.060344,215.66536,215.55843,7.6570363,8.467209,236.2138
84.94438,14.903093,221.17917,221.10083,7.342241,8.108675,233.3712
89.72853,14.745843,226.69295,226.64328,7.0274453,7.750143,221.86215
89.69713,14.682058,224.04341,224.01038,7.1655874,7.883075,232.63249
89.665726,14.618273,221.39388,221.37747,7.3037295,8.016008,242.91574
90.06922,14.55732,217.00667,217.02805,7.3148975,8.016382,242.44427
90.472725,14.496366,212.61945,212.67856,7.326065,8.016756,241.43436
89.63777,14.73492,211.67569,211.69719,7.44114,8.225169,253.47145
88.80282,14.973474,210.73195,210.71577,7.5562153,8.433582,265.20856
89.37616,15.178981,206.47548,206.59454,7.8054576,8.855387,294.5917
89.9495,15.384487,202.21902,202.47328,8.0547,9.277189,323.8543
91.47072,15.414714,199.2322,199.54652,8.25453,9.640226,349.5564
92.99193,15.444941,196.24535,196.61977,8.454362,10.003264,374.12686
92.322556,15.660369,201.34787,202.0898,9.941836,12.100401,493.20435
91.653175,15.875798,206.45038,207.55983,11.429313,14.197536,555.8066
91.85978,16.007011,209.04932,209.93617,11.306828,14.164249,555.6527
92.06637,16.138227,211.64827,212.31253,11.184341,14.130965,554.001
92.638824,16.202396,207.2397,208.04836,10.200265,13.084216,522.7903
93.21127,16.266565,202.83113,203.78418,9.216188,12.037469,472.19467
92.20539,16.482601,213.5308,214.42946,10.86785,14.260092,553.398
91.19951,16.698639,224.23048,225.07474,12.519512,16.482714,575.05896
90.810875,16.737844,226.13249,226.80173,12.61005,16.603657,575.79944
90.422226,16.777052,228.03445,228.52869,12.700587,16.724598,576.70294
90.477104,16.699226,234.51527,235.0523,12.469088,16.327175,575.8432
90.53199,16.621399,240.9961,241.57599,12.237587,15.92975,573.9087
91.17477,16.177952,252.23976,252.54393,10.735115,13.534037,538.39667
91.81755,15.734504,263.4835,263.51187,9.232642,11.13832,436.27026
92.0385,15.314188,272.81717,273.05026,8.48143,9.884614,365.65506
92.259445,14.893874,282.15088,282.58868,7.7302184,8.630909,279.49066
92.04539,14.669936,289.26804,289.51892,8.2158785,9.154332,315.3138
91.83134,14.446001,296.38516,296.44913,8.701539,9.677755,352.15936
90.09305,14.206602,303.7529,303.75378,9.051498,10.015792,373.26776
88.35477,13.967205,311.1206,311.05838,9.401455,10.353829,391.11035
84.59523,13.517755,310.55853,310.60867,9.643181,10.620336,415.03772
80.83569,13.068304,309.99643,310.15894,9.884906,10.886838,441.23642
79.000404,13.21716,306.6691,306.78336,10.195379,11.341207,463.4282
77.16512,13.366015,303.3418,303.40778,10.505854,11.795572,485.33264
73.610016,13.5475445,299.33817,299.4319,11.298476,12.827818,517.06323
70.05492,13.729075,295.3346,295.45596,12.091098,13.860063,536.85425
67.87919,13.602574,293.75558,293.9237,12.420762,14.2636385,542.80133
65.70345,13.476071,292.17657,292.3914,12.750427,14.667215,549.8847
66.22008,13.380647,290.73215,290.97772,13.013639,15.006823,559.3473
66.73671,13.285221,289.28775,289.56406,13.276854,15.346434,568.54425
68.329575,13.102323,289.4872,289.78284,13.428083,15.516434,572.9845
69.92244,12.919424,289.68665,290.00162,13.579315,15.686432,573.6928
71.29393,12.770637,293.21475,293.50162,13.911784,16.117495,574.6014
72.66542,12.62185,296.7428,297.00165,14.244253,16.548557,573.55286
72.950226,12.530749,297.69458,297.969,14.346782,16.683117,573.2981
73.23503,12.439647,298.64627,298.93637,14.449311,16.817678,572.6813
72.93815,12.454432,299.4605,299.74454,14.157401,16.445568,573.02423
72.64126,12.4692135,300.27475,300.55273,13.86549,16.07346,572.6352
72.74114,12.312715,299.5518,299.8214,13.952918,16.159382,572.7146
72.84103,12.156213,298.82883,299.09015,14.040346,16.245306,572.698
72.34382,12.09344,298.49728,298.80176,13.975518,16.145033,573.1441
71.8466,12.030668,298.1657,298.5133,13.910687,16.04476,573.5923
72.33637,11.929175,297.39557,297.67294,13.901318,16.002625,572.54065
72.82614,11.827681,296.62543,296.83252,13.891947,15.960493,571.58057
73.35629,11.75842,296.21616,296.4509,13.947547,16.0154,571.2661
73.88645,11.6891575,295.80692,296.06924,14.003149,16.070309,570.7244
73.6708,11.542508,296.1351,296.37003,13.941864,15.951197,571.27094
73.45514,11.395857,296.46326,296.6708,13.880577,15.832083,571.4427
72.895424,11.295485,296.51236,296.7244,13.912731,15.862835,572.2749
72.335724,11.195114,296.56152,296.77798,13.944882,15.893587,573.29193
71.74097,11.073885,296.6554,296.86166,13.916122,15.832359,574.0483
71.14621,10.952658,296.74933,296.94534,13.887361,15.771132,575.0598
70.85869,10.871791,295.82452,296.02548,13.870364,15.731205,575.7133
70.57117,10.790925,294.89972,295.10565,13.853368,15.691278,576.3702
70.136696,10.721133,294.52744,294.73624,13.807473,15.619225,576.91974
69.702225,10.651343,294.1552,294.36682,13.7615795,15.547172,577.42755
68.969795,10.616867,294.2982,294.50955,13.808466,15.607949,579.6376
68.23737,10.582391,294.4412,294.65228,13.855353,15.668725,581.82214
67.746346,10.561216,294.80182,295.00812,13.925773,15.760508,583.1983
67.25533,10.540044,295.16245,295.36392,13.99619,15.852288,584.85144
67.13177,10.538911,295.14786,295.33865,14.099785,15.99134,585.73596
67.0082,10.537778,295.13327,295.31345,14.203379,16.130394,586.6129
66.53126,10.610789,295.2569,295.42743,14.246147,16.21124,587.7846
66.054306,10.683802,295.3805,295.5415,14.288913,16.29209,589.0451
65.05166,10.798765,296.06577,296.2095,14.228308,16.234339,590.63837
64.04901,10.913731,296.751,296.8775,14.167702,16.176586,591.1897
62.73252,11.034162,297.9793,298.09805,14.138394,16.157171,590.5446
61.41603,11.154593,299.20767,299.31857,14.109086,16.137758,589.7581
60.537243,11.242461,300.25705,300.36816,14.030652,16.052927,587.0952
59.65846,11.33033,301.30643,301.41772,13.952217,15.968095,583.9422
58.84579,11.389397,301.84668,301.94806,13.825311,15.7986355,578.57355
58.033127,11.448463,302.38687,302.4784,13.698407,15.629177,573.2792
57.568695,11.465892,303.23007,303.32816,13.482391,15.338246,565.9064
57.104263,11.48332,304.07324,304.17792,13.266373,15.047316,558.2986
57.093758,11.452687,304.76135,304.8615,13.229418,14.985952,557.1628
57.083252,11.422055,305.44946,305.54507,13.19246,14.924592,556.04205
57.53018,11.294769,306.5157,306.58865,13.161475,14.857113,555.9788
57.97711,11.167483,307.58194,307.63226,13.13049,14.789634,556.00745
59.551968,10.983629,308.54214,308.5632,13.268632,14.956441,564.7227
61.126823,10.799774,309.50232,309.4941,13.406776,15.123249,574.12103
64.02563,10.544373,310.14722,310.11014,13.500129,15.220366,582.9821
66.92444,10.288971,310.7921,310.72614,13.593481,15.317485,582.00476
69.3819,10.062062,310.62527,310.6142,13.636567,15.340249,578.1229
71.83936,9.8351555,310.4585,310.5023,13.679652,15.363013,573.3136
74.60687,9.659086,311.73795,311.84857,12.439009,13.765483,556.5428
77.374374,9.483019,313.0173,313.1949,11.198364,12.167955,515.3117
77.07709,9.475783,315.01746,315.1618,11.564998,12.627281,531.2573
76.779816,9.468547,317.01764,317.12872,11.93163,13.08661,544.77527
77.105576,9.410671,318.79248,318.91348,11.950281,13.107922,545.73645
77.431335,9.3527975,320.56726,320.6982,11.968931,13.129234,546.3919
76.86868,9.402975,321.36145,321.55307,12.338566,13.621731,555.96674
76.30603,9.453153,322.1556,322.4079,12.7082,14.114227,562.327
74.286934,9.59139,322.76212,322.97775,13.180198,14.745931,566.7532
72.267845,9.729629,323.36868,323.54764,13.652193,15.377632,571.46466
70.575806,9.800399,322.68475,322.89496,13.998081,15.849238,577.36414
68.88377,9.871169,322.0009,322.2423,14.343967,16.320845,584.02606
69.155106,9.714263,322.98715,323.1424,14.32156,16.239714,583.42523
69.42644,9.557356,323.97348,324.0425,14.29915,16.158583,582.7411
70.64163,9.379126,325.12897,325.1973,13.924474,15.648945,576.26715
71.85682,9.200894,326.2845,326.35202,13.549796,15.13931,571.02026
71.78593,9.172957,326.93018,327.03088,13.128786,14.584794,566.3675
71.71504,9.1450205,327.5758,327.7097,12.707774,14.030279,557.86
71.239624,9.191257,327.07855,327.1823,12.4222765,13.657091,549.296
70.764206,9.237495,326.58133,326.6549,12.136778,13.283905,539.0888
70.28079,9.269579,325.65665,325.737,11.946493,13.046362,531.5418
69.79739,9.301662,324.7319,324.81906,11.756209,12.808817,523.7917
68.964325,9.391921,324.3019,324.40393,11.6497555,12.686809,519.6618
68.13126,9.482179,323.8719,323.98877,11.543302,12.564801,514.4915
68.10685,9.542,324.59064,324.71548,11.534416,12.567906,514.2761
68.08243,9.60182,325.3094,325.44217,11.525534,12.57101,514.05505
68.10724,9.682496,325.3263,325.4644,11.489477,12.528586,512.46216
68.13204,9.76317,325.34314,325.48657,11.453421,12.486163,510.85983
68.25169,9.850457,325.19873,325.33594,11.399421,12.421167,508.3494
68.371346,9.937744,325.05432,325.18524,11.345421,12.356173,505.58618
68.06161,10.06262,324.35706,324.46512,11.171452,12.154701,496.1322
67.75186,10.187497,323.65982,323.74503,10.997485,11.953232,485.15424
67.445724,10.342509,323.98645,324.03247,10.82794,11.771151,473.72583
67.13958,10.497521,324.31308,324.32,10.658396,11.589066,461.94415
66.62795,10.634229,323.6234,323.69516,10.449056,11.339361,446.3279
66.11632,10.770937,322.9337,323.07028,10.239716,11.089657,431.48862
66.24824,10.840303,322.9559,323.12772,10.040331,10.851194,416.5525
66.38014,10.909673,322.97806,323.18518,9.840943,10.612731,400.9004
66.78363,10.9448,322.10986,322.31174,9.583286,10.3074665,380.3757
67.1871,10.97993,321.2416,321.43832,9.325626,10.002198,359.51703
65.8361,11.185942,321.45233,321.60632,9.051813,9.695836,336.15665
64.485085,11.391954,321.66306,321.77435,8.778001,9.389471,313.6333
62.960415,11.545378,321.89948,321.9955,8.382968,8.9409275,279.4621
61.435757,11.698803,322.13586,322.2167,7.9879336,8.492381,242.42006
61.4629,11.737397,321.3105,321.35117,7.407914,7.847012,195.99617
61.49004,11.775991,320.48505,320.48566,6.8278947,7.2016406,153.64388
61.746376,11.809683,317.6445,317.63663,6.4383373,6.7758207,127.36542
62.00271,11.843374,314.80396,314.7876,6.04878,6.350001,100.93361
64.65962,11.88712,319.42145,319.44495,6.915179,7.324038,157.918
67.316536,11.930867,324.039,324.10223,7.7815776,8.298075,223.30579
67.70885,11.93436,323.45755,323.5406,7.405649,7.870257,188.80762
68.10115,11.93785,322.87613,322.97894,7.0297184,7.4424367,155.99477
69.096405,11.822295,322.07202,322.20633,6.693698,7.062382,129.07564
70.09167,11.706739,321.26785,321.43372,6.357677,6.6823263,108.542336
70.866455,11.6460705,320.6296,320.71158,5.9149666,6.2168746,83.696014
71.64125,11.585402,319.99133,319.98944,5.472256,5.7514215,60.771137
71.35548,11.615125,319.1984,319.13788,5.0584793,5.3138604,37.215332
71.0697,11.644848,318.40543,318.28625,4.644704,4.8762984,21.083912
71.01345,11.658794,317.05542,316.92627,4.468811,4.6828623,15.451088
70.95721,11.672741,315.7054,315.56622,4.2929187,4.489426,10.303638
71.05281,11.665728,315.8357,315.711,4.17412,4.3657804,6.9259315
71.148415,11.658715,315.96588,315.8558,4.0553207,4.2421365,3.4825482
71.16007,11.654321,317.07043,316.93713,3.952656,4.1312714,0.79230595
71.17173,11.649923,318.1749,318.01843,3.8499913,4.0204062,-1.3526105
71.049706,11.653666,319.03445,318.9044,3.7103992,3.873511,-4.0286574
70.92768,11.657408,319.894,319.79034,3.5708082,3.7266147,-6.346801
70.75998,11.684658,321.38696,321.293,3.3570304,3.4964807,-10.257342
70.59228,11.711911,322.87994,322.79572,3.1432536,3.2663465,-14.102066
70.40208,11.741717,321.01254,320.9624,2.972958,3.0831442,-16.426786
70.21188,11.771525,319.14514,319.12918,2.8026617,2.8999429,-18.630234
70.19204,11.79442,317.7185,317.64243,2.6746898,2.7647989,-20.614225
70.17219,11.817316,316.29184,316.1557,2.546718,2.6296546,-22.792595
69.9844,11.851306,313.3994,313.36716,2.449701,2.524011,-24.195679
69.79661,11.885299,310.50702,310.57858,2.3526855,2.4183674,-25.432493
69.61697,11.898142,311.9,312.1073,2.2475,2.302944,-28.164139
69.43732,11.910983,313.2929,313.63608,2.1423132,2.1875207,-30.944567
69.12263,11.922474,319.89386,320.40347,1.860702,1.8932056,-37.671734
68.80794,11.933965,326.49475,327.1709,1.5790907,1.5988907,-45.359573
68.35655,11.954677,308.013,303.85904,1.4142075,1.4305339,-40.66523
67.905174,11.97539,289.5313,280.54724,1.2493231,1.2621782,-26.952024
67.592384,12.004191,198.16954,184.19078,1.2342551,1.2465873,-5.0467253
67.27959,12.032993,106.807785,87.83433,1.2191871,1.2309976,18.018023
67.11428,12.057084,74.54662,65.843285,1.2366141,1.2538941,-7.736494
66.94898,12.081173,42.285465,43.85221,1.2540412,1.2767918,-25.89317
66.781456,12.123631,55.499138,57.045826,1.3496358,1.3804107,-28.444584
66.61394,12.166086,68.712814,70.23944,1.4452304,1.4840294,-30.171553
66.81403,12.192353,77.040855,78.63363,1.4422252,1.4835488,-30.317524
67.01413,12.218618,85.3689,87.02779,1.43922,1.483068,-29.644917
67.39889,12.257343,89.9704,91.512344,1.5807227,1.628362,-27.332687
67.78365,12.296069,94.5719,95.99688,1.7222265,1.7736573,-26.251026
68.1481,12.320886,99.52507,100.76956,1.9015236,1.9629695,-25.763617
68.51256,12.345704,104.47827,105.54227,2.0808198,2.1522806,-24.350641
68.63418,12.381389,109.25018,110.27063,2.1130621,2.191284,-24.517859
68.7558,12.417074,114.022125,114.99897,2.1453035,2.2302873,-24.794426
68.74307,12.471774,113.68329,114.60619,2.2802336,2.374973,-23.060976
68.73033,12.526474,113.344444,114.213394,2.4151638,2.519659,-21.215622
70.11819,12.504488,114.50617,115.18838,2.6384344,2.7502604,-17.690332
71.506035,12.482503,115.66787,116.163376,2.8617063,2.980863,-9.355674
71.15926,12.530459,114.73955,115.09592,2.929456,3.064948,-7.775909
70.8125,12.578413,113.81123,114.028465,2.9972055,3.149033,-6.3031745
71.13522,12.575361,115.3147,115.45821,3.0580049,3.202695,-4.168242
71.457954,12.57231,116.818184,116.887985,3.1188035,3.2563581,-2.1754963
72.3012,12.505999,118.755974,118.73613,3.1630836,3.3058937,1.0725158
73.14444,12.439687,120.69376,120.58424,3.2073638,3.3554306,2.843961
73.99706,12.365118,121.38457,121.21908,3.3093414,3.4506476,5.536853
74.84967,12.290548,122.0754,121.85391,3.411318,3.5458658,7.0381665
75.35038,12.260671,119.190445,119.07197,3.5575967,3.7020416,11.012539
75.85109,12.230794,116.30549,116.29002,3.7038765,3.8582177,15.302277
76.1983,12.234916,113.473495,113.49365,3.9088721,4.0773034,19.723413
76.54551,12.2390375,110.64148,110.69725,4.113868,4.2963896,24.017788
76.85131,12.248918,110.33533,110.37402,4.3258343,4.5307236,29.961578
77.15711,12.2588,110.029175,110.050766,4.5377994,4.765058,35.70025
76.28658,12.385216,111.23504,111.22649,4.7860775,5.0424566,45.58174
75.41604,12.511631,112.440926,112.402176,5.0343556,5.319856,54.55958
75.001915,12.594431,113.7568,113.78775,5.2521935,5.5553575,64.02667
74.58779,12.67723,115.07266,115.1733,5.4700313,5.7908597,74.25523
74.42315,12.742791,116.296715,116.40293,5.616326,5.957171,82.951065
74.258514,12.808354,117.52079,117.63253,5.7626195,6.123482,92.662926
73.23505,12.910461,118.38125,118.49112,5.875302,6.259378,98.81775
72.21158,13.01257,119.24174,119.3497,5.9879837,6.3952746,104.03792
71.67527,13.033235,122.16636,122.30165,5.9053307,6.3011928,96.47599
71.13895,13.053902,125.091,125.25361,5.822679,6.207111,89.81587
70.42208,13.07751,121.91968,122.121735,5.890175,6.2851768,95.58554
69.70521,13.101119,118.74836,118.98987,5.9576716,6.3632417,101.73383
68.74163,13.140065,116.82359,116.9961,6.1255813,6.553191,118.32408
67.77806,13.179013,114.898834,115.00231,6.29349,6.7431407,135.35646
67.53131,13.2051935,112.98636,113.0542,6.4936476,6.970965,151.65335
67.28456,13.231375,111.07388,111.10608,6.6938057,7.1987877,167.0633
67.19958,13.244022,108.72906,108.74223,7.27163,7.8593493,210.76306
67.114586,13.256669,106.38423,106.37836,7.849454,8.519912,251.93433
67.285164,13.289124,106.641815,106.636,8.308302,9.074347,282.94913
67.455734,13.321575,106.89938,106.89362,8.76715,9.628781,313.60663
67.687004,13.344284,107.30215,107.32374,9.10911,10.058264,337.62933
67.918274,13.366992,107.70494,107.753876,9.451069,10.487749,361.46716
68.078995,13.406817,108.13941,108.19958,9.802476,10.958176,385.0079
68.23972,13.446645,108.573875,108.6453,10.153886,11.428602,409.56097
68.407005,13.456985,109.1608,109.22854,10.49489,11.878209,434.32327
68.574295,13.467326,109.74774,109.811806,10.835895,12.327819,456.5595
69.064125,13.43698,109.8461,109.92635,11.229361,12.842172,480.32388
69.553955,13.406633,109.94446,110.04091,11.622828,13.356524,503.8276
69.36319,13.314806,111.88674,111.963165,11.845879,13.625254,513.65
69.17243,13.22298,113.82905,113.885445,12.06893,13.893983,523.3356
70.550255,13.08322,115.26805,115.330505,12.09238,13.893619,527.9671
71.92807,12.943461,116.707054,116.7756,12.115832,13.893257,532.2788
72.752846,12.985904,114.093254,114.19054,12.274744,14.14645,541.9984
73.57763,13.028347,111.47948,111.60549,12.433656,14.399644,550.083
73.442795,12.9213505,112.000435,112.13278,12.491884,14.448246,552.1314
73.307945,12.814351,112.52139,112.660095,12.550111,14.496848,554.26794
72.360085,12.801932,112.53353,112.70705,12.564,14.507737,553.71716
71.41223,12.789514,112.54567,112.75402,12.5778885,14.518626,552.6254
71.81023,12.75495,112.456825,112.684555,12.600434,14.542806,554.3228
72.20822,12.720386,112.36798,112.61508,12.622979,14.566986,555.9618
73.69936,12.687348,112.61289,112.87681,12.659709,14.610115,559.19995
75.19052,12.65431,112.85783,113.13851,12.696437,14.653247,563.77246
75.528244,12.674482,112.685196,112.97391,12.801005,14.806697,568.2691
75.86597,12.694655,112.51259,112.80931,12.905572,14.960149,572.2772
75.35438,12.739275,112.310715,112.65739,13.046418,15.16833,575.81555
74.84279,12.783896,112.108864,112.50547,13.187263,15.376513,578.6205
75.46098,12.801702,110.86614,111.249275,13.365464,15.62682,582.77405
76.07918,12.8195095,109.623436,109.993095,13.543666,15.877123,583.9964
75.78538,12.863203,109.14485,109.518265,13.763125,16.199867,584.44147
75.49158,12.906894,108.66629,109.043434,13.982585,16.52261,584.84644
75.46468,12.96128,108.40644,108.78874,14.119273,16.73538,584.8807
75.4378,13.015666,108.14656,108.53404,14.25596,16.948154,585.1599
75.77247,13.060005,108.60077,108.98301,14.193936,16.88183,584.35114
76.10715,13.104342,109.05497,109.43201,14.131913,16.815508,583.6374
76.29063,13.114961,109.347336,109.7427,14.110791,16.780115,583.56757
76.474106,13.125579,109.6397,110.0534,14.08967,16.744724,583.59894
76.21929,13.138636,108.72522,109.146286,14.138908,16.823763,583.85504
75.964485,13.151692,107.810745,108.23918,14.188148,16.902803,584.26263
75.59141,13.198042,106.41782,106.846794,14.298607,17.067688,585.302
75.21833,13.244389,105.02491,105.45444,14.409066,17.232573,586.24225
74.92356,13.314949,103.96938,104.38036,14.524279,17.422752,586.92786
74.62879,13.385509,102.91388,103.30629,14.639494,17.612934,587.83777
74.99765,13.445243,101.827484,102.229324,14.812588,17.89277,588.72943
75.36651,13.504977,100.74109,101.15238,14.985682,18.172607,589.5565
75.93738,13.555704,100.487305,100.89436,15.178754,18.489252,589.8151
76.50823,13.606432,100.23353,100.63633,15.371827,18.805897,589.97906
77.113556,13.64301,100.47332,100.86376,15.485497,18.983374,589.556
77.71889,13.679585,100.71309,101.091194,15.599169,19.160852,589.0155
77.98734,13.731585,101.44755,101.854225,15.810618,19.489172,589.0958
78.255806,13.783583,102.182,102.61723,16.02207,19.817493,588.64197
78.10876,13.775967,102.64894,103.16885,16.220142,20.116312,589.0401
77.96169,13.768348,103.1159,103.72048,16.418217,20.41513,589.45215
78.264725,13.697509,103.22219,103.90138,16.66316,20.75328,589.3966
78.56775,13.62667,103.32849,104.082306,16.908104,21.091429,589.1862
80.68281,13.440409,102.893845,103.55347,17.025162,21.193613,587.1773
82.79787,13.254148,102.45923,103.02466,17.142221,21.295797,584.16003
84.3115,13.14989,102.19314,102.7679,17.298666,21.491243,582.0197
85.82514,13.04563,101.92704,102.51114,17.455109,21.68669,581.7133
87.47599,12.973835,102.696495,103.213005,17.4651,21.680536,581.59064
89.12683,12.902039,103.46592,103.9149,17.47509,21.674385,580.2571
89.25642,13.035669,100.90322,101.37903,17.261946,21.470926,578.35986
89.386,13.169298,98.340515,98.84318,17.048801,21.267467,576.62103
90.553444,13.193541,101.01507,101.60231,16.957796,21.164816,574.0339
91.720894,13.217785,103.689644,104.36141,16.86679,21.062162,571.71204
92.09959,13.34678,106.62228,107.43485,16.57648,20.735891,569.275
92.47827,13.475777,109.55492,110.50826,16.286173,20.40962,566.99884
93.1387,13.814861,116.18902,118.54813,15.03874,18.818426,564.3158
93.799126,14.153948,122.82313,126.58796,13.79131,17.227232,555.3563
93.44561,14.584355,149.17441,153.56085,11.511801,14.587521,543.3432
93.0921,15.014765,175.5257,180.53374,9.232292,11.94781,480.25146
91.386925,15.206186,186.56874,190.37776,8.442363,11.258907,445.86884
89.68175,15.397608,197.61182,200.22176,7.6524343,10.570007,390.8836
86.54798,15.262347,198.1953,200.63385,8.810484,11.606945,457.95496
83.4142,15.127087,198.77878,201.04594,9.968533,12.643884,508.28354
85.48733,15.048985,190.75235,193.547,9.108212,11.621085,461.99344
87.56045,14.970883,182.72594,186.04802,8.247894,10.5982895,403.9758
88.77831,15.021815,175.82399,179.45943,8.297629,10.760147,414.89102
89.99619,15.072747,168.92204,172.8708,8.347364,10.922005,424.29324
90.466255,15.134447,167.7487,171.9561,8.410927,11.097577,434.70673
90.9363,15.196146,166.57535,171.0414,8.474489,11.2731495,444.08102
91.24157,15.233443,163.39818,168.05101,8.438128,11.393223,447.9062
91.54682,15.270739,160.22102,165.06064,8.401769,11.513298,451.64517
92.707954,15.235991,160.25604,164.74498,8.725199,11.875556,473.01474
93.86908,15.201243,160.29109,164.42934,9.04863,12.237811,491.00668
93.905136,15.200128,161.56842,165.48364,9.004815,12.170305,487.75876
93.94119,15.199012,162.84578,166.53795,8.961,12.102799,484.39102
93.30103,15.2779875,159.29533,163.36757,8.64496,11.782309,467.25916
92.66087,15.356961,155.74492,160.19719,8.32892,11.461821,447.0914
92.333694,15.3818655,154.83621,158.8535,8.629244,11.800545,466.3001
92.0065,15.406769,153.92747,157.5098,8.929567,12.139269,485.54498
92.347244,15.370585,148.85146,152.44707,9.009337,12.174826,488.05087
92.68799,15.334402,143.77539,147.38431,9.089108,12.210381,490.038
93.19306,15.26185,139.77531,143.1326,9.15815,12.184309,489.0188
93.69813,15.189298,135.77524,138.88087,9.227193,12.158238,487.23846
93.70978,15.179026,133.4843,136.40752,9.395343,12.366217,496.52835
93.721436,15.168753,131.19336,133.93416,9.563493,12.574195,505.3387
93.63424,15.175706,131.40723,133.99187,9.587285,12.621158,507.33682
93.54706,15.182658,131.62111,134.04959,9.611075,12.668123,509.27805
93.227585,15.180449,126.80111,129.31,9.629528,12.640297,507.25412
92.9081,15.178236,121.98115,124.57042,9.647979,12.612471,505.49356
93.26876,15.139119,120.50828,122.826706,9.773017,12.725085,509.17175
93.629425,15.100002,119.03544,121.083015,9.898054,12.837702,512.41345
93.78172,15.028212,115.62137,117.58517,10.132089,13.063559,519.1894
93.934006,14.956419,112.207275,114.08731,10.366124,13.289416,524.2548
93.81935,14.814019,110.50454,112.093796,11.253726,14.264681,536.24243
93.70468,14.671622,108.8018,110.10027,12.141328,15.239944,543.0555
93.78821,14.433838,106.40762,107.565674,12.651737,15.753287,549.9398
93.87173,14.196056,104.01342,105.03105,13.162148,16.266626,555.43695
94.317,13.925022,99.26259,100.10709,13.672294,16.727346,558.75037
94.76228,13.653989,94.51176,95.183105,14.182439,17.188068,561.5403
94.222435,13.584254,94.15169,94.76275,14.676073,17.858736,564.10315
93.68258,13.514521,93.79163,94.3424,15.169707,18.5294,566.0047
92.95225,13.4653635,93.16613,93.68784,15.728897,19.322372,567.93964
92.22192,13.416206,92.54062,93.033295,16.288088,20.115341,571.2393
90.98541,13.37086,90.91302,91.362045,16.700264,20.71608,574.5855
89.74891,13.325514,89.285416,89.69083,17.112438,21.31682,578.1604
89.52842,13.267159,88.18929,88.585365,17.66498,22.104944,581.2165
89.30793,13.208805,87.09316,87.479904,18.217524,22.893066,584.5124
89.11684,13.171432,87.92084,88.31388,18.347197,23.095663,585.0464
88.92574,13.134057,88.748535,89.14786,18.476871,23.298256,585.6489
88.51146,13.076369,88.66871,89.086945,18.756464,23.686043,587.0794
88.09717,13.018681,88.58888,89.026024,19.036057,24.073833,588.43
87.54506,12.959,88.83379,89.24124,19.283024,24.427155,589.8586
86.99294,12.899316,89.078674,89.45648,19.529991,24.780474,591.58453
87.12197,12.8024845,88.25194,88.65933,19.711329,25.01309,592.3441
87.251015,12.705651,87.42522,87.862206,19.892666,25.245705,593.18976
86.765785,12.6924925,86.77573,87.24861,19.916073,25.277,594.0919
86.28057,12.679336,86.12626,86.63501,19.93948,25.308294,594.75037
85.692055,12.659848,84.97034,85.46185,20.00205,25.399982,595.7961
85.103546,12.640362,83.81441,84.28871,20.064617,25.49167,596.9245
84.55938,12.62026,83.04611,83.52704,20.3213,25.886984,598.115
84.01521,12.600159,82.27784,82.76533,20.577982,26.2823,599.70746
83.902054,12.570743,81.390884,81.87597,20.670145,26.419624,600.564
83.788895,12.541325,80.50396,80.98661,20.762308,26.556948,601.48505
83.70868,12.514854,80.11068,80.59096,20.695625,26.456228,601.4089
83.62846,12.488383,79.7174,80.19531,20.62894,26.355507,601.3328
83.866035,12.47375,79.08887,79.60239,20.331306,25.923107,599.7336
84.10361,12.459116,78.460365,79.00946,20.033674,25.490707,598.13824
84.92227,12.429901,77.98451,78.566666,19.765875,25.098093,595.96124
85.74093,12.400683,77.508675,78.12384,19.498077,24.70548,593.70807
86.256935,12.417988,76.92092,77.56708,19.235048,24.328453,592.3736
86.77295,12.435292,76.33317,77.010315,18.972017,23.951427,591.052
86.85652,12.557957,76.759476,77.46113,18.542982,23.351028,589.9586
86.94008,12.68062,77.18576,77.91194,18.113945,22.750631,588.6954
86.299614,12.732561,79.11185,79.806,17.57888,21.94231,588.08826
85.65914,12.784502,81.03794,81.70006,17.043816,21.133993,587.80164
84.64632,12.580907,85.63639,86.02906,16.056002,19.619442,585.64136
83.63349,12.377314,90.23485,90.35804,15.068186,18.104889,582.81635
84.13404,12.20984,90.21705,90.5895,14.434919,17.147455,579.67584
84.63459,12.042365,90.199234,90.820946,13.801653,16.190022,577.57196
86.95655,12.075722,90.45729,91.12702,13.551774,15.852111,573.25946
89.27853,12.10908,90.71535,91.43311,13.301894,15.514202,569.83936
88.26166,12.901116,97.068665,97.90977,11.878054,13.891803,549.7872
87.24479,13.693152,103.42195,104.38641,10.454213,12.269403,481.1112
87.69499,13.824579,141.45396,142.41902,11.039862,12.959527,522.27246
88.1452,13.956004,179.48595,180.45161,11.62551,13.649652,545.3422
86.17187,13.601032,178.04648,178.8561,9.57161,10.954521,429.08453
84.19853,13.246059,176.60698,177.26059,7.5177097,8.259391,239.75792
84.29296,13.126893,187.71127,188.09424,8.472627,9.36894,327.3321
84.3874,13.007725,198.81555,198.92792,9.4275465,10.478489,414.02115
84.1472,12.876546,199.01585,199.0701,9.488104,10.533809,417.9916
83.90701,12.745366,199.21614,199.21228,9.548662,10.589129,421.73965
82.76364,12.912162,200.61472,200.61755,9.952177,11.175579,448.07483
81.62027,13.0789585,202.01326,202.02281,10.355693,11.762031,471.4671
82.107956,13.187803,200.27817,200.35687,10.491672,11.959511,481.6496
82.59565,13.296648,198.54309,198.69092,10.62765,12.156993,491.46698
83.54634,13.414797,195.39426,195.6859,10.426957,11.980046,483.71628
84.49705,13.532945,192.2454,192.68083,10.226264,11.803102,476.0678
84.97768,13.721969,190.01566,190.44513,10.184747,11.827868,477.40527
85.458305,13.910991,187.78592,188.20943,10.14323,11.852633,479.15628
86.18841,13.92045,181.72667,182.1281,9.873731,11.492893,459.22183
86.91851,13.929908,175.6674,176.04677,9.60423,11.133151,437.67917
86.413246,13.96363,176.02798,176.49539,9.101741,10.514272,394.98047
85.907974,13.997349,176.38852,176.94402,8.59925,9.89539,350.70392
85.49435,14.069448,178.90138,179.4593,7.98139,9.222433,302.54102
85.08071,14.141548,181.41425,181.9746,7.363532,8.549479,256.13397
85.047935,14.248759,180.57745,181.22324,6.9795117,8.176599,229.55066
85.01516,14.355971,179.74068,180.4719,6.5954933,7.8037186,205.90779
85.82062,14.341914,180.19601,180.97575,6.609452,7.8322296,211.8964
86.62608,14.327857,180.65135,181.47961,6.62341,7.8607407,217.91347
88.159874,14.2870245,182.38824,183.1157,6.915832,8.258238,248.25288
89.69366,14.246192,184.12512,184.7518,7.208256,8.655737,271.1419
89.929924,14.229624,182.83943,183.70465,7.7062283,9.348491,324.3688
90.16619,14.2130575,181.55374,182.65749,8.204204,10.041244,373.31244
90.13075,14.182829,181.40498,182.47,8.932832,10.942115,436.76688
90.09532,14.152597,181.2562,182.28255,9.66146,11.842985,486.64804
89.51893,14.109852,179.25873,180.17552,9.882619,12.008975,493.06702
88.942535,14.067106,177.26129,178.06848,10.103781,12.174964,498.36612
88.758766,14.04089,175.23657,176.02652,9.94853,11.948526,487.6911
88.575005,14.014676,173.21188,173.98454,9.79328,11.722087,475.70917
88.24641,14.022574,170.9429,171.60872,9.319802,11.078008,436.16293
87.91782,14.030475,168.67392,169.23293,8.846324,10.433927,389.85266
88.95028,14.008626,167.7612,168.54922,8.23221,9.789923,347.57248
89.98274,13.986779,166.8485,167.86554,7.6180935,9.145917,302.82996
90.118324,13.985429,171.00916,171.91017,6.754821,8.018213,228.39319
90.25391,13.9840765,175.16983,175.95479,5.891548,6.8905096,163.80287
90.352066,13.926422,192.60245,192.96643,4.6789246,5.3832784,79.75311
90.450226,13.868768,210.0351,209.97806,3.4663007,3.8760471,10.41876
90.16683,13.7207575,241.10663,240.95071,3.6826692,4.034492,9.349969
89.88344,13.572746,272.17822,271.9233,3.8990376,4.1929383,14.558836
89.88951,13.2927885,292.30133,292.2901,5.5482697,5.988281,97.09253
89.89559,13.012831,312.4244,312.65686,7.197501,7.783625,207.6956
88.62372,12.815712,316.62863,316.95557,7.916216,8.601313,266.20505
87.35186,12.618596,320.83286,321.25424,8.634929,9.419,323.47974
85.78345,12.501706,309.20444,309.45,8.51021,9.219971,321.50626
84.21502,12.384817,297.57605,297.64584,8.3854885,9.02094,317.16663
83.38679,12.536422,296.03964,296.06073,8.532145,9.220614,331.31738
82.55854,12.688025,294.50327,294.47562,8.678802,9.420289,345.75137
80.30837,12.683328,292.92072,292.89813,8.7703085,9.504142,352.9686
78.058205,12.678627,291.33817,291.32065,8.8618145,9.587995,356.49133
77.49644,12.575402,289.32404,289.34158,8.779401,9.474667,350.07648
76.93467,12.472179,287.30984,287.36246,8.696988,9.361339,343.407
75.91228,12.385461,283.0011,283.04947,8.611434,9.244453,335.55307
74.889885,12.298744,278.69238,278.73642,8.525882,9.127569,323.5405
75.97242,12.116789,274.85464,274.9491,8.797376,9.439666,351.81927
77.05496,11.934835,271.01694,271.16174,9.068872,9.7517605,377.13116
77.64892,11.833379,270.35587,270.51947,9.416672,10.172823,409.09018
78.24289,11.731925,269.69473,269.87723,9.764472,10.593888,438.63913
78.08032,11.737553,269.13934,269.3257,9.755631,10.600829,437.59854
77.917755,11.743181,268.58392,268.77423,9.746788,10.607771,436.52048
78.034134,11.746283,266.48096,266.64517,9.606411,10.424594,425.62756
78.15051,11.749383,264.37802,264.5161,9.466032,10.241414,414.27817
78.93498,11.73787,263.11005,263.27203,9.4604225,10.228396,415.7253
79.71944,11.7263565,261.84213,262.02798,9.454814,10.215375,416.6302
80.00501,11.724767,260.08606,260.25214,9.477683,10.236955,418.37808
80.29058,11.72318,258.32996,258.4762,9.50055,10.2585335,420.2172
80.338234,11.733365,256.5471,256.66888,9.555446,10.320132,424.24478
80.38589,11.743552,254.76419,254.8615,9.610338,10.381729,428.19537
80.22364,11.746684,254.71661,254.796,9.545314,10.30684,422.7983
80.0614,11.749818,254.66908,254.73051,9.480289,10.231948,417.16583
78.85568,11.834855,255.25421,255.38327,9.2800665,10.007508,398.12848
77.649956,11.919894,255.83939,256.03607,9.079843,9.783066,377.2539
76.35267,12.025172,257.468,257.59207,8.892826,9.569678,357.75363
75.055374,12.130449,259.09665,259.14807,8.7058115,9.356291,337.73703
73.68052,12.264996,261.1998,261.2978,8.63731,9.303965,325.81396
72.30566,12.39954,263.30298,263.4475,8.568808,9.251638,311.52524
71.38769,12.484927,264.6169,264.732,8.563599,9.260646,305.11212
70.46971,12.570312,265.9308,266.01645,8.558389,9.269653,299.72226
69.77368,12.654959,266.2235,266.31607,8.320631,9.001164,277.1767
69.077644,12.739603,266.51617,266.61572,8.082872,8.732677,254.18394
68.331635,12.822236,267.39896,267.5335,7.7061167,8.31047,220.24411
67.58563,12.904871,268.28177,268.45135,7.329361,7.8882623,187.76286
67.37827,12.94715,268.7794,268.88284,6.931736,7.441219,157.50966
67.17092,12.9894285,269.27704,269.31424,6.5341086,6.994176,130.93471
67.09074,13.009882,268.35544,268.37418,6.0499825,6.4572983,100.40953
67.010544,13.030337,267.43387,267.4341,5.5658565,5.9204206,73.19657
67.38351,13.015052,266.00183,266.00662,5.2107086,5.52829,55.188892
67.75646,12.9997635,264.56976,264.57913,4.8555613,5.1361585,40.17282
67.88958,13.001559,262.55905,262.5291,4.5194154,4.7709556,28.607325
68.0227,13.003358,260.5483,260.47913,4.1832705,4.405754,18.641989
68.023254,13.00471,259.48978,259.35526,3.7921712,3.9828405,9.198177
68.023796,13.006063,258.4312,258.2314,3.4010708,3.5599258,0.87146693
69.977745,12.940726,246.8352,246.67601,3.562131,3.7628272,8.84316
71.93168,12.875391,235.2392,235.1206,3.723191,3.9657285,15.2523575
72.700516,12.946937,231.15453,231.16872,3.535048,3.7764297,12.188218
73.46937,13.018484,227.06985,227.21687,3.346905,3.5871305,7.8506904
74.19867,13.0698,222.63501,222.68878,3.0600812,3.2644188,-0.43717292
74.92797,13.121114,218.20012,218.16064,2.7732587,2.941708,-9.502924
75.8258,13.151558,208.29523,208.22102,2.4686582,2.6092043,-16.52795
76.72362,13.182,198.39032,198.28137,2.164059,2.2767005,-21.679232
77.44604,13.18622,193.03723,193.05565,2.3753238,2.5086617,-16.942917
78.16845,13.19044,187.68417,187.82991,2.5865889,2.740624,-11.678691
78.77421,13.219129,174.63332,174.95604,2.6545851,2.8121567,-10.668288
79.37997,13.247817,161.58246,162.08214,2.7225814,2.8836904,-14.887336
79.738396,13.249164,160.88351,161.23892,2.8950942,3.0720084,-10.182629
80.096825,13.25051,160.18457,160.39569,3.0676079,3.2603264,-4.315823
80.05943,13.300273,156.26666,156.43167,3.1870255,3.3904533,-2.0518577
80.02203,13.350038,152.34874,152.46767,3.306442,3.5205789,-0.16533811
80.09668,13.395879,152.04617,152.22665,3.4999883,3.747694,5.628695
80.171326,13.441723,151.74362,151.98569,3.6935334,3.9748077,11.938292
79.457985,13.540226,150.81233,151.10693,3.8261974,4.1350093,14.830197
78.74465,13.63873,149.88103,150.2282,3.9588602,4.295211,17.629646
78.076546,13.726901,147.57443,147.90587,4.0070605,4.366329,18.046886
77.40844,13.815075,145.26787,145.58354,4.0552597,4.437448,20.944328
76.68202,13.897049,141.66618,141.99475,4.2280316,4.6606064,29.158045
75.9556,13.979022,138.0645,138.40598,4.400804,4.8837667,36.00038
75.36344,14.049665,134.87146,135.24704,4.6178055,5.16752,46.129196
74.77128,14.120308,131.67842,132.08807,4.8348064,5.4512734,56.772774
75.21133,14.082294,131.64168,132.13264,5.2735953,5.940983,82.232506
75.65136,14.044282,131.60493,132.17722,5.7123847,6.430693,111.08528
76.575035,13.948482,131.51309,132.0722,5.8493066,6.554591,119.21009
77.4987,13.852681,131.42126,131.96718,5.986228,6.67849,125.61451
77.98504,13.822951,126.77386,127.19951,6.112192,6.8300724,134.31384
78.471375,13.79322,122.12647,122.43184,6.2381554,6.9816537,142.93022
78.81377,13.752368,119.52771,119.92037,6.535084,7.324905,161.84784
79.15615,13.711517,116.928955,117.40888,6.8320117,7.6681557,182.56927
78.70068,13.755282,114.319725,114.84105,7.023898,7.9164143,199.73958
78.24522,13.7990465,111.7105,112.27322,7.215782,8.164673,217.47116
76.67599,13.895352,109.07616,109.58326,7.5639496,8.615948,250.00418
75.10676,13.991658,106.44181,106.893326,7.912117,9.067221,276.5625
75.0624,13.972686,105.36419,105.7434,8.259384,9.486197,301.33548
75.01803,13.953713,104.286545,104.59349,8.606648,9.905176,324.4662
74.72868,13.961052,103.00282,103.40917,8.913737,10.302331,347.6569
74.43933,13.968391,101.71907,102.22485,9.220824,10.699486,370.72534
73.863396,13.978427,101.202515,101.71096,9.47375,11.042914,390.19202
73.287445,13.988461,100.685936,101.197075,9.726673,11.386344,409.56732
72.90461,14.017861,99.24814,99.81012,9.836561,11.556658,419.3952
72.52179,14.047263,97.81034,98.42314,9.946448,11.72697,428.57495
72.82783,14.007608,95.79165,96.37092,10.069821,11.875046,436.8426
73.133865,13.967954,93.77296,94.318695,10.193194,12.02312,444.62073
77.241714,13.360918,97.75448,98.12961,10.084858,11.782078,423.27216
81.34957,12.753882,101.73601,101.94051,9.976522,11.541037,420.4689
80.69672,12.801151,97.543785,97.84413,9.760207,11.263407,402.41226
80.04386,12.84842,93.35156,93.74775,9.543894,10.985776,383.93533
80.35847,12.826898,88.89555,89.302475,9.358164,10.741025,370.35135
80.673065,12.805376,84.43952,84.85723,9.172434,10.496271,357.31027
80.907585,12.766967,81.52559,81.95097,9.359003,10.732549,371.4345
81.142105,12.72856,78.611664,79.044716,9.545571,10.968827,385.7679
81.37259,12.706065,76.52983,76.94677,9.7103405,11.160349,397.9128
81.60308,12.683571,74.448,74.8488,9.875109,11.351872,410.00055
81.327484,12.736792,72.04394,72.52099,9.951572,11.468888,414.8686
81.05188,12.790012,69.63988,70.19315,10.028038,11.585907,419.7546
81.1253,12.818759,66.57482,67.12583,10.042933,11.61008,420.89203
81.19871,12.847505,63.509747,64.05852,10.057831,11.634252,422.05136
81.229004,12.8688755,62.299973,62.808167,10.089422,11.700383,424.66336
81.2593,12.890248,61.090202,61.557816,10.1210165,11.766518,427.27335
81.71811,12.851196,58.63367,59.079315,10.371391,12.08501,445.1463
82.1769,12.812145,56.177116,56.600838,10.621768,12.403502,462.78467
82.000694,12.861187,53.579586,54.01388,10.890274,12.777127,480.98837
81.824486,12.910231,50.98206,51.4269,11.158777,13.150753,498.54498
81.46391,12.989382,48.630695,49.098347,10.900967,12.896353,484.3456
81.10334,13.068533,46.279354,46.7698,10.643157,12.641953,469.6223
80.1817,13.144665,42.477215,43.07986,10.157465,12.077394,438.63535
79.26007,13.220799,38.675076,39.389923,9.671775,11.512834,406.77924
79.79348,13.1973295,32.78275,33.771095,9.367132,11.122699,388.32925
80.32689,13.17386,26.890446,28.152266,9.06249,10.732566,371.47684
81.13368,13.113998,43.700943,29.906303,9.088907,10.671346,292.1143
81.940475,13.054138,60.51144,31.660343,9.115321,10.610128,284.73373
81.73496,13.105539,157.9367,144.17793,9.238384,10.786769,307.18243
81.529465,13.156943,255.36195,256.69553,9.361445,10.96341,439.2828
83.12081,13.003134,299.59598,300.7827,9.356482,10.864213,428.24335
84.71214,12.849325,343.83002,344.86987,9.351518,10.765015,390.0959
84.155624,12.857417,335.6788,336.88632,9.544675,11.042723,416.85608
83.5991,12.865509,327.5276,328.90277,9.737831,11.320431,441.06638
84.42687,12.803948,322.87042,324.20593,10.185574,11.870163,472.56506
85.25465,12.742388,318.21326,319.50916,10.633316,12.419898,503.07416
85.40263,12.69729,313.04837,314.25888,10.772985,12.560584,511.69177
85.55064,12.652191,307.88345,309.00864,10.912658,12.701269,518.8236
85.34371,12.632448,303.6749,304.8032,11.022198,12.842395,525.7326
85.13679,12.612705,299.46637,300.59778,11.131738,12.983522,531.7581
85.792076,12.517279,296.50198,297.4655,11.187114,12.994042,532.68896
86.44737,12.421851,293.53763,294.33325,11.24249,13.004563,533.2838
86.39178,12.357833,291.83328,292.6459,11.261656,13.014328,534.0871
86.33619,12.293815,290.12894,290.95865,11.28082,13.024094,534.864
86.15295,12.272849,288.501,289.30344,11.109792,12.801793,528.5548
85.96971,12.2518835,286.87314,287.64816,10.938763,12.57949,521.673
85.90844,12.228833,284.69336,285.40903,10.743077,12.308211,512.2687
85.847176,12.205784,282.51358,283.16986,10.547392,12.03693,502.07483
86.36441,12.15828,281.4142,282.0065,10.079603,11.44788,474.7508
86.88165,12.110777,280.3148,280.8431,9.611816,10.858832,441.61392
86.78445,12.068004,279.13928,279.60638,9.512959,10.706777,433.5453
86.68723,12.025231,277.96378,278.36966,9.4141035,10.554723,425.09128
86.93111,11.98172,276.1268,276.48932,9.2836895,10.361271,414.0147
87.174995,11.938209,274.2899,274.60892,9.1532755,10.167821,402.37546
87.62553,11.860032,273.15997,273.49554,9.088621,10.062804,396.435
88.07607,11.781854,272.03003,272.3821,9.023967,9.957789,390.22855
87.910484,11.732018,270.50424,270.89465,8.950835,9.863168,383.81296
87.744896,11.682183,268.97842,269.40714,8.877703,9.768545,377.3493
86.94349,11.7069845,268.29282,268.6528,8.852736,9.742605,374.92896
86.14209,11.731784,267.60724,267.89847,8.827767,9.716662,372.98196
86.421875,11.705348,267.84085,268.13455,8.716981,9.566931,362.27502
86.70165,11.67891,268.0745,268.37064,8.606193,9.4172,351.4275
86.87068,11.643515,267.9785,268.27576,8.515915,9.3172865,343.0244
87.0397,11.608118,267.88248,268.1809,8.425636,9.217376,334.52252
86.58673,11.578745,266.99078,267.24866,7.8905044,8.58691,283.56122
86.13375,11.549372,266.09915,266.3164,7.3553743,7.956441,238.63245
86.01154,11.537417,263.03146,263.1612,6.8861914,7.4116726,200.5679
85.88934,11.525466,259.9637,260.00595,6.4170103,6.8669043,162.38782
85.81178,11.511223,257.7522,257.80457,6.217727,6.6498785,147.115
85.73424,11.496978,255.54068,255.60318,6.0184445,6.4328527,131.56242
84.74645,11.568999,251.79678,251.94751,6.123342,6.5584383,142.5815
83.75868,11.641018,248.05295,248.29184,6.22824,6.6840234,153.56277
83.52905,11.691029,245.35622,245.54399,6.4626327,6.9381175,172.67023
83.29943,11.741038,242.65955,242.79614,6.6970277,7.1922116,191.76491
84.39323,11.667795,242.08116,242.17087,6.782362,7.274727,195.82166
85.48703,11.594554,241.50272,241.54555,6.8676987,7.357241,201.17346
85.755905,11.587009,240.9175,241.05273,6.795092,7.289481,195.73772
86.02477,11.579464,240.33226,240.5599,6.7224855,7.2217216,190.28116
85.37148,11.6891,237.96385,238.29706,6.504452,6.9973416,173.62433
84.71819,11.798734,235.59543,236.03427,6.286421,6.772963,158.52043
83.56393,11.975326,233.51843,234.01877,5.958326,6.43088,134.80096
82.40967,12.1519165,231.44144,232.00333,5.6302314,6.088797,109.32372
81.740425,12.281712,231.00392,231.4071,5.6015534,6.0743556,106.23195
81.07118,12.411506,230.56636,230.8109,5.5728745,6.0599146,103.63985
81.384224,12.464441,229.52675,229.73026,5.8573585,6.397513,126.22272
81.69726,12.517374,228.48715,228.64958,6.141841,6.7351117,148.70656
81.45829,12.608279,225.63417,225.95802,6.2280703,6.8846946,157.00847
81.21931,12.699181,222.78119,223.26646,6.3142977,7.0342765,165.18718
80.749245,12.794632,220.63535,221.13652,6.522913,7.323878,181.36563
80.279175,12.89008,218.48944,219.00656,6.7315283,7.61348,196.95226
80.34931,12.902153,217.51192,217.99968,6.980415,7.9045596,215.04996
80.41945,12.914228,216.5344,216.99274,7.229301,8.195639,233.07878
81.23845,12.839073,215.44324,215.77887,7.175133,8.098243,230.47229
82.05744,12.763916,214.35207,214.565,7.1209636,8.000844,227.01466
82.237404,12.724275,213.94891,214.13202,7.203971,8.089135,232.84314
82.417366,12.68463,213.54579,213.69902,7.2869763,8.177424,238.67323
83.29296,12.400406,205.10693,205.23613,7.525057,8.339597,252.25882
84.168564,12.11618,196.66808,196.77324,7.763135,8.501773,267.62512
83.93198,12.149625,198.63586,198.76988,7.330953,8.00736,233.10243
83.695404,12.183069,200.60368,200.7665,6.8987713,7.5129495,199.35403
83.02576,12.24915,198.7208,198.88797,6.3969054,6.9508667,159.03732
82.35611,12.315234,196.83792,197.00945,5.8950377,6.388785,120.1657
81.22584,12.367877,190.10492,190.2975,5.427271,5.86592,89.62419
80.09556,12.420522,183.37192,183.58557,4.959503,5.3430552,60.18176
79.44183,12.470767,175.77547,175.94203,5.000123,5.39324,59.361996
78.78812,12.521014,168.17903,168.29848,5.040743,5.443424,60.19378
78.26755,12.590723,162.23665,162.44792,5.232829,5.6891065,69.17833
77.746994,12.660431,156.29425,156.59738,5.424914,5.934789,80.36951
77.041985,12.861428,155.30081,155.50438,5.596257,6.200043,94.62174
76.33697,13.062427,154.30736,154.4114,5.767599,6.4652967,110.68252
77.40675,13.143887,153.20988,153.41348,6.1200604,6.9322443,139.09326
78.47654,13.2253475,152.11241,152.41557,6.4725223,7.399193,166.49084
81.798965,13.09529,148.6391,148.95563,6.7597065,7.6784935,182.7998
85.12138,12.965233,145.1658,145.49568,7.0468907,7.9577956,203.47021
84.12791,13.083083,140.753,141.18431,7.4224257,8.49883,237.13629
83.13442,13.200931,136.34018,136.87292,7.7979608,9.0398655,268.90628
81.82621,13.317103,137.34114,137.73776,8.361333,9.8041115,308.19434
80.518,13.433276,138.34209,138.60262,8.924707,10.568356,351.35925
79.70741,13.442081,141.3542,141.50525,9.3129425,11.080657,382.5657
78.89683,13.450888,144.36629,144.4079,9.701176,11.59296,414.14236
78.85692,13.415006,145.57875,145.59935,9.719048,11.586621,414.3783
78.81701,13.379123,146.79121,146.79082,9.736918,11.580281,414.5564
79.0657,13.316084,145.0562,145.08632,9.850046,11.692291,421.9413
79.31438,13.253044,143.32117,143.3818,9.963176,11.804298,429.8908
77.00376,13.393276,144.42053,144.478,9.865788,11.724857,420.96915
74.693146,13.533508,145.51991,145.57422,9.768401,11.645413,417.88504
74.46446,13.515935,145.37549,145.51628,9.692041,11.538723,412.97772
74.23577,13.498362,145.23105,145.45834,9.61568,11.432035,407.9951
75.23637,13.422937,143.22485,143.47353,9.470055,11.204726,393.8655
76.23695,13.347511,141.21864,141.48874,9.32443,10.977417,378.48444
77.10679,13.247736,140.39261,140.62036,9.017689,10.548382,352.1222
77.97662,13.147964,139.5666,139.75203,8.710945,10.119346,326.09845
78.5497,13.0558195,138.97629,139.0795,8.632516,9.997529,318.55426
79.122765,12.963677,138.38596,138.40698,8.554085,9.8757105,311.65045
80.61184,12.817474,139.19249,139.15251,8.357592,9.5575485,294.84268
82.100914,12.671271,139.99901,139.89804,8.161101,9.239385,279.0034
82.84629,12.566045,139.87666,139.86714,7.6928315,8.651711,246.08862
83.591675,12.460819,139.75435,139.83627,7.2245593,8.064035,210.53233
84.3846,12.379218,133.37253,133.51894,7.140595,7.9093695,200.17508
85.177505,12.297618,126.9907,127.2016,7.0566325,7.7547035,190.74835
85.11702,12.311573,123.54269,123.68509,7.42854,8.177109,219.10954
85.056526,12.325528,120.09467,120.16856,7.800448,8.599511,245.5897
84.105835,12.443267,119.45386,119.47416,7.6641116,8.498296,237.83487
83.155136,12.561006,118.81304,118.77974,7.5277753,8.39708,230.52661
85.445564,12.755803,122.51225,122.82884,8.456751,9.631266,305.5815
87.73599,12.9506,126.21149,126.87795,9.385727,10.865448,401.99435
87.91248,12.971576,129.11699,129.76875,8.642178,9.953271,336.2615
88.088974,12.992554,132.02252,132.65955,7.8986263,9.041096,271.10016
88.51108,12.961758,134.6458,135.22624,7.413635,8.475427,236.26727
88.93318,12.9309635,137.2691,137.79297,6.9286437,7.9097557,204.33707
88.81812,12.915993,140.97646,141.41017,6.790234,7.6755414,189.90897
88.703064,12.901023,144.68382,145.02739,6.6518245,7.441326,175.57785
88.398254,12.888553,146.09467,146.39465,6.5456624,7.2983675,166.49359
88.09344,12.876082,147.5055,147.76195,6.439498,7.1554093,157.46953
87.253,12.874644,145.90065,146.15903,6.237938,6.896678,139.36462
86.41255,12.873207,144.29578,144.5561,6.036378,6.6379466,121.53727
85.56217,12.897063,139.91417,140.1742,5.9952826,6.582217,114.76477
84.71179,12.920919,135.53256,135.79233,5.9541883,6.526488,108.106735
84.31145,12.925988,132.84857,133.1495,5.8801875,6.432468,101.393295
83.911095,12.931057,130.16458,130.50673,5.8061867,6.3384466,94.75456
83.32397,12.950907,127.93592,128.32059,5.590796,6.105747,82.15879
82.73683,12.970755,125.707245,126.13446,5.3754053,5.8730483,71.27792
84.300385,12.91524,122.41699,122.84099,5.2919393,5.785808,65.85921
85.86394,12.859725,119.12674,119.547516,5.2084727,5.6985683,68.37636
85.82586,12.865516,118.75836,119.151054,5.1917505,5.676467,67.04264
85.78778,12.871308,118.38995,118.754585,5.175028,5.6543665,65.75587
85.60631,12.891452,119.43157,119.82598,4.848562,5.2942686,50.707096
85.42483,12.911593,120.47318,120.89737,4.522095,4.934169,37.428165
85.204735,12.933142,119.48551,119.873795,4.3266664,4.715996,29.94549
84.984634,12.95469,118.49784,118.850235,4.131237,4.497824,23.556782
85.444695,12.945313,118.459335,118.862335,3.913179,4.2675347,18.535147
85.90476,12.935937,118.42082,118.87445,3.6951215,4.0372467,14.134925
86.12036,12.931122,122.40594,122.71761,3.4346695,3.7493436,6.493125
86.33597,12.926309,126.391075,126.560745,3.1742187,3.461442,-0.82999676
85.9947,12.933788,131.96748,132.07463,3.0006762,3.254384,-4.779433
85.653435,12.941268,137.54393,137.58852,2.8271348,3.0473263,-9.414489
84.99191,12.948437,148.84563,148.8931,2.6987655,2.8929298,-13.676972
84.33038,12.955605,160.14732,160.19766,2.5703952,2.7385347,-17.020658
84.33055,12.950939,166.54906,166.59189,2.5991678,2.7582033,-14.206021
84.3307,12.946276,172.9508,172.98615,2.6279407,2.7778718,-12.290733
84.624886,12.908586,180.43849,180.47823,2.5971985,2.7464485,-15.130071
84.91905,12.870898,187.92621,187.97032,2.566456,2.7150252,-17.271912
84.82453,12.846402,189.32379,189.37743,2.4833927,2.6233978,-19.830612
84.73001,12.821906,190.72137,190.78456,2.4003284,2.5317707,-22.501266
84.39169,12.825164,190.22809,190.34752,2.4645574,2.6079564,-19.26125
84.05338,12.828422,189.73482,189.91048,2.5287867,2.6841433,-16.210833
82.692276,12.87786,185.67683,186.01974,2.427531,2.5847528,-15.626991
81.33118,12.927299,181.61885,182.129,2.3262756,2.4853632,-21.019684
80.25906,12.993999,176.88556,177.4951,2.4501266,2.6207564,-18.37742
79.18694,13.0607,172.15225,172.86119,2.5739777,2.7561493,-15.39812
79.4109,13.040188,172.7145,173.37468,2.8802838,3.079223,-6.804401
79.634834,13.019677,173.27675,173.88815,3.18659,3.4022968,2.3471823
