0,1,2,3,4,5,6
90.401276,11.371779,145.36267,145.30139,1.989647,2.410759,-4.420715
89.7698,11.356834,149.09557,149.04019,2.0485828,2.3224235,-2.8267374
88.97686,11.283332,150.79361,150.69589,1.8924037,2.094444,-1.4725796
88.183914,11.209828,152.49165,152.3516,1.7362248,1.8664647,-2.6086037
87.381645,11.175437,151.90433,151.65858,1.6144887,1.7350599,0.014780942
86.579384,11.141046,151.31702,150.96558,1.4927527,1.6036551,1.450968
86.199524,11.116829,152.0933,151.63544,1.442759,1.5508295,1.6406155
85.819664,11.092613,152.86958,152.3053,1.3927655,1.4980038,2.2206085
85.78734,11.113201,151.19682,150.75037,1.5427617,1.6621336,5.035294
85.75501,11.133789,149.52406,149.19543,1.692758,1.8262632,8.253353
85.999596,11.145968,150.39664,150.16396,1.917644,2.0696733,7.488931
86.24417,11.158149,151.26921,151.13248,2.1425304,2.3130834,5.214146
86.01088,11.189753,152.38414,152.2838,2.3071973,2.5031168,5.1319046
85.77758,11.221357,153.49907,153.43512,2.4718642,2.6931505,4.7311177
85.36501,11.248164,157.17601,157.10197,2.5582893,2.7911189,5.9388213
84.952446,11.27497,160.85295,160.76881,2.6447144,2.889087,8.288609
84.509094,11.286201,164.10521,164.07343,2.7878208,3.0454202,11.7150545
84.06576,11.297431,167.35748,167.37804,2.930927,3.2017531,15.075125
83.74258,11.313178,171.19698,171.26648,3.0112998,3.3004384,18.636757
83.419395,11.328925,175.03647,175.15492,3.0916727,3.3991234,21.295042
83.350716,11.322532,178.0791,178.23022,3.1579595,3.4753537,22.468872
83.28203,11.316138,181.12173,181.30551,3.224246,3.551584,23.408123
83.52198,11.312774,184.6953,184.85703,3.2084446,3.5349793,20.925623
83.76193,11.309407,188.26884,188.40852,3.1926432,3.5183747,22.171745
84.00494,11.296326,192.40935,192.59001,3.0307674,3.3308384,19.935946
84.24793,11.283243,196.54984,196.77148,2.8688917,3.143302,19.297071
84.42688,11.298235,198.09906,198.36967,2.6544416,2.9015322,18.84896
84.60583,11.313226,199.64828,199.96783,2.439992,2.6597621,18.893183
84.83795,11.333966,197.97101,198.40263,2.2535024,2.4688015,19.053183
85.070076,11.354705,196.29375,196.83742,2.067013,2.277841,16.90565
85.31281,11.367547,189.45863,190.38513,2.0150464,2.25441,15.206737
85.55556,11.380388,182.62352,183.93286,1.9630795,2.2309787,10.47936
85.64564,11.384087,180.18857,181.22522,2.1370695,2.4301708,9.683163
85.73572,11.387787,177.75363,178.51758,2.3110597,2.6293628,10.064341
85.84558,11.399648,176.90189,177.74345,2.4351864,2.807585,11.158848
85.95545,11.4115095,176.05016,176.9693,2.5593133,2.9858074,13.580363
86.01698,11.429228,177.45479,178.20157,2.7612126,3.2962961,15.490373
86.078514,11.446947,178.85942,179.43384,2.9631119,3.6067853,16.733385
85.93482,11.467224,180.66441,181.3645,3.0826964,3.81169,21.7455
85.791145,11.487501,182.46939,183.29514,3.2022805,4.016595,27.275267
85.49,11.507314,183.28618,184.08685,3.4271755,4.3115587,36.158653
85.18885,11.527127,184.103,184.87859,3.652071,4.6065216,46.19609
84.81891,11.552599,190.28789,190.69083,3.5095859,4.40993,39.54137
84.44896,11.578071,196.47276,196.50307,3.367101,4.213339,37.81165
84.391846,11.60412,205.42769,205.29796,2.9171667,3.7098887,24.95342
84.33473,11.630171,214.3826,214.09288,2.4672327,3.206439,13.555965
85.271545,11.682257,212.92754,212.61606,2.1834016,2.6841104,8.883509
86.20835,11.734341,211.47249,211.13925,1.8995706,2.161782,8.365897
86.330025,11.748071,235.42148,235.01944,1.5153509,1.7025287,-9.566197
86.4517,11.7618,259.37048,258.8996,1.1311312,1.2432754,-17.137104
86.99055,11.749788,280.9978,282.79892,0.97104114,1.1233292,-15.230903
87.529396,11.737776,302.6251,306.6982,0.8109512,1.0033829,-15.293312
87.51275,11.749522,234.80414,252.85715,0.65478444,0.8309433,-16.244486
87.49609,11.761267,166.98317,199.01604,0.49861765,0.65850365,-19.147831
87.25331,11.783053,213.47212,232.86395,0.6289326,0.8740774,-14.003997
87.01053,11.80484,259.96106,266.71182,0.7592475,1.089651,-20.95004
86.698204,11.863056,294.50806,291.63477,0.9434768,1.3646793,-11.432317
86.38589,11.921271,329.055,316.55768,1.1277062,1.6397076,-4.4855504
86.11194,11.991763,308.88782,300.3801,1.3582169,2.0236142,-2.421484
85.838,12.062256,288.72058,284.2025,1.5887276,2.4075208,-9.227985
85.83439,12.133833,147.00542,146.99318,1.9162561,2.9547873,19.044489
85.83077,12.20541,5.2902236,9.783826,2.2437847,3.5020537,30.233728
86.56972,12.2628565,10.334297,14.882736,2.7840533,4.258353,45.181225
87.308655,12.320302,15.37837,19.981647,3.3243222,5.0146527,79.140045
88.60018,12.321706,21.641151,25.831419,3.964248,5.748745,115.0552
89.89171,12.32311,27.903933,31.681196,4.6041737,6.482837,141.05357
90.558174,12.276019,34.408054,37.483036,5.2952013,7.159515,168.92865
91.22465,12.2289295,40.912178,43.284874,5.986229,7.836193,220.72789
89.89076,12.17593,44.208637,46.251915,6.488178,8.30078,241.00298
88.55687,12.1229315,47.50509,49.21896,6.990126,8.7653675,258.3007
86.029526,12.085579,47.31749,48.77739,7.4940815,9.232142,259.46896
83.502174,12.048228,47.12989,48.335815,7.998037,9.698916,299.64392
80.486336,12.0169115,45.697636,46.67375,8.4116335,10.101148,363.55154
77.47049,11.985596,44.26538,45.011684,8.825231,10.503379,396.11365
75.98869,11.960412,42.90447,43.532238,8.832257,10.469135,383.06876
74.50689,11.935228,41.543564,42.052795,8.839284,10.434892,367.1713
75.13946,11.894921,40.58705,41.032806,8.518495,10.014989,340.18616
75.77203,11.854613,39.63054,40.01282,8.197704,9.595087,315.90714
77.29138,11.79479,38.24557,38.592785,7.9671483,9.258646,304.65475
78.81072,11.734965,36.8606,37.17275,7.736592,8.922207,288.2998
78.33277,11.683145,34.36807,34.602985,7.6853766,8.832415,283.43265
77.85483,11.631324,31.875534,32.033222,7.634161,8.742623,282.0833
76.492355,11.618923,31.346449,31.572737,7.4233313,8.473241,259.8204
75.12989,11.6065235,30.817366,31.112246,7.2125015,8.203858,224.92587
73.33969,11.570389,28.46884,28.802269,7.331066,8.305256,223.96503
71.54949,11.534254,26.12031,26.49229,7.4496303,8.406654,239.76318
70.90391,11.493192,27.017418,27.435673,7.189907,8.10006,218.85107
70.258316,11.452128,27.914528,28.379053,6.9301834,7.7934685,201.1305
70.82622,11.421102,28.832657,29.407618,6.7619863,7.595006,185.21913
71.39412,11.390076,29.75079,30.43618,6.5937886,7.396544,169.57645
71.81582,11.369426,29.527113,29.942324,6.455843,7.2240033,159.70049
72.23752,11.348775,29.303434,29.448463,6.3178973,7.0514627,148.39102
72.68576,11.301595,30.261368,30.438124,6.3268476,7.0462704,145.3625
73.134,11.254415,31.219305,31.427782,6.3357973,7.041078,142.30222
68.75861,11.231873,27.995535,28.28167,6.6803308,7.3807898,168.8177
64.38322,11.209331,24.77176,25.135555,7.024863,7.7205014,170.72572
65.13428,11.207624,27.79459,27.972645,6.8527555,7.532351,166.126
65.885345,11.205918,30.817415,30.809734,6.6806474,7.344201,163.64066
65.844475,11.205821,32.403694,32.428688,6.49933,7.136878,153.77425
65.803604,11.205723,33.98997,34.04764,6.318013,6.929555,145.38698
66.88905,11.203746,33.68735,33.910618,6.1932015,6.7838383,139.41809
67.974495,11.201769,33.384735,33.77359,6.0683904,6.638121,128.76141
68.72043,11.179219,37.221085,37.44092,6.2452393,6.8201265,128.43898
69.466354,11.15667,41.057434,41.10825,6.422088,7.002132,131.76987
70.54348,11.081733,40.590527,40.58992,6.6617227,7.263591,141.78748
71.62061,11.006795,40.123623,40.071587,6.901356,7.525049,158.02853
71.505035,11.011398,36.28543,36.34811,6.8412657,7.4898825,161.4722
71.389465,11.016002,32.44724,32.624638,6.781174,7.4547153,167.29433
69.86331,11.087493,33.33865,33.516518,6.760727,7.417404,156.571
68.33716,11.158986,34.23006,34.4084,6.74028,7.380093,156.31767
67.68908,11.140893,34.86056,34.87686,6.644695,7.2575254,151.60162
67.04099,11.122799,35.49106,35.345318,6.5491104,7.1349583,149.32982
68.68491,11.098197,35.323387,35.197536,6.535477,7.1234155,138.64694
70.32884,11.073595,35.15572,35.049755,6.5218434,7.111873,138.1793
71.125206,11.036774,33.697865,33.541973,6.623655,7.2164435,150.01932
71.92157,10.999953,32.240017,32.03419,6.7254667,7.321014,161.57033
71.57677,11.027392,30.259172,30.111908,6.7248235,7.339387,164.79091
71.231964,11.054833,28.278332,28.189623,6.7241807,7.35776,168.36845
70.6114,11.106526,27.879683,27.802547,6.70161,7.343799,165.78993
69.990814,11.15822,27.481035,27.41547,6.67904,7.3298383,165.1652
70.1762,11.219055,27.293173,27.201105,6.6707973,7.342913,167.89252
70.36159,11.27989,27.105309,26.98674,6.6625543,7.355989,171.1512
70.1961,11.360633,26.29084,26.222898,6.693068,7.415217,178.77856
70.03061,11.441376,25.476372,25.45906,6.723581,7.474445,186.28178
70.14222,11.471247,24.071138,24.100576,6.8748565,7.653774,200.8431
70.25382,11.501119,22.665907,22.742096,7.026132,7.833102,213.72552
71.094604,11.500062,22.938997,22.990347,7.2119384,8.063906,223.08118
71.93538,11.499006,23.21209,23.2386,7.397744,8.294708,230.52728
71.81672,11.486589,24.236092,24.325483,7.4551053,8.353602,233.69862
71.698044,11.474172,25.260092,25.412367,7.512467,8.412498,237.19731
71.01334,11.422267,25.947844,26.11602,7.436118,8.293426,229.92012
70.32863,11.370361,26.635592,26.819672,7.3597693,8.174352,218.85376
71.21721,11.334139,26.640074,26.820122,7.211323,7.994443,207.99985
72.10579,11.297915,26.644554,26.82057,7.0628753,7.814533,196.58511
73.49234,11.262646,26.382257,26.53774,7.0611286,7.8035593,191.08328
74.87889,11.227376,26.11996,26.254911,7.059382,7.7925854,203.26208
75.442986,11.204161,25.501646,25.684227,7.030003,7.770398,206.47467
76.00708,11.180945,24.88333,25.113544,7.000625,7.7482114,207.99919
76.09018,11.171625,24.640625,24.786192,7.140881,7.896167,221.04582
76.17328,11.162306,24.39792,24.458838,7.2811375,8.044123,233.61969
76.42358,11.126008,23.894794,23.926634,7.1994505,7.949863,227.79265
76.67388,11.089711,23.39167,23.39443,7.117763,7.855603,219.58852
74.89239,11.216573,19.681772,19.673635,7.3663087,8.237249,239.67857
73.11089,11.343434,15.971876,15.952838,7.614854,8.6188965,258.5224
73.090576,11.303497,16.11025,16.15635,7.512807,8.458933,244.65363
73.07026,11.26356,16.248625,16.359858,7.410759,8.298969,233.14551
73.49117,11.189655,18.753445,18.866318,7.4215803,8.292566,231.48611
73.912094,11.115749,21.258265,21.37278,7.4324017,8.286162,235.4543
74.07667,11.122494,24.64214,24.878777,7.4188256,8.322561,240.03561
74.24125,11.129239,28.026012,28.384777,7.4052486,8.35896,244.43506
76.20643,11.209137,28.92263,29.343569,7.1238217,8.077316,238.85472
78.17161,11.289035,29.819248,30.30236,6.842395,7.795673,196.46274
79.93274,11.376463,25.389421,25.988098,6.416625,7.3508863,153.79773
81.69387,11.46389,20.959595,21.673832,5.9908543,6.906099,124.43443
82.1837,11.537057,20.55619,21.22091,6.3310566,7.3626494,152.45683
82.673515,11.610223,20.152786,20.767986,6.671259,7.8192,184.09697
82.91416,11.625247,19.799044,20.290956,6.7657704,7.9000993,187.10545
83.15479,11.640272,19.445303,19.813927,6.8602815,7.980998,190.34299
81.31607,11.665436,18.271542,18.62136,6.839528,7.9473357,199.44702
79.47734,11.690599,17.09778,17.428797,6.8187737,7.913674,204.26813
78.61814,11.697079,16.651016,17.097635,6.5076017,7.551939,189.77795
77.75894,11.703558,16.204252,16.766476,6.196429,7.190204,171.58278
77.74777,11.716034,14.775291,15.386773,6.140101,7.1127634,169.61597
77.736595,11.728508,13.346332,14.007069,6.0837727,7.0353227,168.21101
77.85933,11.752924,12.985467,13.690767,6.213966,7.2106805,177.9885
77.98207,11.77734,12.624602,13.374465,6.3441596,7.3860383,187.99937
78.72192,11.819245,9.628352,10.428321,6.1214986,7.162426,180.11996
79.461754,11.861152,6.6320996,7.482177,5.8988376,6.9388146,172.97
81.04236,11.894375,9.17191,10.106433,6.336083,7.5544915,195.18486
82.62296,11.927598,11.71172,12.730688,6.7733283,8.170168,225.94345
84.574295,11.93949,11.933059,12.911782,6.8271174,8.261723,224.95189
86.52563,11.951382,12.154399,13.0928755,6.880906,8.353277,230.10355
87.08988,11.955213,12.898198,13.951321,7.085251,8.627997,242.9504
87.65414,11.959042,13.641995,14.809767,7.2895966,8.902718,249.8555
87.18839,11.929997,17.082067,18.032087,7.5685186,9.17917,250.63394
86.72265,11.900953,20.522137,21.25441,7.8474417,9.455622,258.93237
86.30115,11.885725,20.02469,20.705023,7.856166,9.451605,262.12256
85.87964,11.870497,19.527243,20.155634,7.8648896,9.447587,266.28397
85.18671,11.832592,21.337662,21.907103,8.22032,9.808313,295.6319
84.493774,11.794688,23.148077,23.658573,8.57575,10.169041,345.5155
83.89519,11.781161,24.974287,25.590515,8.580652,10.23784,353.59076
83.2966,11.767636,26.800493,27.522457,8.585554,10.30664,366.4648
83.310844,11.691618,29.12801,29.5748,8.814847,10.47436,384.91354
83.32507,11.615601,31.455524,31.627146,9.044141,10.642082,401.50348
83.39889,11.616667,31.983618,32.247498,8.94922,10.533069,387.65128
83.47269,11.617734,32.51171,32.867855,8.854299,10.424055,375.0504
83.81842,11.504325,33.905098,34.24272,8.957917,10.447939,376.86835
84.16415,11.390917,35.29849,35.617588,9.061536,10.471824,376.86835
84.61291,11.369751,36.513596,36.92453,8.943552,10.329181,355.3344
85.061676,11.348585,37.728703,38.23147,8.825568,10.186539,334.655
85.6929,11.12473,41.79435,42.191177,8.73353,9.922708,309.4544
86.32413,10.900875,45.859997,46.150883,8.641492,9.658876,288.2178
86.583305,10.875663,45.903633,46.187866,8.451812,9.413002,261.08197
86.84248,10.8504505,45.947266,46.22485,8.262131,9.167127,235.86491
87.126434,10.82624,45.88711,46.190834,8.139019,9.016533,222.74683
87.41039,10.80203,45.82696,46.15682,8.015907,8.86594,213.77411
87.66684,10.763873,45.714993,46.075184,7.8608074,8.6734915,202.18861
87.92328,10.7257185,45.60302,45.993557,7.7057076,8.481042,193.1493
87.78367,10.734615,45.810936,46.19706,7.5936832,8.360978,187.266
87.64404,10.743513,46.018852,46.40056,7.48166,8.240914,181.40793
87.13591,10.785256,46.738777,47.10221,7.395194,8.144036,175.00908
86.627785,10.826999,47.458714,47.80386,7.3087296,8.047158,165.48509
86.4647,10.826828,46.89243,47.21564,7.2087355,7.9239383,153.3949
86.30162,10.826656,46.32615,46.627426,7.1087418,7.800719,140.39503
86.588036,10.799725,45.367474,45.711872,7.0856023,7.762117,137.86479
86.87444,10.772793,44.40879,44.796314,7.0624638,7.723516,134.90108
86.919815,10.779781,43.38483,43.750584,7.0803103,7.7516294,134.91846
86.96519,10.786771,42.360867,42.704853,7.0981574,7.779743,134.66371
86.69411,10.844825,42.75032,43.011215,7.081399,7.7887325,135.22966
86.42303,10.902879,43.139774,43.317574,7.064642,7.797722,135.66483
85.51946,11.024817,43.61514,43.760914,6.8784337,7.621147,121.41318
84.6159,11.146755,44.090504,44.204258,6.6922255,7.444572,111.181404
83.68025,11.274719,43.723927,43.851234,6.533359,7.3038483,100.84893
82.744606,11.402683,43.357353,43.498215,6.374492,7.163125,90.840355
82.30714,11.46169,41.94822,42.1224,6.2760344,7.0554304,85.18989
81.86966,11.520698,40.539085,40.74659,6.177576,6.9477363,83.68354
81.35879,11.56062,38.496574,38.679718,6.1572423,6.9375772,92.24345
80.847916,11.600542,36.45406,36.612843,6.136908,6.9274173,98.414894
80.36323,11.64426,34.55776,34.694355,6.1141796,6.942402,105.221535
79.87853,11.687978,32.661457,32.77586,6.0914516,6.9573855,110.581245
79.53055,11.730949,31.618011,31.701166,6.216486,7.115128,125.61317
79.182556,11.773922,30.574566,30.62647,6.3415203,7.2728705,141.19215
79.00035,11.7128105,30.44185,30.517424,6.529281,7.453921,156.87857
78.81815,11.651699,30.309134,30.408375,6.7170424,7.634971,172.61974
79.607025,11.612244,30.997036,31.176048,6.8175755,7.7563953,177.79097
80.395905,11.572787,31.684937,31.943716,6.918108,7.8778195,184.77264
80.55137,11.602493,32.536774,32.8095,6.917337,7.918921,186.16544
80.70682,11.632198,33.38861,33.675285,6.916567,7.960023,187.73859
80.821976,11.655522,33.780453,34.061012,6.872996,7.918849,182.19751
80.93712,11.678847,34.172295,34.446743,6.8294263,7.877676,177.3348
79.55534,11.703442,33.27145,33.59858,6.7129245,7.732584,174.42723
78.17356,11.728038,32.3706,32.75042,6.5964227,7.587492,168.86134
80.36291,11.68681,29.991943,30.352062,6.55313,7.514207,154.61726
82.55226,11.645582,27.613285,27.953707,6.5098376,7.4409223,139.94649
82.92082,11.572504,27.143604,27.442034,6.7096696,7.6229773,152.67787
83.28938,11.499426,26.673925,26.930357,6.909502,7.8050327,163.61676
83.21217,11.470916,25.758589,25.989588,6.968253,7.869765,170.15512
83.134964,11.442404,24.843252,25.048819,7.027004,7.9344974,176.66544
81.54336,11.329191,23.416973,23.545977,6.8459945,7.6512613,164.68501
79.95175,11.215979,21.990694,22.043137,6.664984,7.3680253,154.19235
80.31738,11.169876,21.44123,21.513617,6.5740128,7.261684,147.5437
80.68302,11.123772,20.891768,20.984097,6.4830413,7.155343,139.47493
80.84748,11.101363,19.965637,20.049013,6.3886404,7.0517297,133.10123
81.011955,11.078953,19.039509,19.11393,6.294239,6.948116,126.18561
80.67924,11.102149,18.277681,18.39672,6.203396,6.857236,123.86884
80.34653,11.125346,17.515858,17.679512,6.1125526,6.7663555,122.17061
80.812744,11.185316,17.837143,17.973707,6.054393,6.766458,119.46338
81.27897,11.245286,18.15843,18.267904,5.996233,6.76656,119.03272
82.52906,11.350552,16.94277,17.102089,6.015217,6.87836,122.523476
83.779144,11.455817,15.727111,15.936272,6.034201,6.99016,130.03172
84.070076,11.596978,37.274975,27.628222,6.065752,7.105388,100.10808
84.361,11.738138,58.822838,39.320175,6.0973034,7.220617,107.49026
84.64973,11.823376,134.53773,110.09917,5.8723407,6.9789524,179.1034
84.93845,11.908613,210.25261,180.87814,5.647378,6.7372875,168.60379
84.876335,11.936267,254.27676,235.0567,5.73131,6.8843703,141.23352
84.814224,11.963922,298.3009,289.23523,5.8152413,7.0314536,160.4098
83.62487,11.893529,162.47539,148.14238,6.446393,7.6886153,198.83406
82.43552,11.823137,26.649868,7.0495057,7.077544,8.345777,209.67879
81.05113,11.760206,27.224558,12.432212,7.250619,8.457446,214.71036
79.66675,11.697275,27.799252,17.814919,7.423693,8.569116,229.96265
79.40689,11.6747,15.5191145,10.741693,7.3441167,8.456946,231.24316
79.14704,11.6521225,3.2389762,3.6684654,7.26454,8.344779,245.65224
78.56069,11.675899,4.7795787,5.1925573,7.152211,8.224711,241.40802
77.97436,11.699673,6.320181,6.7166495,7.039882,8.104644,236.49203
77.01319,11.741304,44.848896,45.31007,6.819884,7.873162,189.41888
76.05202,11.782936,83.37762,83.90349,6.5998845,7.6416793,149.74107
76.893776,11.822762,97.63273,78.18158,6.81743,7.9550204,160.391
77.73554,11.862589,111.887825,72.45967,7.034976,8.268362,188.7923
77.12214,11.823203,60.14036,40.623962,7.4382176,8.685783,219.07588
76.50874,11.783816,8.392906,8.788257,7.841459,9.103203,307.76895
76.67589,11.763707,9.198771,9.674986,7.762483,9.022536,302.80704
76.843025,11.743598,10.004636,10.561715,7.6835074,8.941871,297.49323
76.611946,11.763227,10.146666,10.727942,7.3621225,8.570074,275.40494
76.38087,11.782858,10.288695,10.894171,7.040738,8.198277,247.1948
77.32613,11.749761,10.142742,10.668236,7.2100167,8.365661,256.28348
78.27141,11.716664,9.996788,10.442302,7.379296,8.533043,261.03583
78.95993,11.581898,11.42137,11.780919,7.866558,9.030889,295.41946
79.64845,11.447129,12.84595,13.119538,8.353821,9.528734,334.75156
78.16542,11.181967,13.043619,13.193058,8.793432,9.938446,377.55112
76.68238,10.916802,13.241288,13.266578,9.233045,10.348158,397.70328
74.81867,10.852523,12.801368,12.917955,9.127386,10.217468,363.74878
72.954956,10.788245,12.361448,12.569333,9.0217285,10.086779,329.65475
73.520226,10.695671,14.857684,15.029635,9.044565,10.082276,337.30466
74.08549,10.603094,17.35392,17.489937,9.067403,10.077773,348.71313
73.739815,10.643031,17.198053,17.399124,9.005026,10.029523,340.69144
73.39414,10.682966,17.042187,17.308311,8.942648,9.981273,332.99728
72.829704,10.614408,15.550525,15.7551,8.75183,9.759164,305.80463
72.26528,10.545848,14.058862,14.201891,8.561011,9.537056,277.86877
72.59716,10.480385,13.724843,13.855965,8.624325,9.575471,282.93698
72.92904,10.414923,13.390825,13.51004,8.687638,9.613887,286.77585
73.46569,10.3263445,14.037695,14.216371,8.641511,9.555963,289.43045
74.002335,10.237765,14.6845665,14.922702,8.595383,9.498039,292.32126
73.7106,10.241249,14.504392,14.682455,8.587934,9.479318,286.46585
73.41886,10.244734,14.324217,14.442209,8.580484,9.460597,280.44333
73.134384,10.199903,14.080163,14.221144,8.59875,9.471974,273.59976
72.84991,10.155069,13.83611,14.000078,8.617016,9.483353,266.4239
72.7283,10.1677685,14.128901,14.328746,8.603459,9.478266,266.33286
72.60668,10.180468,14.421692,14.657414,8.589904,9.473177,266.27808
74.34841,10.165325,15.64218,15.816697,8.623695,9.493838,294.68704
76.09013,10.150184,16.862669,16.975979,8.657488,9.514499,321.99713
75.63557,10.121985,18.36995,18.585876,8.565381,9.418319,314.43536
75.18099,10.093787,19.87723,20.195772,8.473273,9.32214,307.2137
76.06012,10.225579,21.281096,21.588657,8.45707,9.335763,326.5976
76.939255,10.357371,22.68496,22.981543,8.440866,9.349387,345.36533
78.054405,10.36523,23.754232,24.090687,8.399629,9.302579,357.77725
79.16957,10.373087,24.823503,25.199835,8.358391,9.255772,355.30902
79.21312,10.484373,25.832472,26.216196,8.245251,9.1452055,344.98987
79.25666,10.595658,26.84144,27.232557,8.132112,9.034639,332.9397
79.34215,10.678473,27.5865,28.026608,7.987543,8.898527,318.07874
79.42763,10.761288,28.33156,28.820656,7.842975,8.762416,302.92722
79.582825,10.834174,29.69064,30.235569,7.7145057,8.634199,288.11237
79.738014,10.90706,31.049719,31.650484,7.586037,8.505982,271.84457
79.67445,10.990622,31.334126,31.889765,7.4073157,8.319017,250.52754
79.61089,11.074185,31.618534,32.129047,7.2285943,8.132052,228.63205
80.74868,11.039225,32.16138,32.58798,7.2023225,8.071214,210.39085
81.88647,11.004266,32.704224,33.04691,7.17605,8.010375,187.74174
82.009705,11.021898,32.944237,33.490723,7.084319,7.9237604,176.73148
82.13294,11.039531,33.184242,33.93454,6.992587,7.837145,166.17848
81.77165,11.099764,32.305862,33.10308,6.8719306,7.722155,159.75859
81.41035,11.159997,31.427483,32.271614,6.751274,7.6071653,152.53976
81.53919,11.186987,30.921328,31.675642,6.7265215,7.590448,151.08768
81.668045,11.213979,30.415169,31.079672,6.7017694,7.573731,149.61107
81.918015,11.239109,30.629911,31.244627,6.6408362,7.5204563,143.22134
82.16799,11.264237,30.844654,31.40958,6.579903,7.467181,137.20303
82.92331,11.2530985,31.547527,32.051777,6.512596,7.3787246,123.83262
83.67862,11.241961,32.250397,32.693974,6.445288,7.290267,112.96381
84.30228,11.187879,32.319405,32.733738,6.3621116,7.152519,104.54093
84.92594,11.133796,32.388416,32.773502,6.278935,7.0147715,99.56968
85.02113,11.080238,33.13754,33.570988,6.1611476,6.862044,92.25944
85.116325,11.026682,33.88666,34.368473,6.04336,6.7093163,85.39033
85.20755,11.023038,34.52781,35.057426,5.886705,6.5242,78.00994
85.298775,11.019392,35.168957,35.74638,5.730049,6.3390837,70.74518
85.64098,10.991091,36.2638,36.821293,5.6017756,6.180172,65.36388
85.983185,10.962789,37.358646,37.896206,5.4735026,6.02126,60.88776
86.94292,10.757354,40.059933,40.499382,5.594957,6.0793133,67.13895
87.90265,10.55192,42.76122,43.10256,5.716411,6.1373663,67.63506
87.94988,10.5656,42.636726,42.992313,5.5632653,5.9662566,63.93904
87.99711,10.579282,42.512234,42.88207,5.41012,5.7951474,60.422485
87.66358,10.586356,41.007004,41.371803,5.281324,5.651135,57.92084
87.33005,10.5934305,39.50177,39.861546,5.1525273,5.507122,54.715305
86.91528,10.61891,36.90414,37.269176,5.14822,5.5021377,55.90595
86.50051,10.644389,34.30651,34.676807,5.1439123,5.4971523,54.940666
86.15456,10.680423,32.387115,32.75937,5.290461,5.667019,59.957508
85.8086,10.716457,30.467726,30.84193,5.43701,5.8368855,62.46287
85.4736,10.763504,29.586088,29.9674,5.565611,5.9905696,65.41849
85.1386,10.81055,28.704453,29.092867,5.694213,6.1442537,69.83135
84.73731,10.856753,29.41418,29.798344,5.729535,6.1927676,69.11784
84.33602,10.902957,30.12391,30.503817,5.7648573,6.241281,68.033615
84.16623,10.96217,30.165268,30.560905,5.752981,6.240608,66.63298
83.99644,11.021383,30.206629,30.617992,5.741105,6.2399354,65.30241
83.7171,11.098308,31.072018,31.509144,5.610065,6.110159,59.180466
83.43777,11.175232,31.937408,32.400295,5.479025,5.980382,52.118546
83.2688,11.243132,31.858042,32.355396,5.50535,6.028071,53.573597
83.09984,11.311031,31.778673,32.3105,5.531676,6.0757604,55.6256
83.2255,11.370697,33.03763,33.588585,5.573332,6.149638,57.049633
83.351166,11.430363,34.296585,34.86667,5.6149883,6.223516,58.70616
83.37252,11.464349,35.65169,36.248634,5.3424826,5.9175673,45.316715
83.393875,11.498336,37.0068,37.6306,5.0699763,5.611618,34.51634
83.64761,11.5223055,36.46978,37.078674,5.0313215,5.5664935,35.048782
83.901344,11.546275,35.93276,36.526756,4.992667,5.5213685,36.13671
83.81184,11.541612,33.286823,33.834244,5.096494,5.6353307,42.102192
83.72233,11.53695,30.640888,31.141731,5.2003217,5.749292,49.261936
83.56281,11.524681,30.429716,30.900784,5.1977544,5.74197,48.720833
83.4033,11.51241,30.21854,30.659834,5.1951876,5.7346487,48.389824
83.20851,11.490865,28.793932,29.215662,5.153659,5.675283,47.947803
83.01373,11.46932,27.369328,27.771488,5.112131,5.6159177,47.344467
83.04657,11.42374,26.372837,26.756258,5.386103,5.9227624,57.76726
83.079414,11.37816,25.376343,25.741026,5.660075,6.229607,69.42292
83.10743,11.320042,25.721037,26.097822,5.832548,6.4124165,76.65028
83.13544,11.261922,26.065725,26.45462,6.0050216,6.595225,84.926544
83.12241,11.197254,27.39085,27.749737,6.1151023,6.7052374,87.2539
83.1094,11.132585,28.715973,29.044851,6.2251835,6.8152504,90.13281
83.38538,11.063905,30.372118,30.689474,6.270953,6.8533597,90.01064
83.66137,10.995225,32.028267,32.334095,6.316724,6.891469,88.84898
83.6693,10.958428,34.197693,34.464573,6.210969,6.767038,78.79925
83.67722,10.92163,36.367123,36.595047,6.1052146,6.6426063,70.9041
83.5679,10.885649,37.8403,38.030304,5.887885,6.393508,60.16912
83.45859,10.849667,39.31348,39.465557,5.6705556,6.14441,49.350517
83.4778,10.862155,38.71428,38.844467,5.5899363,6.0607424,47.619995
83.49701,10.874644,38.115078,38.223377,5.509317,5.9770746,45.55569
83.12236,10.910902,38.588264,38.677185,5.2607713,5.703637,32.72707
84.14139,11.814026,16.519146,18.423773,3.7367716,4.7936296,43.896473
81.32242,11.650028,17.55001,18.523975,4.3149824,5.0307527,49.404495
78.50344,11.48603,18.580875,18.624176,4.8931932,5.2678757,52.942738
77.887375,11.432997,16.775198,16.911325,4.790123,5.1298723,56.321247
77.27132,11.379965,14.969523,15.198474,4.6870522,4.9918694,58.932064
77.348816,11.314268,15.021439,15.254014,4.6892304,4.9958763,59.35228
77.42632,11.248572,15.073353,15.309555,4.6914086,4.999883,59.858616
76.96673,11.140482,14.712903,14.883964,4.777155,5.072145,65.397705
76.50713,11.0323925,14.352452,14.458373,4.8629017,5.1444063,71.84812
77.245,10.976316,14.390697,14.475991,4.914867,5.2044725,72.33575
77.98288,10.92024,14.42894,14.49361,4.966833,5.2645383,71.93095
78.45873,10.915922,14.133165,14.216629,5.084,5.4097877,74.21589
78.934586,10.911604,13.83739,13.939649,5.201167,5.555037,75.886154
79.19238,10.945827,14.28631,14.38952,5.3835316,5.76477,81.140526
79.45017,10.980048,14.735229,14.839392,5.565895,5.9745026,87.800064
79.422646,11.0296,15.794802,15.897769,5.7179966,6.139486,93.30626
79.39513,11.079152,16.854374,16.956146,5.8700976,6.304468,99.119606
79.93891,11.094004,18.319664,18.472883,5.9755716,6.4266496,99.993484
80.4827,11.108856,19.784956,19.989618,6.081046,6.548831,100.05426
80.48721,11.188585,22.008846,22.248354,6.003851,6.509536,95.11086
80.49172,11.268314,24.23274,24.50709,5.9266553,6.470241,89.6205
80.69276,11.366768,25.821161,26.059208,5.886943,6.4362564,85.49328
80.89379,11.465223,27.409584,27.61133,5.8472304,6.402272,80.983765
81.76528,11.517227,27.711266,27.889761,5.79447,6.3530564,75.812035
82.63677,11.56923,28.012949,28.168188,5.741709,6.3038406,70.77176
83.22529,11.615047,28.019396,28.268118,5.8603864,6.4435077,76.25823
83.81381,11.660865,28.02584,28.368046,5.9790635,6.583174,81.84648
84.09604,11.691954,27.416203,27.827929,6.112726,6.7449822,92.53974
84.378265,11.7230425,26.806566,27.28781,6.246389,6.9067903,104.25555
84.55599,11.742334,26.057293,26.592,6.4275646,7.116219,117.98172
84.73373,11.761627,25.30802,25.89619,6.608741,7.3256483,131.6079
85.00671,11.733177,25.119734,25.751137,6.7829375,7.530136,144.11455
85.279686,11.704729,24.93145,25.60608,6.957134,7.734624,153.26122
85.37406,11.720653,25.630486,26.355856,7.0643573,7.8743386,160.78651
85.468445,11.736576,26.32952,27.105635,7.171581,8.014053,168.32527
85.97393,11.669402,26.494997,27.184101,7.350233,8.184019,172.40244
86.479416,11.602226,26.660471,27.262564,7.528885,8.353985,179.22508
87.14332,11.508274,27.545696,28.096462,7.6574244,8.475682,180.84074
87.80721,11.41432,28.43092,28.930363,7.785965,8.597379,182.10707
88.18825,11.317913,29.307722,29.78385,7.8816786,8.677707,182.90446
88.569275,11.221507,30.184526,30.637337,7.977392,8.758035,188.23619
88.56059,11.20767,31.419245,31.891626,7.9294233,8.716948,185.84314
88.55191,11.193834,32.653965,33.145916,7.881454,8.675861,183.89896
88.14758,11.233144,33.86274,34.288853,7.787422,8.575968,179.05614
87.743256,11.272454,35.07151,35.431786,7.69339,8.476074,176.81256
87.53126,11.278106,35.911957,36.286106,7.5527706,8.304021,169.12677
87.31926,11.283759,36.752407,37.140427,7.4121513,8.131968,160.38078
87.903465,11.196791,36.697063,37.12277,7.20901,7.873953,149.3174
88.48767,11.109823,36.641724,37.10511,7.005869,7.6159377,139.66554
87.49228,10.780309,36.906887,37.141033,6.8980336,7.537381,119.26551
86.496895,10.450795,37.17205,37.176964,6.7901993,7.458825,109.81161
85.38942,10.55754,36.154762,36.205444,6.6040053,7.257503,101.68087
84.281944,10.664282,35.137474,35.23392,6.4178114,7.0561805,94.597694
84.22266,10.6772375,34.033325,34.148327,6.286867,6.900722,90.17194
84.16337,10.690192,32.929176,33.06273,6.155924,6.7452626,85.25322
84.3848,10.712158,31.855644,31.973621,6.0310135,6.611671,83.37737
84.60624,10.734123,30.782112,30.884514,5.9061036,6.4780793,81.47583
84.39583,10.817244,29.695898,29.822447,5.9147167,6.5149655,82.71043
84.185425,10.900363,28.609682,28.760384,5.9233303,6.5518513,83.582565
83.83562,10.954941,27.252687,27.460218,6.02353,6.668402,87.85451
83.48582,11.009519,25.89569,26.160055,6.1237297,6.7849536,96.00522
82.590485,11.0629425,26.026815,26.112093,6.2756023,6.9809065,107.606445
81.69515,11.116366,26.15794,26.064135,6.4274755,7.176859,126.6039
80.52673,11.0939245,27.016874,26.80548,6.59539,7.337436,142.42975
79.35832,11.071483,27.875807,27.546822,6.7633038,7.4980125,158.05547
79.17676,11.044481,28.495586,28.398151,6.704385,7.429988,154.27611
78.9952,11.01748,29.115366,29.249481,6.6454644,7.3619633,150.70844
79.145035,11.033549,31.010492,31.171082,6.5314384,7.2423925,137.12706
79.294876,11.049618,32.905617,33.09268,6.417412,7.1228223,122.942245
78.27404,11.105632,33.783813,33.96708,6.3490343,7.0545306,124.30004
77.253204,11.161645,34.662003,34.841476,6.280657,6.986239,123.30104
77.082596,11.203069,34.57397,34.77657,6.1975765,6.9217386,119.90108
76.91199,11.2444935,34.485935,34.711662,6.1144958,6.8572392,116.46518
76.63322,11.332619,34.168907,34.513798,6.0470567,6.8226085,115.67176
76.35445,11.420746,33.85187,34.315933,5.979617,6.7879777,114.27473
77.06174,11.481339,32.99137,33.513245,5.9683766,6.8097067,112.351875
77.769035,11.541935,32.130867,32.71056,5.9571357,6.831436,109.807274
77.82236,11.5561905,31.77389,32.303917,6.068523,6.9467254,118.257965
77.87569,11.570448,31.41691,31.897274,6.17991,7.0620146,127.59425
77.686714,11.576943,30.944483,31.462667,6.065502,6.96444,123.3478
77.49775,11.583438,30.472054,31.02806,5.9510937,6.8668647,119.625336
77.48592,11.597176,30.14126,30.778826,5.960015,6.8756976,120.98939
77.47411,11.610914,29.810467,30.529593,5.968936,6.8845296,122.39588
77.57101,11.572087,30.127426,30.67568,5.9673443,6.8325257,117.13601
77.66791,11.533261,30.444387,30.821766,5.965753,6.780522,111.6882
78.58998,11.458723,31.316366,31.541561,5.9908586,6.769606,101.25194
79.51206,11.384185,32.188347,32.261356,6.0159636,6.758691,97.81271
79.74572,11.297563,32.638462,32.812572,6.0942883,6.801966,98.13089
79.97937,11.21094,33.088577,33.36379,6.1726127,6.8452406,98.571144
79.559814,11.213202,32.760975,33.22722,6.192279,6.907322,106.6067
79.14026,11.215465,32.43337,33.09065,6.211945,6.9694023,114.017265
78.936554,11.263552,32.592926,33.204025,6.270132,7.0778594,122.864
78.73286,11.311639,32.752483,33.3174,6.32832,7.186316,132.28975
80.76589,11.24407,34.173874,34.553696,6.5705357,7.401673,132.2078
82.798935,11.176499,35.59527,35.789986,6.8127522,7.6170297,136.56052
83.35033,11.110292,36.194565,36.474415,6.867453,7.672998,134.47188
83.90171,11.044084,36.793865,37.158844,6.9221544,7.728966,134.41719
83.09957,11.302198,38.104683,38.589314,6.4475102,7.169095,95.4544
82.29744,11.560313,39.4155,40.019783,5.9728656,6.609224,64.97617
82.43535,11.553785,39.52296,40.148094,5.968456,6.594031,63.8572
82.573265,11.547257,39.630424,40.276405,5.9640455,6.578838,62.751644
82.73509,11.557422,38.548573,39.176296,5.9292045,6.5308137,62.8372
82.89693,11.567587,37.466717,38.07618,5.8943634,6.4827895,62.96811
82.84184,11.585689,37.303997,37.92501,5.915131,6.5200486,65.04738
82.786766,11.603789,37.141277,37.773838,5.935899,6.5573077,67.12486
83.123985,11.499183,37.121605,37.562782,6.0091844,6.5792522,65.67465
83.461205,11.394575,37.101933,37.35173,6.08247,6.6011963,65.6354
83.54518,11.358491,37.069965,37.320915,5.988792,6.5169396,63.231667
83.629166,11.322408,37.038,37.2901,5.8951135,6.432682,60.579563
83.45021,11.342385,37.468857,37.708714,5.9124336,6.4419227,59.635597
83.27125,11.362363,37.899715,38.127327,5.9297533,6.451163,58.447845
83.14558,11.336771,37.85718,38.039513,5.9588785,6.470469,58.59823
83.019905,11.31118,37.814644,37.9517,5.9880037,6.489775,58.793655
82.87857,11.319849,37.96804,38.12388,5.897449,6.3982916,54.988796
82.737236,11.328518,38.12144,38.29606,5.806894,6.306808,52.037678
82.58054,11.349908,37.88392,38.0862,5.767296,6.2631435,50.135185
82.42385,11.371297,37.646397,37.87634,5.7276983,6.219479,48.583477
82.42398,11.383276,36.65282,36.899696,5.724924,6.215243,50.08646
82.4241,11.395253,35.659245,35.92305,5.72215,6.2110066,51.804855
82.35022,11.412118,34.8778,35.13146,5.7999983,6.3030915,56.654404
82.276344,11.428982,34.096355,34.339867,5.8778462,6.395177,61.910885
82.16821,11.453072,34.095882,34.352432,5.888458,6.4176354,63.25794
82.06009,11.477159,34.09541,34.365,5.899069,6.4400945,65.172104
81.95105,11.521418,34.139736,34.412388,5.927781,6.484593,68.58216
81.84202,11.565677,34.184063,34.459778,5.956493,6.5290914,72.028076
81.77836,11.577396,34.65614,34.905224,6.003991,6.5835304,74.34443
81.71469,11.589115,35.128216,35.350666,6.0514894,6.6379685,76.521385
81.711975,11.583627,35.54897,35.771786,6.192066,6.7980585,84.477684
81.70926,11.578139,35.969723,36.192905,6.3326426,6.9581485,93.59698
81.675095,11.561366,37.20118,37.410103,6.4469132,7.0852866,100.47578
81.64094,11.544593,38.432636,38.6273,6.561184,7.212424,108.60571
81.70939,11.513619,39.730793,39.953457,6.6191616,7.272548,111.42131
81.77784,11.482646,41.028954,41.279617,6.67714,7.3326726,114.77167
81.748436,11.440396,41.49605,41.752182,6.73526,7.386707,119.26944
81.719025,11.3981495,41.96315,42.22475,6.7933803,7.4407406,124.0225
81.86633,11.357555,42.133884,42.42377,6.8193154,7.466678,125.04016
82.01364,11.316961,42.304623,42.62279,6.84525,7.492615,126.12505
82.23689,11.276701,42.323143,42.643303,6.795128,7.42447,117.66368
82.46016,11.23644,42.34166,42.66382,6.745005,7.3563256,109.50581
82.727165,11.192618,42.219185,42.555428,6.6554785,7.2586303,99.39177
82.99418,11.148796,42.09671,42.447033,6.565952,7.160936,91.2244
83.10257,11.161333,43.209564,43.510735,6.564061,7.1528006,89.78196
83.21096,11.173868,44.32242,44.574432,6.5621705,7.1446657,88.499176
83.194275,11.1275015,45.307606,45.581173,6.622479,7.2031465,92.28549
83.1776,11.081136,46.292793,46.58791,6.6827865,7.2616277,96.249275
81.221405,11.206421,46.179802,46.395786,6.1814556,6.6754284,62.47545
79.26522,11.331706,46.066803,46.203667,5.6801243,6.08923,34.18619
79.87696,11.320465,45.07824,45.238728,5.583637,5.978837,32.750175
80.488716,11.309225,44.089672,44.27378,5.48715,5.868443,30.133923
80.491234,11.342752,42.701958,42.929607,5.4609365,5.8427477,28.95797
80.49376,11.376282,41.314247,41.58543,5.434723,5.817052,27.885267
80.335945,11.387982,41.974274,42.2185,5.570665,5.9726987,33.177704
80.17814,11.399681,42.634304,42.851562,5.706608,6.128346,40.758614
79.92068,11.43168,44.224064,44.44796,5.854601,6.293876,48.91069
79.66321,11.463676,45.81382,46.044357,6.0025945,6.4594064,58.74535
79.74053,11.464905,46.15831,46.37928,6.177687,6.655786,73.63815
79.817856,11.466132,46.50279,46.714207,6.3527794,6.8521657,86.76514
79.88086,11.488172,47.81502,48.013863,6.473352,6.997495,95.1663
79.94386,11.510214,49.127254,49.31351,6.5939236,7.142825,105.0015
79.71518,11.564747,51.850006,52.03729,6.6348085,7.200439,110.87164
79.486496,11.61928,54.572758,54.761066,6.6756935,7.2580533,116.60228
79.39633,11.683756,57.262337,57.48109,6.697954,7.29562,121.24422
79.306175,11.748234,59.95191,60.20112,6.7202153,7.3331866,125.924736
79.63479,11.77456,62.41054,62.685535,6.673985,7.2867627,122.25
79.96341,11.800885,64.86917,65.16995,6.627755,7.240339,126.66627
80.49143,11.821104,65.613045,65.92841,6.4410086,7.0344415,117.11543
81.019455,11.841322,66.356926,66.68688,6.2542615,6.828544,105.32192
81.24446,11.892659,64.51996,64.8402,6.071367,6.638795,88.627495
81.46947,11.943996,62.683,62.993515,5.8884716,6.4490457,74.22985
81.44354,12.021652,60.260597,60.54267,5.932182,6.5028787,73.42066
81.41761,12.099307,57.838203,58.09182,5.975892,6.556712,74.80599
81.37282,12.12257,56.98861,57.273342,6.1487937,6.753936,87.01445
81.32803,12.145834,56.139015,56.45487,6.321696,6.951159,99.934525
81.24822,12.186298,56.101543,56.435036,6.5092864,7.193704,121.12208
81.16841,12.226763,56.06407,56.415203,6.696876,7.436249,140.09912
80.76036,12.281199,56.649464,57.083313,6.937124,7.741317,166.84717
80.35231,12.335635,57.23486,57.751423,7.177371,8.046384,194.11693
80.82594,12.34646,54.874504,55.390053,7.46522,8.388835,219.84106
81.299576,12.357286,52.514145,53.028683,7.753069,8.731286,244.88037
81.64353,12.341688,53.559277,54.019344,7.9875836,9.006431,264.5558
81.98748,12.326091,54.604412,55.010006,8.222098,9.281576,285.01044
82.04236,12.313261,56.407394,56.78824,8.30924,9.387454,292.34268
82.097244,12.300432,58.21038,58.56647,8.396382,9.493332,298.81476
82.142235,12.3019905,59.56441,59.923244,8.409687,9.513893,298.97754
82.187225,12.303549,60.91844,61.280014,8.42299,9.534453,299.3961
81.86377,12.347348,61.846493,62.24738,8.420254,9.552554,299.41412
81.54032,12.391148,62.774536,63.214745,8.417518,9.570653,299.85983
81.086945,12.437696,62.84273,63.30731,8.258081,9.41603,288.89087
80.63357,12.484246,62.910923,63.399868,8.098644,9.261405,280.26416
83.240326,12.285907,63.756405,64.19712,8.192903,9.248891,280.21848
85.84708,12.087568,64.60189,64.99437,8.287162,9.236378,285.7768
85.66403,12.020782,64.87442,65.24567,8.14859,9.071554,277.24875
85.48099,11.953996,65.14696,65.49697,8.010019,8.90673,269.28452
85.27872,11.822864,63.864124,64.22084,8.256439,9.226681,285.97495
85.07645,11.691731,62.58129,62.94471,8.502859,9.546633,305.29456
84.83667,11.629174,62.878372,63.22772,8.400522,9.407742,296.95197
84.59689,11.566616,63.17545,63.510727,8.298185,9.268852,286.98688
85.07917,11.633305,62.749176,63.1446,8.23076,9.22731,283.959
85.561455,11.699991,62.3229,62.77847,8.163333,9.185768,279.45343
85.61355,11.651481,62.14135,62.627777,8.152522,9.135321,275.38477
85.66565,11.602969,61.959797,62.477085,8.141711,9.084872,271.73035
85.28662,11.565039,61.38184,61.86392,8.129299,9.072521,270.97632
84.907585,11.527106,60.803883,61.25076,8.116886,9.06017,270.55463
85.129585,11.549381,60.986046,61.45859,8.282406,9.248049,282.75583
85.35159,11.571654,61.16821,61.666424,8.4479265,9.435926,295.2928
84.52493,11.625432,61.2798,61.741493,8.470914,9.505054,302.69128
83.69828,11.67921,61.39139,61.816555,8.493902,9.574183,309.2845
84.03693,11.733233,62.390903,62.836796,8.497919,9.589657,309.32492
84.37557,11.787258,63.39041,63.857037,8.501935,9.605131,309.8316
83.79842,11.8285885,63.544083,64.01504,8.412939,9.518026,303.68542
83.221275,11.869921,63.697758,64.17304,8.323943,9.4309225,293.72446
83.78022,11.967817,62.947037,63.470497,8.247556,9.396051,292.6498
84.33916,12.065715,62.196316,62.767952,8.171169,9.361181,292.77658
85.116905,12.117124,63.00785,63.618458,8.22383,9.47142,299.55386
85.89465,12.168535,63.81939,64.46896,8.27649,9.581661,303.3794
85.338715,12.287901,64.26722,65.01876,8.036138,9.404913,294.7161
84.78277,12.407267,64.71505,65.56855,7.7957854,9.228167,286.09207
85.694244,12.461921,63.816734,64.8173,7.685925,9.168581,288.32965
86.605705,12.516574,62.91842,64.06605,7.5760646,9.108996,290.7776
86.52675,12.564987,61.64087,63.069263,7.5068703,9.125359,291.46857
86.44779,12.6133995,60.363323,62.07248,7.4376755,9.141721,290.7644
86.161316,12.677733,59.325596,61.34183,7.3844724,9.240783,291.39343
85.87484,12.742065,58.28787,60.61118,7.3312683,9.339845,291.701
85.55254,12.807327,58.321342,61.03639,7.274723,9.397251,293.29965
85.23024,12.872589,58.35481,61.461597,7.2181773,9.454658,296.38745
84.99318,12.940774,58.220158,61.775158,7.144353,9.494344,298.17313
84.75612,13.008958,58.085503,62.08872,7.0705276,9.534031,300.697
85.07001,13.061898,58.36029,62.42213,7.1843314,9.71725,310.81754
85.38389,13.114838,58.63508,62.755547,7.2981353,9.900468,322.2718
84.863716,13.172425,59.62437,63.8394,7.323241,10.007855,329.8948
84.34354,13.230014,60.613663,64.923256,7.3483467,10.115243,345.2609
84.19869,13.277886,61.79502,66.36635,7.3284273,10.178473,355.16315
84.05385,13.325758,62.976383,67.80945,7.3085074,10.241704,363.60474
83.66164,13.370427,64.895195,69.80465,7.3570604,10.392212,383.4541
83.26941,13.415096,66.81401,71.79985,7.405614,10.542719,402.40747
82.41859,13.470504,68.72296,74.000984,7.4929485,10.741611,427.91672
81.567764,13.525913,70.63192,76.202126,7.580283,10.940501,450.4132
80.77046,13.59944,72.23639,78.06348,7.7277303,11.211945,477.4773
79.97317,13.672966,73.840866,79.92483,7.875177,11.483387,497.3796
79.0809,13.763257,74.46473,80.99901,7.8978977,11.6186495,502.37082
78.18863,13.85355,75.0886,82.07319,7.920617,11.753911,504.86197
81.78613,13.469482,69.474205,78.772606,7.401599,11.187485,473.2953
85.38363,13.085416,63.859818,75.472015,6.88258,10.6210575,397.90778
84.959366,13.224562,65.22457,77.30715,6.8501515,10.669451,409.3962
84.5351,13.363708,66.589325,79.14228,6.817723,10.717844,421.0174
85.15015,13.460608,68.66666,81.0658,6.8399715,10.828096,431.9095
85.7652,13.557509,70.74399,82.98932,6.8622212,10.938348,445.6124
86.10127,13.650219,73.65658,85.94236,6.799985,10.956037,451.31625
86.43734,13.742929,76.56916,88.8954,6.7377477,10.973726,453.07922
86.54202,13.813461,79.43777,91.877205,6.620484,10.88896,447.3377
86.646706,13.883993,82.30638,94.859,6.5032196,10.8041935,443.4532
85.74473,13.9465065,84.65741,97.050804,6.404383,10.731087,443.52164
84.84276,14.00902,87.00844,99.24261,6.3055468,10.657978,446.01007
83.646774,14.041797,88.190315,99.78534,6.338897,10.718687,453.47418
82.45079,14.074574,89.3722,100.32807,6.3722463,10.779394,457.53415
82.09889,14.079366,89.563515,99.77178,6.5452847,10.976916,470.83792
81.747,14.084158,89.754814,99.21549,6.718323,11.174438,484.51605
82.20454,14.070779,90.85809,99.260666,7.0591946,11.571916,509.77127
82.66207,14.0574,91.96137,99.30584,7.4000664,11.969392,525.18933
83.737785,14.01541,93.83626,100.454124,7.6966186,12.261302,531.1003
84.8135,13.973423,95.711136,101.60239,7.9931703,12.553212,531.993
85.49358,13.940656,96.70658,102.31558,8.070602,12.627757,529.0874
86.17367,13.907887,97.70202,103.02879,8.148035,12.702302,527.48615
86.09426,13.89231,98.37354,103.46112,8.191646,12.73795,528.05194
86.014854,13.876733,99.04507,103.89345,8.235256,12.773598,528.64594
85.12692,13.888905,98.38022,103.429306,8.1535845,12.707539,532.53656
84.239,13.901075,97.71538,102.96518,8.071913,12.64148,536.6134
82.69934,13.939658,95.68916,101.26095,8.173299,12.754814,546.61597
81.1597,13.978241,93.66296,99.55672,8.274685,12.868147,552.82983
80.511765,13.970183,92.381096,98.02343,8.382737,12.948889,555.0617
79.86383,13.962128,91.099236,96.49015,8.490789,13.029631,556.9425
80.80495,13.903516,90.95166,96.05504,8.485171,12.996718,556.53253
81.74605,13.844902,90.804085,95.61992,8.479553,12.963805,554.9949
83.1247,13.779286,90.4925,95.16114,8.404963,12.835973,547.3311
84.50334,13.713671,90.18091,94.702354,8.330373,12.708139,536.0153
85.27445,13.663007,89.58301,94.01,8.324996,12.671523,529.85626
86.045555,13.612342,88.985115,93.31765,8.319619,12.634907,525.13385
86.4352,13.58254,88.81414,93.02631,8.453846,12.767971,527.79596
86.824844,13.552738,88.643166,92.73497,8.588074,12.901035,529.90125
86.9569,13.552021,89.178276,93.21074,8.496766,12.8254175,527.4231
87.08896,13.551303,89.71339,93.68651,8.405458,12.7498,525.1972
87.042336,13.579652,89.09796,93.43292,8.255816,12.63832,523.5177
86.99571,13.608002,88.482544,93.17933,8.106175,12.526838,521.2263
87.16907,13.628073,87.852066,92.76672,8.013596,12.454159,519.6638
87.342415,13.648142,87.22158,92.35412,7.921016,12.38148,518.02045
87.62599,13.652847,87.25686,92.40913,7.702038,12.16686,509.4134
87.90956,13.657553,87.29214,92.46415,7.4830594,11.952239,499.34558
88.260475,13.641381,88.46165,93.45249,7.2081676,11.640153,483.19513
88.61139,13.62521,89.63116,94.44082,6.9332757,11.328065,466.37534
89.6826,13.669055,89.00188,93.97551,6.487493,10.675559,418.39246
90.753815,13.7129,88.3726,93.510185,6.0417104,10.023054,379.78778
90.90693,13.691888,87.31292,93.68148,5.614429,9.484094,363.41867
91.060036,13.670874,86.25324,93.852776,5.1871476,8.945133,346.28967
91.34935,13.645926,85.48685,94.192924,4.902887,8.550536,324.06393
91.638664,13.620977,84.72045,94.53307,4.618626,8.155938,291.35138
91.805504,13.609672,83.8701,94.846794,4.3328614,7.73742,254.2133
91.97234,13.598365,83.01975,95.160515,4.0470963,7.3189025,212.36816
92.03413,13.595631,82.57638,95.59045,3.8762474,7.0531383,183.15508
92.09592,13.5928955,82.13301,96.02039,3.7053988,6.7873745,157.49864
91.92744,13.617837,81.04787,95.713974,3.647758,6.665857,147.61624
91.75896,13.642778,79.962715,95.40756,3.5901175,6.5443387,137.75511
91.499146,13.675727,79.14887,94.92562,3.543218,6.494545,135.66724
91.23932,13.708676,78.33502,94.44369,3.4963188,6.444751,132.93858
90.995125,13.741458,77.254814,93.64373,3.422021,6.32804,126.76729
90.75092,13.7742405,76.1746,92.84377,3.3477232,6.2113295,121.25495
90.53784,13.808943,76.24181,93.004135,3.2574792,6.105934,114.66772
90.32476,13.843645,76.30903,93.1645,3.1672347,6.0005393,108.230354
90.25239,13.867066,76.889206,93.40974,3.1704943,6.032725,109.75014
90.180016,13.89049,77.46938,93.654976,3.1737547,6.064911,111.2879
90.2534,13.905138,79.19474,95.568565,3.1063452,5.977382,105.22745
90.3268,13.9197855,80.920105,97.48214,3.038936,5.8898535,99.39799
90.28739,13.935935,82.43985,99.35426,2.970912,5.777827,93.20199
90.247986,13.952084,83.9596,101.22639,2.902888,5.6658006,87.89935
89.880356,13.996622,85.57642,102.785034,2.901167,5.69131,88.44134
89.51273,14.041161,87.193245,104.34369,2.8994455,5.716819,88.15686
89.12699,14.079928,89.0654,105.05405,2.9941266,5.8870287,94.359795
88.74126,14.118695,90.93756,105.76441,3.0888073,6.057239,99.491264
88.52952,14.137547,91.62057,106.14562,3.1328967,6.161579,102.77054
88.31777,14.156396,92.30356,106.52685,3.1769855,6.265919,106.21327
88.28156,14.156463,92.37635,106.51255,3.1053636,6.2067685,102.92732
88.24535,14.156531,92.44914,106.49826,3.033742,6.1476183,99.681816
88.263466,14.158613,92.91498,106.045586,3.1057572,6.275634,105.91838
88.28158,14.160695,93.3808,105.59292,3.1777728,6.4036493,112.61905
88.371735,14.166637,91.60934,104.51014,3.162936,6.3983254,114.715004
88.46188,14.17258,89.83786,103.42736,3.1480994,6.3930016,116.711555
88.42366,14.207507,88.64046,102.34628,3.2004955,6.4568295,121.433304
88.385445,14.242435,87.44306,101.265205,3.2528918,6.520657,125.9209
88.55402,14.253565,86.31932,99.620544,3.3937688,6.718042,141.31168
88.72259,14.264695,85.19559,97.975876,3.5346456,6.9154277,156.13684
88.807014,14.275104,84.37613,97.07616,3.5332673,6.976712,160.1894
88.89144,14.285512,83.55666,96.17644,3.5318887,7.0379972,164.47736
88.69513,14.307033,79.78037,93.69621,3.533989,7.0481153,164.39905
88.4988,14.328551,76.00408,91.216,3.5360887,7.058233,162.71638
88.02409,14.375429,72.12823,87.80466,3.5452745,7.053622,159.33755
87.54939,14.422306,68.25237,84.39331,3.5544603,7.0490108,155.34035
87.052216,14.431445,64.80642,81.10299,3.5828218,7.0805607,151.18037
86.55504,14.440586,61.360455,77.81266,3.6111834,7.11211,148.87563
84.960045,14.74379,62.62775,77.62825,3.7645648,7.2921367,159.88033
83.36505,15.046993,63.895042,77.44385,3.917946,7.472163,173.31198
83.25671,15.041641,64.112724,78.42592,4.0240216,7.5628924,176.32181
83.14837,15.036288,64.3304,79.40798,4.1300974,7.653621,179.47412
83.20774,15.034971,68.46246,84.292114,4.228016,7.7274384,186.99887
83.26712,15.033654,72.59453,89.176254,4.3259344,7.8012547,196.92311
83.27449,15.068011,78.15252,96.573586,4.2464895,7.666627,197.18454
83.28187,15.102369,83.71051,103.9709,4.167045,7.5319986,190.10616
82.53793,15.202236,91.00779,109.09423,4.609717,8.148524,237.29999
81.794,15.302104,98.30506,114.21755,5.0523887,8.76505,275.0803
81.220764,15.366404,101.02638,115.40109,5.1906548,9.058097,297.90323
80.64753,15.430704,103.74771,116.584625,5.328921,9.351143,318.6306
80.30805,15.411431,106.29561,117.29537,5.709162,9.899514,352.01505
79.968575,15.392158,108.843506,118.00612,6.089403,10.447885,384.57953
79.48554,15.391577,108.25827,116.399765,6.6760216,11.013136,437.02512
79.0025,15.390995,107.67302,114.7934,7.2626405,11.578388,481.7191
78.01651,15.438047,108.79165,115.15007,7.5435696,11.931992,501.52997
77.03052,15.485101,109.91028,115.50674,7.8244996,12.285594,517.4306
77.01251,15.452114,110.016205,115.228645,7.577938,12.136195,509.8785
76.994514,15.419128,110.12212,114.95054,7.3313766,11.986795,501.2379
77.35828,15.389381,111.14817,115.77484,7.2229557,11.868254,496.4172
77.72204,15.3596325,112.17421,116.59914,7.1145344,11.749712,489.9017
78.3762,15.285894,111.17716,115.75401,6.986615,11.542657,477.25143
79.03036,15.212158,110.18011,114.9089,6.8586965,11.335601,464.96484
79.117546,15.193744,108.43679,113.72055,6.734386,11.176406,453.7838
79.20473,15.17533,106.69346,112.5322,6.610076,11.017211,440.6088
79.165764,15.163074,105.09796,111.29048,6.3626213,10.744275,416.30157
79.1268,15.150818,103.50247,110.04877,6.1151657,10.471339,394.12128
79.11901,15.112884,101.164185,107.4956,6.1252284,10.46533,394.9159
79.11123,15.074951,98.825905,104.94244,6.13529,10.459321,393.8944
79.08613,15.043013,98.03784,103.719696,6.0964484,10.430582,391.35992
79.06103,15.011074,97.24976,102.49696,6.0576067,10.401845,389.1007
79.424484,14.985586,95.49416,100.9412,5.941063,10.266244,379.46393
79.78794,14.960096,93.73856,99.38544,5.8245187,10.130643,369.25967
80.4853,14.920428,91.70676,97.40997,5.826867,10.07328,366.8561
81.182655,14.88076,89.674934,95.43451,5.8292155,10.015918,364.05692
81.82138,14.823901,87.034485,92.88734,5.698461,9.789092,349.19174
82.46011,14.767042,84.39404,90.34016,5.5677066,9.562265,336.30878
83.02942,14.699503,81.603226,87.66143,5.3693023,9.293702,319.21692
83.59871,14.631965,78.81241,84.98271,5.1708975,9.025138,297.45697
84.24648,14.555046,74.76204,80.95858,5.255197,9.049026,301.56412
84.89426,14.478126,70.71168,76.93445,5.339496,9.072914,303.53214
85.71053,14.390682,68.429146,74.235695,5.4488873,9.158571,313.36172
86.52682,14.303239,66.146614,71.53694,5.5582786,9.244229,328.2832
87.05126,14.258631,63.582447,69.255714,5.345858,8.995252,313.41788
87.57571,14.214023,61.01828,66.97449,5.133438,8.746275,302.8848
87.87127,14.186787,58.701733,64.97268,4.986951,8.583052,295.69296
88.16684,14.159549,56.385193,62.970867,4.840464,8.419829,289.844
89.461914,14.43902,50.353565,57.00753,5.5079727,9.182163,347.13293
90.75698,14.718492,44.32194,51.044186,6.175481,9.944497,412.8489
89.98134,14.799825,46.629337,53.252735,6.4643555,10.322067,435.1317
89.2057,14.881158,48.936737,55.46128,6.753229,10.6996355,457.76807
88.5273,14.953549,52.170395,58.91085,6.82959,10.801187,460.75922
87.84888,15.02594,55.404053,62.36042,6.9059505,10.902738,464.82596
87.30431,15.0614195,58.34562,66.44001,6.679955,10.514641,434.9753
86.75976,15.0969,61.28718,70.5196,6.453959,10.126545,398.87323
86.148895,15.147693,64.39953,76.01919,5.872866,9.311862,318.70694
85.53803,15.198486,67.51187,81.51878,5.2917733,8.497179,252.41644
84.995285,15.239265,69.87253,84.96264,4.9013467,8.029492,212.57416
84.452545,15.280043,72.23319,88.406494,4.5109205,7.5618052,180.5756
83.985016,15.298411,73.634575,91.09398,4.133378,7.0737367,156.60541
83.51748,15.316779,75.035965,93.78144,3.7558358,6.5856676,134.78691
83.14107,15.327724,75.189514,91.0044,4.0059433,6.9748116,156.28986
82.764656,15.338671,75.34306,88.22734,4.2560506,7.3639545,173.76102
82.17047,15.355023,76.36903,87.750534,4.432645,7.704304,187.98653
81.57629,15.371375,77.39501,87.27371,4.609239,8.044654,201.39479
81.157814,15.363455,80.5607,89.220604,4.9276547,8.498009,230.34055
80.73935,15.355533,83.72639,91.167496,5.24607,8.951363,266.13522
80.24345,15.373975,86.27473,92.64353,5.604361,9.452976,303.18616
79.74755,15.392415,88.82307,94.11957,5.9626513,9.954589,339.04645
79.29354,15.415627,90.78431,95.532906,6.1710424,10.233589,363.6806
78.83953,15.43884,92.745544,96.946236,6.3794336,10.5125885,387.38562
77.49774,15.49743,93.71346,97.921646,6.0816746,10.246546,357.32098
76.155945,15.556021,94.68137,98.897064,5.7839155,9.980503,343.9913
75.418,15.540456,92.259315,96.738556,5.796037,9.908652,341.12936
74.680046,15.524892,89.83724,94.58005,5.808159,9.8368025,341.39645
75.825455,15.4021435,87.44718,91.9878,5.8189726,9.736726,323.89957
76.97087,15.279395,85.05712,89.395546,5.829787,9.63665,311.8547
77.31171,15.221022,82.405136,86.896675,5.6388702,9.39365,297.77936
77.65255,15.162648,79.753136,84.39782,5.4479537,9.150651,279.50067
76.4605,15.155072,77.23818,81.820076,5.461249,9.118693,277.90036
75.26846,15.147494,74.72323,79.24233,5.4745445,9.086736,280.45856
73.71751,15.106748,72.912865,77.33677,5.4402633,8.989421,295.32227
72.16656,15.066,71.1025,75.43121,5.405982,8.892106,315.2462
72.68209,14.988741,70.07982,74.322205,5.4743953,8.86617,306.23874
73.197624,14.911482,69.057144,73.213196,5.5428085,8.840234,294.34778
74.33816,14.806387,67.30727,71.65269,5.5517783,8.755124,267.81836
75.47869,14.70129,65.55739,70.092186,5.5607476,8.670015,245.41803
76.14917,14.642203,59.84942,65.68486,5.490235,8.546328,242.96849
76.819664,14.583117,54.141445,61.27754,5.4197216,8.422642,239.66264
77.19851,14.584271,50.22744,58.073055,5.561962,8.621548,261.67886
77.57736,14.585425,46.313427,54.868576,5.704202,8.820453,281.43588
77.550514,14.639157,46.46203,54.56816,6.0047092,9.264056,314.7467
77.523674,14.692888,46.610638,54.26775,6.3052163,9.70766,346.96582
77.64735,14.741835,47.750526,55.159557,6.598599,10.087129,377.98474
77.77101,14.790781,48.890408,56.051365,6.891982,10.466596,411.29282
77.854706,14.963628,51.096603,57.96949,7.744113,11.547775,486.46756
77.938416,15.136475,53.302803,59.887615,8.596244,12.628955,534.6734
78.41767,15.163133,55.451675,62.111908,8.648937,12.6947,538.84625
78.896935,15.189793,57.60055,64.3362,8.701631,12.760445,543.56934
79.103004,15.207538,60.035915,66.72031,8.589204,12.600789,540.9552
79.30909,15.225284,62.47128,69.10441,8.476776,12.4411335,537.88104
79.19537,15.22032,65.15227,71.61724,8.33146,12.24429,531.44073
79.08166,15.215355,67.83325,74.13008,8.186143,12.047447,523.1898
78.669846,15.211336,70.11143,76.37952,7.9767623,11.825842,509.1453
78.258026,15.207316,72.3896,78.628944,7.767382,11.604236,492.231
78.25356,15.188309,72.66592,78.680984,7.5155263,11.317157,470.96936
78.2491,15.169301,72.94223,78.73302,7.2636704,11.030078,446.2244
78.8428,15.1364155,71.596725,77.39997,7.065689,10.77153,429.80276
79.436485,15.10353,70.25123,76.066925,6.8677077,10.512982,407.53125
80.14377,15.066372,69.105606,74.81416,6.797207,10.401947,399.69168
80.85105,15.029215,67.96,73.5614,6.7267056,10.290912,389.62827
81.37289,15.009244,67.106735,72.70851,6.624853,10.147974,375.60638
81.89472,14.989271,66.25349,71.85563,6.5230007,10.005037,360.81863
82.51904,14.954592,65.80739,71.46838,6.427707,9.851201,346.7418
83.14336,14.919911,65.36129,71.08115,6.332414,9.697365,334.15524
83.69092,14.887935,65.10592,71.029854,6.201998,9.498074,315.8525
84.23849,14.855957,64.85054,70.97855,6.071583,9.298784,302.37338
84.67033,14.8155575,63.97486,70.2523,5.98028,9.148223,293.53772
85.10217,14.775157,63.099182,69.52603,5.8889766,8.9976635,285.37332
85.55249,14.747911,62.649376,69.0058,5.859525,8.9458065,286.7953
86.0028,14.720665,62.199562,68.485565,5.8300734,8.89395,289.72174
86.531,14.702309,62.034946,68.249886,5.8315997,8.885637,296.81995
87.05919,14.683952,61.87033,68.014206,5.8331256,8.877325,303.29657
87.45839,14.670636,62.120277,68.26875,5.8475947,8.8896675,309.70908
87.8576,14.657318,62.37023,68.523315,5.8620644,8.90201,315.88208
88.02561,14.650146,62.92756,69.121284,5.8679895,8.914545,319.14636
88.19363,14.642971,63.48488,69.71926,5.8739147,8.92708,320.9411
88.173645,14.645345,64.19649,70.46554,5.861333,8.927538,320.41238
88.15366,14.647718,64.90809,71.211815,5.848751,8.927997,319.843
87.95661,14.658108,65.913536,72.13102,5.759769,8.859004,313.27994
87.75957,14.668498,66.918976,73.05023,5.670786,8.790011,305.38596
87.53027,14.67998,67.08665,73.01458,5.629884,8.759013,301.25732
87.30099,14.691463,67.25431,72.97893,5.588981,8.728016,297.08618
87.37494,14.6760845,66.61534,72.201775,5.5544143,8.685545,294.43674
87.448906,14.660705,65.976364,71.42463,5.5198474,8.643074,291.7235
87.44557,14.648242,65.82509,71.23363,5.413533,8.515088,281.54883
87.44224,14.635779,65.673805,71.04263,5.3072186,8.387102,271.1706
87.55841,14.604664,66.20143,71.738556,5.050399,8.052091,247.5752
87.67459,14.573547,66.72905,72.43447,4.7935786,7.7170796,219.83324
87.83312,14.545257,67.700554,73.764275,4.5432577,7.381092,190.1269
87.99165,14.516964,68.67206,75.09407,4.2929363,7.0451045,166.16005
88.21949,14.488176,68.26703,75.5501,4.0792384,6.744804,150.54556
88.447334,14.459389,67.862,76.00614,3.8655403,6.4445033,135.2863
88.76439,14.55887,64.66801,73.07879,4.082755,6.790247,156.68686
89.081436,14.658352,61.47401,70.15143,4.2999706,7.1359906,178.55983
88.68308,14.629964,60.306454,69.62337,4.204727,7.0116396,164.95506
88.28474,14.601576,59.138893,69.0953,4.1094837,6.887288,151.78023
87.99289,14.605357,59.24877,69.18089,4.1987753,7.0094733,156.50505
87.701035,14.609138,59.35865,69.26649,4.2880664,7.1316595,161.3035
87.295135,14.597485,59.48979,69.201904,4.386687,7.236201,164.78078
86.88923,14.585833,59.620934,69.13732,4.4853067,7.3407426,168.12834
86.412636,14.590296,59.649323,69.209526,4.4664927,7.308546,160.86452
85.93604,14.59476,59.67771,69.28173,4.447679,7.27635,155.18785
85.45944,14.6113205,59.399094,69.18841,4.358635,7.163305,147.86119
84.98284,14.627881,59.120464,69.09508,4.26959,7.0502596,142.06584
84.44156,14.658527,59.034233,69.128746,4.147854,6.9105506,136.19771
83.900276,14.689171,58.947994,69.16241,4.0261173,6.770841,132.08946
83.54182,14.710679,58.756474,68.99084,3.9286017,6.6530604,127.35838
83.18335,14.732187,58.564953,68.81926,3.8310864,6.535279,122.034355
83.00051,14.747772,58.43619,68.76988,3.7086656,6.381997,115.3475
82.817665,14.763356,58.307434,68.72051,3.5862448,6.228715,110.38302
82.66701,14.764863,56.60398,67.57473,3.4133136,5.980606,102.11866
82.51636,14.766371,54.900524,66.428955,3.2403817,5.732497,93.998344
82.34253,14.7663145,53.420666,64.68696,3.158687,5.612335,88.29258
82.16871,14.766258,51.940807,62.944965,3.0769923,5.492173,84.11607
82.177246,14.748705,52.316925,61.92399,3.1516595,5.605978,88.1835
82.18578,14.731151,52.693035,60.903008,3.2263267,5.7197824,92.59939
82.52063,14.700523,53.013885,61.071884,3.2066085,5.7010784,92.6694
82.85547,14.669898,53.334724,61.240757,3.1868906,5.6823745,92.4356
82.78003,14.675149,51.598053,60.416664,3.0153039,5.467748,85.16929
82.70458,14.680399,49.861385,59.592567,2.8437173,5.2531214,76.76762
82.41968,14.693061,48.027294,57.711826,2.8184292,5.207917,74.043495
82.13477,14.705722,46.19321,55.83109,2.7931411,5.1627135,71.97607
82.01597,14.700215,46.019268,55.17386,2.7980957,5.1911836,72.63337
81.89716,14.694709,45.84533,54.51662,2.8030503,5.219653,73.54992
81.60038,14.695082,45.764153,54.366173,2.785254,5.2086487,73.03424
81.3036,14.695455,45.682972,54.21573,2.7674575,5.197644,72.67482
81.14484,14.685308,43.856873,52.930473,2.6740324,5.0693083,68.18666
80.98608,14.675161,42.03077,51.645218,2.5806074,4.940972,63.271614
80.95346,14.667833,40.76969,50.34198,2.5661023,4.9087777,61.646976
80.92084,14.660505,39.508614,49.03874,2.551597,4.876583,60.119675
80.95315,14.637204,39.305317,48.716003,2.5463922,4.859325,59.623398
80.98545,14.613901,39.102016,48.393265,2.5411875,4.8420663,59.33118
80.956894,14.587285,37.933628,47.641525,2.5272026,4.799904,58.471924
80.92833,14.560669,36.765244,46.889782,2.5132177,4.757741,57.2575
81.04402,14.5235405,34.028088,45.004772,2.4673078,4.6497865,55.00253
81.15971,14.486413,31.290934,43.119762,2.4213977,4.541832,52.009277
81.51842,14.446906,27.406458,40.164387,2.3332489,4.3646903,47.452225
81.87711,14.4074,23.52198,37.20901,2.2451,4.187548,44.48912
82.54212,14.36231,20.786444,34.63804,2.191478,4.0675974,40.437004
83.20712,14.317223,18.050903,32.067062,2.137856,3.9476464,35.189823
84.563965,14.5512,20.068563,31.40803,2.3934298,4.2856865,38.424377
85.9208,14.785176,22.086224,30.748995,2.6490033,4.6237264,42.43839
86.00429,14.734598,19.648214,28.358755,2.5478191,4.4733047,38.4287
86.087776,14.684021,17.210201,25.968517,2.4466352,4.3228827,35.097572
86.44813,14.647119,14.700824,23.886683,2.3464696,4.1954994,32.17344
86.80847,14.610216,12.191445,21.804848,2.2463043,4.0681167,29.310373
86.6104,14.5786915,67.81656,18.482002,2.118359,3.8515759,38.579113
86.41232,14.547166,123.44168,15.159158,1.9904138,3.635035,41.850975
85.913414,14.54289,160.42744,37.36199,1.9420744,3.5441241,23.992664
85.414505,14.538611,197.41321,59.564827,1.8937348,3.4532132,31.26363
84.83963,14.541638,226.1408,63.19716,1.8553411,3.40584,41.75391
84.264755,14.544663,254.86838,66.8295,1.8169471,3.3584666,47.30049
83.67093,14.56286,301.86197,94.75266,1.7648883,3.2787874,52.610516
83.0771,14.581055,348.8556,122.67581,1.7128295,3.1991076,-11.140422
82.4966,14.598819,345.47678,175.00986,1.7242908,3.1992714,7.758731
81.91609,14.616584,342.09796,227.34389,1.7357522,3.1994352,32.834263
81.28541,14.64316,338.52722,279.23022,1.779559,3.2485857,77.335434
80.65473,14.669735,334.95648,331.11658,1.8233658,3.297736,26.879215
80.04021,14.705033,332.94348,333.9727,1.8687971,3.3657682,25.268997
79.425674,14.740332,330.9305,336.8288,1.9142281,3.4338002,20.895891
78.923935,14.765694,330.54324,340.4424,2.0051308,3.5775714,18.79286
78.422195,14.791053,330.15598,344.056,2.0960333,3.7213428,17.66409
78.02582,14.819341,330.86105,343.82364,2.1702578,3.8604884,21.818468
77.62943,14.847629,331.56613,343.59125,2.2444823,3.999634,24.771227
77.40967,14.85441,332.11798,343.61954,2.331434,4.1475406,27.089901
77.1899,14.861193,332.66983,343.64783,2.4183855,4.295448,29.308926
76.896065,14.876137,334.11783,344.81668,2.431882,4.3436246,31.723932
76.602234,14.891083,335.5658,345.98557,2.4453783,4.391801,33.86964
76.23592,14.904278,337.74966,348.08112,2.4538102,4.4340916,36.005516
75.869606,14.917474,339.9336,350.17667,2.462242,4.4763813,40.94674
75.41555,14.938227,337.80182,349.75455,2.405883,4.391812,39.03089
74.96148,14.9589815,335.67004,349.33243,2.349524,4.307242,36.609295
74.63242,14.959155,335.24774,348.90405,2.332774,4.273999,36.847702
74.30337,14.959331,334.82544,348.47565,2.3160243,4.240756,37.118763
74.07663,14.955182,333.96204,348.3594,2.2481735,4.1322784,34.37052
73.849884,14.951033,333.09863,348.24316,2.1803226,4.023801,31.413765
73.78721,14.930343,333.00494,342.80444,2.1629984,3.964711,30.500437
73.724525,14.909652,332.91125,337.36572,2.1456742,3.9056213,30.727034
73.37012,14.912938,339.3066,301.6014,2.1459966,3.9765427,33.613792
73.015724,14.916225,345.702,265.83707,2.1463194,4.0474644,40.38597
73.03979,14.901791,346.16336,252.4461,2.0235615,3.8730505,34.22325
73.06385,14.887357,346.6247,239.05513,1.9008038,3.698636,26.175879
73.44452,14.857612,349.42487,126.818924,1.8182933,3.565953,-12.635725
73.82519,14.8278675,352.22504,14.582706,1.7357829,3.43327,20.573462
74.42607,14.788096,345.71155,126.56604,1.6419263,3.193225,-13.675839
75.02695,14.748324,339.19812,238.54935,1.5480697,2.9531798,34.73094
75.56163,14.711358,342.2752,219.41638,1.6295873,3.0521147,23.003286
76.09631,14.674391,345.3523,200.28339,1.711105,3.1510496,8.387556
79.23648,14.803872,347.29144,102.02107,1.7423021,3.1968277,-24.60493
82.376656,14.933352,349.2306,3.7587523,1.7734994,3.2426057,10.263179
82.83116,14.9034815,350.16144,4.2528815,1.7444029,3.1577744,4.052858
83.28566,14.8736105,351.09235,4.7470107,1.7153064,3.0729432,-1.1797079
83.8119,14.832438,350.66904,4.9805098,1.6428053,2.933664,-5.819376
84.33814,14.791266,350.2457,5.2140083,1.5703043,2.7943847,-11.548185
84.81043,14.768551,346.0684,107.68113,1.5078973,2.631475,-12.087305
85.28272,14.745836,341.89108,210.14824,1.4454901,2.4685652,6.2180963
85.832794,14.704545,340.16058,282.74484,1.4382442,2.402142,20.253069
86.382866,14.663256,338.43005,355.34146,1.4309981,2.3357189,-19.733898
86.67501,14.6601715,343.46286,253.26952,1.4044346,2.3251767,5.4832687
86.96716,14.657087,348.49564,151.1976,1.3778712,2.3146348,-5.07903
87.2366,14.642995,285.22983,80.664955,1.1997583,2.0928416,33.685623
87.506035,14.628902,221.96402,10.132309,1.0216454,1.8710481,5.8641157
87.76783,14.633694,282.43546,12.303889,0.99971664,1.7500225,15.861275
88.02963,14.638485,342.9069,14.4754715,0.9777879,1.6289971,-46.170643
88.284836,14.632175,342.6523,87.701904,1.0103699,1.656909,-14.104696
88.54005,14.625865,342.39774,160.92833,1.0429518,1.6848208,-11.508852
88.64093,14.640245,280.17438,86.41504,0.9942775,1.6583908,22.85492
88.741806,14.654626,217.95099,11.901751,0.9456032,1.6319606,-4.5414815
88.865845,14.666944,119.424225,20.985483,0.97644156,1.7277987,8.256011
88.98989,14.67926,20.897463,30.069216,1.00728,1.8236368,-6.0226016
89.09007,14.692314,33.227196,40.270428,1.1387123,2.0275316,-3.3873844
89.19026,14.705369,45.556927,50.47164,1.2701446,2.2314267,2.9956298
89.24855,14.722975,54.53739,58.10286,1.2957112,2.336402,4.6587386
89.30684,14.740581,63.517857,65.73408,1.3212779,2.4413774,15.662365
89.47229,14.74008,87.69834,82.745,1.051354,2.0421605,8.28521
89.63775,14.73958,111.87882,99.75595,0.7814304,1.6429436,-2.4687245
89.82845,14.729094,100.47299,99.50491,0.75226575,1.5903127,-4.8936405
90.01916,14.718608,89.067154,99.253876,0.72310114,1.5376817,-6.0074544
89.94592,14.720215,115.33122,112.31527,0.4606473,1.1704879,-14.626607
89.87267,14.721822,141.59528,125.37667,0.19819352,0.8032941,-28.336548
90.120804,14.692569,108.43038,115.292175,0.35389358,0.8706672,-15.333321
90.36892,14.663317,75.26547,105.20768,0.5095936,0.9380403,-8.261661
90.60719,14.64526,72.97004,105.60878,0.41819507,0.7961635,-6.1274505
90.84547,14.627204,70.6746,106.009895,0.32679644,0.65428674,-3.6185462
91.23979,14.609877,72.113846,98.208664,0.5809323,0.93576056,-2.9959776
91.63411,14.592549,73.55308,90.407455,0.83506805,1.2172344,-2.7124474
91.47797,14.609171,78.11365,90.68937,1.3630708,1.9210879,3.5831282
91.321815,14.6257925,82.67422,90.97129,1.8910736,2.624941,16.3673
91.07805,14.659646,78.09345,84.294975,2.410978,3.4109948,31.205978
90.83429,14.693499,73.51268,77.61867,2.9308827,4.1970487,39.10834
90.98941,14.702157,78.90235,81.485825,2.5200634,3.9069514,36.596157
91.14453,14.710814,84.29202,85.352974,2.1092443,3.6168542,33.530865
91.56114,14.705481,93.04866,93.442314,1.9858093,3.4624383,28.677986
91.97776,14.700149,101.8053,101.53167,1.8623745,3.308022,17.577305
92.490005,14.685067,100.92021,102.81203,1.9096792,3.396237,20.934431
93.00224,14.669986,100.035126,104.092384,1.9569837,3.484452,24.928299
93.763885,14.946924,97.107285,101.11063,2.62719,4.3083067,48.075047
94.525536,15.223864,94.17944,98.12887,3.297397,5.132161,57.14407
94.19317,15.157137,93.33656,97.22044,3.4890435,5.3275504,66.544106
93.8608,15.09041,92.493675,96.31203,3.6806903,5.52294,76.10575
93.76833,15.097512,94.102005,97.49854,3.8988354,5.83414,91.19502
93.675865,15.104614,95.710335,98.68507,4.11698,6.1453385,110.92847
93.50129,15.083445,95.79701,98.932144,4.2830243,6.3601665,127.19873
93.32672,15.062276,95.88369,99.17922,4.4490685,6.574994,143.47388
92.70868,15.086106,97.378174,100.69348,4.5190535,6.663621,149.27693
92.09063,15.109938,98.87266,102.20776,4.5890384,6.7522473,154.20262
91.72455,15.132997,103.21049,106.68222,4.674555,6.937447,158.97491
91.35846,15.156057,107.54831,111.15669,4.760071,7.122647,161.12946
90.750786,15.197946,106.54261,112.06236,4.616674,7.026441,147.36601
90.14311,15.239834,105.53691,112.96804,4.473276,6.930236,135.53586
89.84151,15.2874565,102.31462,110.2626,4.453914,6.9003363,135.9754
89.5399,15.335079,99.09232,107.557175,4.4345517,6.870437,136.39417
89.37519,15.406319,99.679634,107.212166,4.799227,7.3857727,166.97174
89.21048,15.477556,100.26695,106.867165,5.1639023,7.9011083,208.55571
89.23541,15.5123005,103.49875,109.15418,5.3356557,8.182109,227.58267
89.26035,15.547045,106.730545,111.44121,5.5074096,8.46311,245.29456
89.06983,15.565977,109.14051,114.15159,5.0700383,8.009155,198.90472
88.8793,15.58491,111.55047,116.86196,4.6326675,7.5551996,151.29643
88.954765,15.577152,111.758575,118.32558,4.4994793,7.350773,136.25377
89.03022,15.569393,111.96669,119.789215,4.3662915,7.1463466,120.76358
89.057335,15.5904875,106.82109,115.3621,4.679335,7.4359264,151.5011
89.08444,15.611582,101.67548,110.934975,4.9923787,7.7255063,184.75093
89.28412,15.633007,104.908966,112.89763,5.285256,8.143102,217.30574
89.48379,15.654432,108.14246,114.86026,5.578133,8.560698,245.92859
89.65279,15.650715,110.11378,117.37255,5.547131,8.5245495,238.57092
89.821785,15.6469965,112.0851,119.88484,5.516128,8.488402,231.03998
90.64174,15.620036,115.28447,123.26352,5.4571815,8.449984,228.99551
91.4617,15.593076,118.48385,126.6422,5.398235,8.411565,234.48074
91.83486,15.613908,119.904564,128.40967,5.3252115,8.347427,231.68324
92.20802,15.634742,121.32528,130.17714,5.252188,8.28329,232.68155
92.49608,15.643461,121.36927,129.98329,5.415536,8.488244,263.52557
92.78414,15.652181,121.41326,129.78944,5.5788836,8.693197,293.5084
92.70243,15.666225,121.3697,128.7966,5.684458,8.867465,306.36273
92.62071,15.68027,121.326126,127.803764,5.7900314,9.041731,317.36493
91.96593,15.695663,121.47414,128.43274,5.9532485,9.234921,314.97327
91.311134,15.711057,121.62214,129.06174,6.116466,9.428111,317.04456
90.98449,15.733166,120.68348,127.36812,5.9843783,9.324867,303.6423
90.65785,15.755276,119.74483,125.6745,5.8522916,9.2216215,288.8608
90.54642,15.770683,116.820404,121.332504,5.7110353,9.102115,283.7268
90.43499,15.786092,113.89599,116.99052,5.5697794,8.982606,278.69693
90.38332,15.759534,115.82527,120.00589,5.567183,8.996598,272.8464
90.33165,15.732975,117.754555,123.02126,5.564586,9.010591,267.2949
91.00027,15.625879,123.305084,128.75024,6.064214,9.527562,321.9762
91.66889,15.5187845,128.85562,134.47922,6.563843,10.044533,368.14435
90.9648,15.593705,131.80206,136.26558,6.3890285,9.81197,339.6297
90.26071,15.668626,134.7485,138.05196,6.2142143,9.579408,304.74237
90.45694,15.676048,131.787,135.7626,5.9665,9.283477,281.05112
90.653175,15.683472,128.8255,133.47327,5.718786,8.987547,256.37912
91.290634,15.666099,136.83241,141.34947,5.654994,8.953579,266.4511
91.9281,15.6487255,144.83932,149.2257,5.5912027,8.919611,292.2663
93.04294,15.533783,156.64285,160.93823,4.5262294,7.451909,166.0187
94.157776,15.418839,168.4464,172.65079,3.4612556,5.9842067,75.93476
94.431595,15.374434,177.7434,181.8103,2.7902417,5.038935,34.996185
94.70541,15.330028,187.04037,190.96982,2.119228,4.0936637,-0.25066134
94.647606,15.323851,202.97327,205.45784,2.3132672,4.3013997,-5.403035
94.589806,15.317675,218.90617,219.94583,2.507307,4.5091357,-1.7941463
94.802734,15.308309,230.0593,232.76926,3.6382585,5.8106546,50.413044
95.015656,15.2989435,241.21239,245.59265,4.76921,7.112174,155.62634
95.06358,15.355815,249.91481,254.32776,5.4683313,7.9242764,232.3151
95.1115,15.412685,258.61728,263.06287,6.1674533,8.736379,275.37607
94.34963,15.408273,256.88766,260.49106,6.2561502,8.77593,270.35336
93.58776,15.403859,255.15807,257.91925,6.344847,8.81548,267.01083
93.17331,15.370231,250.90527,253.98872,6.356174,8.834327,269.61526
92.75885,15.336602,246.65248,250.0582,6.3674994,8.853172,270.30423
92.09553,15.362331,243.44286,247.36273,6.270538,8.792889,257.7249
91.432205,15.388062,240.23325,244.66728,6.173577,8.732604,245.32022
90.80711,15.431651,236.39095,240.78824,6.042676,8.672586,234.27032
90.18202,15.475241,232.54868,236.9092,5.9117756,8.612569,226.27155
89.6217,15.576295,227.81432,232.8337,5.540435,8.3390875,211.05786
89.061386,15.677351,223.07996,228.75818,5.1690946,8.065607,195.72511
88.11806,15.789926,217.8713,224.87086,4.765148,7.7075887,166.24255
87.17473,15.902499,212.66266,220.98358,4.3612027,7.34957,141.01573
86.43294,15.983329,203.71292,214.58617,4.101409,6.9590573,126.12371
85.69114,16.064157,194.76321,208.18875,3.8416147,6.568544,128.31166
86.05755,16.000542,183.39813,195.87555,4.194726,6.854317,188.32385
86.42396,15.936923,172.03308,183.56238,4.5478373,7.140091,225.72115
87.174416,15.829121,166.8532,175.74016,5.219931,8.025997,284.52084
87.924866,15.721316,161.67331,167.91794,5.892025,8.911903,314.80087
87.94892,15.714635,161.3444,167.95537,6.131636,9.245412,333.40063
87.97297,15.707954,161.0155,167.9928,6.371247,9.578921,349.072
86.90477,15.882114,163.41064,170.73059,6.2029853,9.542505,350.43768
85.83658,16.056274,165.80579,173.46837,6.0347238,9.50609,346.75314
85.55834,16.172428,166.97078,174.56047,6.1561418,9.718325,355.06653
85.28011,16.28858,168.13579,175.65256,6.2775598,9.930559,361.7329
85.15566,16.355566,169.04787,176.81255,6.3789454,10.100351,370.11395
85.03121,16.422548,169.95995,177.97253,6.480331,10.2701435,377.4949
84.7385,16.4898,171.42839,179.92303,6.340467,10.157543,373.34854
84.445786,16.557047,172.89684,181.87352,6.2006035,10.044943,369.99127
84.07135,16.586256,174.588,183.43208,6.0588937,9.910883,363.25198
83.696915,16.615463,176.27914,184.99062,5.917184,9.776822,356.40372
83.60581,16.570253,177.16646,186.56273,5.787466,9.577792,351.37277
83.51472,16.525042,178.05377,188.13486,5.6577473,9.378763,345.11728
84.526375,16.348846,175.93068,184.69987,5.731229,9.270664,339.67264
85.538025,16.172651,173.80757,181.26491,5.80471,9.162565,336.2205
85.92074,16.090153,172.84381,180.19937,5.6538777,8.931137,328.36136
86.30345,16.007656,171.88005,179.13382,5.5030456,8.699707,319.9151
86.44921,15.962584,171.2503,178.44118,5.243907,8.359248,305.3561
86.59497,15.917511,170.62057,177.74855,4.984769,8.018788,285.05685
86.70998,15.859675,167.89554,175.23874,4.813425,7.733305,262.39484
86.82498,15.80184,165.1705,172.72894,4.6420813,7.4478216,226.1142
86.73953,15.764967,160.17526,168.16226,4.5935273,7.314836,197.92514
86.65408,15.728096,155.18004,163.59557,4.5449734,7.1818514,167.95172
86.27371,15.723683,151.19167,159.71338,4.4853773,7.0874763,148.96138
85.89333,15.719272,147.20331,155.83118,4.4257812,6.993102,133.10133
85.36666,15.745156,142.77306,150.8582,4.5171895,7.1400623,129.00797
84.84,15.77104,138.34282,145.88524,4.6085978,7.287023,126.77419
84.59441,15.829415,131.49205,139.54213,4.5383196,7.305517,127.496735
84.34883,15.88779,124.64129,133.199,4.468041,7.3240113,137.13567
84.21246,15.967507,119.621376,128.20186,4.7526727,7.775402,158.50133
84.076096,16.047224,114.60145,123.20471,5.0373044,8.226793,189.03833
84.563065,16.109858,116.153275,123.90195,5.554615,8.88042,226.48312
85.05003,16.172487,117.7051,124.5992,6.071926,9.534047,269.41492
86.184235,16.124334,119.96243,126.24884,6.0962806,9.466509,264.378
87.31843,16.076178,122.219765,127.8985,6.1206355,9.39897,258.84555
88.54856,15.967592,126.48418,132.03534,5.698059,8.883052,212.35988
89.77868,15.859005,130.7486,136.17218,5.2754827,8.367133,176.12526
89.84118,15.871678,128.3836,134.29369,5.521449,8.672222,205.27832
89.90367,15.884352,126.01864,132.41519,5.7674155,8.977311,236.59555
90.38133,15.887305,128.9993,134.41208,6.342394,9.680658,309.9343
90.859,15.890259,131.97995,136.40898,6.917371,10.3840065,372.24197
91.40963,15.903539,135.04704,140.03745,7.1938515,10.685266,402.82413
91.96025,15.916819,138.11414,143.66592,7.470331,10.986526,435.0157
92.59352,15.949181,140.77896,147.28442,7.3636084,10.885317,439.00757
93.22679,15.981544,143.4438,150.90291,7.256886,10.784108,443.0404
93.614456,16.001932,143.25664,150.87778,7.150304,10.647504,438.8149
94.00211,16.022322,143.06947,150.85266,7.043721,10.5109005,435.10254
94.326294,15.998206,145.29703,152.29308,7.024912,10.526352,443.30356
94.650475,15.97409,147.52458,153.73349,7.0061016,10.541802,451.17386
95.19169,15.9658575,150.26248,156.77515,6.8437524,10.367284,450.9136
95.73291,15.957624,153.0004,159.81679,6.6814027,10.192765,451.95407
96.07557,15.899011,156.54057,163.56068,6.329269,9.69945,428.89767
96.418236,15.840396,160.08075,167.30458,5.977135,9.206133,396.1054
96.12714,15.80673,169.11858,175.82315,5.3281317,8.383322,302.0352
95.83604,15.773064,178.1564,184.3417,4.679128,7.560509,192.77873
95.43734,15.780289,177.4424,189.03433,4.104797,6.671065,107.09539
95.03865,15.787513,176.72841,193.72697,3.5304651,5.7816205,67.673485
94.931564,15.823442,187.01225,203.23721,3.2723567,5.5125494,44.714737
94.82447,15.859372,197.29613,212.74747,3.0142481,5.243478,26.790773
94.958,15.878344,212.89426,226.19415,3.1483827,5.5629473,32.243607
95.09153,15.897316,228.49237,239.64088,3.2825172,5.8824177,44.625156
94.291405,15.774795,239.6798,247.62843,4.6120887,7.463379,174.69702
93.49128,15.652275,250.86723,255.616,5.9416604,9.044341,298.74026
92.95979,15.567662,249.57549,254.67337,5.7959957,8.816256,271.41037
92.42831,15.483049,248.28377,253.73076,5.650331,8.588171,246.00435
92.402374,15.44746,248.00351,253.4628,5.616292,8.60746,248.3671
92.37644,15.411872,247.7233,253.19485,5.5822535,8.626749,250.83292
92.00826,15.402152,246.35223,252.25748,5.6119514,8.656326,247.63301
91.64008,15.392432,244.98117,251.32011,5.641649,8.685903,244.37491
91.00279,15.398638,245.83907,252.65356,5.5998282,8.610748,226.70572
90.36549,15.404842,246.69695,253.98703,5.5580072,8.535593,207.67503
89.85052,15.384657,246.61412,254.06827,5.5369196,8.439468,196.5959
89.335556,15.3644705,246.53128,254.14952,5.5158315,8.343345,186.21457
88.764465,15.381258,247.49179,255.80785,5.342917,8.126173,179.28508
88.19339,15.398044,248.45227,257.4662,5.170003,7.909002,174.10333
87.987175,15.41139,245.55078,254.45207,5.119758,7.8206577,171.85693
87.78095,15.424737,242.6493,251.43794,5.069514,7.7323136,168.5667
88.07661,15.401232,238.08708,246.21587,4.897229,7.5166593,160.97209
88.37226,15.377727,233.52483,240.99379,4.7249446,7.3010054,150.85664
88.869644,15.351981,231.19528,237.56723,4.822403,7.4348974,158.38078
89.36704,15.326237,228.86575,234.14066,4.919861,7.56879,167.1635
89.96421,15.314375,225.98282,232.29189,4.962687,7.600894,177.30952
90.561386,15.302514,223.09987,230.44312,5.0055127,7.632998,185.80014
90.46722,15.323251,223.23334,230.6956,4.985427,7.608586,182.99527
90.37305,15.343987,223.3668,230.9481,4.9653416,7.584173,180.37254
89.90998,15.381383,224.72018,231.93388,4.9458647,7.6357603,177.43402
89.44692,15.418779,226.07355,232.91968,4.9263883,7.6873474,173.87857
89.19469,15.49919,222.86609,230.87856,4.6387615,7.453485,159.07045
88.94246,15.5796,219.6586,228.83746,4.351135,7.219623,142.38992
88.94961,15.6849165,213.77812,224.4557,4.191376,7.0518165,129.36133
88.95675,15.790233,207.89766,220.07394,4.031618,6.8840094,126.84986
88.530426,15.839469,206.16861,218.45366,3.9582098,6.7858467,122.53775
88.104095,15.888705,204.43954,216.83337,3.8848016,6.687684,113.49427
87.58799,15.9094305,201.0406,214.57716,3.7968874,6.51266,105.51423
87.07188,15.930155,197.64166,212.32095,3.7089734,6.337636,107.010704
86.59929,15.956976,193.9542,209.05917,3.7129853,6.290009,117.235855
86.12669,15.983799,190.26672,205.79738,3.7169974,6.2423816,130.5259
85.77972,16.012733,186.52649,200.59212,3.967847,6.542585,155.99683
85.43275,16.04167,182.78625,195.38686,4.218697,6.8427887,193.6608
85.82248,15.987058,182.07628,192.18544,4.463164,7.289901,224.82544
86.21222,15.932444,181.36633,188.98405,4.7076306,7.737013,257.18903
86.40868,15.931015,181.69568,187.94028,4.63028,7.789843,258.4702
86.605156,15.929586,182.02502,186.89648,4.5529294,7.842673,259.70758
86.47403,15.948793,182.80487,187.23642,4.2501173,7.4824095,228.50961
86.34291,15.968,183.5847,187.57637,3.9473052,7.122146,199.79836
86.251785,15.966462,186.26797,189.90388,3.7597706,6.8694615,178.80563
86.16066,15.964926,188.95125,192.23138,3.572236,6.6167765,158.03012
86.213486,15.934325,192.07712,195.88736,3.1593466,6.0427995,130.67564
86.26632,15.903725,195.20296,199.54332,2.7464566,5.468822,95.81139
86.91496,15.756982,192.91074,199.27919,2.6610541,5.3659945,99.14414
87.56362,15.610239,190.61848,199.01505,2.575652,5.2631664,100.51814
87.71717,15.616734,188.90561,200.32018,2.2851985,4.7320504,84.07713
87.87073,15.623226,187.1927,201.62532,1.9947449,4.2009344,63.573982
88.209,15.6036625,185.01414,202.02582,1.7723095,3.7955086,49.8349
88.54727,15.5841,182.83557,202.4263,1.549874,3.390083,38.718994
88.880585,15.550101,177.95177,205.13716,1.2401831,2.7858164,27.888247
89.213905,15.516103,173.06796,207.848,0.93049216,2.18155,20.879578
89.37184,15.499827,163.29094,222.40497,0.7491834,1.7147242,23.81983
89.529785,15.483551,153.51392,236.9619,0.56787467,1.2478983,41.56401
90.27098,15.385474,154.63896,225.03029,0.65327066,1.0738109,28.59626
91.01217,15.287397,155.764,213.09866,0.73866665,0.8997236,17.017015
91.31437,15.248126,116.77886,186.71365,0.71827555,0.9362952,38.9272
91.61656,15.208856,77.79371,160.32866,0.69788444,0.9728668,55.38315
91.76573,15.223146,95.76415,127.23691,1.1333869,1.5024307,6.057084
91.914894,15.237437,113.73458,94.14516,1.5688891,2.0319946,5.4197655
91.83109,15.271574,122.54074,112.10625,1.6326363,2.443767,1.3267922
91.747284,15.305711,131.3469,130.06735,1.6963831,2.8555398,0.7872839
92.239,15.242384,147.87442,147.70006,1.5479432,2.8375914,-9.012869
92.730705,15.179056,164.40198,165.33278,1.3995032,2.8196433,-5.1592507
92.801674,15.175089,159.4144,171.85048,1.1402271,2.4056418,-1.5336097
92.87264,15.171122,154.4268,178.36818,0.8809511,1.9916404,4.0685287
92.699814,15.201015,184.63986,194.80902,0.59829736,1.5591173,-7.867063
92.526985,15.230909,214.85292,211.24986,0.31564364,1.1265943,-13.097486
92.628075,15.226412,212.67613,230.53711,0.41175348,1.0888556,-5.3321824
92.729164,15.221914,210.49936,249.82433,0.50786334,1.0511171,2.3836877
92.74079,15.214664,271.0005,281.78595,0.7280913,1.3760422,-4.430773
92.75242,15.207415,331.50165,313.74756,0.94831914,1.7009673,-7.691206
92.72892,15.214344,261.8713,285.74017,1.3046148,2.4298337,4.336863
92.705414,15.221272,192.24095,257.73276,1.6609104,3.1587002,54.52011
92.13927,15.286027,171.67506,146.44414,2.1016347,3.8869882,9.318688
91.57311,15.350779,151.10916,35.155502,2.5423589,4.6152763,41.027363
91.101295,15.407505,117.19552,21.757177,2.994685,5.2996435,66.98238
90.62948,15.46423,83.281876,8.358853,3.4470105,5.9840117,126.92337
90.46004,15.499745,46.397175,11.175818,3.4627163,6.0770116,157.35411
90.29059,15.535261,9.512483,13.9927845,3.4784222,6.1700115,173.25755
90.29715,15.555821,12.289267,17.463583,3.2825341,5.9556084,154.27841
90.30371,15.576382,15.066051,20.93438,3.0866458,5.741205,137.44873
90.414696,15.576064,18.5076,24.558907,2.9020498,5.47818,112.59882
90.52568,15.575745,21.949152,28.183437,2.7174537,5.2151546,85.82724
90.87107,15.544084,18.537788,26.951214,2.6420996,4.9948144,68.55823
91.21645,15.5124235,15.126428,25.718992,2.5667455,4.7744746,53.572365
91.572296,15.473182,27.41243,23.063004,2.548284,4.7204065,52.251804
91.92814,15.43394,39.698437,20.407011,2.5298226,4.6663384,54.20868
92.108665,15.408527,65.38531,17.918839,2.3893938,4.4163747,33.841305
92.289185,15.383114,91.07219,15.430664,2.248965,4.1664114,21.804502
92.52766,15.327038,215.17046,185.73776,2.3226547,4.1079144,13.518463
92.76612,15.270962,339.26874,356.04486,2.3963442,4.0494175,13.221982
90.81213,15.418054,339.15945,352.3288,2.6356807,4.2105055,9.697123
88.85814,15.5651455,339.05014,348.61276,2.8750172,4.371594,13.31831
88.63193,15.529537,337.20108,345.63928,2.8985066,4.362014,13.18003
88.405716,15.493931,335.35202,342.6658,2.9219959,4.3524337,12.835238
88.21623,15.447735,335.1988,342.0142,2.9155457,4.2413373,11.027224
88.02675,15.40154,335.04556,341.3626,2.9090953,4.1302414,9.766314
87.90017,15.38906,340.05884,345.81094,2.7155702,3.868136,6.91931
87.77359,15.37658,345.07214,350.25928,2.5220451,3.6060302,-0.073595144
87.88921,15.370348,344.30286,350.45926,2.328314,3.3372853,-4.6229477
88.004845,15.364116,343.53354,350.6592,2.1345832,3.06854,-7.759
87.89948,15.359495,285.48898,237.10835,1.8208636,2.707717,5.0443897
87.79411,15.354876,227.44443,123.55751,1.5071439,2.346894,21.891582
87.46833,15.364568,282.35144,150.7966,1.2195199,1.9274937,-0.9758846
87.14254,15.37426,337.25848,178.03569,0.9318957,1.5080932,-13.178524
86.998856,15.367897,271.0735,143.39355,0.6814847,1.1719768,-7.791695
86.85517,15.361535,204.88847,108.751434,0.4310736,0.8358604,-23.275726
87.10268,15.361712,191.11295,128.10753,0.6169072,0.8644648,-28.913713
87.35019,15.361892,177.33742,147.46362,0.80274075,0.89306927,-32.853603
87.58293,15.372467,184.31134,164.33076,1.0866652,1.3753847,-12.040982
87.815674,15.383043,191.28526,181.19788,1.3705896,1.8577003,1.7926568
87.38745,15.41149,190.58348,184.47061,1.6433454,2.4002948,14.933787
86.95923,15.439939,189.88168,187.74335,1.9161009,2.9428895,23.592636
86.900085,15.464681,183.69109,185.20789,2.0546138,3.266776,39.991184
86.84095,15.489425,177.5005,182.67242,2.193127,3.5906627,61.53393
86.74959,15.524748,179.24173,183.78714,2.282662,3.7824645,68.85284
86.65823,15.560072,180.98296,184.90187,2.3721967,3.974266,74.472534
86.948494,15.588582,171.40176,179.68967,2.3938818,4.007158,88.188416
87.23875,15.617092,161.82054,174.47748,2.4155672,4.0400496,87.51405
87.41771,15.659749,161.30383,171.51001,2.8767538,4.6691127,101.662125
87.59668,15.702406,160.78714,168.54254,3.3379402,5.298176,112.72364
87.85751,15.742486,157.89157,166.35106,3.2749262,5.2886186,104.51422
88.11835,15.782565,154.996,164.15956,3.211912,5.2790613,95.40069
88.81203,15.793782,156.33609,165.26392,3.5711455,5.740894,100.430916
89.5057,15.804999,157.6762,166.36827,3.9303794,6.2027264,109.511734
90.07844,15.825762,160.85728,169.05988,4.0194426,6.407871,119.98702
90.65118,15.846523,164.03836,171.75148,4.1085052,6.613015,130.51857
90.52544,15.889881,169.46991,176.79463,4.0868263,6.667906,143.14093
90.3997,15.933238,174.90143,181.83777,4.065148,6.722797,157.4301
89.918686,16.00582,180.34114,189.42416,3.9378824,6.5854783,160.73865
89.43768,16.078402,185.78085,197.01054,3.810617,6.4481597,154.3374
89.18676,16.179169,189.30484,202.55415,3.6475692,6.2351613,144.58932
88.93584,16.279934,192.82884,208.09778,3.4845216,6.022163,125.33661
88.75747,16.340923,200.64145,214.04332,3.6677217,6.3854713,116.96694
88.579094,16.401913,208.45409,219.98888,3.850922,6.74878,119.46443
87.77933,16.459452,212.0754,223.2759,4.0719423,7.150915,142.91455
86.97955,16.51699,215.69672,226.56293,4.292962,7.5530496,163.88745
85.97467,16.58289,217.50815,228.8577,4.1521883,7.334071,147.31995
84.9698,16.648787,219.3196,231.1525,4.011414,7.115093,119.351456
85.45084,16.582397,225.30202,241.53,3.6011465,6.6444535,88.87225
85.931885,16.516008,231.28442,251.9075,3.190879,6.1738143,79.99172
85.90258,16.517282,231.45166,250.7727,2.8663673,5.725273,67.65449
85.87327,16.518559,231.6189,249.6379,2.541856,5.276733,58.21623
86.31195,16.48002,217.79607,236.85165,2.5198178,5.0715203,61.27778
86.75063,16.441484,203.97325,224.06538,2.4977796,4.8663077,60.395943
86.449585,16.468542,200.01845,215.9828,3.0732768,5.738792,88.266426
86.148544,16.495598,196.06366,207.9002,3.6487737,6.611276,135.88092
85.47871,16.574757,199.30435,210.62271,4.2202506,7.476969,195.05382
84.80886,16.653917,202.54504,213.34523,4.791728,8.342661,259.63986
85.33471,16.681877,209.12383,219.4419,5.041953,8.646515,265.39023
85.86055,16.709835,215.70259,225.53853,5.292178,8.950368,274.4777
86.36699,16.694162,219.22304,227.66997,5.5210757,9.223806,283.96445
86.87342,16.678492,222.74347,229.80136,5.749974,9.497245,301.1079
87.52073,16.617393,224.41512,231.10889,5.985702,9.677658,308.95987
88.16804,16.556297,226.08676,232.41641,6.221431,9.858072,315.51355
88.75994,16.494041,228.16089,234.33,6.264313,9.84516,315.6242
89.351845,16.431784,230.23505,236.24359,6.3071957,9.832246,317.3268
89.78057,16.39271,229.56819,235.9071,6.093952,9.553639,295.11487
90.2093,16.353638,228.90135,235.5706,5.880709,9.275032,277.4796
90.395485,16.364077,227.79903,234.46309,5.8085423,9.211102,276.77072
90.58167,16.374516,226.69667,233.35558,5.7363753,9.14717,276.35034
90.808304,16.406588,227.60461,233.85324,5.6178403,9.082158,278.16302
91.03493,16.438663,228.51254,234.35088,5.4993052,9.017144,279.17984
91.130905,16.489353,227.33794,234.32047,4.9940343,8.468888,238.1913
91.22689,16.540045,226.16333,234.29007,4.488764,7.9206324,198.83159
91.0771,16.588509,220.97862,230.94801,4.027475,7.3142586,156.85915
90.927315,16.63697,215.79391,227.60597,3.5661864,6.707885,119.03755
90.716255,16.685215,213.97801,226.70804,3.3073804,6.3711205,104.399055
90.50521,16.73346,212.16212,225.81009,3.0485742,6.0343566,95.98318
90.3398,16.770655,204.40767,221.11995,2.995649,5.786445,95.3505
90.174385,16.807852,196.65323,216.42982,2.942724,5.538534,101.66024
90.199265,16.80208,191.25267,209.98654,3.0835102,5.5718813,113.263794
90.224144,16.796309,185.85211,203.54326,3.224296,5.6052284,130.53401
90.44565,16.74777,180.88034,197.6425,3.3904762,5.7295976,135.04941
90.66716,16.699232,175.90858,191.74174,3.5566561,5.8539667,132.34201
90.775566,16.662172,174.6926,188.53482,3.7336833,6.2335944,147.12445
90.883965,16.625113,173.4766,185.32788,3.910711,6.613222,160.06372
90.48223,16.66659,172.21368,183.21373,3.9531238,6.8572226,177.22179
90.08049,16.708065,170.95079,181.09958,3.9955366,7.101223,193.78424
89.57925,16.762362,168.80455,178.62788,4.13668,7.3721066,210.63394
89.078,16.816656,166.65831,176.15616,4.277824,7.64299,226.70053
88.96251,16.802309,166.4002,175.11867,4.4745493,7.9197273,246.09424
88.847015,16.787964,166.14212,174.08118,4.6712747,8.196465,266.2846
88.80334,16.742758,167.22415,174.4016,4.8635993,8.405401,280.0423
88.75964,16.69755,168.3062,174.72203,5.0559235,8.614338,292.56354
88.69384,16.672441,168.92726,175.09476,5.1118,8.690688,298.4402
88.62804,16.647335,169.54831,175.46748,5.1676764,8.767037,303.89807
87.69467,16.758612,168.87837,176.46426,4.860844,8.352092,293.93137
86.7613,16.86989,168.20845,177.46103,4.5540113,7.937146,280.43265
86.50628,16.889769,168.26842,177.61052,4.6250057,8.031113,287.5069
86.25126,16.909647,168.3284,177.76,4.6959996,8.125079,292.29858
86.272545,16.899536,166.4238,175.96085,4.764717,8.170009,291.45264
86.29382,16.889423,164.51918,174.16171,4.8334346,8.214939,289.91553
86.47535,16.831713,163.6417,172.43086,5.0340815,8.364205,293.03595
86.65687,16.774,162.7642,170.70003,5.2347283,8.513472,293.73526
86.66056,16.732939,163.50105,170.77618,5.3176847,8.569485,296.37943
86.66425,16.691877,164.2379,170.85231,5.4006414,8.625499,299.39987
86.5899,16.673086,163.92465,170.58043,5.4578996,8.653341,300.73242
86.51554,16.654293,163.61139,170.30853,5.5151577,8.681185,301.8687
86.97988,16.616364,160.35843,167.07986,5.6058245,8.706962,289.6392
87.444214,16.578434,157.10545,163.8512,5.6964912,8.732739,275.79822
88.07681,16.547918,154.65506,161.16377,5.8075266,8.813258,265.17523
88.70941,16.5174,152.20468,158.47633,5.9185624,8.893776,257.5476
88.44122,16.533676,151.02075,157.39781,5.9357567,8.937304,257.94214
88.173035,16.54995,149.83684,156.31929,5.952951,8.980831,258.57892
87.23259,16.602156,153.01746,159.19438,5.8561,8.945065,271.6109
86.292145,16.654362,156.19807,162.06949,5.759249,8.909299,284.61777
85.95474,16.703516,154.19838,161.46907,5.659084,8.859503,279.41876
85.61735,16.752668,152.19868,160.86865,5.5589185,8.809707,274.71725
85.93774,16.819592,151.74619,160.1556,5.7561812,9.144184,287.05774
86.258125,16.886515,151.2937,159.44255,5.953444,9.4786625,298.99493
86.678276,16.934929,150.19902,158.10745,6.2502522,9.877972,316.74796
87.09841,16.983345,149.10432,156.77235,6.54706,10.277281,331.65182
86.75143,17.046139,148.76921,156.51836,6.7588477,10.577887,346.54504
86.404434,17.108934,148.4341,156.26434,6.9706354,10.878491,363.8103
85.354225,17.203163,148.5255,156.29004,7.2380443,11.275802,394.73438
84.30401,17.29739,148.61688,156.31573,7.5054526,11.67311,424.9364
82.80986,17.402586,149.5148,156.98232,7.7643046,12.077483,456.63766
81.31571,17.507782,150.4127,157.64888,8.023158,12.481855,478.59274
79.93074,17.604239,150.95364,158.32196,8.450502,13.078899,507.74234
78.54576,17.700697,151.49457,158.99503,8.877848,13.675943,526.23474
77.56378,17.790648,151.76878,159.5226,9.215779,14.226463,541.8459
76.5818,17.880598,152.043,160.05019,9.553711,14.776983,552.35175
75.85076,17.996342,153.43231,161.11874,9.745653,15.168956,557.78143
75.11972,18.112083,154.82164,162.1873,9.937595,15.560928,563.3138
75.232185,18.176743,157.69206,164.71523,9.992265,15.704799,563.845
75.34466,18.2414,160.56248,167.24315,10.046933,15.848669,564.4173
76.80444,18.17741,168.62227,174.29439,9.703555,15.311714,556.30084
78.26423,18.11342,176.68205,181.3456,9.360177,14.774758,547.48206
82.51942,17.765863,215.74315,225.00642,8.4899025,13.057252,520.428
86.77461,17.418308,254.80426,268.6672,7.619628,11.3397455,441.4934
88.90118,17.231123,277.71625,283.1433,7.560243,11.386441,415.6555
91.02774,17.043938,300.6282,297.61942,7.5008574,11.433138,417.2067
91.65527,16.87605,289.50348,289.82944,6.132634,9.703841,310.4152
92.28281,16.708164,278.37875,282.03943,4.764411,7.974545,187.47469
93.831345,16.525692,268.77673,273.81686,5.00235,8.137633,206.76013
95.379875,16.343222,259.1747,265.5943,5.240288,8.300721,230.40349
93.05999,16.378206,262.36932,267.76694,6.6959143,9.847364,343.85394
90.740105,16.41319,265.56393,269.93958,8.151541,11.394009,424.0312
89.006386,16.27479,265.74597,269.20905,8.578493,11.608267,429.97614
87.27267,16.136389,265.92795,268.4785,9.0054455,11.822526,443.8992
87.20461,15.969349,266.54764,268.48605,9.532573,12.135729,452.95837
87.13656,15.802307,267.16733,268.4936,10.0597,12.448932,461.19553
87.30688,15.6897955,267.41092,268.59775,10.148255,12.398501,458.42905
87.477196,15.577284,267.65448,268.70193,10.23681,12.348072,456.60992
87.25826,15.479712,269.0899,270.1666,10.4106045,12.509326,467.87155
87.03934,15.382141,270.52536,271.63126,10.5844,12.670579,478.4569
87.01972,15.325762,273.84756,274.95898,10.541512,12.553125,475.9128
87.00011,15.269382,277.16977,278.28668,10.498622,12.435672,473.51175
86.224174,15.283708,278.93332,280.14465,10.200352,12.033868,452.58206
85.44824,15.298035,280.69687,282.00266,9.9020815,11.632065,427.011
84.149475,15.330131,281.43134,282.6888,9.878669,11.592001,422.26727
82.850716,15.3622265,282.16583,283.37494,9.855256,11.551939,420.44864
81.84765,15.394367,282.6842,283.8147,9.823313,11.525768,425.85196
80.84458,15.426507,283.20258,284.2544,9.79137,11.499598,432.07318
80.2097,15.484018,282.2313,283.31857,9.636175,11.356613,423.27585
79.57482,15.541531,281.25998,282.38275,9.480982,11.21363,413.0341
78.95365,15.628333,279.57288,280.98138,8.989665,10.737517,369.701
78.33249,15.715136,277.8857,279.58002,8.49835,10.261406,336.96674
78.98954,15.780155,271.92426,274.0385,7.8667564,9.657258,310.78925
79.64659,15.845175,265.96277,268.497,7.2351627,9.053111,268.70596
79.38289,15.91981,261.36948,264.6494,6.835747,8.7278805,249.07907
79.11919,15.994446,256.77615,260.80182,6.436331,8.402652,227.30408
79.11757,16.036997,253.93356,258.5972,6.131972,8.094308,206.35422
79.11596,16.07955,251.09097,256.3926,5.827613,7.7859635,184.4317
79.534294,16.074057,248.54556,254.50371,5.335297,7.234684,154.29231
79.95262,16.068562,246.00015,252.6148,4.842981,6.683404,118.02958
79.72489,16.09723,243.39417,250.37715,4.6240697,6.444855,101.686806
79.49717,16.125898,240.78818,248.1395,4.405159,6.2063055,86.046326
78.96172,16.158398,241.02258,247.9997,4.725711,6.641846,118.30299
78.42627,16.190897,241.25699,247.85988,5.046263,7.0773864,142.43385
78.42668,16.182077,245.79938,252.73755,5.376321,7.365769,155.39261
78.4271,16.173258,250.34175,257.6152,5.7063794,7.6541514,169.45345
78.48503,16.18895,256.4928,263.96423,5.2045393,6.972441,124.6851
78.54296,16.204641,262.64383,270.31326,4.7026987,6.2907314,88.09194
79.20942,16.170855,260.4057,268.8829,4.2680206,5.7014365,60.134968
79.875885,16.137072,258.16757,267.4525,3.833343,5.112141,39.208027
79.92398,16.099571,252.81245,261.78934,3.8896654,5.2070265,37.942513
79.97208,16.062073,247.45735,256.12616,3.945987,5.3019114,39.413967
79.64437,16.046286,246.54303,254.03603,4.4296746,6.021193,72.30301
79.31666,16.0305,245.62874,251.94592,4.9133615,6.7404737,124.10393
78.9212,16.06741,252.00583,258.14084,5.757086,7.8736534,188.11917
78.52576,16.104319,258.38293,264.3358,6.6008105,9.006832,265.73395
78.601906,16.059391,266.4009,270.84357,6.8893027,9.250839,277.91504
78.678055,16.014462,274.41885,277.35132,7.1777945,9.494846,299.47083
78.92644,15.93534,274.57257,277.32397,7.2884026,9.479067,298.80692
79.17481,15.856218,274.72626,277.29663,7.3990116,9.463287,297.23004
79.82659,15.773091,275.56717,277.90622,7.413488,9.342086,288.57382
80.47838,15.689965,276.40808,278.5158,7.427964,9.220885,280.2912
81.03725,15.657371,278.535,280.6476,7.223253,8.899619,263.87558
81.596115,15.624776,280.66196,282.77942,7.0185423,8.578355,244.83823
82.14944,15.598294,281.35583,283.55872,6.676721,8.122286,211.52339
82.70277,15.571811,282.04968,284.338,6.334901,7.666217,171.54425
83.21254,15.545991,280.7225,283.21475,6.0121827,7.254155,145.2444
83.72231,15.520171,279.39536,282.09146,5.6894646,6.8420944,123.01899
84.077065,15.498125,276.64197,279.49115,5.408222,6.465092,110.038475
84.43182,15.476078,273.88864,276.8908,5.1269794,6.0880895,90.61006
84.8511,15.438746,269.51382,272.21304,5.1966777,6.1280966,90.27961
85.27037,15.401414,265.139,267.53528,5.266376,6.168103,91.15072
85.58904,15.353666,263.01843,265.02567,5.45475,6.3600993,103.66487
85.90771,15.305919,260.89783,262.51602,5.643124,6.5520954,109.38787
85.90548,15.281145,260.08185,261.60196,5.641781,6.5497565,108.70968
85.903244,15.2563715,259.26584,260.68793,5.6404376,6.547417,108.03138
86.02876,15.247009,257.8643,259.22675,5.566461,6.4576335,105.48681
86.15428,15.237647,256.4627,257.76562,5.4924846,6.3678493,102.197624
86.24674,15.250973,254.30829,255.66878,5.453988,6.357133,101.0234
86.33919,15.264299,252.15384,253.57191,5.4154916,6.3464155,99.32727
86.536316,15.281553,248.51764,249.95648,5.395697,6.3708577,97.42281
86.73344,15.298808,244.88142,246.34105,5.375903,6.3952994,96.142265
86.94727,15.337532,242.84012,244.69052,5.253432,6.390438,96.5826
87.1611,15.376254,240.79881,243.04,5.1309605,6.385577,97.89929
87.399445,15.445962,235.5054,238.37123,4.813757,6.1519394,89.31067
87.63778,15.515669,230.21199,233.70248,4.4965534,5.9183016,83.23454
88.34578,15.573234,225.7595,229.41864,4.368319,5.8938317,83.086586
89.05377,15.630798,221.30704,225.1348,4.240085,5.869362,81.76377
89.31103,15.650648,219.59756,223.98032,4.2728386,5.9374156,84.68432
89.56829,15.670499,217.88809,222.82585,4.305592,6.00547,89.214226
89.73515,15.61255,217.5519,222.91818,4.2198086,5.796103,81.38894
89.902016,15.554603,217.2157,223.01054,4.1340256,5.5867367,74.74112
90.27696,15.446999,212.44518,217.6831,4.245434,5.52192,69.90043
90.65191,15.339396,207.67467,212.3557,4.356843,5.4571033,64.901
91.54524,15.317544,198.44939,202.90825,4.5892487,5.7293005,68.19301
92.438576,15.2956915,189.22414,193.46082,4.8216553,6.001497,72.28582
92.93038,15.364978,188.12158,191.74805,5.389655,6.732879,109.87625
93.42218,15.434265,187.01904,190.0353,5.957655,7.464261,169.34615
93.62187,15.491677,191.5341,194.91104,6.2970915,7.957082,197.19373
93.82156,15.5490885,196.04918,199.78676,6.636528,8.4499035,230.8026
94.26108,15.603726,201.02031,205.48946,6.5001254,8.4291725,214.919
94.70059,15.658362,205.99144,211.19214,6.3637223,8.408442,210.29445
94.53075,15.744712,208.32129,214.42299,6.020817,8.168807,189.33948
94.3609,15.831061,210.65115,217.65387,5.6779118,7.9291735,174.47981
92.68393,15.725525,205.72897,211.52397,6.630324,8.9493885,257.95258
91.00696,15.619988,200.8068,205.39406,7.582736,9.969604,368.4987
91.20741,15.762024,204.42822,210.24693,7.154604,9.70325,338.74582
91.40785,15.904059,208.04968,215.09984,6.726472,9.436895,304.76538
91.59529,15.994808,213.30504,221.18196,6.392465,9.159384,274.10657
91.78273,16.085558,218.56041,227.2641,6.058458,8.881872,259.50735
91.95451,16.131681,220.64735,230.119,5.620327,8.396767,232.08444
92.1263,16.177805,222.7343,232.97392,5.1821957,7.911661,202.00026
92.20963,16.183971,228.10736,236.82944,4.954055,7.739989,191.79298
92.29296,16.190138,233.48041,240.68498,4.725914,7.568316,183.37245
92.272736,16.191639,232.36902,240.36516,4.639423,7.4598637,179.19081
92.2525,16.19314,231.25763,240.04533,4.5529323,7.351411,174.60782
92.395966,16.182238,231.95795,240.82085,4.5743475,7.338291,173.56314
92.53943,16.171337,232.65825,241.59639,4.595763,7.3251715,172.22107
92.7039,16.1708,232.82861,241.65582,4.537069,7.2398076,166.48503
92.868385,16.170263,232.99898,241.71527,4.478374,7.1544437,159.39474
93.00514,16.164993,233.92732,242.82121,4.3905225,7.054205,148.7356
93.14189,16.159721,234.85565,243.92719,4.30267,6.9539666,137.37103
93.246735,16.158855,232.7411,242.20444,4.2775435,6.8881164,130.77667
93.351585,16.15799,230.62654,240.48167,4.2524166,6.822266,123.90415
93.36609,16.172974,228.48024,237.99246,4.217081,6.8250475,121.608925
93.38059,16.187958,226.33392,235.5032,4.1817455,6.827828,119.35742
93.428345,16.195768,227.5299,235.4718,4.3001847,7.0313506,136.62679
93.47608,16.203579,228.72588,235.44037,4.4186234,7.234873,158.42764
93.49442,16.235651,226.43901,233.84224,4.2170506,7.036787,132.78586
93.512764,16.267725,224.15211,232.2441,4.015478,6.8387012,112.9108
93.36939,16.334513,222.04562,231.1231,3.6721656,6.5282917,86.40175
93.22602,16.401299,219.93913,230.00208,3.3288534,6.217882,74.283905
92.84087,16.490013,212.93651,225.4005,3.0367064,5.8465357,64.305084
92.45573,16.578728,205.93388,220.79893,2.7445593,5.4751887,59.163136
92.4364,16.588404,194.17465,210.95033,2.778261,5.314235,65.34695
92.417076,16.59808,182.41542,201.10173,2.8119628,5.153281,76.46482
92.46627,16.588137,176.53336,193.32901,3.342594,5.8144507,87.91368
92.515465,16.578194,170.65128,185.55627,3.8732247,6.4756207,122.29012
92.28632,16.6049,169.77429,183.06375,4.2806563,7.1225853,164.58737
92.0572,16.631605,168.89731,180.57123,4.688088,7.7695503,212.07394
91.59508,16.698074,171.51344,182.60165,4.7109904,7.943168,231.41008
91.13296,16.764544,174.12958,184.63208,4.733893,8.116787,250.68773
90.94179,16.820124,179.46748,189.82817,4.7580843,8.210475,259.78683
90.750626,16.875702,184.80537,195.02426,4.7822747,8.304162,266.77106
91.26932,16.808094,202.38321,211.64088,4.549156,7.9552155,222.30714
91.78801,16.740488,219.96103,228.2575,4.3160377,7.60627,180.53258
92.8283,16.664843,221.63344,235.98369,3.876824,6.8343673,118.28794
93.86858,16.5892,223.30585,243.70985,3.4376104,6.062465,72.8962
94.36573,16.6244,221.36478,240.96191,3.3162537,6.101944,62.94705
94.86288,16.659601,219.42369,238.21396,3.1948967,6.1414227,55.21636
95.07849,16.637413,221.5902,236.36812,3.472289,6.524549,68.12886
95.29411,16.615225,223.75671,234.5223,3.7496812,6.9076753,94.38975
95.98195,16.363825,244.6211,256.4578,3.0630758,5.542849,23.516289
96.66979,16.112423,265.48547,278.39328,2.37647,4.178023,14.180981
97.032135,16.040081,272.61255,284.0844,2.597658,4.5168858,13.257541
97.39448,15.96774,279.73962,289.77554,2.8188455,4.8557487,14.932328
97.47034,15.893268,297.28925,305.69244,3.3517392,5.497216,19.789265
97.5462,15.818797,314.83887,321.60934,3.8846328,6.138684,33.455624
96.77337,15.771014,324.36792,329.90338,4.5220027,6.65574,67.35794
96.000534,15.723232,333.897,338.19742,5.159373,7.1727962,134.17172
94.659676,15.686584,333.44028,336.78754,6.0690126,8.135179,249.81682
93.31881,15.649936,332.98352,335.37762,6.978653,9.097561,320.5818
92.196915,15.507837,334.4831,336.7125,7.0856214,9.077646,321.62695
91.07503,15.365739,335.98264,338.04736,7.1925898,9.057731,321.1932
90.91515,15.4203825,335.24966,337.15396,6.5111074,8.341072,283.16284
90.755264,15.475026,334.51666,336.26056,5.8296237,7.624414,238.76309
91.13299,15.515171,328.30884,330.5123,5.917105,7.757709,228.7446
91.51072,15.555315,322.101,324.764,6.0045867,7.8910036,216.33862
91.83558,15.486078,321.27057,323.406,6.271747,8.117723,224.47603
92.16044,15.416843,320.44016,322.04803,6.538907,8.344442,230.2569
92.35679,15.332446,318.02246,319.64636,6.64508,8.383775,218.32831
92.55314,15.248051,315.6048,317.2447,6.751253,8.423108,207.2974
90.642075,15.291121,312.95364,314.71057,6.9364934,8.611203,221.14061
88.731,15.33419,310.30246,312.17642,7.1217346,8.799298,222.72528
87.1048,15.299163,310.12067,311.6939,7.694008,9.375334,270.4911
85.47859,15.264136,309.93887,311.2114,8.266281,9.951369,334.10663
84.295815,15.182558,310.33914,311.41104,8.698863,10.370389,360.10547
83.11304,15.100979,310.73944,311.6107,9.131444,10.78941,384.341
81.206856,15.059068,309.70264,310.4641,9.250858,10.89159,396.4814
79.300674,15.017157,308.66583,309.31757,9.370272,10.993771,410.2607
78.43442,15.006335,307.79724,308.38202,9.117095,10.674972,373.20395
77.56816,14.995513,306.92862,307.4465,8.863917,10.356172,328.4462
76.63737,15.031218,307.60492,308.2213,7.967801,9.29341,216.3328
75.706566,15.066921,308.28125,308.9961,7.071685,8.23065,158.7304
74.59325,15.109917,304.6301,305.64798,6.5346117,7.6347876,143.33481
73.47993,15.152914,300.97894,302.29987,5.997538,7.038925,120.84788
73.249886,15.172653,301.32202,302.81235,5.805941,6.8234773,105.45198
73.019844,15.192393,301.6651,303.3248,5.6143436,6.6080284,88.85277
72.977104,15.220492,300.92636,302.78198,5.3920884,6.358515,79.84397
72.934364,15.248592,300.1876,302.2392,5.169833,6.1090007,70.58283
72.9116,15.270171,297.9585,300.33597,4.839537,5.744569,58.986385
72.888824,15.291752,295.72943,298.43277,4.5092406,5.3801374,48.824036
73.14886,15.29846,292.48648,295.59354,4.191884,5.0034513,37.800175
73.4089,15.305169,289.2436,292.75427,3.8745275,4.6267653,24.384802
74.20078,15.292154,281.78256,284.97864,4.075828,4.8722863,25.065443
74.992676,15.27914,274.32153,277.20297,4.2771287,5.117807,36.709885
76.24727,15.243837,272.0233,274.4587,4.7413087,5.7267456,80.12209
77.50187,15.208532,269.72507,271.71442,5.205489,6.3356853,108.509796
76.47214,15.257813,269.1417,272.03268,4.7257576,5.8735805,93.955086
75.442406,15.307095,268.5583,272.35092,4.246026,5.411476,63.788593
76.18522,15.245548,250.2678,252.67104,4.832258,5.9080296,97.88668
76.92803,15.184,231.97733,232.99112,5.4184904,6.4045835,110.3705
79.40763,15.212588,235.30258,237.18373,5.580778,6.6068487,126.75151
81.88723,15.241178,238.62787,241.37631,5.7430654,6.8091145,119.617424
79.943344,15.224121,247.81706,249.82932,5.7811604,6.698766,125.013756
77.99946,15.207066,257.00626,258.2823,5.819255,6.588418,109.11947
78.65453,15.116961,260.8288,261.88736,5.9383774,6.676179,116.42737
79.3096,15.026855,264.65134,265.49246,6.0575004,6.7639394,123.982185
79.55938,14.954407,263.7156,264.52493,6.015718,6.672553,120.069
79.80916,14.881958,262.77988,263.5574,5.973935,6.5811667,116.48749
79.39152,14.83088,260.94556,261.64896,5.851069,6.423001,105.77086
78.97387,14.779801,259.11127,259.7405,5.728203,6.264835,97.40024
78.05061,14.805986,254.32079,254.87334,5.562534,6.0743027,91.14423
77.12735,14.8321705,249.53033,250.00615,5.396864,5.8837714,81.32909
76.978065,14.835958,244.16295,244.68054,5.2993674,5.7793117,77.73401
76.82877,14.8397455,238.79553,239.35495,5.201871,5.6748524,74.2233
76.002594,14.954072,231.4418,232.05049,5.3755584,5.9378824,86.79288
75.176414,15.0684,224.08807,224.74606,5.5492454,6.2009125,106.42399
75.04389,15.1827965,220.01933,220.67899,5.955979,6.7669163,141.84178
74.91137,15.297194,215.9506,216.6119,6.362713,7.3329196,173.6732
76.2531,15.326083,214.64835,215.41367,6.70354,7.7860174,197.7405
77.59482,15.354974,213.34612,214.21544,7.044366,8.239117,237.83089
78.25587,15.346838,213.53668,214.41293,7.2917995,8.537276,261.8807
78.916916,15.338701,213.72723,214.61043,7.5392327,8.835435,277.29858
77.91066,15.393562,211.4381,212.38884,7.637324,9.004286,286.60138
76.9044,15.4484215,209.14896,210.16725,7.7354145,9.173139,295.82172
76.950775,15.553147,207.15923,208.61635,7.5383544,9.078782,285.2932
76.99714,15.657874,205.16946,207.06548,7.3412943,8.984425,278.20932
77.4951,15.730353,199.803,202.21222,7.163624,8.869449,282.04205
77.99307,15.802833,194.43651,197.35898,6.9859533,8.754472,286.49042
78.402466,15.835879,191.00584,194.10938,6.9295263,8.731082,292.284
78.81186,15.868926,187.57523,190.85979,6.8731,8.707691,296.24445
79.51118,15.880385,189.08336,193.24225,6.920925,8.794762,300.33292
80.2105,15.891845,190.59149,195.62471,6.968751,8.881832,302.2503
80.396034,15.939918,194.16245,199.32484,6.770768,8.717664,290.33334
80.581566,15.987989,197.73337,203.02496,6.5727844,8.553494,273.11084
80.219505,15.998189,203.88974,207.70338,6.9482102,9.0225525,286.4779
79.85745,16.008389,210.04611,212.3818,7.323636,9.491611,305.46658
80.995995,15.981056,209.02164,211.59892,7.4025555,9.618629,301.9464
82.13453,15.953725,207.99715,210.816,7.481475,9.745648,297.28525
83.71843,15.956334,209.06485,211.8981,7.705436,9.971271,293.03125
85.30232,15.958943,210.13255,212.98021,7.9293985,10.196892,298.73364
86.66631,15.8927355,213.89099,216.25417,8.099779,10.408637,315.9394
88.030304,15.826528,217.64944,219.52814,8.270161,10.620382,347.3368
88.852554,15.804788,219.51231,221.6224,8.3837185,10.761044,378.0976
89.674805,15.783048,221.37521,223.71666,8.497277,10.901705,404.36978
90.22687,15.782285,225.23706,227.53818,8.393764,10.779071,400.24716
90.77893,15.781522,229.09894,231.35971,8.290251,10.656437,394.98868
93.49471,15.906172,228.08366,230.4585,8.7300625,11.3845005,485.4977
96.210495,16.030823,227.06839,229.5573,9.169874,12.112563,529.987
95.69984,16.073889,230.63403,233.23123,9.256048,12.16828,529.5499
95.18917,16.116953,234.19966,236.9052,9.34222,12.223994,526.433
94.79035,16.146149,236.6329,239.65988,9.208201,12.116197,520.15106
94.39153,16.175343,239.06615,242.41457,9.074183,12.0084,512.6822
93.9682,16.174746,241.76341,245.25032,9.062636,11.993296,508.52542
93.544876,16.174147,244.46068,248.08606,9.051088,11.978192,504.14807
93.08281,16.19361,247.92566,251.68611,8.8000555,11.726884,488.24225
92.62074,16.213074,251.39062,255.28615,8.549024,11.475576,468.84137
92.44259,16.213182,253.31227,257.07208,8.620596,11.476271,462.71155
92.26443,16.213291,255.23389,258.85806,8.692169,11.476966,455.7574
91.2003,16.219986,260.01422,262.8737,9.148769,11.921594,459.8314
90.136185,16.22668,264.79456,266.88934,9.605371,12.366223,464.4585
89.21396,16.193085,265.1592,267.1502,9.717536,12.380936,458.85645
88.29173,16.159489,265.52383,267.41107,9.8296995,12.395647,456.3276
87.3475,16.119963,266.22482,268.06223,9.892467,12.43159,458.28705
86.403275,16.080437,266.9258,268.71335,9.955233,12.467533,460.9408
86.40403,16.029324,266.39807,267.80142,10.336317,12.891259,477.6366
86.404785,15.97821,265.8703,266.88947,10.717402,13.314984,493.25208
85.875046,16.003967,265.698,266.80353,10.535129,13.109352,486.0258
85.34529,16.029724,265.52567,266.7176,10.352857,12.903719,478.90607
85.0177,16.064022,263.28864,264.7815,10.058826,12.587203,466.72507
84.6901,16.09832,261.0516,262.84543,9.764797,12.270689,454.37473
83.69005,16.209795,261.1697,262.8948,9.812139,12.492171,468.39038
82.68999,16.321268,261.28787,262.9442,9.85948,12.713654,483.79593
82.237015,16.392557,257.559,259.93436,9.587906,12.55905,480.9972
81.78405,16.463846,253.83012,256.92453,9.316333,12.404446,477.3927
80.98655,16.556595,254.14742,257.83386,9.1784725,12.316591,473.7662
80.18906,16.649342,254.4647,258.74323,9.040614,12.228739,470.61044
78.22557,16.783031,258.2962,262.2639,9.669814,12.978487,508.44485
76.26209,16.916721,262.12772,265.78455,10.299015,13.728235,527.4685
76.12916,16.896837,263.37006,266.99786,9.91586,13.281188,513.13007
75.996216,16.876953,264.61237,268.21118,9.532705,12.83414,490.58987
74.95239,16.845272,267.55185,270.5506,9.869009,13.045838,498.7698
73.908554,16.813591,270.49133,272.89008,10.205312,13.257535,503.03973
73.76293,16.71014,271.22568,273.5494,9.623765,12.453589,464.67593
73.6173,16.60669,271.96,274.20874,9.042218,11.649645,408.10437
73.06599,16.553783,273.14658,275.30725,9.445586,12.069184,433.39
72.51467,16.500877,274.33316,276.40576,9.848953,12.488723,456.99908
71.84449,16.47955,272.71213,274.48434,10.037759,12.702496,467.40814
71.17431,16.458221,271.09106,272.56293,10.226564,12.916268,476.4854
71.65283,16.329082,270.41452,271.74518,10.81987,13.592374,507.70834
72.131355,16.199944,269.73795,270.92743,11.413176,14.268479,528.56555
71.70533,16.131567,271.3113,272.37527,11.807894,14.716294,538.43054
71.27932,16.063192,272.8847,273.8231,12.202612,15.164108,546.86707
71.243416,15.875683,273.41174,274.3512,12.626366,15.606278,552.9454
71.20751,15.688175,273.93884,274.87933,13.05012,16.04845,555.8375
72.03779,15.545764,272.17157,273.12445,12.964601,15.926422,557.4092
72.868065,15.403354,270.40427,271.36954,12.87908,15.804395,558.00494
72.57416,15.214294,273.2879,274.13196,13.187259,16.103867,559.1771
72.28024,15.025234,276.17154,276.89438,13.495438,16.40334,559.6825
72.82534,14.871384,276.36414,277.02643,13.498689,16.322342,560.29865
73.370445,14.717533,276.55673,277.1585,13.50194,16.241346,560.88385
74.08363,14.578659,277.59943,278.15833,13.552591,16.249624,562.01556
74.79682,14.439785,278.64212,279.15814,13.603245,16.257902,562.4496
75.57826,14.341351,278.78665,279.30634,13.597495,16.227701,562.812
76.35971,14.242916,278.9312,279.45447,13.591745,16.197498,563.3724
76.518074,14.219164,277.74063,278.31592,13.5506,16.131477,563.4086
76.676445,14.195411,276.55005,277.17734,13.509454,16.065454,563.74475
76.91913,14.173678,275.69473,276.35806,13.433834,15.955447,564.15875
77.16181,14.151946,274.83945,275.5388,13.3582115,15.84544,564.6785
77.49809,14.135084,274.23282,274.9277,13.239483,15.675334,565.0854
77.834366,14.118221,273.6262,274.3166,13.120753,15.505226,565.4162
77.8092,14.137285,272.34222,273.0404,13.050693,15.408305,564.6709
77.78403,14.156348,271.05826,271.76422,12.980633,15.311384,564.01685
76.98839,14.23714,270.76135,271.36127,12.939193,15.28018,562.67267
76.19276,14.317932,270.46445,270.9583,12.897754,15.248977,560.706
74.87853,14.507497,270.09207,270.56204,12.79564,15.19784,556.6946
73.56431,14.697062,269.7197,270.16577,12.693527,15.146703,554.7073
73.814285,14.781491,265.74417,266.2426,12.348211,14.732506,550.4238
74.06426,14.865919,261.76865,262.3195,12.002895,14.31831,546.3677
72.58928,15.12597,258.95035,259.70203,11.415962,13.666423,530.0415
71.11429,15.38602,256.13208,257.0846,10.829029,13.014536,506.87442
70.309326,15.519553,255.90723,257.05255,10.976397,13.259917,511.11017
69.504364,15.653087,255.68237,257.02048,11.123763,13.5053,514.25
70.08143,15.715846,253.32736,254.7665,10.931812,13.326917,512.3641
70.6585,15.778605,250.97237,252.5125,10.739862,13.148534,510.4213
70.41174,15.883724,251.17458,252.80154,10.458037,12.868412,500.24185
70.16498,15.988844,251.37679,253.09058,10.176211,12.58829,488.5381
69.49039,16.05883,251.43323,253.10477,10.51519,13.070075,502.3439
68.81579,16.128815,251.48964,253.11896,10.854169,13.551859,511.15076
69.341194,16.107853,251.85748,253.65906,10.643474,13.330369,507.4883
69.8666,16.08689,252.22531,254.19917,10.432779,13.10888,502.75778
69.561325,16.115982,256.5638,258.48035,10.060436,12.655551,478.60367
69.25604,16.145073,260.9023,262.76154,9.688091,12.202222,443.9531
69.481964,16.145306,260.14597,262.04285,9.418332,11.988349,429.16324
69.70788,16.145538,259.38965,261.3242,9.148572,11.774476,414.97095
69.25479,16.108885,261.94412,263.7408,9.720318,12.355915,448.71954
68.801704,16.072231,264.4986,266.1574,10.292064,12.937353,475.10245
69.187416,15.942006,264.37158,265.78387,10.712371,13.337167,493.58566
69.573135,15.811781,264.24454,265.4103,11.132678,13.7369795,511.33704
69.76387,15.705128,264.1947,265.20685,11.5507765,14.201721,527.0324
69.954605,15.598473,264.1448,265.0034,11.968874,14.666463,538.3618
70.741516,15.435883,265.25244,265.96167,12.271603,14.966808,547.6431
71.528435,15.273292,266.36008,266.91998,12.57433,15.267152,552.82227
72.3241,15.165961,266.43503,267.03342,12.542727,15.226476,554.25635
73.11977,15.058631,266.50995,267.1469,12.511126,15.185798,554.67145
73.77349,14.841591,268.44458,269.01086,12.584882,15.150132,554.59424
74.427216,14.624549,270.37924,270.87482,12.658639,15.114467,555.2915
75.17878,14.460288,270.7048,271.18164,12.438809,14.717962,553.70197
75.93034,14.296028,271.0304,271.48843,12.21898,14.321458,552.21027
76.13549,14.185343,270.9207,271.41644,12.074188,14.082187,550.7359
76.340645,14.074659,270.81097,271.3445,11.929397,13.8429165,548.6154
76.354774,13.995789,270.69055,271.1583,11.826249,13.672842,546.54047
76.36891,13.916917,270.57016,270.97208,11.723103,13.502768,544.12103
76.77495,13.830331,270.0272,270.43152,11.536733,13.225002,539.52356
77.18098,13.743743,269.4842,269.89093,11.350362,12.947237,533.5201
76.860725,13.710771,268.30533,268.6787,11.186526,12.717576,525.0734
76.540474,13.677798,267.12643,267.4665,11.022691,12.487916,514.8801
76.735405,13.591053,266.34094,266.6335,10.970532,12.417735,512.53204
76.93034,13.504307,265.55545,265.80054,10.918373,12.347554,510.27884
77.39145,13.489059,263.71008,264.0236,10.807939,12.197378,503.79947
77.852554,13.473813,261.86472,262.24667,10.697504,12.047204,496.2949
77.890045,13.481357,259.9911,260.29865,10.805853,12.183448,503.6453
77.92754,13.488901,258.1175,258.35065,10.914203,12.319694,509.72034
77.30028,13.549144,257.17886,257.3738,10.898436,12.339101,507.8478
76.673004,13.6093855,256.24017,256.39697,10.882669,12.358509,506.8194
74.54031,13.843524,255.17667,255.37364,10.766361,12.301888,498.3901
72.407616,14.077663,254.11314,254.35031,10.650055,12.245266,485.7781
71.31778,14.285111,253.35785,253.6667,10.7841215,12.495746,492.97528
70.22794,14.492561,252.60258,252.98311,10.91819,12.746226,501.40216
70.1371,14.58102,253.02618,253.35284,10.78823,12.589961,493.11267
70.04626,14.66948,253.4498,253.72258,10.65827,12.433696,484.61282
70.60661,14.615324,252.50703,252.75703,10.48768,12.192537,475.23422
71.16696,14.561168,251.56429,251.79147,10.31709,11.951378,466.32703
72.95854,14.363486,249.73604,249.99382,10.196844,11.718711,459.66125
74.75012,14.165805,247.9078,248.19618,10.076598,11.486044,448.22528
74.52931,14.289983,245.41672,245.68486,9.573786,10.88769,410.17444
74.3085,14.41416,242.92563,243.17354,9.070972,10.289335,377.09167
77.21867,14.270115,244.11108,244.48541,9.201007,10.37472,364.16754
80.128845,14.126068,245.29657,245.7973,9.331042,10.460102,355.24304
79.79592,14.265664,249.42418,250.07202,8.99738,10.111883,318.04816
79.463005,14.40526,253.55179,254.34677,8.663718,9.763665,290.9385
78.311874,14.559143,254.55766,255.27982,8.40565,9.500306,292.05945
77.16075,14.713026,255.56354,256.21286,8.147581,9.236948,297.52985
76.49698,14.820292,257.34778,258.1458,8.454713,9.702571,323.744
75.833206,14.927558,259.13202,260.07877,8.761844,10.168195,351.61304
73.12952,14.962818,265.76617,266.695,8.688692,10.080083,336.08966
70.42583,14.998077,272.40033,273.31128,8.61554,9.991972,284.69345
68.37246,15.122138,271.98578,272.64514,9.669169,11.380752,374.85153
66.31909,15.2462,271.57126,271.97906,10.7228,12.769531,473.375
66.99164,15.098753,269.30316,269.684,11.116414,13.223321,490.47668
67.664185,14.951307,267.0351,267.38895,11.510028,13.677112,504.6325
69.43172,14.737274,264.3409,264.81042,11.535297,13.715782,522.39453
71.19926,14.523241,261.64676,262.23187,11.560567,13.754455,532.9517
72.17625,14.344715,262.39633,262.96143,11.670745,13.806909,537.917
73.15325,14.166189,263.14587,263.69098,11.780924,13.8593645,540.8798
74.4493,14.08829,263.4921,264.0393,11.753833,13.8006315,542.68805
75.74535,14.010392,263.8383,264.3876,11.726742,13.741899,544.2806
76.22387,13.990134,262.73495,263.2739,11.582421,13.509257,540.16046
76.702385,13.969875,261.6316,262.1602,11.438101,13.276616,535.57025
77.75159,13.871143,261.18732,261.66458,11.36271,13.1287365,533.83777
78.80077,13.772409,260.743,261.16898,11.287319,12.980856,531.53436
79.313774,13.671034,260.1732,260.59985,11.323824,12.988316,532.09064
79.82677,13.569657,259.60333,260.03076,11.360329,12.995775,532.3566
80.13571,13.515488,259.80084,260.17297,11.419885,13.055734,534.45123
80.44466,13.461317,259.99832,260.31516,11.479442,13.115691,536.6639
80.7142,13.422187,259.30157,259.6267,11.425954,13.032141,534.423
80.98375,13.383057,258.6048,258.93823,11.372467,12.94859,532.06976
80.80766,13.393633,257.54062,257.8687,11.236309,12.766766,525.5559
80.631584,13.404208,256.47644,256.7992,11.100151,12.584943,518.8586
80.10432,13.467466,254.98624,255.27592,10.837935,12.250058,504.4557
79.57705,13.530724,253.49608,253.75266,10.57572,11.915173,487.2772
78.3492,13.649884,254.65141,254.89172,10.479486,11.844615,478.88544
77.12135,13.769042,255.80676,256.03082,10.383252,11.774057,469.34674
75.13626,14.016366,253.76122,254.03233,9.770278,11.054684,409.06522
73.15118,14.263689,251.71565,252.03386,9.157304,10.335311,362.32553
72.92813,14.398708,245.1191,245.46811,8.793248,9.918902,360.38693
72.70508,14.533729,238.52257,238.90234,8.429193,9.502494,352.65512
72.15107,14.738857,233.53874,234.07167,7.8542504,8.935648,316.02243
71.59706,14.943987,228.55493,229.24101,7.2793093,8.368801,261.3889
71.01124,15.125225,225.53815,226.4638,6.8807697,8.032151,223.37556
70.42543,15.306464,222.52136,223.68661,6.4822297,7.6955013,199.91663
70.75822,15.429548,217.40633,219.09546,6.0954494,7.3876147,190.8823
71.091,15.552632,212.2913,214.5043,5.708669,7.0797286,171.2471
71.76897,15.6351595,206.3092,209.39824,5.561684,7.114334,157.69118
72.446915,15.717685,200.3271,204.29216,5.414699,7.14894,147.42795
72.934326,15.7797575,195.19592,199.73865,5.4937034,7.3398275,149.72922
73.42174,15.841831,190.06473,195.18517,5.572707,7.5307155,162.80214
74.23894,15.841888,186.25519,190.71654,5.947734,7.9281893,203.40935
75.05614,15.841947,182.44563,186.24792,6.3227606,8.325664,245.434
76.12322,15.660809,187.65675,190.34422,7.095861,8.929631,303.5009
77.19031,15.479672,192.86787,194.44052,7.8689623,9.533601,338.2999
77.3503,15.233132,198.05614,199.15862,7.884984,9.283569,316.25867
77.51029,14.986592,203.24443,203.87668,7.901005,9.033539,295.97278
77.96759,14.894575,202.40337,203.03082,7.349916,8.3431015,253.59108
78.42489,14.802559,201.56232,202.18494,6.798827,7.6526637,196.21425
79.49069,14.769273,204.24345,204.94255,6.3399796,7.109782,149.0023
80.55649,14.735989,206.92462,207.70015,5.8811316,6.5669007,104.50925
81.32519,14.737981,211.14827,211.96954,5.6548004,6.317634,79.64549
82.09389,14.739973,215.37193,216.23892,5.4284697,6.0683665,54.289852
82.81436,14.355142,161.43333,161.75644,3.4273922,3.7747524,41.769028
83.53483,13.970309,107.49474,107.27394,1.4263148,1.4811381,1.3057525
84.24674,13.8685875,158.397,158.64891,1.7019229,1.7778203,-19.726208
84.95866,13.766866,209.29927,210.02386,1.9775307,2.0745027,-8.687839
85.148224,13.748111,203.9004,199.50662,3.2064161,3.4173596,9.089383
85.33778,13.729357,198.50154,188.98938,4.4353013,4.7602167,56.79897
85.883644,13.695813,174.54878,169.9201,5.348073,5.794992,110.60232
86.429504,13.662269,150.59601,150.85083,6.260845,6.829767,144.80783
86.845695,13.642284,245.2554,240.5493,7.103652,7.8278737,155.75919
87.26188,13.622301,339.9148,330.2478,7.9464593,8.82598,224.85469
86.923584,13.663208,340.26566,335.62164,8.640333,9.68589,284.93707
86.5853,13.704115,340.61652,340.99548,9.334207,10.5458,381.0713
86.16609,13.705281,338.4297,338.84045,9.171543,10.338487,360.7932
85.74689,13.706449,336.24283,336.6854,9.00888,10.131175,338.11862
85.73228,13.737911,336.10416,336.39313,8.578711,9.611176,288.60153
85.71767,13.769376,335.96548,336.10083,8.1485405,9.091178,243.29073
85.07259,13.900484,335.096,335.2153,7.525088,8.390372,204.5596
84.42753,14.031592,334.2266,334.32974,6.9016337,7.6895666,171.78668
84.00521,14.153958,327.72232,327.95392,6.6171703,7.389189,144.6289
83.5829,14.276323,321.21808,321.57812,6.3327065,7.0888104,115.165085
84.642914,14.200552,313.41327,313.90317,6.9866495,7.8820114,185.13474
85.702934,14.12478,305.6085,306.2282,7.6405935,8.675213,186.71275
86.19561,14.111849,303.19507,303.79367,8.1379795,9.282916,219.07431
86.688286,14.098918,300.78165,301.35913,8.6353655,9.890621,276.8706
88.06627,14.019459,298.81348,299.4178,8.988338,10.3474245,322.2786
89.44427,13.94,296.84528,297.47644,9.341311,10.80423,365.73245
86.87191,14.075529,298.22324,298.76456,9.716841,11.317565,427.41455
84.29956,14.21106,299.60117,300.0527,10.092369,11.830899,476.88852
81.723854,14.324943,301.62378,302.09317,9.149722,10.633635,374.16034
79.14814,14.438826,303.64642,304.13367,8.207073,9.436371,262.69055
78.2872,14.487804,297.21414,297.86157,7.365026,8.433633,204.47812
77.42626,14.536784,290.78192,291.5895,6.522979,7.4308968,143.17668
76.914856,14.585821,283.9486,284.93228,5.960448,6.7766247,111.599556
76.40346,14.63486,277.1153,278.2751,5.3979163,6.1223526,88.142975
76.22501,14.681763,269.94693,271.38675,5.0486,5.730786,75.62253
76.04656,14.728664,262.7786,264.49838,4.6992846,5.339219,68.526535
75.79059,14.786321,257.20078,259.4733,4.4471283,5.0877104,59.82451
75.534615,14.843977,251.62292,254.44817,4.194972,4.8362026,49.36032
75.70175,14.890721,245.92482,249.68797,4.075526,4.811082,51.35992
75.8689,14.937467,240.2267,244.9278,3.9560802,4.7859607,51.940002
76.37333,14.987466,234.8323,240.39752,4.0038857,4.9515557,59.054516
76.87776,15.037465,229.43788,235.86726,4.051691,5.1171513,64.01688
77.889755,15.10379,229.4372,235.63719,4.4477906,5.8029084,88.548904
78.90176,15.1701145,229.43654,235.40712,4.8438897,6.4886656,129.79396
78.54212,15.276806,231.69125,238.27017,4.991964,6.8643565,151.93813
78.18249,15.383498,233.94598,241.13326,5.1400385,7.240048,173.95517
78.18851,15.418415,235.87434,242.48946,5.3048377,7.490374,188.52917
78.19454,15.453332,237.80272,243.84561,5.469637,7.7407007,204.60303
78.55972,15.380578,245.16074,251.01277,5.482602,7.7020197,199.63036
78.924904,15.307824,252.51875,258.17996,5.4955673,7.663339,188.27278
79.07438,15.253423,253.82315,258.439,5.530151,7.6330194,185.71118
79.22386,15.199021,255.12753,258.698,5.5647345,7.6027,183.83788
79.202576,15.148968,254.97029,258.36713,5.4851937,7.3695755,170.95644
79.181305,15.098914,254.81306,258.03622,5.4056525,7.1364512,158.44818
78.8405,15.063063,253.25685,256.42612,5.321544,6.974414,150.36223
78.499695,15.027211,251.70064,254.81601,5.237435,6.8123765,142.12477
79.08198,14.997568,248.59279,251.70663,5.135988,6.6469655,127.91971
79.66426,14.967926,245.48492,248.59729,5.0345416,6.4815545,112.347694
80.80391,14.93189,241.3955,244.03436,5.1281824,6.4473305,102.49108
81.94356,14.895854,237.30606,239.47145,5.2218223,6.4131064,85.34399
82.63967,14.838145,234.13593,235.8293,5.4056,6.527129,87.6723
83.335785,14.7804365,230.96582,232.18716,5.5893774,6.641151,87.67558
83.83187,14.7027025,231.44327,232.50447,5.840497,6.8449936,94.55481
84.32795,14.6249695,231.92075,232.82175,6.0916166,7.0488358,96.57483
84.60168,14.594806,233.0198,233.81863,6.214646,7.175469,102.02434
84.875404,14.564643,234.11888,234.81549,6.3376746,7.302101,107.7979
84.80726,14.561329,232.8968,233.5749,6.246485,7.2062025,100.858635
84.73911,14.558014,231.67476,232.33427,6.155296,7.110304,93.891785
84.805374,14.559629,232.11888,232.63611,6.140235,7.089398,92.80578
84.87164,14.561246,232.56297,232.93791,6.125174,7.0684924,91.47345
85.29051,14.578179,231.04356,231.45169,6.2065887,7.182223,92.25113
85.70938,14.595113,229.52415,229.96544,6.2880034,7.2959538,95.2047
85.86714,14.663079,224.20807,224.85103,6.0707283,7.1308174,86.292076
86.024895,14.731045,218.892,219.73663,5.8534527,6.9656806,81.75115
86.11971,14.83965,215.28203,216.74881,5.69811,6.9692492,85.34405
86.21453,14.9482565,211.67209,213.76099,5.5427675,6.972818,91.11983
86.10222,15.048426,208.46107,211.88611,5.1476126,6.7772903,85.820175
85.98991,15.148596,205.25006,210.01123,4.752458,6.5817623,83.12832
85.77923,15.237103,195.34186,202.89645,4.279064,6.133024,85.322914
85.56856,15.325609,185.43367,195.7817,3.80567,5.684286,120.26343
85.73362,15.392982,175.2253,184.23802,4.1156363,6.130947,151.03032
85.89868,15.460354,165.0169,172.69437,4.425602,6.577609,160.2808
86.41582,15.530931,162.29124,169.00325,4.835228,7.206377,196.01796
86.93295,15.601508,159.56557,165.31215,5.244854,7.8351455,237.36359
86.206116,15.70784,160.1344,166.40668,5.453133,8.195495,273.68796
85.479294,15.814171,160.70322,167.50122,5.661412,8.555844,300.466
84.39929,15.914956,163.18109,169.98636,5.719933,8.732346,312.2883
83.31929,16.01574,165.65895,172.4715,5.778454,8.908849,322.4903
83.702415,16.02446,167.26045,172.75233,6.313249,9.523087,350.24545
84.08554,16.033178,168.86195,173.03316,6.848044,10.137325,379.4478
82.808914,16.143402,171.63188,176.26811,7.0534716,10.605331,398.04
81.532295,16.253624,174.40182,179.50307,7.2588997,11.073339,425.59668
81.97253,16.31513,177.80756,183.59645,7.4295874,11.266797,436.29172
82.41275,16.376635,181.21327,187.68983,7.600275,11.460254,445.233
81.9621,16.444445,186.16455,192.13184,7.5610747,11.534772,448.65613
81.51144,16.512255,191.11583,196.57387,7.521875,11.609289,450.8381
80.274185,16.475283,196.64738,201.7066,7.224226,11.025193,418.75012
79.03693,16.43831,202.17894,206.83937,6.9265776,10.441096,378.52902
78.72066,16.39468,201.43236,205.94983,6.725438,10.106627,355.99744
78.40438,16.35105,200.68576,205.06026,6.5242996,9.77216,329.1188
79.23944,16.25373,197.99849,202.02531,6.6889367,9.801812,341.50162
80.07451,16.15641,195.31125,198.99037,6.853574,9.831463,346.09308
79.88456,16.08745,197.59256,201.42918,6.7639008,9.589833,329.63007
79.69462,16.01849,199.87389,203.868,6.674227,9.348204,313.42535
79.51626,15.932666,200.84763,204.83995,6.6777086,9.25433,305.33887
79.33789,15.846842,201.82138,205.8119,6.681191,9.160456,297.44864
79.20867,15.815508,201.09093,204.97324,6.6644726,9.131376,297.08182
79.07946,15.784173,200.36043,204.13458,6.6477537,9.102297,296.40817
78.63796,15.815022,200.21333,203.87178,6.6590757,9.169825,298.25555
78.19648,15.845873,200.06624,203.60898,6.670397,9.237352,300.22018
78.03805,15.885198,199.8035,203.68828,6.3010907,8.912296,273.66266
77.879616,15.924523,199.54076,203.76753,5.931783,8.587241,241.38843
78.30875,15.964093,196.0707,201.28592,5.4136887,8.044069,206.94128
78.737885,16.003662,192.60062,198.80429,4.8955936,7.500898,177.95119
79.723274,16.020111,186.2554,192.83517,4.632389,7.1741834,176.29666
80.70868,16.03656,179.9102,186.86606,4.3691845,6.847469,177.39859
81.712296,16.062204,174.1801,181.24857,4.113067,6.605086,172.33856
82.71592,16.08785,168.45,175.63109,3.8569496,6.362703,165.59515
83.72665,16.112013,162.34264,170.09302,3.6148474,6.098299,146.44997
84.73736,16.136175,156.23528,164.55495,3.3727455,5.833895,124.45664
85.76121,16.130747,148.01959,157.61818,3.2588387,5.644102,92.33215
86.78505,16.125315,139.80391,150.68141,3.1449316,5.4543095,67.96692
87.52499,16.119164,132.2944,143.6596,3.2968574,5.59631,60.470203
88.26493,16.11301,124.78489,136.63782,3.4487834,5.738312,61.47824
88.500656,16.138672,122.25715,134.22154,3.7003093,6.069646,62.40781
88.73638,16.164333,119.72941,131.80525,3.9518347,6.400979,69.64485
88.20759,16.228256,120.79754,132.83595,4.229141,6.840634,93.268875
87.678795,16.29218,121.86568,133.86665,4.5064483,7.2802887,122.253944
86.47235,16.407312,123.43492,135.80772,4.739807,7.751388,145.69548
85.26591,16.522444,125.004166,137.74878,4.9731665,8.2224865,174.99095
84.00849,16.687653,126.6677,139.09416,5.2462745,8.776032,225.8591
82.75108,16.852861,128.33125,140.43954,5.519382,9.3295765,275.5959
81.39045,17.03915,130.4146,141.50587,5.900765,9.983191,335.9052
80.029816,17.225441,132.49796,142.57219,6.2821484,10.636805,393.58453
78.859695,17.353155,132.789,141.70563,6.555416,11.054755,434.46793
77.68958,17.480873,133.08003,140.83908,6.828683,11.472706,472.87128
76.76105,17.555313,131.21565,138.09561,7.091439,11.81473,496.07303
75.83252,17.629755,129.35127,135.35217,7.3541946,12.156754,515.36725
75.03447,17.666794,127.95143,133.18289,7.824778,12.702193,531.64435
74.23642,17.703835,126.5516,131.01363,8.2953615,13.247634,544.62744
73.543884,17.81615,126.723854,130.48492,8.442462,13.507857,549.644
72.85136,17.92847,126.8961,129.95622,8.589561,13.768081,554.1318
74.412994,17.818777,125.96296,129.15977,8.713406,13.896518,551.30255
75.97464,17.709082,125.02981,128.36333,8.837251,14.024956,550.8478
76.6962,17.874975,122.97511,126.6968,8.833297,13.952868,547.8165
77.417755,18.04087,120.9204,125.030266,8.829344,13.880782,543.6528
77.50793,18.031738,121.82926,125.9814,8.890038,13.969336,544.9919
77.5981,18.022608,122.73811,126.93255,8.950731,14.057887,546.29486
77.25079,18.017107,123.49668,127.48235,9.111171,14.265864,551.0681
76.90349,18.01161,124.25523,128.03218,9.271611,14.473841,555.01605
77.160805,17.9316,124.48043,128.32866,9.259673,14.376487,553.2898
77.41811,17.851593,124.70563,128.62515,9.247735,14.279132,551.1238
77.71911,17.783401,124.03098,127.9462,9.138791,14.0430565,545.9178
78.020096,17.71521,123.35632,127.267265,9.029846,13.806983,540.32776
78.2899,17.66475,122.10456,125.975945,9.017351,13.744769,538.6208
78.559715,17.614288,120.852806,124.684616,9.004856,13.682556,536.9644
78.37,17.588408,118.97347,122.84087,9.189088,13.8855,543.54803
78.180305,17.562527,117.09415,120.99712,9.373319,14.088443,549.86346
78.26724,17.533916,115.40931,119.09354,9.552622,14.296496,555.40594
78.35418,17.505306,113.72448,117.18994,9.731926,14.50455,560.6536
78.7072,17.473858,112.51211,115.82815,9.570816,14.252029,556.66095
79.06022,17.44241,111.29975,114.46635,9.409706,13.999508,552.1462
79.42768,17.422686,111.12269,114.262985,9.379064,13.94345,550.3778
79.795135,17.402966,110.94562,114.05964,9.348422,13.887393,549.0737
80.06216,17.385002,111.679955,114.591484,9.134387,13.59672,543.04144
80.329185,17.36704,112.414276,115.12333,8.920353,13.306048,536.3694
80.53086,17.364714,114.88709,117.44001,8.406722,12.629265,514.0624
80.73254,17.362387,117.35991,119.7567,7.893091,11.952479,482.54108
81.57505,17.29711,120.4625,122.936485,6.8420105,10.705914,379.3748
82.41756,17.23183,123.56509,126.11627,5.790929,9.459348,286.5336
83.3331,17.15197,124.745094,128.67267,5.0112953,8.41959,215.25873
84.24865,17.07211,125.92508,131.22906,4.2316613,7.379832,163.71263
84.583786,17.04946,117.89792,125.64543,4.246954,7.2852974,158.35675
84.91892,17.026808,109.870735,120.061806,4.262247,7.190763,151.86678
85.51971,16.97649,110.12107,120.98369,3.5288877,6.27375,113.7546
86.12049,16.92617,110.37139,121.90559,2.7955284,5.3567367,68.25969
86.67149,16.874903,103.81179,117.511475,2.7928379,5.167074,67.20702
87.2225,16.823631,97.2522,113.11738,2.7901475,4.9774113,63.839577
87.34949,16.829338,92.36581,106.51299,3.571001,5.911944,84.07568
87.47647,16.835045,87.47941,99.90861,4.351855,6.846476,124.07414
87.150444,16.923782,90.88299,100.87034,4.927066,7.838731,180.22408
86.82441,17.012518,94.28656,101.83207,5.502277,8.830985,228.00977
86.80838,17.06207,106.47125,109.728615,4.94553,8.353075,197.36298
86.79235,17.111622,118.65594,117.62516,4.3887835,7.8751655,170.49188
87.74277,17.000608,149.27463,143.36752,3.360182,6.2548423,65.50442
88.69319,16.889595,179.89331,169.10988,2.3315809,4.634519,84.27913
89.2135,16.810215,188.882,181.31955,2.0627303,4.2560177,65.2758
89.73381,16.730839,197.8707,193.52922,1.7938797,3.877517,24.594147
90.03518,16.628986,237.64786,224.60953,1.444026,3.3432853,6.5694456
90.33655,16.527134,277.42502,255.68982,1.0941722,2.8090537,4.5176053
90.49409,16.457838,260.73596,260.97314,0.94580954,2.4914393,7.3363776
90.65162,16.388542,244.04692,266.25644,0.7974467,2.1738253,10.353625
89.84832,16.635056,192.76202,211.33208,1.2181654,2.7744164,11.924075
89.04503,16.881567,141.47713,156.40773,1.6388842,3.375008,37.66487
88.91835,16.893448,138.82945,163.22011,1.4702858,2.971998,43.93994
88.79167,16.905327,136.1818,170.03249,1.3016874,2.568988,50.68313
89.1388,16.880531,137.44743,170.41043,1.1847941,2.3210099,41.859295
89.48592,16.855738,138.71307,170.78838,1.0679008,2.0730317,33.304222
89.347466,16.872023,149.28787,171.70639,1.5768571,2.8854494,42.76784
89.209015,16.888308,159.86267,172.62442,2.0858135,3.6978672,61.214565
88.90078,16.893764,177.7268,185.39734,2.357234,4.259464,97.11291
88.592545,16.899221,195.59091,198.17029,2.6286547,4.8210597,71.33061
88.25641,16.907675,200.24794,203.02548,2.775586,5.0567617,70.31768
87.92028,16.916126,204.90497,207.88068,2.922517,5.292464,70.49613
87.95524,16.921957,206.71303,210.50615,3.0253892,5.471511,73.65877
87.99021,16.927786,208.52109,213.13164,3.1282616,5.6505575,77.149574
88.459206,16.92812,211.95848,216.51584,3.286114,5.892965,86.12428
88.92821,16.928453,215.39589,219.90002,3.443966,6.135372,97.903114
89.51736,16.912737,221.15602,226.0827,3.340349,6.0375533,103.27833
90.106514,16.89702,226.91612,232.26535,3.2367315,5.9397335,107.00488
90.63825,16.861477,234.13446,239.21107,3.3629124,6.061669,117.08178
91.16999,16.825932,241.35281,246.1568,3.4890933,6.1836047,122.81368
92.15674,16.776283,240.16502,245.8966,3.347911,5.9021745,100.53586
93.14347,16.726633,238.97723,245.63643,3.2067282,5.620745,72.6203
93.70178,16.692991,240.43152,245.82498,3.543564,6.0378103,75.195816
94.260086,16.65935,241.88579,246.01352,3.8803995,6.454876,80.9795
93.77672,16.613869,242.27122,246.23015,3.636057,6.1239944,76.68465
93.29336,16.56839,242.65665,246.44678,3.391714,5.7931128,73.41038
92.363,16.543388,235.8789,239.43185,3.647273,6.028248,91.35782
91.43263,16.518385,229.10114,232.41693,3.9028316,6.2633824,106.26628
87.470314,16.559362,213.13562,219.5886,3.1880465,5.2498417,58.47844
83.507996,16.600338,197.17014,206.76024,2.4732614,4.236302,47.107624
80.9119,16.669434,195.09521,205.51134,2.3621643,4.1717362,39.582928
78.3158,16.73853,193.02031,204.26244,2.2510672,4.107171,44.73376
79.54861,16.762764,193.08522,202.99217,2.6888754,4.7459044,44.465748
80.78141,16.787,193.15013,201.72191,3.1266832,5.3846374,59.523354
83.37897,16.75973,182.20152,192.95016,3.0600588,5.169585,102.10917
85.97652,16.732458,171.25293,184.1784,2.9934342,4.9545336,140.41405
87.11831,16.7399,167.29987,177.96968,3.3505461,5.480172,152.35606
88.26011,16.747341,163.3468,171.76094,3.7076576,6.005811,135.25499
87.99935,16.777046,164.14815,171.72066,3.761562,6.138489,142.44351
87.73858,16.806753,164.9495,171.68036,3.8154666,6.2711654,151.14565
87.223404,16.833805,164.38074,171.64444,3.9650142,6.4710045,167.80478
86.70821,16.860857,163.81198,171.60852,4.1145616,6.6708436,183.13379
86.30032,16.886522,163.8127,171.24908,4.374738,7.0550556,210.9347
85.892426,16.912188,163.81343,170.88963,4.634915,7.4392676,236.50928
85.667076,16.957544,168.12608,174.15685,4.8863177,7.8360143,269.8693
85.44174,17.002903,172.43874,177.42404,5.137721,8.23276,292.07645
86.19583,17.03579,180.52087,185.78818,5.4810033,8.725848,322.14847
86.94991,17.068674,188.60306,194.15236,5.8242855,9.218937,333.1603
88.809296,16.84205,191.9139,198.48833,5.6297727,8.863056,305.93353
90.66868,16.615427,195.22476,202.8243,5.435261,8.5071745,256.12964
90.525894,16.59255,203.90942,211.80804,5.0852795,8.064595,221.89575
90.38312,16.569672,212.59409,220.79178,4.7352986,7.622016,188.46921
90.5448,16.51086,219.64374,227.5112,4.455038,7.299245,159.86961
90.70649,16.452051,226.69342,234.23059,4.174778,6.9764743,146.17809
90.88106,16.41535,230.52339,237.46936,4.063302,6.8391256,144.31721
91.05562,16.37865,234.3534,240.70816,3.951826,6.701778,137.68759
91.45648,16.310799,235.56483,241.70285,3.9694877,6.6132092,133.09256
91.85735,16.242943,236.7763,242.69754,3.987149,6.5246415,126.11103
91.96941,16.170639,237.39032,242.70825,4.052554,6.4359736,121.64472
92.08148,16.098333,238.0043,242.71893,4.1179595,6.3473053,116.61025
92.03716,16.014303,238.12907,242.61755,4.1879516,6.227019,112.19299
91.99285,15.930274,238.25383,242.51616,4.257943,6.106732,107.007904
91.88655,15.863625,238.60263,242.5834,4.4253483,6.1232386,112.14205
91.78026,15.796977,238.95142,242.65063,4.592753,6.1397448,116.78411
91.44662,15.75992,237.89177,241.35605,4.702037,6.174229,120.83306
91.11297,15.722863,236.83212,240.0615,4.8113203,6.208713,123.037094
90.74941,15.699092,235.7253,238.79767,4.6773753,6.0218315,112.588615
90.38586,15.67532,234.61845,237.53386,4.5434303,5.8349495,100.567085
89.98851,15.682992,231.73573,234.47777,4.5651994,5.8518105,99.276115
89.59117,15.690664,228.853,231.4217,4.5869684,5.868672,95.6692
89.26445,15.71999,224.22989,226.81378,4.6634855,6.022807,92.87081
88.93774,15.749314,219.6068,222.20586,4.740003,6.176943,89.16238
88.574394,15.80763,215.49919,218.30074,4.9117713,6.5153394,92.02621
88.21106,15.865943,211.39162,214.39563,5.0835395,6.853736,101.57913
87.18991,15.960961,202.78827,207.50938,4.616155,6.46814,92.377625
86.16876,16.055979,194.1849,200.62314,4.1487703,6.0825443,110.02881
85.647354,16.15298,186.66487,193.45815,3.9717999,6.007838,141.02467
85.12595,16.249983,179.1448,186.29317,3.7948296,5.9331317,157.72336
85.76505,16.329174,171.13988,177.33667,4.4187226,6.772263,197.47156
86.40416,16.408365,163.13493,168.38017,5.042616,7.6113944,239.65051
87.115776,16.47584,162.04593,166.59795,5.7129226,8.506389,284.6698
87.8274,16.543314,160.95692,164.8157,6.3832297,9.4013815,329.4054
87.69192,16.597782,159.15099,163.7914,6.4568124,9.522719,333.63214
87.556435,16.652252,157.34505,162.76709,6.5303955,9.644057,334.94843
86.89172,16.749537,159.50511,166.09279,6.487571,9.680061,339.5454
86.22701,16.846823,161.66519,169.41849,6.4447455,9.716065,347.65442
85.56051,16.958704,166.39772,173.66713,6.605814,10.000656,370.88644
84.89402,17.070587,171.13025,177.91576,6.7668834,10.285247,386.71753
84.39346,17.1594,171.97816,178.44135,7.158551,10.843528,412.37213
83.892914,17.248215,172.82607,178.96692,7.550219,11.401811,439.1435
83.33359,17.349337,175.28928,180.61812,8.128108,12.211418,478.4556
82.77427,17.450459,177.7525,182.2693,8.7059965,13.0210285,507.63107
82.46737,17.467955,180.83812,185.71126,9.100495,13.569927,527.7076
82.16046,17.485449,183.92377,189.15321,9.494993,14.118826,539.1772
81.171394,17.450035,193.46439,198.23341,9.689276,14.269583,544.39557
80.18232,17.414621,203.00502,207.31361,9.883558,14.420339,552.0152
83.25599,16.933899,201.07086,204.20026,9.804537,13.939431,546.3347
86.32965,16.453176,199.13669,201.08688,9.725515,13.458524,546.9705
87.73046,16.30588,190.89153,193.71935,9.314445,12.662728,525.3239
89.13126,16.158587,182.64635,186.3518,8.903374,11.866933,500.61188
90.80329,16.054813,181.34016,185.06627,9.152825,12.100836,521.43744
92.4753,15.951042,180.03397,183.78073,9.402276,12.334737,532.5598
93.63068,15.904227,177.26347,180.28645,9.111006,12.032696,526.01605
94.78604,15.857411,174.49297,176.79218,8.8197365,11.730653,521.97015
94.74219,15.93589,172.38786,174.59076,9.376697,12.368495,530.1182
94.698326,16.01437,170.28276,172.38931,9.933656,13.006337,535.74207
93.04975,16.151363,175.4089,177.31639,11.14296,14.571598,554.12427
91.40118,16.288357,180.53503,182.24345,12.3522625,16.136858,558.4188
91.13727,16.398563,186.54709,188.19952,11.857892,15.582862,561.568
90.87336,16.508768,192.55914,194.15561,11.363523,15.028866,561.21796
90.75323,16.527382,195.076,197.14574,10.990187,14.631439,560.24054
90.633095,16.545998,197.5929,200.13586,10.616852,14.234013,558.71716
90.866394,16.55213,204.17273,206.85323,10.499591,14.142289,558.91003
91.099686,16.558262,210.75258,213.57062,10.382329,14.050567,557.57355
90.81465,16.548843,215.52563,218.84329,9.882318,13.518685,549.5742
90.529625,16.539425,220.29869,224.11597,9.382307,12.986804,533.1907
90.09371,16.5139,221.03555,225.06448,9.087332,12.631713,519.3942
89.6578,16.488377,221.77238,226.013,8.792357,12.276622,500.9135
88.45667,16.51806,221.74341,225.8554,8.615406,12.055897,482.04138
87.25555,16.547747,221.71442,225.69775,8.438455,11.835171,460.69193
86.61292,16.587132,220.09863,223.91281,8.566964,12.073478,473.82645
85.97029,16.626518,218.48286,222.1279,8.695474,12.311786,486.81516
84.91368,16.712442,215.98029,220.04076,8.726917,12.460901,493.80045
83.857056,16.798367,213.4777,217.95361,8.758359,12.610017,500.17526
82.801796,16.88926,212.11008,216.79301,8.658007,12.542238,494.83636
81.74654,16.98015,210.74243,215.6324,8.557655,12.474459,491.92288
81.298965,17.040453,209.38254,214.82475,8.50211,12.486706,494.4444
80.851395,17.100756,208.02264,214.01709,8.446565,12.498954,496.68027
80.82818,17.123196,208.96121,214.88618,8.362838,12.440033,493.1668
80.80497,17.145636,209.89977,215.75528,8.279112,12.381112,489.63782
81.319595,17.133535,210.84355,216.7272,8.0309105,12.063351,470.2233
81.83421,17.121433,211.78734,217.69913,7.78271,11.745589,454.59097
82.278656,17.0716,212.84561,218.30775,7.9925623,11.894094,459.1965
82.72311,17.021769,213.90392,218.91637,8.2024145,12.042601,465.05927
83.546265,16.939177,214.6925,219.99022,7.9186254,11.669065,447.7996
84.36943,16.856585,215.48106,221.06407,7.6348367,11.295531,420.30637
84.82359,16.818308,214.04709,219.95285,7.2524605,10.832586,381.23886
85.277756,16.780033,212.61313,218.84163,6.8700852,10.369643,345.79227
85.55056,16.731102,214.75868,220.88657,6.5687847,9.964253,312.2203
85.82337,16.682173,216.90424,222.93149,6.267484,9.558864,286.42053
86.36911,16.602757,221.00676,226.3014,6.2441044,9.485113,282.56253
86.91485,16.523338,225.10928,229.67131,6.2207246,9.411364,275.3843
87.48733,16.42205,229.53625,233.83191,6.2697105,9.3390045,261.39856
88.0598,16.320765,233.96326,237.99252,6.318697,9.266646,246.38853
91.07016,15.999243,239.24303,243.56342,5.938428,8.623062,226.20477
94.08051,15.677721,244.52283,249.1343,5.5581594,7.979477,222.16978
93.673225,15.634992,248.85315,253.43929,5.559303,7.891986,208.63863
93.265945,15.592262,253.18347,257.74426,5.5604467,7.8044944,194.64723
91.913734,15.544422,257.933,261.4338,5.946909,8.130645,192.53737
90.56152,15.496582,262.68253,265.12335,6.3333716,8.456797,180.70253
88.017136,15.4185095,265.0588,266.82556,6.821988,8.681575,155.68909
85.47274,15.340437,267.43506,268.5278,7.310605,8.906354,180.88454
85.23973,15.188898,269.28015,270.26733,7.664752,9.172203,201.87177
85.00673,15.037361,271.1252,272.00687,8.0189,9.438052,228.33478
85.328476,14.949914,270.5099,271.36768,8.251027,9.651607,250.38947
85.65023,14.862468,269.8946,270.72852,8.483153,9.865162,272.8136
85.94872,14.841834,267.1393,267.9295,8.512752,9.891144,270.4925
86.24721,14.8212,264.38403,265.1305,8.542348,9.917126,269.10828
86.232765,14.829016,261.57767,262.2892,8.541569,9.901418,266.7081
86.21832,14.836829,258.7713,259.4479,8.54079,9.885708,265.24463
85.94931,14.881916,254.81755,255.55592,8.480989,9.822931,256.9814
85.6803,14.927001,250.8638,251.66393,8.42119,9.760154,249.9073
85.65108,14.941967,248.38895,249.26425,8.305156,9.629116,236.74304
85.62186,14.956932,245.9141,246.86458,8.189121,9.498079,221.19499
85.237976,15.015277,241.94685,242.8775,8.230263,9.586152,234.2063
84.85409,15.073622,237.97964,238.89046,8.271404,9.674225,247.31223
85.09413,15.158515,234.64449,235.60791,8.385427,9.92555,268.76947
85.33417,15.243409,231.30933,232.32536,8.49945,10.176875,289.75784
84.059525,15.394823,227.11617,228.50737,8.177393,9.939105,272.70706
82.78488,15.546237,222.92299,224.68939,7.8553367,9.701336,277.71677
82.2368,15.662707,222.21075,224.53412,7.7452326,9.79097,291.24838
81.68872,15.779179,221.49852,224.37881,7.635128,9.880605,303.58902
81.30434,15.817587,223.44374,226.20276,7.989813,10.317289,334.88788
80.91996,15.855993,225.38896,228.02669,8.344497,10.753975,356.9626
81.685104,15.885965,225.51733,229.06258,8.031796,10.558926,343.80975
82.45026,15.915937,225.64574,230.09848,7.7190943,10.363876,336.22086
82.74013,15.988493,222.61223,227.65904,7.213964,9.956308,307.47583
83.03,16.061049,219.57874,225.21962,6.708834,9.54874,280.5907
83.25907,16.105917,222.25397,227.81502,6.636179,9.467945,276.46744
83.488144,16.150784,224.92923,230.41043,6.5635242,9.387149,272.0556
83.68927,16.151201,227.03726,232.25322,6.571354,9.48878,278.0784
83.89039,16.151619,229.14531,234.09601,6.579184,9.59041,284.4261
84.00588,16.173,227.40987,232.27838,6.8772407,9.945035,310.0909
84.121376,16.194384,225.67442,230.46074,7.1752973,10.299659,337.80807
84.144844,16.136217,226.63399,230.9815,7.563841,10.594715,355.82883
84.16831,16.07805,227.59355,231.50229,7.9523845,10.889771,376.88867
84.29627,16.077656,228.56566,232.28346,7.756505,10.7398,366.66748
84.42423,16.077261,229.53773,233.06462,7.5606246,10.58983,356.94174
83.99468,16.093586,232.39624,236.3144,7.6304693,10.650591,364.08862
83.56514,16.109911,235.25476,239.56422,7.700314,10.71135,366.7284
83.19404,16.073357,238.54265,242.43317,7.6323605,10.569151,353.63702
82.82294,16.036804,241.83055,245.3021,7.5644073,10.426951,341.4496
81.18239,16.017376,247.51714,249.92517,8.600709,11.091474,378.88535
79.54183,15.997948,253.20372,254.54828,9.637011,11.755997,449.79184
80.07128,15.921868,255.40874,256.6267,9.946048,12.081758,469.3535
80.60074,15.845788,257.6138,258.70514,10.255086,12.407519,485.4219
81.5662,15.727871,259.29034,260.15836,10.257668,12.282563,474.44208
82.53167,15.609955,260.96686,261.61157,10.260248,12.157607,458.039
83.309135,15.5032,262.18173,262.89166,10.188337,12.013426,440.96753
84.08661,15.396443,263.3966,264.17175,10.116426,11.869244,431.13425
84.689445,15.295617,265.68784,266.4548,9.977638,11.64247,418.76608
85.29228,15.19479,267.9791,268.73788,9.838849,11.415697,408.28952
85.615906,15.125856,269.0626,269.7473,9.712253,11.183415,391.19992
85.93953,15.056922,270.14612,270.7567,9.585655,10.951134,369.66818
85.94491,14.991287,270.25986,270.81744,9.383322,10.635506,338.3632
85.95028,14.925652,270.3736,270.87817,9.180987,10.319879,307.87704
85.95587,14.879754,269.87344,270.42093,8.968096,10.0232725,280.29968
85.96148,14.833855,269.3733,269.96368,8.755205,9.7266655,251.33078
85.62994,14.841222,268.50067,269.05405,8.599151,9.527881,233.25273
85.29839,14.848588,267.62808,268.1444,8.443097,9.329097,212.36554
84.917015,14.880443,267.0506,267.55814,8.348423,9.220735,205.29326
84.53564,14.912295,266.4731,266.97183,8.253749,9.112371,199.07396
83.957405,14.954081,266.01724,266.49423,8.124531,8.977861,196.5453
83.379166,14.995866,265.56137,266.01666,7.995314,8.84335,192.44571
82.44099,15.096286,265.38516,265.859,7.895917,8.780645,202.79292
81.5028,15.196706,265.20895,265.7014,7.79652,8.71794,215.39577
80.64788,15.342673,265.8518,266.42276,7.22013,8.126549,209.34503
79.79295,15.48864,266.49466,267.14413,6.643739,7.535158,174.42311
79.23853,15.623119,263.31354,264.17908,5.7194495,6.4996176,90.615814
78.68411,15.757599,260.1324,261.214,4.7951593,5.4640765,50.519794
78.67152,15.846006,249.5115,250.76857,4.4756823,5.1257052,33.401028
78.658936,15.934414,238.89061,240.32312,4.156205,4.787334,22.366003
78.90074,16.009764,228.77913,230.75859,4.083908,4.815514,15.765012
79.14255,16.085114,218.66763,221.19403,4.0116115,4.8436947,12.891496
79.725746,16.163837,211.50308,214.48224,4.127998,5.149739,15.274967
80.30896,16.242563,204.33853,207.77046,4.2443852,5.4557824,34.80475
81.38322,16.295002,198.99628,203.1724,4.2625647,5.607699,52.23114
82.45747,16.347443,193.65405,198.57433,4.280745,5.7596154,76.75274
83.172295,16.401306,190.74385,195.78008,4.4244833,6.049568,105.59658
83.887115,16.45517,187.83368,192.98581,4.568221,6.3395205,141.6522
84.31478,16.4976,186.79889,191.0619,4.825744,6.7182717,179.76071
84.74245,16.540031,185.76413,189.13799,5.0832677,7.0970225,212.22795
85.69755,16.548769,185.63795,188.1217,5.441126,7.5158324,241.77097
86.65266,16.557508,185.5118,187.10541,5.7989836,7.9346423,270.4266
87.41176,16.520004,187.40945,188.61237,5.894566,8.0135,267.1007
88.17086,16.4825,189.30713,190.1193,5.990148,8.092358,258.40918
87.708176,16.468231,191.68086,192.55487,5.667088,7.7188005,233.26775
87.24548,16.453962,194.0546,194.99045,5.3440275,7.345243,202.51959
86.7729,16.448755,199.24875,200.62001,4.9252744,6.9189405,146.11327
86.30032,16.44355,204.4429,206.24959,4.506521,6.4926376,100.447754
88.86578,16.198078,216.7398,217.85805,3.9861598,6.130051,87.44512
91.431244,15.952606,229.03673,229.4665,3.4657981,5.7674646,75.24329
92.00774,15.906699,232.32898,234.01889,3.115825,5.2828407,54.372135
92.58423,15.860792,235.62122,238.57129,2.765852,4.7982173,35.74781
93.25833,15.793697,239.35547,244.82236,2.4348986,4.2701983,19.95438
93.93243,15.7266035,243.08974,251.0734,2.1039453,3.742179,11.619694
94.238144,15.684634,246.98767,257.9042,1.849049,3.2749462,8.029416
94.54386,15.642666,250.88559,264.73495,1.5941526,2.8077135,5.099806
94.36346,15.616517,252.69295,271.6444,1.366576,2.3980324,5.6455803
94.183044,15.590369,254.5003,278.55383,1.1389995,1.9883511,-0.15209857
94.02213,15.563566,223.4466,257.65408,0.92093694,1.3245592,10.253857
93.86122,15.536763,192.39288,236.75435,0.7028745,0.6607674,7.0166364
94.30478,15.5199375,178.99443,195.08696,0.909294,0.8659961,-4.0642667
94.74833,15.503113,165.59598,153.41957,1.1157136,1.0712249,-7.074627
94.086525,15.536312,162.39616,151.88722,1.1209754,1.327545,-9.741438
93.42471,15.569512,159.19633,150.35487,1.1262372,1.5838652,-12.945475
93.29427,15.602965,157.74693,152.81812,1.3489769,2.0338452,-11.391521
93.16384,15.63642,156.29753,155.28136,1.5717167,2.4838252,-6.9258347
93.34091,15.67476,156.81046,158.41795,1.8578353,2.960523,-0.3503951
93.517975,15.7131,157.32336,161.55457,2.1439538,3.4372206,7.2335386
93.850204,15.745358,162.96222,167.41579,2.5847383,4.039246,19.969086
94.182434,15.777616,168.60106,173.27701,3.0255227,4.6412716,27.724764
94.02916,15.789863,170.79839,176.36108,3.2293725,4.8599367,31.040071
93.87589,15.802111,172.99573,179.44516,3.433222,5.078602,35.35083
92.53899,15.816949,172.9839,179.24626,3.604058,5.264188,49.571056
91.20207,15.831787,172.97209,179.04736,3.774894,5.4497733,78.52321
89.9239,15.850634,172.09688,177.11235,4.18159,5.9438376,115.61246
88.64571,15.869479,171.22166,175.17732,4.588287,6.4379015,142.7123
88.179985,15.885947,163.46535,167.1227,5.09693,7.02126,163.94475
87.71426,15.902414,155.70901,159.06807,5.6055727,7.6046185,196.72311
87.86832,15.900554,151.06175,154.38622,6.5331316,8.648086,260.83612
88.02237,15.898692,146.41447,149.70435,7.4606895,9.691553,325.0704
88.613525,15.85291,147.3328,149.92468,8.298186,10.630907,373.92694
89.20467,15.807129,148.2511,150.145,9.135685,11.570261,439.4816
88.64201,15.714232,145.8568,147.19939,9.874037,12.314889,475.5256
88.079346,15.621334,143.46248,144.25375,10.61239,13.059518,492.5189
88.65244,15.672318,141.94873,142.76834,11.09465,13.779112,508.45352
89.22555,15.723304,140.43498,141.28294,11.576911,14.498708,524.7138
90.49435,15.754001,137.27786,138.28331,11.805475,14.847205,526.71625
91.763145,15.7846985,134.12074,135.28369,12.03404,15.195703,526.26624
92.81632,15.788755,130.5251,131.90407,12.338729,15.67216,526.84143
93.8695,15.792813,126.929474,128.52446,12.643419,16.148617,525.24774
93.089355,15.923738,127.94234,129.3655,13.329133,17.079557,525.06537
92.3092,16.054665,128.95518,130.20651,14.014848,18.010496,532.5652
91.354164,16.305294,136.62018,138.18823,13.945737,18.108904,539.1231
90.39914,16.555925,144.28514,146.16995,13.876625,18.20731,545.97595
90.588394,16.677536,154.04625,155.98116,13.295196,17.583426,549.7573
90.77765,16.799147,163.80736,165.79237,12.713765,16.959543,552.61926
91.12084,16.8293,159.49637,161.77351,12.252961,16.308943,550.81036
91.46403,16.859453,155.1854,157.75464,11.792158,15.658344,547.53156
92.718636,16.885279,169.0886,173.45561,10.422181,14.240323,549.9806
93.973236,16.911102,182.99178,189.15659,9.052205,12.822302,545.684
94.13379,16.906946,191.55905,197.45718,8.518441,12.269852,536.5711
94.294334,16.902788,200.12631,205.75778,7.984678,11.717401,520.20123
93.218544,16.800327,212.57957,217.53198,8.157797,11.687471,504.41895
92.142746,16.69787,225.03284,229.30617,8.330916,11.657542,484.57965
88.15852,16.59066,226.90567,230.2145,8.0334,11.10536,408.72186
84.17429,16.483452,228.77849,231.12283,7.7358837,10.553179,353.15018
85.38298,16.415916,223.27243,225.70131,7.583741,10.407859,332.73132
86.59167,16.34838,217.76634,220.27977,7.4315987,10.262541,312.47443
86.72082,16.346355,209.12065,211.80815,7.5884604,10.403008,333.67203
86.84997,16.344334,200.47495,203.33656,7.7453218,10.543475,359.53513
87.17784,16.30264,198.10463,200.43135,8.517441,11.256996,424.55
87.505714,16.260948,195.73433,197.52611,9.28956,11.970518,485.80597
87.218895,16.202333,193.11172,194.9754,9.531683,12.206921,501.6946
86.932076,16.143717,190.48914,192.42471,9.773805,12.443323,515.2433
87.480446,16.189735,186.71881,188.31569,10.104407,12.9141245,534.92664
88.02881,16.235754,182.94849,184.20668,10.43501,13.384926,546.87195
88.45653,16.3159,179.20076,180.76973,10.61793,13.759618,550.7681
88.88424,16.396048,175.45303,177.3328,10.800852,14.13431,552.44257
89.50206,16.477388,174.34538,176.20868,11.374211,14.865324,553.68134
90.11988,16.55873,173.2377,175.08456,11.947572,15.59634,553.37756
90.1821,16.603529,175.3799,177.12926,12.135219,15.878017,555.2969
90.24431,16.648329,177.5221,179.17393,12.322865,16.159695,556.78687
90.28157,16.569593,180.9702,182.58253,11.833805,15.620974,558.85846
90.318825,16.490858,184.41833,185.99115,11.344746,15.082253,560.34717
88.32435,16.568996,186.0076,188.40636,10.946277,14.526915,560.23517
86.32987,16.647137,187.59686,190.82156,10.547808,13.971575,551.599
84.27451,16.786171,189.78888,192.92793,10.339047,13.877422,542.98
82.21915,16.925209,191.98087,195.03427,10.130287,13.783272,536.8866
80.76901,16.943308,196.28145,199.1515,10.831104,14.58837,548.27277
79.31888,16.961409,200.58205,203.26874,11.531922,15.39347,554.2556
78.49371,17.005226,201.42424,203.9459,11.681349,15.583168,556.3621
77.66856,17.049042,202.26642,204.62306,11.830776,15.772867,558.13776
77.49447,17.102423,202.25807,204.83017,11.329638,15.271128,554.36
77.320366,17.155802,202.2497,205.03728,10.828499,14.76939,551.3475
76.87295,17.212204,201.13994,204.15248,10.974003,14.968402,552.6736
76.42553,17.268606,200.03021,203.26768,11.119508,15.167412,553.80194
76.496864,17.203299,201.05725,203.67987,11.520826,15.558054,556.3144
76.5682,17.13799,202.0843,204.09203,11.922144,15.948695,558.9591
76.623344,17.01624,202.0969,203.86531,12.659924,16.751858,565.3841
76.67848,16.894487,202.1095,203.63861,13.397705,17.555021,571.043
78.00646,16.662548,201.34767,202.66734,14.098564,18.331347,573.8257
79.33445,16.43061,200.58585,201.69608,14.799422,19.10767,573.8675
80.05271,16.32197,202.82939,203.97299,15.147626,19.539324,573.1327
80.77097,16.213327,205.07297,206.24991,15.495831,19.970978,571.38885
82.81227,16.071444,205.87032,206.9556,15.254627,19.605158,569.59576
84.85357,15.929559,206.66763,207.66127,15.013423,19.239338,565.9188
84.74232,15.9407015,209.52734,210.56345,15.202071,19.483627,564.9288
84.631065,15.951843,212.38705,213.46562,15.390718,19.727917,563.70526
84.74076,15.946492,212.78809,213.78343,15.551724,19.962017,562.73083
84.85045,15.941141,213.1891,214.10127,15.712731,20.196115,561.59344
84.74886,15.891226,215.89586,216.77954,16.083027,20.670782,558.62085
84.64727,15.841311,218.60258,219.45782,16.453321,21.145447,553.9503
84.05834,15.824816,220.72586,221.56212,16.517605,21.238083,554.2299
83.46941,15.808319,222.84915,223.66643,16.581884,21.330719,554.32733
82.86342,15.774214,223.45647,224.22035,16.532593,21.235725,556.4127
82.25742,15.740109,224.06378,224.77428,16.483301,21.140734,558.5122
81.61673,15.725701,225.03334,225.73767,16.300863,20.872744,561.6378
80.97604,15.711294,226.00293,226.70107,16.118425,20.604757,564.2585
81.74152,15.603128,227.36243,228.07866,16.106602,20.513557,562.2005
82.507,15.494965,228.72194,229.45625,16.09478,20.42236,559.95557
82.58746,15.495165,229.524,230.25893,15.826716,20.036768,561.4214
82.66792,15.495364,230.32603,231.06157,15.558651,19.651176,562.6311
82.14199,15.590298,231.07326,231.9129,15.222178,19.219862,564.63995
81.61606,15.685232,231.8205,232.76424,14.885707,18.78855,564.2785
81.39766,15.8014765,231.4219,232.48631,14.065386,17.7543,565.35974
81.179276,15.917721,231.02335,232.20844,13.245066,16.720045,566.8687
80.75879,16.03756,230.62086,231.89796,12.597945,15.958368,561.2783
80.33831,16.1574,230.21837,231.58746,11.950825,15.1966915,555.0907
80.09434,16.23457,229.25484,230.84752,11.377604,14.530901,549.2464
79.85038,16.311739,228.29134,230.10756,10.804382,13.86511,540.6047
79.75922,16.397514,226.53264,228.7605,10.382179,13.459485,534.9365
79.66805,16.483286,224.77391,227.41345,9.959975,13.053859,526.8191
79.179924,16.565657,225.7923,228.80814,9.6606245,12.869092,521.5055
78.69179,16.648027,226.81065,230.20285,9.361273,12.684326,514.0211
78.5957,16.702923,226.64653,230.26384,9.309543,12.7269335,515.9109
78.49962,16.75782,226.48239,230.3248,9.257811,12.76954,517.5569
79.32914,16.694681,227.88135,231.17052,9.605531,13.129472,526.9551
80.15867,16.631544,229.28027,232.01624,9.95325,13.489404,532.7617
82.25451,16.482397,230.64793,233.12877,9.876012,13.149109,513.0391
84.35035,16.333248,232.01558,234.24132,9.798773,12.808814,489.44794
84.22576,16.308592,232.19931,234.41466,9.513887,12.421421,470.57132
84.101166,16.283936,232.38303,234.58798,9.229002,12.034028,448.68475
84.73389,16.238642,233.00278,235.3059,9.092944,11.863233,438.25372
85.36661,16.19335,233.62251,236.02382,8.956884,11.692436,429.71872
85.01039,16.181305,233.41685,235.61627,8.89758,11.533881,416.48862
84.654175,16.16926,233.21117,235.20872,8.838276,11.375328,401.36493
84.28588,16.137758,234.40475,236.24449,8.791268,11.297043,393.74396
83.91759,16.106255,235.59836,237.28024,8.744262,11.218757,387.55667
83.388,16.059595,237.39157,238.84073,8.732461,11.12695,378.6497
82.85841,16.012936,239.1848,240.4012,8.72066,11.035144,370.48102
82.66274,15.920073,240.37642,241.57428,9.1331005,11.423039,403.959
82.467064,15.827209,241.56804,242.74738,9.545541,11.810936,440.57056
83.82681,15.678745,236.11006,237.362,9.432159,11.869472,439.6441
85.18657,15.53028,230.6521,231.97665,9.318778,11.928008,450.23477
85.06549,15.507167,233.00993,234.33519,9.570696,12.127272,458.7689
84.94442,15.484053,235.36777,236.69374,9.822614,12.326536,468.27066
83.88851,15.39807,239.95618,241.20087,9.806879,12.148285,459.76904
82.83261,15.31209,244.5446,245.70801,9.791144,11.970033,454.3939
82.23647,15.212834,245.93185,246.9293,10.051739,12.223221,473.5951
81.64034,15.11358,247.3191,248.1506,10.312333,12.476408,492.02667
82.02385,14.998557,247.21822,247.90192,10.339292,12.422489,487.32523
82.40736,14.883534,247.1173,247.65321,10.366251,12.368569,482.3076
83.088394,14.769721,246.94637,247.46468,10.37577,12.293785,474.501
83.76943,14.655908,246.77544,247.27612,10.385288,12.219,469.1457
84.33108,14.563562,247.66096,248.19127,10.276146,12.025186,459.12128
84.892715,14.471218,248.54651,249.10641,10.167004,11.831371,449.78745
85.201,14.402062,248.64871,249.20245,10.048817,11.630235,438.52878
85.50927,14.332906,248.75096,249.29848,9.93063,11.429099,423.56042
85.62636,14.307735,248.49292,249.06078,9.914394,11.393035,420.64777
85.74345,14.282566,248.2349,248.82309,9.898159,11.356972,417.44437
85.482056,14.300328,248.76076,249.36902,9.794587,11.233031,406.5304
85.22067,14.318091,249.28665,249.91495,9.691015,11.109092,396.2702
84.65186,14.404169,249.85043,250.4624,9.542684,10.956167,382.16858
84.08305,14.490248,250.41423,251.00984,9.394352,10.803242,367.75034
83.08031,14.629479,250.3716,250.92943,9.063273,10.462866,335.62146
82.07757,14.76871,250.329,250.84901,8.732195,10.122492,301.62024
81.59647,14.901351,247.69676,248.33902,8.073181,9.439409,252.09076
81.11537,15.03399,245.06453,245.82903,7.4141674,8.756326,232.19647
81.224434,15.1559925,243.40097,244.33609,7.1007695,8.548968,231.68611
81.33348,15.277995,241.7374,242.84319,6.7873707,8.341611,231.26665
81.31953,15.365209,241.05875,242.6578,6.4585304,8.0933485,222.09976
81.30557,15.452422,240.3801,242.47243,6.129689,7.8450856,211.15085
81.67535,15.474275,241.57762,243.80817,5.9834065,7.6991076,201.1318
82.04512,15.496127,242.77515,245.14394,5.8371234,7.553129,189.34537
83.10643,15.484748,241.99922,244.49344,5.770694,7.543359,180.15614
84.16774,15.473368,241.2233,243.84294,5.7042637,7.533588,167.77995
84.41967,15.48619,239.49466,242.4679,5.688171,7.564377,165.90157
84.6716,15.499014,237.76602,241.09286,5.672078,7.5951653,163.68134
84.764206,15.533951,239.80795,244.131,5.3222814,7.2912188,147.95058
84.856804,15.568889,241.84991,247.16911,4.972484,6.9872723,132.42535
84.98785,15.592358,238.88213,245.00291,4.7560453,6.784934,114.53226
85.11889,15.615828,235.91435,242.83669,4.5396056,6.5825953,96.76054
85.17572,15.652833,233.51631,240.41167,4.430289,6.543378,91.36597
85.23256,15.68984,231.11827,237.98662,4.3209715,6.50416,86.12824
85.18969,15.72512,228.05371,234.95894,4.3760395,6.628325,89.43798
85.14682,15.7604,224.98915,231.93129,4.4311075,6.752489,94.65901
84.87765,15.807704,227.65096,234.58812,4.6875515,7.080132,118.59116
84.608475,15.855007,230.31276,237.245,4.9439955,7.407775,150.776
83.90502,15.853826,238.50516,246.22084,4.8907065,7.31105,158.91261
83.20156,15.852644,246.69759,255.1967,4.8374176,7.2143245,152.17534
82.09121,15.716034,258.99503,265.5973,5.113271,7.407446,167.5529
80.98085,15.579424,271.29245,275.99786,5.389125,7.600568,172.98268
80.598564,15.460666,273.21307,276.71487,5.599788,7.563394,175.91377
80.216286,15.341908,275.13367,277.4319,5.810452,7.526221,175.07498
80.517876,15.188421,276.3152,278.16742,5.9956336,7.468197,177.2143
80.819466,15.034932,277.49667,278.90295,6.1808157,7.4101734,178.72295
81.20219,14.950281,280.22925,281.56332,5.9191904,7.0015383,153.80339
81.5849,14.865631,282.96182,284.22372,5.6575646,6.592903,127.85936
81.8425,14.814856,282.28976,283.54575,5.1974506,5.9803433,100.79377
82.1001,14.764078,281.61768,282.8678,4.737336,5.3677835,84.298546
82.23165,14.729872,280.37286,281.50418,4.4234548,4.9623375,69.25466
82.3632,14.695665,279.12805,280.14056,4.1095734,4.5568914,48.11642
82.42227,14.67428,276.5247,277.4174,3.779535,4.1522536,21.32317
82.48135,14.652896,273.92133,274.69415,3.449497,3.7476158,9.590573
82.660286,14.639651,271.61694,272.21262,3.3560839,3.6339593,5.5177956
82.83922,14.626407,269.31256,269.73102,3.2626712,3.5203032,1.5916878
82.78711,14.628225,266.32144,266.6653,3.0754592,3.3076084,-3.2697437
82.73501,14.630046,263.3303,263.59958,2.8882473,3.094914,-7.602912
82.82945,14.633484,258.18823,258.33,2.817095,3.019451,-8.640552
82.9239,14.636922,253.0462,253.06038,2.7459428,2.9439883,-6.6947174
82.60809,14.671371,248.06322,247.96724,2.7708592,2.978091,-2.3582516
82.292305,14.70582,243.08023,242.8741,2.7957757,3.0121937,0.807157
81.49465,14.749488,239.77165,239.66103,2.8496485,3.0987806,2.5091295
80.69701,14.793156,236.46306,236.44794,2.903521,3.185367,-0.94899005
80.74373,14.84777,232.48044,232.5618,2.6827345,2.9637866,-2.2205367
80.79045,14.902385,228.4978,228.67566,2.4619482,2.742206,-4.9108744
81.32359,14.95515,222.77199,223.39114,2.2530954,2.568819,-2.0988965
81.85673,15.007915,217.04616,218.10664,2.0442426,2.3954318,0.87161285
82.46082,15.067618,203.5846,206.4348,2.0446563,2.47818,2.7805407
83.06492,15.127323,190.123,194.76297,2.0450702,2.5609286,13.0968485
83.91239,15.145061,191.863,195.78444,2.264443,2.923906,17.050085
84.75987,15.162798,193.60301,196.8059,2.4838154,3.2868836,23.902515
85.871864,15.084948,190.25081,194.05873,2.674352,3.432034,32.068466
86.983864,15.007097,186.89862,191.31155,2.8648884,3.5771847,45.518456
87.64009,14.9011345,186.46143,190.1229,3.2887774,3.961874,53.450115
88.29631,14.795174,186.02423,188.93423,3.7126658,4.346564,48.82102
88.58479,14.7280445,191.12769,193.26407,3.8418899,4.5083575,42.081516
88.873276,14.660916,196.23116,197.59389,3.9711137,4.6701508,38.790672
88.449455,14.705455,192.36,193.66231,3.9388266,4.5923567,43.851612
88.025635,14.749993,188.48886,189.73076,3.9065397,4.5145617,51.605156
87.58605,14.824127,184.19092,185.03477,3.8272533,4.3985004,61.24917
87.14648,14.89826,179.893,180.33878,3.7479675,4.282439,69.86854
86.99378,14.95462,182.4892,182.7708,3.754891,4.353123,71.8406
86.841095,15.01098,185.08537,185.2028,3.7618144,4.423807,73.14461
86.6875,15.04684,190.16084,190.38586,3.7222323,4.4125223,66.24372
86.53391,15.0827,195.23633,195.56894,3.6826506,4.401238,57.94309
87.014404,15.079809,203.24953,203.64735,3.6825163,4.4501286,44.352215
87.494896,15.0769205,211.26273,211.72578,3.6823823,4.499018,36.49981
90.318115,15.014104,222.46556,221.25093,2.984607,3.637587,13.530524
93.14134,14.951286,233.6684,230.77606,2.2868319,2.7761562,1.9922166
93.07177,14.936827,248.67015,246.23454,2.2805989,2.7644253,0.23050328
93.0022,14.922367,263.6719,261.69305,2.2743657,2.7526941,-6.321765
92.60884,14.901341,268.79047,267.55734,2.5060794,2.8877478,-4.6522436
92.215485,14.880317,273.90906,273.42166,2.7377932,3.0228019,-2.9188218
91.45923,14.862986,276.27097,275.89932,2.626239,2.8696244,-0.17240919
90.702965,14.845655,278.63287,278.37698,2.514685,2.7164469,0.5952328
90.43766,14.85521,279.88177,279.62735,2.6679218,2.9061794,2.0177987
90.17236,14.864766,281.1307,280.87772,2.8211586,3.0959117,2.6342034
89.87879,14.877806,281.90292,281.76633,2.77051,3.0411637,3.9620833
89.58523,14.890845,282.6752,282.65494,2.7198613,2.9864151,2.77373
89.578384,14.887181,285.85367,285.62338,2.6986055,2.973691,0.31121182
89.57154,14.883517,289.03217,288.59183,2.6773498,2.9609663,-3.2640395
89.828575,14.86273,292.10434,291.91074,2.5530775,2.8282888,-7.684935
90.08561,14.841942,295.17654,295.2296,2.4288049,2.6956115,-8.601751
90.146194,14.819185,301.49637,301.53098,2.4354675,2.6791391,-7.5816064
90.20679,14.796427,307.8162,307.8323,2.44213,2.6626666,-3.808863
90.030075,14.808982,308.65176,308.7128,2.3349478,2.5350688,-2.9460366
89.85337,14.821536,309.4873,309.59332,2.2277656,2.407471,-1.8074309
89.74571,14.834522,307.97913,308.07785,2.3995187,2.5873568,-3.3873127
89.63804,14.847507,306.47095,306.5624,2.5712717,2.7672427,-5.6076117
89.43846,14.869463,314.06375,314.27438,2.599152,2.806428,1.6621082
89.238884,14.891418,321.65656,321.98636,2.6270325,2.8456135,0.64624476
88.86258,14.95136,321.53284,322.02628,2.9245272,3.21896,0.21817872
88.48627,15.011301,321.40912,322.06625,3.222022,3.5923064,4.2611947
87.95974,15.063716,326.06046,326.83295,3.534826,3.996846,10.432881
87.433205,15.116129,330.71182,331.59967,3.8476305,4.4013853,17.843582
86.72106,15.15804,337.45032,338.4463,4.24178,4.9013515,31.899632
86.00892,15.199951,344.18878,345.29294,4.63593,5.401318,47.2889
85.329994,15.191738,349.51672,350.46838,4.9589863,5.7686057,62.968952
84.65108,15.183526,354.84467,355.64386,5.2820425,6.1358924,83.20318
84.27429,15.133712,277.38205,238.03973,5.377782,6.1942477,104.28631
83.8975,15.083896,199.91945,120.43562,5.4735208,6.2526026,148.30394
82.613205,15.0604105,228.80261,169.3124,5.241532,5.944585,130.41632
81.3289,15.036926,257.68582,218.18913,5.009543,5.6365676,46.653538
79.65651,15.060963,291.1162,271.51715,4.7290254,5.3297615,35.428837
77.98413,15.084998,324.5466,324.84512,4.4485073,5.0229554,24.493221
77.02108,15.108582,337.22534,337.52966,4.2424397,4.803096,15.123578
76.05803,15.132165,349.9041,350.21417,4.0363727,4.583236,27.247269
77.15244,15.121383,349.33762,349.74496,3.7393596,4.228886,23.328411
78.24686,15.1105995,348.77112,349.27576,3.4423463,3.874536,11.952874
78.69033,15.08478,344.86194,345.3816,3.3888898,3.7860565,6.5748444
79.133804,15.05896,340.95276,341.48746,3.3354323,3.697577,9.843372
79.34766,15.027531,335.289,335.77722,3.259973,3.6001394,12.828116
79.56151,14.996101,329.62524,330.067,3.1845138,3.5027013,12.259124
79.51893,14.981634,325.9385,326.35257,3.144766,3.4449284,11.714632
79.476364,14.967167,322.2518,322.63818,3.1050186,3.3871558,10.038448
80.897,14.887972,322.40875,322.72388,3.3754385,3.6941795,15.978377
82.31766,14.808777,322.56573,322.80954,3.645858,4.0012035,15.033823
81.749344,14.782135,323.58194,323.80017,3.3812742,3.6847324,15.205876
81.18103,14.755492,324.59818,324.7908,3.1166904,3.3682613,10.733203
80.80612,14.731657,317.48047,317.7032,2.924045,3.146391,10.457586
80.43121,14.707822,310.36276,310.61557,2.7313998,2.9245207,15.151128
80.434746,14.6646805,304.40356,304.5967,2.6197624,2.7980607,19.219494
80.43828,14.621541,298.4444,298.57782,2.5081248,2.6716006,14.623481
79.94378,14.607772,291.54938,291.76358,2.355686,2.5051177,9.747439
79.44929,14.594005,284.6544,284.94934,2.2032473,2.338635,7.4564886
79.8882,14.585672,272.6043,272.90564,2.2674546,2.4072294,5.1960173
80.32712,14.577342,260.55423,260.86194,2.3316617,2.4758236,0.36076802
81.57036,14.547609,254.76234,254.99512,2.6546407,2.8179305,-1.3492764
82.81359,14.517876,248.97047,249.1283,2.9776194,3.160037,-4.52512
84.56055,14.417343,245.08313,245.15527,3.260152,3.452073,2.056019
86.30751,14.31681,241.1958,241.18222,3.5426848,3.7441092,10.606853
87.175545,14.256845,238.7519,238.69757,3.5300822,3.7350605,10.968946
88.04358,14.196883,236.30803,236.21292,3.5174801,3.726012,12.163232
87.648705,14.266229,232.83128,232.76012,3.559655,3.7968729,11.87464
87.25383,14.335574,229.35454,229.30733,3.6018298,3.8677337,11.501486
85.849266,14.451424,231.0061,230.91414,3.6729293,3.98482,13.541255
84.444695,14.567274,232.65767,232.52098,3.7440286,4.101906,13.6299715
84.70437,14.565477,236.00948,235.81737,3.75777,4.10453,13.021682
84.964035,14.56368,239.3613,239.11374,3.7715116,4.107154,11.724548
85.50032,14.563069,241.45807,241.3385,3.8287985,4.1559515,15.132543
86.03661,14.56246,243.55484,243.56328,3.886086,4.204749,19.716906
85.41353,14.650048,248.30396,248.36223,4.006824,4.365654,20.40955
84.79044,14.7376375,253.05304,253.16118,4.127562,4.526559,23.857716
85.563095,14.6774,262.15167,262.12274,4.1679387,4.5530267,27.935625
86.33574,14.617164,271.2503,271.08432,4.2083154,4.579495,26.865395
86.529655,14.58569,275.59335,275.57605,3.7830765,4.08999,17.976528
86.723564,14.554215,279.9364,280.0678,3.357838,3.6004853,7.3323336
86.17272,14.576076,278.9738,279.31125,3.1702373,3.403699,-4.475656
85.62187,14.597935,278.0112,278.5547,2.9826365,3.2069123,-11.139868
85.11124,14.64118,277.2187,277.69745,2.833484,3.051224,-11.20372
84.6006,14.684424,276.42615,276.8402,2.6843312,2.8955355,-9.551962
83.995834,14.724236,277.719,278.1063,2.488168,2.6802661,-7.192647
83.39108,14.764049,279.01187,279.3724,2.2920046,2.4649966,-5.915072
82.74428,14.812203,278.47446,278.82764,2.3762133,2.5626972,-5.1983995
82.097466,14.860358,277.93704,278.28287,2.4604218,2.6603978,-3.6567163
81.511765,14.880083,278.7629,279.1266,2.3707182,2.5612512,-0.86548424
80.92606,14.899807,279.58875,279.97037,2.2810147,2.4621046,1.4834281
80.81153,14.893389,277.26758,277.45685,2.2403538,2.414822,2.15594
80.697,14.886969,274.94638,274.9433,2.1996927,2.36754,2.5349941
80.66413,14.886117,271.49936,271.4054,2.1017132,2.2678292,1.5261128
80.63126,14.885264,268.05237,267.8675,2.0037332,2.168119,1.1758002
80.485344,14.900648,263.8117,263.7727,1.89957,2.0817482,0.6076538
80.339424,14.916033,259.57104,259.67792,1.7954069,1.9953773,-0.5936535
81.868195,14.789259,225.93265,226.55908,1.7889148,1.9616601,-3.9016633
83.396965,14.662485,192.29425,193.44026,1.7824225,1.9279428,-5.031238
83.78034,14.736773,196.12228,196.96497,2.050715,2.236262,-3.596769
84.16371,14.811058,199.95032,200.48967,2.3190074,2.5445812,-1.5679563
84.50751,14.860656,204.56494,205.20259,2.522161,2.773011,-0.79207766
84.8513,14.9102545,209.17955,209.91548,2.7253146,3.001441,-2.9475844
84.79429,14.967621,216.45601,217.11882,2.823762,3.0912266,-4.8580756
84.737274,15.024987,223.73247,224.32213,2.9222093,3.181012,-1.1999938
84.546616,14.912624,240.44386,240.64584,3.3514745,3.6283414,7.2359037
84.35595,14.800262,257.15527,256.9696,3.7807398,4.075671,17.577951
85.21038,14.714236,267.17,267.2233,4.0369344,4.343664,23.265776
86.06481,14.628211,277.18472,277.47702,4.293129,4.611657,30.6566
84.61422,14.626984,282.7542,282.99338,4.689233,5.063114,59.97927
83.163635,14.625755,288.32367,288.50974,5.085337,5.514571,91.1773
83.77018,14.462567,290.09146,290.22647,5.6015472,6.0803804,113.55778
84.376724,14.299381,291.85922,291.9432,6.117757,6.6461897,137.03839
84.546394,14.209636,292.83923,292.9676,6.284589,6.826226,141.2122
84.716064,14.119889,293.81927,293.99194,6.4514213,7.006263,144.51314
84.47923,14.104776,294.8666,294.9481,6.8090515,7.4199853,150.5148
84.2424,14.089664,295.91394,295.90427,7.1666813,7.8337073,154.94319
83.285484,14.081979,293.69995,293.75293,7.484051,8.172329,180.17114
82.32857,14.074294,291.48596,291.6016,7.801421,8.510949,210.8087
82.1378,14.07761,289.86295,290.01166,8.186727,8.973591,230.69412
81.947044,14.080926,288.23993,288.42175,8.572032,9.436232,255.98317
81.96511,14.047455,290.43115,290.64484,8.6611395,9.544011,262.7887
81.98318,14.013983,292.62234,292.8679,8.750248,9.651791,269.59848
80.651855,14.13459,300.2286,300.5385,8.439068,9.3002825,258.74976
79.32054,14.255198,307.83487,308.2091,8.127888,8.948775,222.36685
78.29697,14.322133,314.7339,315.1159,7.6185136,8.368227,168.95717
77.2734,14.389069,321.6329,322.0227,7.10914,7.7876782,121.929436
76.832535,14.402682,322.54865,322.98798,6.484429,7.0607142,79.43668
76.39166,14.416297,323.4644,323.95328,5.8597174,6.33375,34.76622
77.42087,14.349917,320.69196,321.0931,5.2569904,5.643882,23.406193
78.45008,14.283539,317.91953,318.23297,4.654263,4.954014,12.753298
78.985664,14.253632,311.59613,311.85156,4.1737456,4.426983,21.181242
79.521255,14.223723,305.27267,305.47018,3.6932273,3.8999512,17.21698
79.460815,14.22323,295.52307,295.64838,3.237754,3.4090867,10.935917
79.400375,14.222737,285.77344,285.82654,2.782281,2.918222,6.5159793
79.25971,14.248553,271.39575,271.41992,2.901601,3.0538325,11.560489
79.11905,14.27437,257.01807,257.0133,3.0209212,3.189443,3.5153615
79.02802,14.345806,251.45882,251.4594,3.355893,3.5632474,5.0478272
78.937004,14.417243,245.89957,245.90549,3.6908643,3.9370515,12.007915
79.04923,14.476503,241.22089,241.30371,3.8588088,4.13226,12.373855
79.16146,14.535763,236.5422,236.70192,4.0267525,4.327468,15.661454
79.580925,14.634378,232.79924,232.99216,4.221489,4.578186,25.184032
80.00038,14.732995,229.0563,229.28238,4.416225,4.828905,32.214314
80.65741,14.873287,229.6311,229.96663,4.625415,5.137426,36.176163
81.31444,15.01358,230.2059,230.65086,4.834605,5.4459467,39.93549
82.65774,14.857222,230.40822,230.61552,4.658862,5.159846,24.583511
84.00104,14.700863,230.6105,230.58015,4.483119,4.8737445,28.914305
84.18763,14.821926,234.34192,234.45145,4.8499103,5.3421497,38.212597
84.374214,14.942989,238.07335,238.32275,5.216702,5.810555,54.614388
85.247,14.992947,241.3118,241.74184,5.2382503,5.8977947,63.530098
86.1198,15.042905,244.55026,245.1609,5.2597995,5.9850345,74.8753
86.78006,14.929982,247.64378,248.24207,5.5502877,6.3172755,94.86724
87.440315,14.81706,250.7373,251.32323,5.8407764,6.6495166,114.417755
86.58642,14.82391,253.34448,253.72725,5.5358286,6.209247,92.25985
85.73253,14.83076,255.95166,256.13126,5.2308807,5.7689786,73.532005
84.02065,14.7249975,255.8257,255.94238,5.157175,5.6386466,53.509983
82.30877,14.619235,255.69974,255.75351,5.083469,5.508314,53.66357
80.498276,14.531107,245.4026,245.3643,4.7257485,5.107626,47.463318
78.687775,14.442979,235.1055,234.9751,4.368028,4.7069383,32.55902
80.90343,14.417121,225.65848,225.64227,5.249616,5.6880198,49.90714
83.11908,14.391263,216.21146,216.30943,6.1312037,6.6691008,75.953354
84.28258,14.371935,213.34581,213.55,7.0553713,7.783814,146.92702
85.446075,14.352607,210.48018,210.79057,7.97954,8.898527,205.1444
85.75191,14.447774,218.46225,218.79767,8.9320965,10.11974,288.45706
86.05774,14.542942,226.44432,226.8048,9.884653,11.340952,411.59976
86.39026,14.566726,226.17891,226.48395,9.899424,11.374029,416.23248
86.72278,14.590512,225.9135,226.16309,9.914193,11.407108,421.6753
86.806725,14.584022,222.53767,222.84444,9.897685,11.3772,425.67407
86.89066,14.577532,219.16183,219.52577,9.881175,11.347293,429.02063
86.05964,14.704811,219.62611,219.95908,10.157313,11.779624,458.82947
85.228615,14.832092,220.09038,220.39236,10.433452,12.211954,488.87997
85.051186,14.951676,222.75163,223.04573,10.39797,12.225639,483.04147
84.87376,15.071261,225.41289,225.69913,10.36249,12.239326,477.16287
85.00417,15.1211605,223.72253,223.90385,10.425394,12.333131,484.90518
85.134575,15.171058,222.03221,222.10858,10.488299,12.426936,492.73117
85.66698,15.18647,220.24675,220.48714,10.488253,12.505823,501.58118
86.19939,15.201884,218.46127,218.86568,10.488207,12.58471,508.94186
85.85961,15.275184,215.33766,215.83824,10.168106,12.226847,490.51086
85.51984,15.348484,212.21407,212.81079,9.848004,11.868982,468.805
86.04314,15.482561,211.36201,211.93611,9.789287,11.916261,471.57178
86.56644,15.616638,210.50998,211.06143,9.730569,11.963539,474.55142
87.02808,15.570791,210.35715,211.1353,9.760816,11.999163,480.0437
87.48972,15.524942,210.2043,211.20915,9.791063,12.034785,486.62134
87.54429,15.548436,210.30664,211.23146,9.450901,11.578211,455.41034
87.59886,15.57193,210.40898,211.25378,9.110739,11.121637,415.25565
88.1478,15.578678,209.34059,210.02019,8.732392,10.609293,368.26456
88.696724,15.585425,208.27223,208.7866,8.354045,10.096949,323.01135
89.55306,15.538749,204.26396,205.06621,8.179989,9.891495,327.62292
90.4094,15.492072,200.2557,201.34584,8.005933,9.686042,330.87244
90.484764,15.535503,203.46973,204.62383,7.79817,9.522654,311.29938
90.56013,15.578936,206.68376,207.90182,7.5904074,9.359267,292.52377
91.17544,15.623854,209.30193,210.9624,7.280267,9.068708,265.72476
91.79074,15.668773,211.9201,214.02298,6.970125,8.778151,234.05579
93.83592,15.668738,207.90154,210.55756,7.749913,10.032213,413.872
95.88111,15.668704,203.883,207.09213,8.529701,11.286275,520.71216
95.72135,15.700436,205.0763,207.71992,8.868816,11.632945,530.26984
95.561584,15.732167,206.26959,208.34769,9.207932,11.979615,537.4227
95.51215,15.733337,203.35342,205.54472,8.838293,11.490627,523.35156
95.46272,15.734507,200.43726,202.74173,8.468655,11.00164,503.93234
95.043144,15.776398,198.8442,201.44589,8.158805,10.676724,487.1743
94.62356,15.818289,197.25114,200.15002,7.848956,10.351809,461.60336
94.546326,15.8321905,197.85152,200.85735,7.5773582,10.081339,436.88376
94.46909,15.846092,198.45189,201.56468,7.305761,9.810868,406.48334
94.16685,15.894463,200.02844,203.29562,7.4515586,10.051596,427.33136
93.86461,15.942833,201.605,205.02658,7.5973573,10.292324,443.39746
93.74571,16.007816,207.3858,210.77899,8.115361,10.929469,483.81418
93.62682,16.072798,213.16663,216.5314,8.633365,11.566614,509.36926
93.22657,16.145193,218.50322,221.33382,9.069804,12.142471,523.4412
92.82632,16.21759,223.83983,226.13623,9.506245,12.7183275,534.2849
92.509895,16.230982,225.4994,227.73158,9.750641,12.989292,537.8178
92.19348,16.244375,227.15898,229.32697,9.995037,13.260257,540.12787
92.035614,16.243275,228.61047,230.64314,10.156333,13.463054,542.05743
91.877754,16.242174,230.06198,231.95934,10.317628,13.665851,543.0791
91.497604,16.255886,232.21344,234.22714,10.410666,13.809451,542.2465
91.117455,16.2696,234.36493,236.49495,10.503704,13.9530525,542.1715
90.90257,16.272936,237.1051,239.35345,10.344007,13.756795,535.9621
90.6877,16.276272,239.8453,242.21196,10.184309,13.560537,528.8039
91.11477,16.210585,243.2934,245.72507,9.796999,13.066685,517.34033
91.54184,16.144897,246.74149,249.23819,9.409689,12.572832,508.62613
91.712234,16.122896,248.20102,250.68121,8.904503,12.002724,492.978
91.88262,16.100895,249.66054,252.12427,8.399319,11.432614,464.89993
91.92016,16.115526,249.56409,252.12311,7.9513426,10.979146,431.20123
91.9577,16.130157,249.4676,252.12193,7.503366,10.525677,391.111
91.97895,16.128548,249.66371,252.79996,7.1725693,10.137331,356.67978
92.000206,16.12694,249.85985,253.478,6.841772,9.748984,320.92218
92.76342,16.020811,252.58707,256.30396,6.214302,8.786451,253.85872
93.526634,15.914682,255.31427,259.12988,5.586832,7.82392,191.50311
94.328186,15.796319,260.63654,264.77148,5.147057,7.0533214,129.9753
95.129745,15.677955,265.9588,270.4131,4.7072825,6.2827225,59.98129
95.549095,15.603796,260.33914,265.75192,4.3622622,5.7975626,32.379284
95.96845,15.529635,254.71951,261.09076,4.0172415,5.3124022,14.9803095
95.59245,15.553979,214.99626,212.10185,4.2809787,5.6724195,43.999622
95.216446,15.578321,175.27304,163.11299,4.5447154,6.0324364,69.54528
94.21611,15.598414,147.14742,134.89345,5.446581,7.111513,135.82076
93.215775,15.618506,119.0218,106.67392,6.348447,8.19059,248.48535
92.07042,15.602582,74.69896,69.23166,7.207941,9.135109,310.1983
90.925064,15.586656,30.376143,31.789402,8.067435,10.079629,369.4252
90.73533,15.527965,31.316286,32.546127,8.460228,10.497124,408.9426
90.54561,15.469272,32.25643,33.302856,8.853022,10.914617,443.2078
90.35834,15.350151,30.583397,31.460585,9.128148,11.091782,446.68298
90.17107,15.231031,28.910362,29.618313,9.403276,11.268946,451.39563
89.69371,14.985405,24.036064,24.798868,9.33852,11.150055,431.67493
89.216354,14.739777,19.161768,19.979427,9.273766,11.031164,411.79425
88.117905,14.682525,18.313013,19.04098,9.199866,10.893766,401.3449
87.01945,14.625275,17.46426,18.102533,9.125968,10.756368,393.3872
85.359184,14.65118,19.2775,19.849035,9.075469,10.65947,386.7461
83.69891,14.677087,21.090742,21.595535,9.024971,10.562572,375.6287
83.207825,14.668434,20.181393,20.738567,8.880532,10.41664,364.51886
82.71674,14.659783,19.272041,19.8816,8.736093,10.270709,360.60754
83.18864,14.631256,17.517622,18.238869,8.162615,9.560113,305.05167
83.66054,14.602729,15.763204,16.596138,7.5891376,8.849516,258.76566
84.6702,14.519927,14.386438,15.125614,7.486313,8.659138,250.18944
85.67985,14.437127,13.009672,13.655091,7.3834887,8.468759,238.06668
86.60544,14.3148775,11.004361,11.49458,7.5745683,8.654666,243.76694
87.53102,14.192627,8.999051,9.33407,7.765648,8.840571,242.20189
86.14201,14.280939,8.628217,8.912514,7.977199,9.106909,268.15298
84.753006,14.369252,8.257382,8.490957,8.18875,9.373245,296.35184
82.545654,14.506971,6.051846,6.3974457,7.9940457,9.218566,282.09177
80.338295,14.6446905,3.8463092,4.3039336,7.799342,9.063887,251.98933
79.14136,14.711502,166.16023,141.7491,7.6695123,8.938403,307.95047
77.94441,14.778313,328.47412,279.19427,7.5396824,8.812918,309.0455
79.18021,14.650695,340.92188,316.57907,7.7593274,8.977576,276.94302
80.41601,14.523074,353.3696,353.96384,7.978972,9.142234,344.139
81.1762,14.449202,352.31448,352.82092,7.9188724,9.032547,327.97012
81.93639,14.375329,351.2594,351.678,7.858773,8.92286,310.3717
81.17482,14.445898,349.96524,350.44537,7.782663,8.878128,306.1397
80.413246,14.516466,348.67114,349.21274,7.706553,8.833396,301.0352
79.53944,14.563958,346.47964,347.07837,7.927044,9.096423,317.5942
78.66563,14.61145,344.28815,344.944,8.147535,9.35945,328.68524
79.9704,14.442413,343.58374,344.1377,8.508321,9.709778,359.74295
81.27516,14.273376,342.87936,343.33136,8.869105,10.060106,386.62775
82.183846,14.220759,343.5613,343.9843,9.064889,10.327743,404.82465
83.09252,14.168142,344.2433,344.63727,9.260673,10.595378,422.2658
82.39871,14.190738,342.6412,343.0024,9.417078,10.812278,443.08118
81.7049,14.213334,341.03915,341.36755,9.573484,11.029178,464.42862
79.95256,14.274338,338.57608,338.9208,9.475592,10.928152,459.31485
78.20022,14.3353405,336.113,336.47403,9.3777,10.827127,443.80905
76.74132,14.340554,335.7708,336.12433,9.267926,10.659626,420.126
75.28242,14.345767,335.42862,335.77466,9.158153,10.4921255,381.24063
75.22541,14.31054,336.2548,336.61456,8.978698,10.238513,358.4293
75.1684,14.275312,337.081,337.4545,8.799243,9.984901,336.6318
75.77717,14.225125,338.1651,338.46707,8.657303,9.796123,331.00482
76.38594,14.174937,339.2492,339.47964,8.515363,9.607344,326.84656
74.80228,14.1656275,339.0488,339.3118,8.330796,9.366118,293.62827
73.218605,14.156318,338.8484,339.14392,8.146231,9.124895,272.41675
70.73577,14.161693,336.4087,336.67203,7.599357,8.48868,206.1861
68.25294,14.167066,333.96896,334.20013,7.052484,7.852465,145.24095
68.17239,14.213444,329.98746,330.2503,6.808835,7.5997143,127.51737
68.091866,14.25982,326.00592,326.30054,6.565186,7.3469625,118.01028
67.43342,14.445318,327.11105,327.26157,6.719502,7.530172,123.440125
66.77498,14.630818,328.21622,328.2226,6.8738184,7.7133813,131.11499
67.053314,14.616542,323.62842,323.72818,6.860018,7.673625,125.424675
67.33165,14.602264,319.04062,319.2338,6.846217,7.633868,124.48297
69.64988,14.335188,316.6204,316.73553,7.0891366,7.8406024,154.26534
71.96811,14.068111,314.20013,314.23724,7.3320565,8.047337,172.25662
72.81078,13.989147,311.0506,311.04132,7.108598,7.7795997,146.23825
73.65345,13.910183,307.9011,307.84537,6.88514,7.5118623,125.59586
74.97186,13.851216,304.9875,304.8856,6.6354423,7.2229705,109.38025
76.290276,13.792249,302.07388,301.9258,6.385744,6.9340787,98.8078
75.83726,13.871926,298.2305,298.076,6.0227966,6.5476184,87.010826
75.38425,13.951603,294.38712,294.22614,5.659849,6.161158,66.20739
74.04614,14.027493,290.4645,290.42563,5.6703815,6.1705127,72.27919
72.708046,14.103383,286.54187,286.6251,5.6809134,6.1798677,70.80899
72.69685,14.124908,285.1632,285.31644,5.7543445,6.256164,73.93138
72.68565,14.146434,283.78455,284.00784,5.827775,6.33246,77.656845
74.790955,14.094417,285.4877,285.65894,5.7903175,6.2774324,78.132675
76.89625,14.042398,287.1909,287.31,5.7528596,6.222405,74.87734
77.36869,14.055294,290.86658,291.06796,5.5474668,5.9954934,61.112236
77.84113,14.06819,294.5423,294.82593,5.3420734,5.7685814,46.720406
77.74681,14.143012,297.0346,297.2826,5.224264,5.6466017,39.905224
77.65248,14.217834,299.52692,299.73926,5.106455,5.5246224,36.38522
78.05343,14.234589,301.5357,301.71213,5.315646,5.763171,39.23673
78.454384,14.251343,303.5445,303.685,5.524838,6.001721,45.307728
78.41915,14.271321,303.75824,303.86255,5.5820413,6.0775156,47.671097
78.38392,14.2913,303.97195,304.04007,5.639244,6.1533103,50.868973
78.97326,14.286187,304.56158,304.62686,5.7027884,6.2289205,56.397545
79.56259,14.281074,305.15118,305.21362,5.7663326,6.30453,65.2558
79.27317,14.320357,305.61075,305.819,5.6792006,6.229701,58.46651
78.98375,14.359643,306.0703,306.4244,5.5920687,6.154872,51.112953
77.747795,14.462119,305.11374,305.52783,5.5307393,6.108399,51.95711
76.51185,14.564595,304.15717,304.63126,5.46941,6.0619264,57.36182
75.80342,14.594999,303.078,303.5096,5.495111,6.0864925,60.484947
75.095,14.625402,301.99884,302.38794,5.5208125,6.111059,62.092243
74.784004,14.631132,301.16046,301.47925,5.5218453,6.1183352,64.15473
74.473,14.636861,300.32208,300.57056,5.522878,6.125611,66.72468
74.106186,14.654626,299.0806,299.36206,5.3604074,5.941491,62.082798
73.739365,14.67239,297.8391,298.15356,5.1979365,5.7573705,58.003147
73.8028,14.69436,293.15488,293.49356,5.017414,5.549756,54.221916
73.86624,14.716329,288.47064,288.8336,4.836892,5.3421407,48.39987
74.694984,14.715855,281.8207,282.19662,5.240739,5.8155136,66.597694
75.52373,14.71538,275.17075,275.5597,5.6445856,6.2888865,92.4228
78.15769,14.478234,269.47968,269.87985,5.9161644,6.5105224,115.506134
80.791664,14.241089,263.7886,264.2,6.187743,6.732158,136.3671
82.32935,14.201085,258.74588,259.21588,6.2307143,6.8065777,124.02729
83.86704,14.161082,253.70316,254.23177,6.273686,6.880997,101.66981
84.98569,14.234834,255.931,256.40573,6.720047,7.4406815,117.94462
86.10434,14.308586,258.15884,258.57974,7.166409,8.000365,127.82329
86.24111,14.477184,266.6079,267.0312,7.0463033,7.95479,124.79431
86.377884,14.645782,275.05698,275.4827,6.9261975,7.909215,129.8483
86.09398,14.663854,278.49878,278.96417,7.155188,8.237845,138.74484
85.81008,14.681925,281.94058,282.44565,7.3841786,8.566476,159.87903
86.19744,14.634766,282.66098,283.21436,7.6428995,8.881874,177.45276
86.5848,14.587605,283.3814,283.98303,7.9016204,9.197273,201.46361
86.15656,14.544774,287.33603,287.8929,8.08566,9.351808,227.46658
85.728325,14.501943,291.29065,291.80283,8.269699,9.506342,252.07321
85.29428,14.523652,292.30795,292.8732,8.153633,9.3464775,240.23524
84.86023,14.5453615,293.32523,293.94354,8.037566,9.186613,233.09888
85.38136,14.447304,292.88297,293.42355,7.963761,9.049927,209.07605
85.90249,14.349246,292.4407,292.9036,7.889955,8.913241,185.27454
85.65116,14.3199005,293.5227,293.98163,7.731053,8.713711,176.58861
85.399826,14.290555,294.6047,295.05966,7.5721507,8.514179,168.67644
85.71685,14.254485,293.60007,294.01413,7.4009676,8.304448,156.61894
86.03388,14.218414,292.59543,292.9686,7.2297845,8.094717,145.22119
85.47193,14.256328,290.52188,290.86264,6.8581953,7.6603727,146.78304
84.909966,14.29424,288.4483,288.75665,6.4866066,7.2260294,147.56273
84.273735,14.339358,285.1684,285.48242,6.365381,7.091413,146.76053
83.637505,14.384478,281.8885,282.2082,6.244155,6.9567966,145.83777
83.83849,14.396497,278.87225,279.24063,6.3446703,7.06942,142.10649
84.039474,14.408518,275.856,276.27307,6.4451857,7.1820426,140.4503
84.274376,14.437317,271.89825,272.36432,6.261837,6.978846,126.673706
84.50929,14.466115,267.94052,268.4556,6.0784883,6.7756495,113.970085
84.54473,14.559647,263.272,263.88336,5.7948227,6.496928,99.318665
84.580185,14.653178,258.60355,259.31113,5.511157,6.218207,82.54274
84.58132,14.767151,252.4522,253.50269,5.2917075,6.0633817,73.39906
84.58245,14.881124,246.30083,247.69424,5.0722585,5.9085565,66.05741
84.47243,15.001372,240.5498,242.82352,4.907148,5.955948,66.09785
84.36241,15.121622,234.79878,237.95279,4.742038,6.0033393,62.630962
84.230484,15.254111,229.60443,233.77612,4.5279875,6.0446362,57.41338
84.09856,15.3866005,224.41003,229.59944,4.3139377,6.085934,53.02976
84.32527,15.487928,216.94572,223.8493,3.930556,5.8575187,50.74971
84.55198,15.589257,209.4814,218.09912,3.5471745,5.6291037,57.924946
84.42862,15.672722,200.6818,210.86603,3.570286,5.741414,76.151726
84.30526,15.756186,191.88216,203.63292,3.5933979,5.853725,104.50093
83.58417,15.847227,185.66174,196.85068,3.9484134,6.3320847,143.36194
82.863075,15.93827,179.44135,190.06844,4.303429,6.810445,195.99113
82.452354,15.984223,177.75385,185.37431,5.1614757,7.811987,261.26907
82.04164,16.030178,176.06638,180.68016,6.0195227,8.813528,318.62488
81.512985,16.088915,174.5337,179.70662,6.0626545,8.930067,327.19226
80.984344,16.147652,173.00104,178.73308,6.1057863,9.046605,333.2733
81.8135,16.190683,171.03076,176.91869,5.915364,8.901967,327.66296
82.64265,16.233713,169.06047,175.1043,5.7249413,8.757328,319.35663
83.28054,16.253262,171.69765,178.02475,5.381046,8.429108,298.28564
83.91843,16.27281,174.33484,180.9452,5.03715,8.100885,280.02252
83.310555,16.284273,183.65125,190.60541,5.4033623,8.441792,290.96353
82.70268,16.29574,192.96767,200.26562,5.7695746,8.782696,286.19205
85.399895,15.609401,191.85245,195.77371,5.876772,7.9473357,234.76491
88.097115,14.923061,190.73724,191.28178,5.9839687,7.1119757,162.76834
89.23567,14.906552,182.23355,182.84132,6.5748153,7.8372316,242.95277
90.37423,14.890045,173.72986,174.40085,7.1656623,8.562488,298.2704
90.07475,14.854397,167.27913,168.00699,7.745677,9.22457,326.18073
89.77528,14.818749,160.82843,161.61313,8.325691,9.886654,350.5092
90.08593,14.975403,158.74286,160.07494,8.088327,9.847648,346.55496
90.396576,15.132056,156.6573,158.53676,7.8509645,9.808642,341.60184
90.947044,15.309524,158.13918,161.40236,7.234592,9.315092,316.30792
91.497505,15.486993,159.62103,164.26796,6.6182194,8.821541,297.12686
92.27873,15.547102,168.94269,175.31369,5.610769,7.6843596,217.0641
93.05996,15.607211,178.26436,186.35939,4.6033177,6.5471783,107.430695
93.71694,15.576492,187.42654,196.33032,3.8787708,5.736183,49.77531
94.37392,15.545773,196.58875,206.30125,3.1542244,4.9251876,3.6019163
94.75909,15.529342,196.34602,207.39043,2.8634179,4.557368,-5.8141203
95.14426,15.512912,196.10329,208.47958,2.5726116,4.189548,-13.273351
95.36577,15.519611,197.3209,209.47702,2.4982667,4.1504693,-12.208044
95.58728,15.526309,198.53851,210.47446,2.4239218,4.1113906,-11.149481
95.747314,15.532599,193.55348,207.85384,2.3382185,3.9598286,-13.914968
95.90735,15.538889,188.56845,205.23322,2.2525156,3.8082664,-14.475955
96.03849,15.537851,198.73085,213.95316,2.1707313,3.7884595,-12.517978
96.16963,15.536815,208.89325,222.67311,2.088947,3.768653,-9.756459
96.251434,15.534774,218.42674,230.63882,2.1973684,3.9441357,-6.8879666
96.33324,15.532735,227.96025,238.60454,2.3057897,4.119618,-5.5451846
96.28235,15.55139,232.59047,242.49847,2.3616097,4.2655787,-4.4281507
96.231445,15.5700445,237.22067,246.39238,2.4174297,4.4115386,-3.4594314
96.10058,15.599091,241.4173,250.13512,2.523326,4.5783653,-2.0546687
95.96971,15.628137,245.61397,253.87785,2.6292222,4.7451916,1.6290493
95.85801,15.665715,247.1864,256.64133,2.460526,4.585185,2.1314642
95.746315,15.703295,248.75885,259.40482,2.2918296,4.425179,4.553786
95.664795,15.735725,246.06912,258.00162,2.270144,4.451852,4.6925087
95.583275,15.768158,243.37943,256.5984,2.2484581,4.478524,6.0199904
95.50655,15.8014555,243.82733,256.40994,2.2222135,4.433002,6.0387483
95.429825,15.834754,244.27522,256.2215,2.1959689,4.387479,6.538989
95.29672,15.886712,238.99875,252.24532,2.229211,4.532072,12.022399
95.16361,15.93867,233.72227,248.26913,2.2624533,4.676666,18.758812
94.95505,15.990794,229.68788,244.91653,2.4692442,4.996487,27.142694
94.74649,16.042917,225.65346,241.56392,2.676035,5.316308,35.371693
94.73188,16.068222,234.94762,248.62549,3.1156454,5.953391,54.24052
94.71727,16.093525,244.24178,255.68704,3.555256,6.5904746,85.16412
94.6473,16.100584,252.11766,263.39462,3.7668724,6.7300863,95.86363
94.57733,16.107643,259.99356,271.10217,3.9784896,6.8696985,100.836586
94.55422,16.06194,262.90918,274.3928,3.9287736,6.686806,89.072235
94.53111,16.016237,265.82474,277.68347,3.8790581,6.503914,76.86799
94.45773,16.01488,264.92712,274.87857,4.1157646,6.8889375,101.38675
94.38435,16.01352,264.02948,272.0737,4.352471,7.2739615,134.51361
94.40215,16.015879,265.34927,272.39987,4.386437,7.392171,144.90178
94.41995,16.018236,266.66907,272.72604,4.420403,7.5103803,155.24898
94.34512,16.111069,268.34952,274.98465,3.5849786,6.134042,60.630013
94.270294,16.203901,270.02994,277.2433,2.7495544,4.757703,39.682346
94.14863,16.195377,270.80765,278.3615,2.5957828,4.5885706,39.5998
94.02697,16.186852,271.5853,279.47974,2.4420109,4.4194384,38.667793
94.194695,16.159819,267.80743,277.66476,2.2485185,4.098212,28.881695
94.36243,16.132786,264.02954,275.8498,2.0550263,3.7769854,20.832644
94.47132,16.096323,261.58105,274.096,2.0657022,3.71058,17.209229
94.58022,16.059862,259.13254,272.34222,2.0763779,3.644175,13.67779
94.71652,16.02362,251.46707,265.3242,2.2134762,3.6867926,11.076844
94.85282,15.987379,243.80159,258.30615,2.3505745,3.7294102,11.991299
94.85598,15.952421,244.61975,256.38998,2.663627,4.1746774,8.355187
94.85913,15.917463,245.43793,254.4738,2.9766796,4.619945,8.77941
94.83092,15.911292,249.75542,258.8534,2.83232,4.5052743,8.861072
94.802704,15.905121,254.0729,263.23297,2.6879606,4.3906035,10.64468
94.78084,15.9172125,253.51198,264.1494,2.539809,4.150562,10.314667
94.758965,15.929304,252.95107,265.06586,2.3916576,3.9105203,10.423721
94.664566,15.925849,244.62083,257.28748,2.457968,3.870431,10.540065
94.57016,15.922394,236.29063,249.50908,2.5242784,3.8303416,13.054184
94.326065,15.91663,235.36058,246.32884,2.5580206,3.9478445,12.57447
94.08196,15.910865,234.43053,243.1486,2.5917628,4.0653477,12.168631
93.74382,15.917944,230.47226,238.97762,2.5908775,4.105347,11.8845005
93.405685,15.925025,226.51399,234.80663,2.589992,4.1453466,13.820132
92.914024,15.961253,224.75743,232.46474,2.7661736,4.4834003,24.177094
92.422356,15.99748,223.00084,230.12288,2.9423552,4.821454,38.048065
92.13134,16.072094,218.0779,226.50726,2.839653,4.7905154,39.71995
91.84032,16.146708,213.15494,222.89168,2.7369509,4.759577,41.794987
92.04951,16.209467,207.75818,218.04218,2.894459,5.019098,43.026356
92.25869,16.272223,202.36139,213.19272,3.051967,5.2786183,46.569817
92.352036,16.332066,197.90152,209.76404,3.2307878,5.5414925,59.956528
92.44538,16.391907,193.44165,206.33537,3.4096088,5.8043666,74.33411
92.24738,16.450127,192.15065,204.56888,3.673613,6.1651826,94.49767
92.04939,16.508348,190.85965,202.80243,3.937617,6.5259986,125.58477
91.62258,16.566528,188.42271,199.94772,4.1094785,6.7715206,155.72752
91.19576,16.624708,185.9858,197.093,4.28134,7.017042,180.48552
90.83238,16.677708,186.12706,196.19614,4.447378,7.313119,204.73328
90.469,16.730707,186.26834,195.29924,4.6134167,7.609195,228.80069
90.08703,16.79366,185.57603,194.99771,4.596378,7.643615,237.17384
89.70506,16.856611,184.88374,194.69618,4.579339,7.6780343,244.39447
89.76128,16.88663,180.57971,189.40443,4.8043666,7.970482,263.72357
89.817474,16.916647,176.27567,184.11269,5.029394,8.26293,277.0966
90.275246,16.929535,172.72328,179.76918,5.0905657,8.38853,273.78818
90.733025,16.942425,169.17088,175.42566,5.1517367,8.514131,265.9454
90.61622,16.975882,167.84142,173.9923,4.9884353,8.363912,252.6814
90.49942,17.009338,166.51193,172.5589,4.8251333,8.213693,238.90527
90.34846,16.989748,172.79376,178.47066,4.677215,8.090972,247.30313
90.1975,16.970158,179.07559,184.38239,4.529297,7.9682508,248.55444
89.77891,16.978695,180.29079,186.64932,4.574941,8.04346,259.63583
89.36031,16.987234,181.50594,188.91628,4.6205854,8.118669,270.72153
88.216324,17.233906,187.31265,195.55634,4.8530245,8.368047,299.03674
87.072334,17.480577,193.11934,202.1964,5.085463,8.617425,315.45468
87.718056,17.316736,200.00307,208.56317,5.308148,8.7802725,302.11014
88.363785,17.152897,206.88678,214.92993,5.530833,8.94312,286.0322
88.56744,17.150375,210.21606,217.93298,5.745776,9.2481575,298.61606
88.77108,17.147854,213.54536,220.93602,5.9607196,9.553196,314.5641
89.80378,16.809042,223.86226,229.49422,6.872381,10.100968,347.2577
90.83648,16.470228,234.17915,238.0524,7.784042,10.648741,395.86288
91.156235,16.456459,229.71779,233.71384,7.2414384,10.190146,365.4426
91.47599,16.44269,225.25642,229.37526,6.6988335,9.731552,327.80286
91.45179,16.423775,227.17274,231.69794,6.88151,9.850755,335.67297
91.42759,16.40486,229.08905,234.0206,7.064186,9.969957,345.56866
89.05763,16.34672,234.91516,238.58777,7.200112,9.757301,289.40002
86.687675,16.28858,240.74129,243.15495,7.3360367,9.544645,253.26138
86.447296,16.181492,239.39185,241.4738,7.4918585,9.63971,261.14645
86.206924,16.074402,238.04243,239.79266,7.6476803,9.734776,269.04755
85.39236,16.054998,237.70619,239.32967,7.7432203,9.785868,277.02405
84.5778,16.035593,237.36998,238.86664,7.8387613,9.83696,283.98764
84.92135,16.008247,236.28378,237.6135,7.8964634,9.882733,287.4778
85.2649,15.980903,235.1976,236.36034,7.9541664,9.928506,287.49817
85.162704,15.980879,234.01721,235.22934,7.941197,9.892525,283.1793
85.0605,15.980855,232.83685,234.09836,7.928228,9.856542,278.72983
85.34877,16.022665,230.368,231.96626,7.570341,9.589828,252.26393
85.63704,16.064476,227.89915,229.83418,7.2124543,9.3231125,232.45258
85.54436,16.147802,224.22261,226.61424,7.0459547,9.279281,234.78763
85.451675,16.231127,220.54605,223.3943,6.8794546,9.235449,237.19081
85.00033,16.330017,218.80405,222.10857,6.905415,9.468637,259.2037
84.54899,16.428907,217.06206,220.82283,6.931375,9.701826,282.29443
84.32396,16.496218,219.08952,222.53062,7.2089725,10.042456,310.4087
84.09893,16.56353,221.11697,224.23842,7.4865704,10.383086,336.5797
84.478745,16.580292,222.44276,225.83707,7.5505614,10.537422,350.27237
84.85856,16.597052,223.76857,227.43571,7.614553,10.691757,365.4846
85.27103,16.599117,221.51505,225.61229,7.391084,10.41777,341.46466
85.6835,16.601183,219.26154,223.78886,7.1676154,10.143784,317.08377
85.32019,16.647251,217.15237,221.88184,6.8224516,9.863724,299.26306
84.95689,16.693317,215.04321,219.9748,6.477288,9.583664,284.31494
83.99456,16.792505,212.53595,217.77301,6.3757243,9.572671,295.53183
83.032234,16.891693,210.02866,215.57126,6.274161,9.561677,305.12323
81.87412,16.966417,213.03784,221.72993,5.936986,9.067438,293.70486
80.71601,17.041142,216.04704,227.88861,5.599811,8.5732,260.764
79.62796,17.076931,216.91695,228.77652,5.1368246,8.078255,197.59706
78.53991,17.11272,217.78685,229.66443,4.673838,7.5833087,153.00925
79.03445,17.081055,217.7051,228.0684,4.935983,7.9806376,178.18077
79.529,17.049387,217.62334,226.47237,5.198128,8.377967,212.77318
80.135605,17.005007,221.24846,229.61502,5.3407884,8.492803,234.72835
80.74221,16.960627,224.87361,232.75768,5.483449,8.607637,256.82654
80.89565,16.919344,230.66464,237.8067,5.5822673,8.718615,271.05313
81.0491,16.878061,236.45566,242.85573,5.6810856,8.829592,279.01
79.41038,16.871798,237.43835,242.67693,6.7508364,10.085649,332.4619
77.77166,16.865532,238.42105,242.49811,7.820587,11.341706,413.82806
77.09074,16.732405,239.09584,242.7422,8.118039,11.504234,431.48038
76.409805,16.599277,239.77065,242.98631,8.415491,11.666763,451.19904
78.153534,16.43683,236.31754,238.9542,8.665872,11.587785,449.73788
79.89728,16.274384,232.86446,234.92207,8.916252,11.508807,430.96152
79.74734,16.106457,234.79582,236.56618,9.413504,11.8971615,468.529
79.59741,15.938531,236.72716,238.2103,9.910755,12.285515,492.86066
80.297356,15.713405,238.41537,239.67531,10.350321,12.67077,507.17645
80.9973,15.488277,240.10359,241.14035,10.7898855,13.056025,517.891
81.535164,15.332323,241.27484,242.24463,10.934984,13.141313,516.1043
82.07302,15.176368,242.44608,243.34894,11.080083,13.226602,514.85455
82.46895,15.105058,244.37872,245.18709,11.275017,13.449816,518.1413
82.86488,15.033749,246.31139,247.02525,11.46995,13.67303,522.9115
82.818,15.003845,245.1926,245.82397,11.402394,13.556655,521.0512
82.77112,14.973942,244.0738,244.62273,11.334838,13.440278,519.1547
82.45429,14.991053,242.8705,243.43367,11.502096,13.691866,526.32684
82.13747,15.008165,241.6672,242.24463,11.669355,13.943453,533.153
81.66347,15.099018,243.50165,244.21254,11.761777,14.143596,535.7623
81.18947,15.18987,245.33607,246.18045,11.8542,14.343738,538.6548
80.94709,15.3218775,245.0623,245.81491,11.591144,14.0891075,534.2035
80.704704,15.453885,244.78853,245.4494,11.328086,13.834477,529.93787
79.993256,15.632443,244.18082,245.03981,11.019268,13.563422,527.305
79.281815,15.811002,243.57309,244.63022,10.710451,13.292367,524.8339
78.82853,15.928077,241.16153,242.56418,10.139829,12.668019,511.2099
78.37526,16.045153,238.75,240.49815,9.569205,12.043673,487.4554
78.196785,16.173283,234.28584,236.7338,9.285946,11.916857,480.92325
78.0183,16.30141,229.82169,232.96944,9.0026865,11.790041,473.6698
77.64307,16.42176,228.65921,232.38881,8.724151,11.695858,467.24158
77.26783,16.542109,227.49675,231.80818,8.445616,11.601673,460.73917
76.583664,16.66013,228.8302,233.75107,8.320645,11.629321,462.47205
75.89949,16.77815,230.16368,235.69397,8.195675,11.656968,458.20868
76.13558,16.812494,230.31436,236.49446,7.582463,10.968719,394.38562
76.37168,16.846838,230.46503,237.29497,6.9692497,10.28047,331.154
76.81878,16.86148,231.80977,238.87036,6.615211,9.885944,305.32278
77.26588,16.876122,233.1545,240.44576,6.2611723,9.49142,283.29578
77.390686,16.861202,234.91147,242.2814,6.1476436,9.335341,275.46393
77.5155,16.84628,236.66847,244.11703,6.034115,9.179265,266.42303
77.685585,16.806364,238.85606,245.70033,6.2629175,9.405294,284.3266
77.85566,16.766449,241.04366,247.28362,6.4917207,9.631324,300.48767
77.762115,16.696558,241.57356,247.0687,6.8691916,9.967855,320.51538
77.668564,16.626665,242.1035,246.85374,7.2466626,10.304387,337.77118
78.29449,16.337471,243.84071,247.16492,8.34623,11.053473,392.74774
78.92042,16.048279,245.57796,247.47606,9.445797,11.802561,462.27255
80.76074,15.807007,247.52077,249.07378,9.228788,11.316429,402.94736
82.601074,15.565735,249.4636,250.67148,9.011779,10.830297,352.83136
85.10173,15.477966,248.37523,249.37921,8.422195,10.013045,283.85583
87.60239,15.390197,247.28687,248.08691,7.8326135,9.195794,196.25139
90.64751,15.350414,245.12575,246.15315,7.1901803,8.579371,192.4722
93.692635,15.310631,242.9646,244.21939,6.5477486,7.9629483,221.10504
93.8516,15.438753,241.0295,242.36523,6.189751,7.662129,201.3662
94.01057,15.5668745,239.09438,240.5111,5.8317537,7.361309,175.17981
95.123245,15.564314,233.54286,235.52911,5.8152704,7.4855094,170.72702
96.23593,15.561754,227.99132,230.54715,5.7987866,7.6097097,181.04219
95.48903,15.672489,229.37656,231.77469,6.291573,8.199134,225.11789
94.74212,15.783224,230.76178,233.00223,6.78436,8.788559,268.07025
94.41098,15.855484,228.6464,230.9104,6.7373333,8.908378,277.24905
94.07983,15.927745,226.53104,228.81857,6.690306,9.028196,289.37503
93.445175,16.024792,230.70142,232.79576,7.711784,10.223411,400.44852
92.810524,16.12184,234.8718,236.77296,8.733262,11.418624,474.70926
92.94751,16.125244,235.18568,237.14232,8.629195,11.393151,476.83145
93.0845,16.128649,235.49957,237.51166,8.525129,11.367677,478.80762
92.96969,16.16369,235.43803,237.8218,8.352238,11.235303,470.8812
92.85488,16.198734,235.37648,238.13193,8.179346,11.102928,461.86322
93.082405,16.195368,237.01123,239.93799,8.01909,10.925932,450.68295
93.30993,16.192003,238.64597,241.74406,7.8588343,10.748935,436.89276
93.173035,16.213518,239.16681,242.70541,7.9868913,10.960506,453.70547
93.03614,16.235033,239.68767,243.66676,8.114949,11.17208,468.1976
92.37246,16.288666,239.60619,243.57999,8.120631,11.219711,464.63455
91.708786,16.342299,239.52472,243.49323,8.126313,11.2673435,460.00687
90.94689,16.391825,237.47151,241.43883,8.057308,11.260786,452.5243
90.185005,16.44135,235.4183,239.38441,7.9883037,11.25423,445.70786
89.53916,16.49865,234.81993,238.60599,8.190236,11.546164,460.92258
88.89332,16.555948,234.22156,237.82755,8.392167,11.838097,473.13617
88.61607,16.566559,233.4254,236.66219,8.728468,12.291226,490.98297
88.33883,16.57717,232.62927,235.49683,9.064768,12.744355,504.90454
87.534584,16.555214,231.96777,234.88934,9.097296,12.730277,501.50296
86.73034,16.53326,231.30629,234.28185,9.129825,12.716198,499.4786
87.70081,16.409822,231.39873,234.28462,9.146568,12.560625,494.14737
88.671295,16.286385,231.49118,234.28738,9.163312,12.405051,492.69144
90.35761,16.060732,232.83177,235.0991,9.569209,12.492379,504.81674
92.04394,15.835079,234.1724,235.91083,9.975106,12.579705,517.6091
91.50112,15.816666,237.94893,239.87598,9.626715,12.161177,497.442
90.958305,15.798251,241.72548,243.84113,9.278324,11.742648,468.9429
90.66793,15.7620125,241.45706,243.43343,8.933015,11.21674,428.97195
90.377556,15.725772,241.18866,243.02574,8.587707,10.690832,375.15198
91.03814,15.606765,243.72581,245.49197,8.882884,10.92247,404.7909
91.698715,15.48776,246.26299,247.95819,9.178062,11.154109,431.9525
90.29022,15.540735,247.05566,248.6762,9.0208235,10.996973,393.5673
88.88173,15.593713,247.84831,249.39418,8.8635845,10.839837,359.1228
88.78392,15.597719,248.02795,249.47662,9.36485,11.497923,414.78647
88.68611,15.601726,248.20758,249.55904,9.866115,12.156009,452.4104
88.09896,15.599021,250.4788,251.78093,10.341608,12.717029,477.83386
87.51181,15.596317,252.75005,254.00279,10.8171015,13.278048,497.5826
87.49617,15.609985,254.27974,255.53667,10.596002,13.023077,487.83887
87.48054,15.623654,255.80943,257.07056,10.374901,12.7681055,477.0123
88.77205,15.543322,255.96512,257.16882,9.978557,12.160565,446.37558
90.06355,15.462988,256.12082,257.26706,9.5822115,11.553026,419.477
89.95293,15.453133,259.06934,260.0415,9.879585,11.906327,439.26056
89.8423,15.443278,262.0179,262.8159,10.176957,12.259629,459.48575
90.1863,15.41145,264.75073,265.48727,10.480189,12.5862465,476.69678
90.530304,15.379625,267.48358,268.15866,10.7834215,12.912865,492.9331
90.62014,15.367892,270.02112,270.7155,10.80132,12.923512,494.35727
90.70998,15.35616,272.55865,273.27237,10.819219,12.93416,495.0042
90.28531,15.346379,274.9098,275.56076,10.692963,12.77197,487.86932
89.860634,15.336598,277.26096,277.84915,10.566708,12.609781,479.3602
89.36178,15.368603,277.48428,278.13037,10.63268,12.661359,478.0471
88.862915,15.400608,277.7076,278.4116,10.698653,12.712937,479.3779
88.55984,15.384425,278.14944,278.87073,10.572154,12.522255,471.00317
88.25676,15.368241,278.59128,279.32986,10.445655,12.331574,462.1521
88.05797,15.403934,278.7415,279.5436,10.267765,12.088626,446.98828
87.859184,15.439627,278.8917,279.7574,10.089876,11.845677,430.78378
87.7263,15.461535,278.93634,279.81177,10.162407,11.956659,438.37033
87.593414,15.483445,278.981,279.86618,10.234939,12.067641,445.51746
87.58521,15.472385,277.88647,278.68613,10.158408,11.95677,438.57626
87.577,15.461324,276.79193,277.5061,10.081879,11.845899,431.68857
87.309296,15.505817,277.7079,278.51535,10.123281,11.924936,436.92642
87.04159,15.55031,278.62384,279.52463,10.164682,12.003973,441.9019
86.42496,15.640154,279.72238,280.60617,9.964155,11.787166,427.83652
85.80833,15.729998,280.82095,281.68774,9.763628,11.570359,411.09372
86.00162,15.8127365,279.65607,280.54138,9.66089,11.515863,405.30978
86.19489,15.895474,278.49118,279.39502,9.55815,11.461368,400.61047
86.322105,15.962904,279.4586,280.58923,9.117317,11.006298,360.35275
86.44931,16.030334,280.42603,281.78345,8.676483,10.551227,321.46207
86.49111,16.088253,285.05356,286.50784,7.801944,9.560583,232.74025
86.53292,16.146173,289.6811,291.23224,6.9274044,8.56994,158.75371
87.551735,16.117449,291.29367,293.13983,5.9384365,7.3523827,129.26135
88.57056,16.088724,292.9062,295.04742,4.9494686,6.134826,92.51017
88.940025,16.055878,296.4765,298.77966,4.2416563,5.204632,58.89671
89.309494,16.023031,300.0468,302.51187,3.533844,4.2744374,26.630733
89.477036,16.014153,299.98712,303.38687,3.0819473,3.719703,14.421618
89.64458,16.005272,299.92746,304.26187,2.6300507,3.1649685,3.6545897
89.90968,16.00382,301.5257,307.7278,2.3110633,2.7905476,1.3105845
90.1748,16.002369,303.12393,311.1938,1.992076,2.4161267,2.7663634
90.45028,15.98476,287.45316,292.77222,1.7770443,2.095271,-2.3344822
90.72575,15.96715,271.78235,274.35068,1.5620123,1.7744154,-3.6161907
91.11955,15.929666,262.20984,263.97482,1.5838522,1.773583,-0.3631257
91.51335,15.892181,252.63736,253.59892,1.6056921,1.7727507,1.6993665
91.76072,15.8503475,240.89458,241.01709,1.2856144,1.4124317,1.6517017
92.00809,15.808516,229.15178,228.43524,0.9655369,1.0521127,-3.0167944
91.988914,15.778036,209.4042,208.61786,1.2756356,1.3764743,-4.5356493
91.969734,15.747559,189.65662,188.80048,1.5857344,1.7008357,-3.8839154
91.844666,15.72905,177.78902,177.39684,1.9424899,2.09374,-1.847197
91.71959,15.710541,165.92139,165.99316,2.2992454,2.4866443,-0.87175196
90.731964,16.035347,157.6757,161.51176,2.7970228,3.4836164,20.19825
89.74434,16.360155,149.43001,157.03033,3.2948005,4.4805884,38.682743
89.301895,16.460016,146.39088,154.03413,3.6963887,5.135609,40.711185
88.85945,16.55988,143.35176,151.03792,4.0979767,5.7906294,42.229618
88.53944,16.626047,141.5541,148.94363,4.325319,6.206174,54.651833
88.21941,16.692217,139.75642,146.84935,4.5526605,6.6217194,74.52627
87.4375,16.763933,137.26572,144.24211,4.909523,7.1197066,116.994316
86.65559,16.83565,134.77501,141.63487,5.266385,7.6176944,141.48607
87.338005,16.829943,133.11336,138.99478,5.9378395,8.299833,183.85684
88.020424,16.82424,131.45169,136.3547,6.609294,8.981973,237.26414
89.75536,16.727392,135.44313,139.12585,6.7841396,9.024945,237.329
91.49031,16.630545,139.43459,141.89702,6.9589863,9.067918,244.44841
91.61472,16.520441,138.24628,140.24127,7.2224884,9.198502,258.03885
91.739136,16.41034,137.05797,138.58553,7.4859905,9.329083,266.68942
91.84805,16.20609,138.64845,139.91277,8.201313,9.958211,303.42584
91.95697,16.00184,140.23894,141.24,8.916635,10.5873375,350.58087
90.570526,15.625971,135.64609,136.07733,9.085849,10.600468,340.95032
89.18409,15.250102,131.05324,130.91466,9.255063,10.613598,332.7693
88.87648,14.9952135,113.91463,114.09935,9.177551,10.467366,322.81665
88.56887,14.740326,96.776024,97.284035,9.100039,10.321135,331.79092
89.34464,15.246307,95.33789,96.145134,10.097628,11.88707,447.78638
90.120415,15.752289,93.89976,95.00622,11.095216,13.453004,507.63422
91.703995,15.85061,95.86576,97.41796,11.000366,13.396681,496.1423
93.28758,15.94893,97.83177,99.8297,10.905517,13.340358,484.2629
93.55174,16.042442,108.985016,111.91159,10.16779,12.5265665,446.486
93.8159,16.135952,120.13827,123.993484,9.430064,11.712776,393.84268
93.918304,16.188745,135.85396,140.03311,8.223258,10.198358,332.60907
94.02071,16.241539,151.56966,156.07274,7.016452,8.68394,258.3033
93.043335,16.29647,164.19691,169.01299,6.3664002,7.853873,188.658
92.06596,16.351402,176.82419,181.95323,5.7163486,7.0238066,143.49348
91.54181,16.35146,181.43013,186.85236,5.223206,6.505507,123.36203
91.01764,16.351519,186.03606,191.75148,4.730064,5.987207,108.02148
90.74982,16.296707,190.1515,194.91455,4.4296412,5.5350547,87.50155
90.481995,16.241896,194.26694,198.0776,4.129218,5.0829024,66.98471
90.44636,16.199842,172.82747,174.02585,3.9992955,4.79869,53.94025
90.41073,16.15779,151.388,149.97408,3.8693726,4.5144773,24.052113
90.15196,16.162743,138.22134,127.66942,4.7814403,5.67472,37.27504
89.8932,16.167698,125.05469,105.36476,5.6935077,6.834963,118.191475
89.67392,16.227219,84.76916,75.50432,6.66811,8.16641,253.18643
89.45464,16.28674,44.48364,45.64388,7.6427116,9.497859,336.77527
89.514114,16.249647,30.583445,31.72292,9.090053,11.26468,471.20517
89.57358,16.212555,16.683252,17.801962,10.537394,13.031502,519.88965
89.21387,16.206934,15.313451,11.437084,11.258278,13.929932,527.26984
88.85415,16.201315,13.94365,5.0722055,11.979161,14.828362,530.6411
87.31288,16.274847,97.27972,78.53329,12.760943,15.9127,559.1555
85.771614,16.34838,180.61578,151.99437,13.542727,16.99704,556.7174
86.380196,16.2921,179.29572,165.64749,14.207017,17.870787,558.32336
86.988785,16.235823,177.97566,179.30061,14.871306,18.744532,558.5959
89.251976,15.92048,217.483,209.01625,14.81912,18.802938,550.9451
91.51515,15.605136,256.99036,238.7319,14.766935,18.861343,529.07416
90.97553,15.525491,271.4623,238.11679,14.751831,18.790123,530.26984
90.4359,15.445845,285.93423,237.50166,14.736728,18.718903,535.9811
89.24272,15.420694,315.1409,291.68103,14.579376,18.480743,548.73126
88.049545,15.395545,344.34753,345.86035,14.422027,18.242584,578.5938
86.741844,15.309482,348.75897,335.12668,13.969704,17.586927,580.75507
85.43414,15.223418,353.1704,324.393,13.517383,16.931267,581.0666
85.19182,15.309178,353.85522,335.04825,12.9062395,16.134098,579.22766
84.9495,15.394938,354.54007,345.70346,12.295094,15.336926,575.9711
86.050964,15.333068,351.5413,347.59644,12.076558,15.051039,573.2767
87.15243,15.271196,348.54254,349.4894,11.858024,14.765153,569.4612
83.838425,15.448674,347.58038,348.56906,11.521801,14.394442,568.8052
80.52441,15.626153,346.6182,347.6487,11.185579,14.023732,566.6244
80.00523,15.636149,344.80753,346.0293,10.946046,13.698423,561.46643
79.48606,15.646145,342.99683,344.40988,10.706512,13.373114,555.40326
80.03947,15.603666,340.46533,341.90448,10.371633,12.908086,545.43256
80.59287,15.561188,337.9338,339.39908,10.036753,12.443057,530.52716
80.78834,15.545452,333.91162,335.4367,9.865177,12.19629,516.125
80.983795,15.529717,329.8894,331.47433,9.693602,11.949523,497.73914
81.77391,15.44611,328.6958,330.18143,9.693778,11.889172,494.41364
82.564026,15.362501,327.50214,328.8885,9.693954,11.82882,491.34827
82.18418,15.421168,326.8259,328.17743,9.104312,11.161606,434.9442
81.804344,15.479835,326.14966,327.4664,8.5146675,10.49439,374.0381
81.667755,15.536709,322.0408,323.80527,7.986268,9.958375,323.9409
81.53117,15.593584,317.932,320.1441,7.4578676,9.422359,281.36124
82.49377,15.589966,314.94388,317.30566,7.3752985,9.337822,285.5823
83.45636,15.586348,311.9558,314.46722,7.2927284,9.253284,290.22253
84.20706,15.588425,309.08566,311.79788,7.2017913,9.170058,285.90686
84.95776,15.590501,306.21555,309.12857,7.1108546,9.086832,272.92676
85.37934,15.572014,305.5285,308.67368,7.1394744,9.151964,273.13196
85.80093,15.553524,304.84146,308.21878,7.1680946,9.217096,272.7806
86.02648,15.58452,306.2962,309.52472,7.0918784,9.201013,274.98975
86.25204,15.615516,307.75095,310.8307,7.0156627,9.18493,277.9781
86.49715,15.60122,309.11234,312.04984,7.136786,9.316294,289.252
86.742256,15.586925,310.47372,313.26895,7.2579093,9.447659,300.17902
86.74055,15.627604,311.59378,314.55768,7.195673,9.456996,306.28445
86.73883,15.668284,312.71387,315.84644,7.133436,9.466334,312.3117
87.80012,15.63985,314.76538,317.92813,7.1330647,9.431884,307.77844
88.86141,15.611416,316.81693,320.00983,7.132693,9.397431,304.0956
89.53501,15.592402,318.77298,321.7803,7.100201,9.302053,300.40442
90.20861,15.573387,320.72903,323.55075,7.0677085,9.206676,301.5264
90.75406,15.518936,320.83063,323.482,6.9339547,8.99354,287.0182
91.29951,15.464484,320.9322,323.4132,6.8002005,8.780404,267.4745
90.31284,15.458477,320.3455,322.65698,6.8743377,8.806923,270.51556
89.32619,15.452471,319.7588,321.90076,6.9484754,8.833442,265.47476
89.224174,15.446539,318.10657,320.48566,6.752837,8.631743,250.12747
89.12216,15.440609,316.45438,319.07053,6.5572,8.430043,233.53513
88.95288,15.50158,315.90286,317.6324,7.3167295,8.942056,249.36989
88.78361,15.562551,315.35135,316.19424,8.07626,9.454067,265.44235
89.39228,15.524175,315.68015,316.49408,8.143412,9.511338,270.48996
90.00096,15.485799,316.0089,316.7939,8.210565,9.568608,277.7912
89.65162,15.481863,317.87738,318.5769,8.375503,9.764949,289.56903
89.30228,15.477925,319.74585,320.35992,8.540441,9.96129,304.2447
87.65439,15.543884,318.7573,319.33755,8.711813,10.182524,334.40103
86.0065,15.609842,317.7687,318.3152,8.883185,10.403758,364.53485
87.39371,15.489091,317.79327,318.36685,8.916803,10.413812,359.86755
88.780914,15.36834,317.8178,318.41855,8.950422,10.423865,348.31155
89.02077,15.358521,320.64798,321.42535,8.917107,10.40529,353.12057
89.26063,15.348704,323.47815,324.43216,8.883792,10.386714,354.11078
88.49506,15.38393,325.11688,325.92215,8.680383,10.1070595,329.9775
87.729485,15.419155,326.75558,327.41214,8.4769745,9.827405,306.5477
87.87541,15.395153,328.12256,328.85132,8.391791,9.730953,301.96524
88.02133,15.371152,329.48956,330.29047,8.306608,9.634502,298.8859
87.98104,15.38144,331.14505,331.91245,8.157903,9.4453945,290.3432
87.94075,15.39173,332.80048,333.53442,8.009195,9.256287,280.17813
87.90507,15.405405,334.20523,334.9228,7.790651,9.010546,269.7132
87.86939,15.419081,335.61,336.3112,7.572107,8.764805,259.7495
87.19176,15.444658,335.68295,336.34546,7.3819575,8.498979,236.55086
86.51412,15.470236,335.7559,336.37976,7.191808,8.233152,214.09853
86.186195,15.479723,334.5954,335.23447,7.0985866,8.129975,205.77068
85.858284,15.48921,333.4349,334.0892,7.005366,8.026798,198.62581
85.03909,15.53174,333.34286,334.0064,6.881728,7.8900356,182.5898
84.21991,15.574269,333.25085,333.9236,6.7580914,7.7532735,164.56429
84.64395,15.563648,333.5308,334.20016,6.7597466,7.7526736,171.23363
85.06799,15.553026,333.81073,334.47668,6.761401,7.7520742,177.75276
85.34161,15.520825,335.16504,335.78998,6.7853155,7.756711,180.70901
85.615234,15.488624,336.51938,337.10324,6.80923,7.761348,183.09512
85.74667,15.441003,336.17014,336.6997,6.759798,7.6876416,181.3655
85.87812,15.393382,335.8209,336.29617,6.710366,7.613935,177.88864
85.14554,15.428709,337.56213,337.92593,6.412674,7.2823057,148.39969
84.41296,15.464037,339.30338,339.55573,6.1149817,6.950676,116.12194
83.44081,15.496196,339.38663,339.74875,5.8575273,6.647734,86.77489
82.46868,15.528355,339.46985,339.94174,5.600073,6.344792,68.8767
81.3804,15.545794,339.4706,339.8784,5.279619,5.9654875,55.99875
80.29212,15.563232,339.47137,339.815,4.9591656,5.586183,51.18184
79.97508,15.575996,341.76874,342.08148,4.4974055,5.0506473,40.927845
79.658035,15.588762,344.06604,344.34793,4.035645,4.515111,31.147608
79.67868,15.5891075,344.74002,345.09158,3.6558187,4.0640554,19.129557
79.699326,15.589454,345.414,345.83527,3.2759926,3.6129992,13.109544
79.596466,15.564584,340.24063,340.7424,2.739469,2.9870162,11.457823
79.493614,15.539713,335.06723,335.64954,2.202946,2.3610332,7.9885154
79.63256,15.499433,326.40463,326.7353,1.8037646,1.914836,5.2116923
79.7715,15.45915,317.74203,317.82108,1.404583,1.4686388,9.991312
79.9075,15.410732,285.4766,285.26132,1.0671589,1.1105351,-6.046138
80.0435,15.362315,253.21114,252.70161,0.7297349,0.7524316,-3.1143498
81.697586,14.91603,173.1032,172.93405,1.0445694,1.091032,-17.418089
83.35168,14.469747,92.99523,93.166466,1.3594038,1.4296325,10.585605
83.25972,14.506155,104.27754,104.469696,1.7775428,1.8869147,12.818122
83.16775,14.542562,115.55985,115.77293,2.1956816,2.3441968,5.8958454
82.95391,14.582211,118.8393,119.092476,2.568372,2.753319,5.7245655
82.74007,14.6218605,122.11875,122.41204,2.9410622,3.1624415,6.8892617
83.1331,14.632946,123.3013,123.66775,3.3651874,3.6388156,5.6178694
83.52614,14.6440325,124.483864,124.923454,3.7893128,4.1151896,5.526402
84.37089,14.638191,120.33973,120.87413,4.205935,4.610854,20.794937
85.21564,14.632351,116.195595,116.824814,4.622557,5.1065187,41.6589
86.21676,14.624869,116.71061,117.38033,4.996495,5.653282,62.54387
87.21788,14.617388,117.22564,117.935844,5.3704324,6.200046,92.75048
88.27886,14.594023,125.48604,126.20896,5.856382,6.764196,121.16436
89.33984,14.570659,133.74643,134.4821,6.3423314,7.3283453,148.86285
89.297066,14.629364,148.45215,149.2069,5.93784,6.7975693,120.2248
89.25428,14.688069,163.15787,163.9317,5.533349,6.266793,113.59334
88.303,14.73756,177.0858,177.75708,5.658338,6.3923054,129.08476
87.35172,14.787051,191.01372,191.58243,5.7833266,6.5178185,110.29543
86.32091,14.698011,213.20914,213.45348,5.1243534,5.712532,43.902077
85.2901,14.608972,235.40457,235.32451,4.46538,4.9072447,38.787186
84.21997,14.577472,230.2279,230.0739,3.8852234,4.223914,16.629187
83.14985,14.545973,225.05124,224.8233,3.3050668,3.540583,4.8848114
82.30163,14.507067,210.70036,210.59149,2.9536867,3.1506402,3.4703784
81.45341,14.46816,196.3495,196.3597,2.6023068,2.7606974,3.822083
80.96049,14.403015,171.15175,171.2401,2.6618593,2.8187745,7.364858
80.467575,14.337871,145.95398,146.12048,2.7214117,2.8768518,-0.12493699
80.360214,14.282142,133.53825,133.77611,2.893638,3.0694132,-3.2625859
80.25286,14.226414,121.12253,121.43171,3.0658643,3.2619743,0.7142272
79.838745,14.263033,114.845314,115.05799,3.464999,3.7133453,6.541363
79.42464,14.299652,108.5681,108.684265,3.8641336,4.1647162,19.417711
79.21147,14.351979,103.83006,104.18659,4.105402,4.453447,33.98063
78.998314,14.404307,99.092026,99.6889,4.3466697,4.7421775,47.987324
78.47669,14.430022,96.56987,97.06141,4.5218606,4.917659,55.943874
77.95506,14.455739,94.04772,94.43392,4.6970506,5.093141,58.289955
79.01725,14.378709,85.992226,86.25843,4.48209,4.8346424,57.794895
80.07944,14.30168,77.93673,78.08295,4.267129,4.5761437,53.354397
80.79842,14.274092,64.26483,64.33723,4.37437,4.695329,46.956173
81.5174,14.246505,50.592937,50.591507,4.4816113,4.814515,36.180363
81.49801,14.2833805,43.532425,43.548813,4.7357783,5.1082654,29.867924
81.4786,14.320258,36.47191,36.506123,4.989946,5.4020157,36.75961
81.48318,14.35465,31.27796,31.266726,5.2276683,5.681235,47.97753
81.48775,14.389041,26.084015,26.027328,5.4653907,5.960454,64.789024
81.11852,14.435597,26.125065,26.068657,5.534563,6.0579624,69.10201
80.7493,14.482154,26.166115,26.109987,5.603735,6.1554704,73.147766
80.19352,14.541179,56.783157,56.744835,5.5092764,6.067121,75.221466
79.63775,14.6002035,87.4002,87.37968,5.4148183,5.9787717,78.205124
79.24052,14.649814,110.40809,115.38165,5.236636,5.7831097,65.609
78.843285,14.699425,133.41597,143.38362,5.058454,5.587447,49.349045
81.0546,14.316882,172.51503,177.5247,3.6402647,3.9410048,41.13933
83.265915,13.93434,211.61407,211.6658,2.2220755,2.2945623,-5.991591
81.8883,13.96724,150.87083,151.26294,2.5161386,2.6007936,1.439211
80.5107,14.000142,90.12759,90.86009,2.810202,2.9070249,16.238142
79.6344,14.033757,60.777622,56.386677,3.5285285,3.7032557,20.25543
78.758095,14.067372,31.427662,21.91326,4.246855,4.499487,4.153951
78.34751,14.100201,190.20825,185.63667,4.9905667,5.3568482,87.98205
77.93693,14.13303,348.98883,349.36008,5.734278,6.2142096,51.730743
81.40247,14.054473,346.888,347.38315,7.275238,8.089362,222.91829
84.86802,13.975915,344.78717,345.40622,8.816197,9.964516,349.64706
87.287506,13.795427,347.80704,348.5482,11.304272,13.3299675,554.34735
89.70699,13.61494,350.82693,351.69016,13.792346,16.69542,580.01385
88.64631,13.579281,347.76013,348.45746,14.291422,17.320038,580.9125
87.58563,13.543623,344.69333,345.22473,14.790497,17.944658,576.83923
86.04843,13.578776,345.19223,345.81522,14.759886,17.928362,577.6723
84.51123,13.61393,345.6911,346.40567,14.729275,17.912066,577.9672
82.852905,13.765233,348.6167,349.3082,14.249421,17.292215,580.5524
81.19459,13.916538,351.5423,352.2107,13.769568,16.672365,580.01385
79.93983,14.038598,349.19263,349.85574,13.229829,15.946886,579.58795
78.685074,14.160658,346.843,347.50082,12.690088,15.221405,577.967
80.36932,14.023218,345.05035,345.64807,12.555069,14.934457,578.1388
82.05357,13.885779,343.2577,343.7953,12.42005,14.647508,577.6621
82.48945,13.854649,342.77124,343.4115,12.198328,14.365494,575.60785
82.925316,13.823517,342.28482,343.02774,11.976607,14.08348,572.5323
80.732254,14.004456,337.94955,338.70404,11.781042,13.87189,569.84314
78.5392,14.185393,333.6143,334.38034,11.585479,13.660299,565.1232
76.17229,14.370112,332.27036,332.97824,11.8400345,14.095211,565.8259
73.805374,14.55483,330.92642,331.57617,12.09459,14.530123,561.6312
77.827805,14.244965,334.54022,335.08917,12.366177,14.747081,573.80554
81.85023,13.935099,338.15408,338.60217,12.637764,14.96404,579.071
79.57468,14.106164,337.90933,338.47998,11.973184,14.1736555,571.9313
77.299126,14.277228,337.66458,338.35782,11.308604,13.383272,558.3506
74.60603,14.445228,336.0417,336.72668,11.495121,13.702187,557.0249
71.91293,14.613227,334.41876,335.09558,11.681639,14.021101,554.8214
71.12153,14.74166,334.46524,335.22458,11.530207,13.903124,551.20154
70.33011,14.870094,334.5117,335.35358,11.378776,13.785146,546.822
72.06848,14.764319,335.29745,336.038,11.5104265,13.877933,551.8604
73.80686,14.6585455,336.08322,336.72238,11.6420765,13.970718,557.6448
75.29377,14.529527,338.37057,338.90344,11.42263,13.625261,556.8238
76.78068,14.400509,340.6579,341.08453,11.203183,13.279802,554.9762
75.98967,14.5069895,340.55957,341.03683,10.519108,12.444631,525.72095
75.19866,14.613471,340.46124,340.98914,9.835032,11.609459,476.82227
73.9633,14.680242,338.1401,338.7113,9.688175,11.4148655,452.65118
72.72794,14.747013,335.81897,336.43344,9.541317,11.220272,425.67816
72.54883,14.748098,335.31915,335.92163,9.415166,11.064042,408.8191
72.36971,14.749186,334.81937,335.40982,9.289014,10.907812,390.21408
72.04296,14.806235,332.63654,333.21854,9.146349,10.763896,366.21835
71.7162,14.863284,330.45364,331.02725,9.003684,10.619982,345.23706
71.85863,14.81585,326.50616,326.9937,9.974158,11.6682005,434.49033
72.001045,14.768415,322.55865,322.96017,10.944632,12.71642,501.39066
71.30333,14.789759,323.1256,323.54028,11.012973,12.822129,509.16144
70.6056,14.811103,323.6926,324.12036,11.081314,12.927838,517.08057
70.794586,14.761527,323.7957,324.1924,11.026132,12.831948,513.74475
70.983574,14.711951,323.89874,324.26453,10.97095,12.736058,510.04828
70.86489,14.680993,323.9678,324.34674,10.860871,12.581701,503.7264
70.74621,14.650035,324.03687,324.42896,10.7507925,12.427344,496.68454
70.39699,14.656486,323.49448,323.89032,10.584952,12.207048,484.56058
70.047775,14.662936,322.95206,323.35165,10.419112,11.9867525,471.22046
70.217606,14.665721,321.66028,322.05,10.250071,11.768012,450.35913
70.387436,14.668504,320.36853,320.7483,10.081028,11.549271,427.24738
69.95174,14.750217,319.48392,319.92285,9.912879,11.352729,409.67963
69.51604,14.831929,318.59937,319.0974,9.744731,11.156187,394.6849
69.50684,14.856068,316.91647,317.4619,9.525344,10.8770485,368.0246
69.497665,14.880205,315.23358,315.8264,9.305959,10.59791,341.06015
69.94753,14.874895,312.36145,313.0114,9.123368,10.333546,308.3492
70.39739,14.869584,309.48932,310.1964,8.94078,10.069182,281.80325
71.36572,14.783832,305.52536,306.10596,8.653894,9.68508,240.34338
72.33406,14.698079,301.56143,302.01547,8.367009,9.300978,221.82892
72.98651,14.707437,296.7795,297.15015,8.215684,9.127208,222.57262
73.63896,14.716794,291.99762,292.28482,8.064359,8.953438,223.4636
74.84351,14.716428,287.66772,287.94006,8.092242,8.994919,228.14687
76.04806,14.716064,283.3378,283.59537,8.120127,9.0364,243.12015
76.86032,14.752891,284.49335,284.7741,8.1308365,9.039021,248.0871
77.67259,14.789717,285.64893,285.95288,8.141546,9.041641,254.49086
79.833115,14.715746,285.7132,285.90573,8.015842,8.914447,260.5308
81.99364,14.641775,285.77747,285.85855,7.8901377,8.787251,234.6461
81.02868,14.783113,283.94562,284.12106,7.845542,8.784506,246.83142
80.063736,14.924452,282.11374,282.3836,7.8009467,8.781759,258.81635
78.84417,15.030669,280.339,280.74023,7.452804,8.423902,243.1942
77.62461,15.136885,278.5642,279.09686,7.1046624,8.066043,212.6589
78.0324,15.2164545,274.38995,275.08255,6.7982626,7.750797,192.20308
78.4402,15.296023,270.21567,271.06824,6.4918623,7.4355507,162.42746
78.74497,15.354838,265.6855,266.86353,6.2187724,7.1506643,140.8266
79.04975,15.413652,261.1553,262.65884,5.945682,6.8657775,124.697845
78.92341,15.506154,258.1491,260.1982,5.859437,6.8900514,125.506226
78.797066,15.598657,255.14293,257.73758,5.773191,6.914325,127.18153
78.71449,15.685317,256.13004,258.96503,5.9357142,7.334899,153.33838
78.63192,15.771979,257.11716,260.19244,6.098237,7.755473,181.16599
78.79688,15.838861,261.84418,265.19003,6.4784713,8.333206,220.52147
78.96186,15.905745,266.5712,270.18765,6.8587046,8.91094,257.66977
78.28229,15.9503,272.9197,275.75574,7.5700803,9.657626,313.43362
77.602715,15.994855,279.26822,281.32385,8.281457,10.404312,340.47592
78.43699,15.828027,280.89297,282.4979,8.803658,10.861656,376.9082
79.271255,15.661198,282.5178,283.672,9.325859,11.319,419.24414
79.94548,15.537726,280.78314,281.78134,9.396583,11.271259,414.8071
80.619705,15.414255,279.0485,279.8907,9.467306,11.223517,406.37485
81.20674,15.153961,277.99472,278.88095,9.770621,11.6867695,441.7372
81.79377,14.893666,276.94098,277.87122,10.073936,12.150022,476.20038
82.134636,14.756292,277.41846,278.361,10.229901,12.2813,486.71887
82.47551,14.618919,277.89594,278.85077,10.385866,12.412578,496.46765
82.6613,14.568442,277.14197,278.16336,10.295811,12.2700815,488.69473
82.84709,14.517964,276.38797,277.47595,10.205754,12.127585,481.22708
83.54783,14.440509,276.63513,277.61307,10.23579,12.106771,480.50018
84.24857,14.363053,276.8823,277.75018,10.265827,12.0859585,481.03287
84.54156,14.3531885,278.3376,279.12454,10.238127,12.030101,479.12744
84.83455,14.343322,279.79288,280.49893,10.210425,11.974242,476.81717
84.774185,14.292247,281.16043,282.1048,10.287206,12.080319,485.4409
84.71381,14.241171,282.52798,283.71066,10.363984,12.186397,493.355
83.519005,14.205608,285.76276,286.70776,10.46687,12.277753,505.72534
82.324196,14.170047,288.99753,289.70486,10.5697565,12.36911,514.50397
81.19223,14.127455,290.92108,291.4994,10.598179,12.377821,517.9773
80.06026,14.084862,292.84464,293.29395,10.626601,12.386532,518.34375
79.330826,14.050713,292.66638,293.07346,10.645262,12.378188,516.9867
78.6014,14.016563,292.4881,292.85294,10.663922,12.369844,514.3512
78.27918,13.95623,292.1457,292.51273,10.50801,12.129034,502.53098
77.95696,13.895894,291.80328,292.1725,10.352097,11.888225,488.97156
78.14445,13.852287,291.24167,291.5763,10.200267,11.664961,476.2883
78.331924,13.808682,290.68008,290.9801,10.048437,11.441695,462.60153
77.914734,13.845706,289.04285,289.3661,9.9326315,11.312132,450.19568
77.49755,13.8827305,287.40558,287.75204,9.816827,11.182568,435.82794
76.06935,13.969006,287.9161,288.2012,9.778502,11.172415,422.55063
74.64116,14.055281,288.42664,288.6504,9.740177,11.162263,405.73093
73.599205,14.133297,290.41156,290.62167,9.271988,10.590284,337.32993
72.55725,14.211314,292.39648,292.59302,8.803799,10.018306,282.9017
72.36935,14.254272,294.2764,294.47412,8.323902,9.448157,239.93307
72.181435,14.297231,296.1563,296.35526,7.844006,8.878009,198.76894
71.94774,14.339083,296.66803,297.02,7.0833874,7.9954205,159.8236
71.714035,14.380934,297.17978,297.6847,6.3227687,7.1128335,111.15972
71.486626,14.472913,293.01685,293.92746,5.7770705,6.5347977,84.24895
71.25922,14.564891,288.8539,290.1702,5.2313724,5.9567623,68.62707
71.22628,14.646602,285.74637,287.49622,4.797403,5.4684076,60.355328
71.193344,14.7283125,282.6388,284.82227,4.363433,4.980053,46.374077
71.20572,14.777837,276.24136,278.99924,3.9259806,4.4669776,26.3183
71.21809,14.827362,269.8439,273.17624,3.4885285,3.9539022,11.767772
71.83001,14.855964,260.46835,263.3114,3.8661084,4.365238,19.283833
72.441925,14.884564,251.09282,253.44656,4.243688,4.776574,49.004875
73.25181,14.907463,246.93138,249.12608,4.667877,5.3298244,79.11812
74.06169,14.930362,242.76994,244.80559,5.092066,5.8830743,99.213455
74.53482,14.9687395,243.69743,245.79059,5.4087877,6.3915825,118.704506
75.00795,15.007116,244.62494,246.7756,5.725509,6.900091,147.55391
75.263504,15.059105,245.66614,247.86578,5.8039074,7.165642,164.12404
75.51905,15.1110935,246.70732,248.95595,5.8823056,7.431193,177.04187
75.98628,15.157827,247.06506,249.35814,6.170759,7.903527,206.23894
76.45353,15.204563,247.4228,249.76031,6.459213,8.37586,240.40952
76.73067,15.148795,242.83342,244.79726,6.6213784,8.209266,238.9492
77.00781,15.093028,238.24405,239.8342,6.7835436,8.04267,240.24416
78.26074,15.215678,248.3418,250.25769,7.102837,8.50345,260.93427
79.513664,15.338328,258.43954,260.68118,7.42213,8.9642315,263.87466
78.05015,15.388114,270.3299,272.36475,7.6977663,9.21078,290.50543
76.58664,15.437901,282.22025,284.04834,7.973403,9.457329,285.91196
76.42609,15.382891,286.6753,288.2354,8.1068325,9.558962,279.23697
76.265526,15.32788,291.13034,292.4225,8.240261,9.660593,278.04547
76.5072,15.254763,292.7585,293.83862,8.410723,9.7827,285.64688
76.74888,15.181644,294.3867,295.25476,8.581185,9.904805,292.9567
76.90137,15.086784,294.72235,295.65378,8.508027,9.7694235,279.93176
77.05385,14.991926,295.058,296.0528,8.434868,9.634041,266.87915
77.475624,14.91296,294.83087,295.63937,8.40191,9.533983,259.62042
77.89739,14.833994,294.60376,295.226,8.368952,9.433926,257.60345
78.27718,14.764057,294.46918,295.00974,8.389559,9.423025,262.24887
78.65698,14.6941185,294.33463,294.79346,8.410167,9.412126,266.96594
78.48249,14.631769,295.10892,295.59497,8.291716,9.243109,253.00917
78.30801,14.569421,295.8832,296.39648,8.173264,9.074092,239.15948
77.7894,14.537799,296.4261,296.85925,7.916884,8.756201,213.14098
77.27078,14.506178,296.96893,297.322,7.6605043,8.43831,187.24045
77.10648,14.492217,296.8536,297.16763,7.406039,8.13945,171.85307
76.94219,14.478254,296.73825,297.0133,7.151575,7.8405914,157.95732
76.46602,14.487684,295.54312,295.81235,6.870329,7.516508,139.62549
75.989845,14.497114,294.348,294.61136,6.589083,7.1924243,125.08678
75.26064,14.517221,293.35815,293.58612,6.5590243,7.162176,124.48705
74.53143,14.53733,292.36835,292.56088,6.5289655,7.1319284,125.96485
73.75868,14.600791,292.446,292.61093,6.3886223,6.9938793,122.56453
72.98594,14.664252,292.52368,292.661,6.248279,6.85583,118.84778
72.41339,14.755783,291.5396,291.6788,5.92944,6.5191813,89.080505
71.84084,14.847313,290.55554,290.69653,5.610601,6.182532,69.149025
71.85984,14.9178295,292.5591,292.78513,4.864666,5.3538556,51.499466
71.87884,14.988345,294.56268,294.87372,4.1187305,4.525179,28.478022
71.81305,15.040241,293.73483,294.12662,3.756348,4.120754,18.158056
71.74726,15.092136,292.90698,293.37952,3.3939657,3.7163289,5.12944
71.742386,15.146265,283.98682,284.55304,2.89469,3.1543596,5.473944
71.73752,15.200396,275.06665,275.7266,2.3954144,2.5923903,-1.2894441
71.94547,15.260608,259.13675,260.1307,2.221529,2.3942437,-9.512235
72.153435,15.320821,243.20686,244.5348,2.0476437,2.1960971,-2.021343
72.72127,15.374325,234.4777,235.8898,2.0229018,2.1794324,1.9881922
73.2891,15.427829,225.74855,227.2448,1.9981601,2.162768,2.6020107
74.13916,15.47958,216.10255,217.63956,2.117023,2.3544445,4.841093
74.98922,15.531331,206.45657,208.03433,2.2358859,2.5461211,6.30111
76.39809,15.569698,197.89803,201.2945,2.2454264,2.678397,8.923506
77.806946,15.608066,189.3395,194.55467,2.2549672,2.810673,7.0647287
79.038734,15.656706,185.0184,191.16228,2.330527,3.053702,8.53683
80.27052,15.705346,180.69731,187.76988,2.406087,3.2967312,20.106379
81.728134,15.759892,176.38892,185.00264,2.5529852,3.6404593,38.66746
83.18575,15.81444,172.08049,182.23538,2.6998835,3.9841876,63.089478
81.20101,15.797704,167.0058,173.92723,3.2170503,4.6607757,62.66226
79.216286,15.780969,161.9311,165.61908,3.7342172,5.3373637,89.32724
80.61484,15.820974,162.57195,167.61288,3.6510305,5.4439692,98.56945
82.01338,15.860982,163.21277,169.60669,3.567844,5.5505753,109.5812
83.383484,15.889297,161.5333,169.64537,3.512494,5.588873,117.898575
84.75358,15.917612,159.85384,169.68405,3.4571443,5.627171,125.22974
86.059746,15.923741,161.65149,172.53691,3.3268783,5.491399,136.35156
87.36593,15.929871,163.44913,175.38979,3.1966121,5.355627,138.07208
88.22443,15.950902,165.33875,177.91383,3.2380214,5.377879,135.58217
89.082924,15.971934,167.22836,180.43788,3.279431,5.4001307,127.45896
89.85593,15.976867,172.33801,187.69788,2.7562745,4.755658,107.2473
90.62892,15.981801,177.44766,194.95787,2.233118,4.1111846,78.293434
91.03943,15.971886,180.74158,201.55147,2.0848715,3.750395,53.12071
91.449936,15.961971,184.03548,208.14507,1.936625,3.3896055,30.792402
91.48529,15.96487,189.1594,213.33325,1.9128832,3.2663147,22.331442
91.52065,15.96777,194.28333,218.52142,1.8891416,3.143024,16.824986
91.458984,15.971779,203.80516,225.46086,1.8157275,3.1077254,8.197313
91.39731,15.97579,213.32701,232.40033,1.7423134,3.0724268,3.579509
91.465065,15.967773,221.36763,238.46265,1.666155,3.0057878,5.3370404
91.53282,15.959757,229.40825,244.52496,1.5899968,2.9391487,8.560538
91.71279,15.949818,231.04832,244.36775,1.7195728,3.1448128,9.712159
91.89275,15.939877,232.68839,244.21054,1.8491486,3.3504772,12.038687
91.9463,15.940735,232.74272,243.52866,1.872409,3.494112,13.941129
91.99983,15.941592,232.79703,242.8468,1.8956693,3.6377466,16.050224
91.982025,15.950339,229.86542,240.67035,1.7634771,3.5016043,12.662463
91.96422,15.959086,226.93379,238.49388,1.631285,3.365462,9.323428
92.00473,15.9703045,225.93553,237.18472,1.5836571,3.3490636,8.438534
92.04525,15.9815235,224.93727,235.87558,1.5360293,3.3326657,7.5633636
91.90699,16.005713,212.90706,233.42435,1.1550047,2.799961,1.1217239
91.76873,16.029903,200.87686,230.97311,0.77398026,2.2672567,7.555667
91.90064,16.020163,162.58363,212.0942,0.9119183,1.7407819,37.76963
92.032555,16.01042,124.29041,193.21529,1.0498563,1.2143071,56.223362
92.34463,15.993746,125.65491,170.41985,1.4448897,1.8910855,25.398457
92.6567,15.977071,127.01941,147.62437,1.839923,2.5678637,7.468446
92.20449,16.056503,131.86931,149.2914,2.1443722,3.3437958,17.465508
91.75227,16.135935,136.7192,150.9584,2.4488213,4.1197276,34.125366
91.798805,16.186493,136.2292,151.57838,2.636153,4.597745,48.021397
91.84534,16.237051,135.73923,152.19835,2.8234847,5.075762,58.633583
91.23982,16.31181,134.89888,151.62976,3.0737727,5.4921737,65.22876
90.6343,16.38657,134.05855,151.06116,3.324061,5.908585,68.134445
89.4392,16.477917,135.69298,152.47171,3.6433165,6.416546,82.896225
88.24411,16.569263,137.32741,153.88226,3.962572,6.9245057,114.47806
86.367874,16.6547,141.84784,156.53658,4.2654076,7.451317,169.14917
84.49163,16.740131,146.36826,159.1909,4.5682425,7.978128,218.91777
82.18641,16.834095,150.29596,162.3942,4.91514,8.47861,285.8546
79.88118,16.92806,154.22366,165.59749,5.2620373,8.979093,334.7393
78.98704,16.980127,158.27365,168.36276,5.537898,9.35994,355.89096
78.09288,17.032196,162.32365,171.12804,5.8137593,9.740787,373.73523
79.6971,17.266624,165.21385,173.35713,6.517135,10.479616,404.84573
81.301315,17.501055,168.10403,175.58624,7.22051,11.218447,436.536
81.37975,17.502892,170.27217,177.11482,7.309924,11.371315,443.65527
81.45819,17.50473,172.44029,178.64342,7.3993387,11.524184,450.3242
82.0483,17.497032,175.15652,181.2574,7.432917,11.559585,451.15057
82.63841,17.489332,177.87276,183.8714,7.4664955,11.594984,451.46463
83.56485,17.424946,180.24684,186.57593,7.173058,11.183495,430.45453
84.49129,17.360561,182.62091,189.28046,6.8796206,10.772006,410.0878
85.12925,17.285284,186.79543,193.88638,6.6476374,10.443566,390.97495
85.76721,17.210009,190.96991,198.49232,6.4156547,10.115128,369.51547
86.53557,17.13568,194.15034,201.77585,6.3558517,9.99238,361.3928
87.30393,17.06135,197.3308,205.05936,6.2960477,9.869632,349.84592
88.50405,16.990517,202.45212,209.85152,6.4247575,9.968253,346.2443
89.70418,16.91968,207.57341,214.64368,6.553466,10.0668745,348.37106
90.74297,16.840288,209.23305,215.6989,6.689681,10.146964,367.28354
91.78177,16.760895,210.8927,216.75414,6.825895,10.227056,385.97202
92.302025,16.73368,213.59557,219.47781,7.0903726,10.546359,417.6589
92.82229,16.706465,216.29846,222.20149,7.35485,10.865664,446.87787
93.32263,16.711279,217.69406,223.51459,7.5731597,11.109352,472.07297
93.82298,16.716091,219.08966,224.82767,7.7914686,11.353041,492.88177
93.780754,16.76556,221.05182,226.53622,7.7523723,11.386724,492.94104
93.738525,16.81503,223.01396,228.24478,7.713275,11.420409,493.32172
92.50315,16.936827,224.05698,229.24976,7.318317,11.138581,462.10364
91.26778,17.058624,225.09999,230.25473,6.923359,10.856752,432.59857
90.99429,17.1038,222.30504,227.84282,6.749961,10.705669,418.2459
90.72082,17.148973,219.51006,225.43091,6.576563,10.554586,404.44946
89.79557,17.215319,219.46678,226.54395,6.0273266,9.977573,358.15378
88.87032,17.281664,219.42348,227.657,5.4780903,9.40056,315.58713
88.14256,17.309427,216.81284,226.33386,5.064974,8.842372,277.04565
87.4148,17.337193,214.20222,225.01071,4.651857,8.284185,237.30006
87.29923,17.322409,206.07666,219.66885,4.0936117,7.4272947,187.13391
87.183655,17.307625,197.95111,214.32698,3.5353663,6.5704045,138.22186
87.55886,17.264536,183.93285,202.02245,3.6125286,6.3575253,179.55368
87.934074,17.221449,169.9146,189.71788,3.6896908,6.1446457,197.02484
88.62335,17.182274,163.06989,179.64287,4.2082596,6.7883677,197.67604
89.31263,17.1431,156.22516,169.56784,4.7268276,7.43209,190.73544
89.28379,17.207394,156.3866,168.22836,4.877369,7.888561,219.01189
89.25495,17.271687,156.54803,166.88889,5.02791,8.345032,239.92377
88.863365,17.350193,158.71315,169.13623,5.0985584,8.51793,264.95535
88.47178,17.428698,160.87825,171.38358,5.1692066,8.690828,284.81433
87.67221,17.506807,166.74173,178.07822,5.1205993,8.705965,311.74478
86.87264,17.584917,172.6052,184.77284,5.0719924,8.721101,327.1791
85.46596,17.664799,181.95802,194.9817,4.962537,8.676054,336.42487
84.059265,17.74468,191.31085,205.19058,4.853081,8.631006,320.60938
83.26162,17.766602,195.59732,209.73393,4.7769966,8.503458,297.0769
82.46397,17.788523,199.88376,214.2773,4.700912,8.37591,266.8632
82.593544,17.735804,201.60724,215.23878,4.7488027,8.454979,271.95657
82.72313,17.683084,203.33069,216.20027,4.7966933,8.534049,276.65732
82.86167,17.802525,204.90346,218.47375,4.0801735,7.27827,139.02698
83.00022,17.921967,206.4762,220.74727,3.3636544,6.0224905,49.379974
82.607895,17.850464,208.80008,220.79803,3.5947437,6.3698144,51.786594
82.21557,17.778961,211.12396,220.84883,3.825833,6.717138,65.24155
82.35691,17.72589,215.46964,223.92079,3.9580343,6.9660215,75.36827
82.498245,17.672817,219.8153,226.99277,4.0902357,7.2149057,92.77921
82.66116,17.595951,227.5748,234.27774,3.9882896,7.1030564,75.901405
82.82409,17.519087,235.33427,241.56273,3.8863435,6.991207,66.397415
82.6977,17.451092,238.5163,244.94452,3.914626,6.969749,68.565315
82.571304,17.383099,241.69829,248.32631,3.9429083,6.948292,71.38211
81.942795,17.311014,240.81877,247.05464,4.0743966,6.974196,80.20094
81.31429,17.238932,239.93925,245.78297,4.205885,7.0001,90.04444
81.39567,17.127398,234.82668,240.76082,4.271046,6.834117,79.61121
81.47704,17.015865,229.71408,235.73868,4.336207,6.6681333,69.488045
82.0715,16.91169,222.48483,228.51785,4.4557195,6.6625032,75.839485
82.66596,16.807516,215.2556,221.297,4.575232,6.656873,82.463905
84.08798,16.757555,211.66452,216.66742,5.003979,7.129983,133.18571
85.51001,16.707594,208.07344,212.03783,5.432727,7.6030927,178.56538
87.82317,16.539995,208.06241,210.6801,6.4345455,8.430681,214.67046
90.136345,16.372396,208.05136,209.32239,7.4363627,9.25827,253.41609
89.856255,16.120522,212.0911,212.9528,8.208155,9.833628,291.15482
89.57616,15.868649,216.13081,216.58324,8.979946,10.408985,340.3685
87.95589,15.965709,213.39012,214.17543,8.586531,10.111895,289.83844
86.33562,16.062767,210.64944,211.7676,8.193114,9.814804,260.8983
85.268074,16.34315,205.59128,208.07922,7.6810946,9.71906,278.0869
84.20052,16.623531,200.53311,204.39084,7.169075,9.623316,294.3352
83.31567,16.830221,197.85097,203.237,6.683813,9.337049,304.42105
82.43081,17.03691,195.16882,202.08318,6.1985517,9.050783,310.7576
82.48693,17.119682,194.4522,202.74701,5.7955737,8.679373,296.8938
82.54305,17.202457,193.73558,203.41087,5.3925962,8.307962,274.72202
82.64082,17.26902,194.32474,204.98672,5.4310713,8.366918,279.8376
82.738594,17.335585,194.91388,206.56259,5.4695463,8.425873,284.47363
82.73586,17.362171,194.11595,206.3018,5.40524,8.452691,288.76523
82.73314,17.38876,193.31805,206.041,5.340934,8.479509,292.72382
82.79751,17.431562,192.73424,204.93968,5.491684,8.696161,309.4286
82.86187,17.474365,192.15044,203.83838,5.642434,8.912812,324.26276
83.47509,17.460577,190.18936,201.6672,5.5860014,8.812604,322.1466
84.0883,17.44679,188.22826,199.49602,5.5295687,8.712396,320.5274
83.992516,17.544676,193.59642,203.71089,6.0360646,9.426491,344.58112
83.89673,17.642561,198.9646,207.92578,6.5425606,10.140587,375.7414
84.03399,17.635857,204.65814,212.89806,6.56366,10.102422,363.3462
84.17126,17.62915,210.35167,217.87033,6.58476,10.064257,355.6586
84.02575,17.625607,209.29443,216.01497,6.6181993,10.198353,364.61676
83.88023,17.622063,208.23723,214.15958,6.651638,10.332449,373.61243
84.07323,17.610527,211.46185,217.00421,7.295918,11.010343,408.19116
84.26622,17.598991,214.68646,219.84885,7.940198,11.688236,450.03226
84.30906,17.55662,220.17279,224.75664,8.301478,12.058865,470.20334
84.351906,17.514248,225.6591,229.66441,8.662759,12.429493,488.56396
85.33175,17.340122,226.22601,229.77696,9.104816,12.904875,505.10373
86.31159,17.165995,226.7929,229.88951,9.546874,13.380256,517.40594
86.153465,17.046297,227.45166,230.1966,9.436041,13.0074835,502.80054
85.99533,16.9266,228.11043,230.50366,9.325207,12.634711,483.90268
86.19318,16.833248,225.7533,228.32771,9.260824,12.460516,476.44366
86.39102,16.739895,223.39616,226.15175,9.196443,12.28632,468.08984
86.74309,16.655622,222.53963,224.95105,9.363477,12.329508,470.52798
87.09515,16.57135,221.68309,223.75032,9.53051,12.372696,473.1327
87.2764,16.534832,221.99777,224.00673,9.406982,12.173689,462.08667
87.45764,16.498314,222.31248,224.26312,9.283454,11.974682,450.8649
87.33454,16.468271,223.2906,225.1643,9.26828,11.892595,443.29886
87.21144,16.438225,224.26874,226.0655,9.253107,11.810508,436.17834
87.85702,16.416224,223.49971,225.18297,9.1591215,11.677997,433.5191
88.5026,16.394222,222.7307,224.30043,9.065135,11.5454855,429.5461
87.95507,16.379873,222.12692,223.92445,8.984594,11.387101,412.6595
87.40755,16.365522,221.52315,223.5485,8.904055,11.228717,394.01175
88.09664,16.306238,219.74509,221.5132,8.83948,11.087901,386.35068
88.785736,16.246956,217.96704,219.47794,8.774906,10.947084,381.15738
88.92061,16.220627,215.98468,217.44667,8.796327,10.943142,386.02493
89.05549,16.194298,214.00233,215.4154,8.817747,10.9391985,391.68365
88.87703,16.204874,212.21767,213.73534,8.598033,10.698504,366.3152
88.69858,16.21545,210.43297,212.05528,8.378321,10.457811,340.4087
88.611275,16.284712,208.9476,211.08629,7.8790903,9.996748,296.3019
88.52397,16.353973,207.46222,210.11728,7.3798604,9.535686,260.48682
88.55226,16.401754,206.87067,209.94836,7.000377,9.22309,245.97406
88.58055,16.449537,206.27913,209.77946,6.620894,8.910494,239.11893
88.36677,16.51413,203.97168,208.18275,6.3058796,8.66053,242.32663
88.15299,16.578722,201.66425,206.58606,5.9908648,8.410564,249.96881
87.75392,16.64507,197.90747,204.06544,5.8290153,8.410338,268.35196
87.35485,16.711416,194.1507,201.54485,5.6671658,8.410112,284.0769
86.79594,16.792551,188.52556,197.35564,5.5026045,8.260978,291.44534
86.237015,16.873688,182.90042,193.16643,5.338043,8.111843,294.65698
85.82524,16.934654,179.84222,190.7037,5.441836,8.221853,304.5951
85.41347,16.995619,176.78406,188.241,5.5456285,8.331864,311.12515
85.26485,17.038313,174.88841,186.8558,5.605415,8.358258,311.94922
85.11623,17.081007,172.99275,185.47061,5.6652017,8.384652,312.9486
84.79031,17.129509,175.38934,188.22514,5.6454177,8.391253,313.98965
84.4644,17.178013,177.78593,190.97969,5.625634,8.397855,312.6396
84.06796,17.197992,180.65602,193.62173,5.506627,8.283464,302.78677
83.671524,17.217974,183.5261,196.26373,5.38762,8.169074,293.06952
83.15711,17.2269,186.3085,199.02295,5.117546,7.8954034,271.43942
82.6427,17.235826,189.09093,201.78218,4.8474727,7.621733,235.76454
82.30075,17.234968,190.64612,202.83041,4.854879,7.6722965,228.77534
81.9588,17.23411,192.20134,203.87866,4.8622856,7.72286,221.76431
81.93355,17.220251,194.7319,206.44373,4.7828655,7.615066,205.83092
81.908295,17.206392,197.26248,209.00879,4.7034454,7.5072722,188.91406
81.97048,17.174545,195.61096,206.89665,4.502153,7.230658,171.34619
82.03266,17.142696,193.95946,204.78453,4.300861,6.9540434,153.3551
81.8628,17.184227,200.04417,209.18158,4.750855,7.4050775,168.33878
81.69293,17.225756,206.12892,213.5786,5.200849,7.856112,194.2095
81.83571,17.192795,206.05484,213.17975,4.9105787,7.4537263,159.29791
81.978485,17.159834,205.98077,212.78088,4.6203084,7.0513406,126.22606
82.73501,17.12807,204.75195,210.73824,4.62699,7.0385513,130.20001
83.49153,17.096308,203.5231,208.69559,4.6336718,7.0257626,136.02124
84.51529,17.032118,200.92061,205.98203,4.903927,7.1933594,173.6477
85.53905,16.96793,198.3181,203.26846,5.174182,7.360957,200.26643
85.914314,16.916292,198.6203,203.26015,5.3548265,7.461752,205.34647
86.28957,16.864655,198.92253,203.25185,5.535471,7.5625463,208.9312
86.64165,16.68872,200.41685,203.60233,6.1552515,7.982167,231.7664
86.99372,16.512787,201.91115,203.9528,6.775032,8.401788,226.43834
88.37306,16.231234,203.86266,205.21223,7.337003,8.75789,218.02893
89.7524,15.949683,205.81418,206.47166,7.8989744,9.113992,238.03258
89.4416,15.817416,197.87805,198.43683,7.7767076,8.8908825,247.79393
89.1308,15.68515,189.94193,190.402,7.6544414,8.667773,258.95703
88.86695,15.816337,185.98415,186.37659,8.459851,9.588441,317.62756
88.603096,15.947524,182.02637,182.35117,9.265262,10.5091095,395.93124
89.7425,16.016262,183.38686,183.67816,9.592422,11.117535,451.57568
90.881905,16.085001,184.74733,185.00517,9.919581,11.72596,494.0293
90.95598,16.224586,179.27028,179.85707,9.604423,11.612749,483.6864
91.030045,16.36417,173.79321,174.70894,9.289265,11.499537,468.60968
90.87017,16.654757,174.04733,175.57771,9.526522,12.051763,495.19016
90.710304,16.945343,174.30145,176.44647,9.763779,12.603988,514.2035
91.04372,16.948637,177.76843,179.98611,9.338563,12.118987,498.83276
91.37713,16.951931,181.23538,183.52576,8.913347,11.6339855,475.10764
91.49016,17.004179,180.97577,183.89145,8.4738,11.240378,448.69855
91.60319,17.056427,180.71614,184.25711,8.034251,10.84677,420.32123
91.169106,17.146524,176.74939,181.42065,7.536814,10.455139,390.07828
90.73503,17.236624,172.78262,178.58418,7.0393767,10.063508,363.16772
90.73372,17.291647,169.36053,174.85928,7.270802,10.366702,374.62286
90.732414,17.346672,165.93846,171.13437,7.502228,10.669896,386.1856
90.86804,17.365805,167.65125,172.1581,8.033826,11.330765,434.742
91.00367,17.384935,169.36403,173.18181,8.565425,11.991633,477.72223
90.0809,17.444208,167.93665,172.29765,8.714067,12.274133,484.83832
89.158134,17.503483,166.50923,171.41353,8.86271,12.556631,495.09207
88.80414,17.553217,169.64478,174.30624,9.021847,12.822116,506.98788
88.45014,17.602953,172.78032,177.19896,9.180983,13.087601,515.6926
88.75436,17.538883,173.68843,177.78326,9.5075655,13.429129,528.10284
89.05858,17.474813,174.59654,178.36757,9.834147,13.770657,538.50336
89.48766,17.445345,176.03897,179.76665,9.799934,13.636829,537.0231
89.91674,17.415876,177.4814,181.16577,9.765721,13.503003,535.427
90.10358,17.406366,179.92664,183.4675,9.675836,13.3695135,533.8015
90.290405,17.396856,182.37184,185.76923,9.585949,13.236024,532.06903
90.50197,17.39076,180.99902,184.54993,9.5975275,13.294658,534.3037
90.71354,17.384663,179.62622,183.33064,9.609107,13.353291,536.4193
90.70953,17.393476,182.49484,186.23697,9.61213,13.280735,535.2383
90.70553,17.402288,185.36348,189.14331,9.615154,13.20818,533.3305
88.03013,17.236862,204.15297,207.05995,10.109257,13.526097,533.8515
85.35472,17.071436,222.94247,224.97662,10.603359,13.844015,526.20184
85.68372,16.882854,223.14005,225.05232,10.499027,13.497917,514.3369
86.012726,16.694275,223.3376,225.128,10.394696,13.151819,499.28436
85.81871,16.533966,224.72401,226.52644,10.387298,12.98616,490.41678
85.6247,16.373657,226.11043,227.92487,10.379899,12.8205,481.4393
86.47195,16.280285,228.92253,230.59488,10.348683,12.711788,471.2173
87.31919,16.186913,231.73463,233.26488,10.317468,12.603075,463.43747
87.7183,16.130808,234.767,236.38406,10.171336,12.336341,447.2905
88.1174,16.0747,237.79936,239.50322,10.025206,12.069607,431.189
88.135216,16.038319,239.31064,240.90388,9.671641,11.577042,403.33005
88.15303,16.00194,240.82193,242.30453,9.318078,11.084477,375.94406
87.95862,15.980438,241.95918,243.41843,9.051828,10.706199,340.83783
87.764206,15.958937,243.09644,244.53232,8.78558,10.327921,311.09796
87.75167,15.938716,243.51765,244.78342,8.651208,10.122528,294.8409
87.73913,15.918494,243.93887,245.03452,8.516836,9.917135,276.21378
87.70432,15.919366,245.6764,246.69542,8.493503,9.887315,272.69427
87.66951,15.920237,247.41397,248.35634,8.470169,9.857495,268.3363
87.66472,15.891085,248.41278,249.26596,8.458442,9.821165,264.01486
87.65993,15.861932,249.41159,250.1756,8.446713,9.784837,259.57056
87.58832,15.870581,251.60141,252.45332,8.389089,9.738081,250.5997
87.51671,15.879228,253.79123,254.73105,8.331465,9.691324,242.10893
87.47375,15.932606,258.82635,259.9456,8.026085,9.398661,204.71982
87.430786,15.985982,263.86148,265.16016,7.7207055,9.105996,166.92313
86.90271,16.08195,269.7826,271.34418,7.241317,8.640425,135.42331
86.37463,16.177917,275.70374,277.5282,6.761927,8.174853,120.95395
85.96349,16.205479,277.89215,280.21213,5.912409,7.203645,124.71841
85.55235,16.233038,280.0806,282.89603,5.06289,6.2324376,76.79357
85.55402,16.241606,277.26895,280.7401,4.345997,5.372563,41.842587
85.55571,16.250174,274.45734,278.5842,3.6291037,4.5126886,14.7768135
85.83926,16.25204,268.484,273.11566,3.1403384,3.9381077,5.291984
86.12281,16.25391,262.51068,267.64706,2.6515727,3.363527,1.2448703
86.38227,16.276539,258.65366,264.22968,2.4273844,3.1255755,3.597662
86.641716,16.299168,254.79659,260.8123,2.2031958,2.8876243,6.0905256
86.65576,16.317717,241.24112,257.37775,1.944986,2.593595,9.759958
86.6698,16.336266,227.68564,253.94316,1.6867762,2.299566,2.666699
86.62988,16.355124,219.26881,245.23994,1.6501873,2.1773086,-5.663619
86.589966,16.37398,210.85197,236.53674,1.6135981,2.0550513,-9.523203
86.807434,16.402927,206.23233,226.43958,1.6701409,2.1752787,0.10522084
87.024895,16.431875,201.61267,216.34239,1.7266834,2.295506,6.9982424
87.25048,16.446432,197.17067,209.93866,1.7522064,2.4179735,14.689181
87.476074,16.460989,192.72867,203.53493,1.7777293,2.540441,19.664307
88.12817,16.465706,182.53638,195.41852,1.7669142,2.587744,27.982826
88.78027,16.470425,172.34409,187.3021,1.7560992,2.6350467,37.356926
89.24722,16.486876,174.07831,187.75499,1.6062609,2.6092305,31.317644
89.71418,16.503326,175.81255,188.20789,1.4564222,2.5834143,24.812204
89.99215,16.518114,172.44093,187.97815,1.3194978,2.4523432,24.128529
90.27012,16.532902,169.06932,187.74841,1.1825734,2.321272,24.359207
89.12399,16.238766,156.74675,187.28268,1.1114991,1.7634803,27.583298
87.977875,15.944628,144.42418,186.81694,1.0404248,1.2056885,22.353226
87.938385,15.929899,104.9685,136.30237,1.2656462,1.506542,12.393986
87.8989,15.915171,65.51281,85.78775,1.4908675,1.8073956,-0.06791966
88.01685,15.888526,56.936,76.66915,1.5068104,1.8843372,-1.8092501
88.1348,15.86188,48.35919,67.55055,1.5227532,1.9612789,-2.537778
88.4453,15.828358,53.8305,63.14145,1.5317496,2.0383847,-0.5506948
88.75579,15.794833,59.30182,58.732346,1.5407459,2.1154904,0.9441625
88.849464,15.802567,63.69637,63.821564,1.5989655,2.277463,6.38883
88.94313,15.8103,68.09092,68.910774,1.6571851,2.439435,10.991915
88.89496,15.821035,69.14507,71.19918,1.7674367,2.6357615,14.925712
88.846794,15.831773,70.19923,73.487595,1.8776884,2.832088,18.604122
88.54739,15.857045,73.674934,77.13696,1.9995397,2.9575913,21.090252
88.248,15.882318,77.150635,80.78634,2.121391,3.0830948,23.5212
88.65041,15.894719,80.837845,84.60463,2.2400203,3.249632,25.021069
89.05283,15.907121,84.525055,88.42292,2.3586493,3.4161692,28.9397
89.436264,15.932735,85.70014,90.11859,2.4113681,3.5637383,30.780794
89.81968,15.95835,86.87524,91.81427,2.4640868,3.711308,31.646227
90.02354,15.973755,88.3295,93.5658,2.5140965,3.831568,32.913944
90.2274,15.98916,89.783775,95.31732,2.5641062,3.9518282,34.55112
90.398415,15.995982,92.25521,97.87845,2.6310647,4.0726695,37.650898
90.56943,16.002804,94.726654,100.439575,2.6980233,4.1935105,41.07514
90.674644,16.015339,94.864944,101.467064,2.6604156,4.1703625,40.085857
90.77986,16.027872,95.00324,102.494545,2.6228082,4.1472144,39.38703
90.78361,16.045515,93.53459,102.00155,2.5517519,4.070636,37.276043
90.78735,16.063158,92.065956,101.50856,2.480695,3.9940572,34.709705
90.78878,16.078627,88.23039,98.47529,2.4842224,3.9944496,32.554047
90.79021,16.094095,84.394844,95.44201,2.48775,3.994842,31.149231
90.86051,16.104652,81.47664,92.078476,2.639784,4.1844935,34.1038
90.93082,16.11521,78.55843,88.714935,2.7918184,4.3741455,33.971184
91.01203,16.12504,78.20223,87.03464,3.0048914,4.687227,36.123028
91.093254,16.13487,77.84603,85.35433,3.2179646,5.000309,45.60219
91.19636,16.130814,77.951935,84.6564,3.2554574,5.0730524,48.50859
91.29947,16.126757,78.05784,83.95848,3.2929504,5.1457963,51.250355
91.41302,16.117754,78.75598,83.95411,3.3275676,5.1745663,52.04026
91.52656,16.108751,79.454124,83.949745,3.362185,5.203336,52.5406
91.55449,16.094625,80.20838,84.53645,3.5624866,5.411627,58.209026
91.582405,16.080498,80.962654,85.12316,3.7627885,5.6199174,63.880943
91.39035,16.075138,80.92045,84.97785,4.071748,5.941736,80.694756
91.1983,16.069777,80.87824,84.83255,4.380707,6.263555,105.796196
91.055305,16.049517,80.30652,83.82544,4.65284,6.5398693,128.68729
90.91231,16.029259,79.734795,82.81832,4.924973,6.8161845,150.72523
90.88668,16.001314,80.378845,82.94603,4.968286,6.827632,152.73798
90.86106,15.9733715,81.02289,83.07372,5.0115986,6.8390794,154.57755
90.93665,15.950784,81.82954,83.80524,4.839599,6.5953,138.16814
91.012245,15.928196,82.63619,84.53676,4.6676006,6.351521,121.02793
90.99086,15.905383,82.75583,84.55688,4.634362,6.233622,113.622955
86.21067,16.305317,79.36516,79.64891,5.3184404,6.110228,113.04896
86.134315,16.268251,78.08443,78.41169,5.298522,6.069641,111.83608
86.00421,16.236515,78.10429,78.47154,5.516213,6.3184543,123.949326
85.87411,16.204777,78.12415,78.53139,5.7339034,6.567267,137.06332
85.79484,16.12986,78.828094,79.20884,5.8767233,6.6785226,143.00035
85.71557,16.054945,79.53203,79.88629,6.019543,6.789778,149.12773
85.033646,16.068825,80.176476,80.518524,5.8962173,6.66766,135.37537
84.35173,16.082703,80.820915,81.15076,5.7728915,6.5455422,122.272705
83.53453,16.173943,79.9068,80.29493,5.60902,6.4172506,111.84698
82.71733,16.26518,78.99269,79.439095,5.445149,6.288958,102.42649
82.59071,16.249533,77.95962,78.3532,5.592729,6.426841,102.85308
82.46411,16.233887,76.926544,77.26731,5.7403097,6.564724,103.84743
81.37064,16.230394,76.18229,76.33135,5.8145647,6.642567,95.690285
80.27717,16.226902,75.438034,75.39539,5.8888197,6.7204113,84.06787
79.77988,16.29619,74.515175,74.576935,5.907787,6.8046927,83.9194
79.28258,16.365479,73.59231,73.75848,5.926754,6.888974,85.58375
79.45019,16.387278,74.26956,74.458664,6.092232,7.1009617,96.451256
79.617805,16.409075,74.94681,75.15885,6.25771,7.3129497,109.82081
79.4427,16.36758,76.36406,76.57269,6.3672767,7.397241,113.94296
79.26761,16.326086,77.78131,77.986534,6.4768434,7.481533,118.17302
79.098015,16.346323,77.6486,77.87969,6.2682495,7.264324,103.76641
78.92844,16.36656,77.51588,77.77285,6.059655,7.047115,89.41166
79.01548,16.425863,76.47549,77.01878,6.0783477,7.141214,96.663
79.10252,16.485168,75.4351,76.26472,6.0970407,7.2353125,103.599144
79.08521,16.490181,74.34302,75.06032,6.2330675,7.38246,113.47289
79.06791,16.495192,73.25093,73.85591,6.3690953,7.5296073,123.41649
78.86373,16.473318,72.10261,72.62212,6.4681854,7.6193647,131.8364
78.65956,16.451443,70.954285,71.38833,6.5672765,7.7091227,140.35371
78.38138,16.48026,70.40024,70.89736,6.60108,7.796095,148.31985
78.10321,16.509077,69.84619,70.406395,6.6348844,7.883067,157.09679
78.328026,16.54197,69.93504,70.56556,6.592166,7.8766255,154.36746
78.55284,16.57486,70.023895,70.724724,6.5494475,7.870184,151.76762
79.04449,16.617107,70.56865,71.31015,6.398761,7.7852254,139.28587
79.53612,16.659355,71.11341,71.89557,6.2480745,7.7002673,131.44717
79.84011,16.669153,70.906105,71.77906,6.573639,8.083989,157.71497
80.144104,16.678947,70.69881,71.662544,6.8992033,8.467712,193.58531
80.13054,16.654621,70.12148,71.10646,7.042361,8.593018,207.91377
80.11698,16.630293,69.54416,70.55036,7.185517,8.718324,223.75612
79.74203,16.703522,69.92719,71.25181,7.1561613,8.809069,227.57825
79.36708,16.776754,70.310234,71.953255,7.126806,8.899814,232.2623
80.23769,16.686472,72.00506,73.151985,7.567753,9.274002,276.46762
81.1083,16.596191,73.69988,74.350716,8.008701,9.6481905,329.44833
80.622925,16.627363,73.731895,74.458435,7.69033,9.3356905,286.2382
80.13754,16.658535,73.76391,74.56615,7.37196,9.02319,249.79916
80.068794,16.67393,75.02816,75.90944,7.5281615,9.217805,266.8505
80.00005,16.689322,76.29242,77.25272,7.684364,9.412419,285.9904
80.42948,16.519993,72.36703,73.33366,8.045272,9.680769,336.91666
80.85891,16.350664,68.441635,69.41459,8.406178,9.94912,388.21207
81.49605,16.399015,68.248505,69.169655,8.321007,9.920399,382.5855
82.133194,16.447367,68.05538,68.92473,8.235835,9.891678,378.40125
82.47445,16.55287,66.476036,67.6228,7.764622,9.517572,324.1542
82.8157,16.658373,64.89669,66.320885,7.2934093,9.143468,279.644
83.334694,16.687885,65.457016,67.09707,6.950239,8.791058,247.18384
83.85368,16.717398,66.017334,67.873245,6.607068,8.438647,217.97585
85.21082,16.757854,69.84324,71.841995,6.492806,8.437978,237.30672
86.56796,16.798313,73.66914,75.810745,6.378544,8.437307,249.31467
87.965675,16.832779,76.9179,79.067474,6.684961,8.871975,281.95248
89.363396,16.867245,80.16666,82.32421,6.9913783,9.306643,309.30917
90.07013,16.866127,82.0169,84.185646,6.9993157,9.317195,304.568
90.77686,16.865011,83.86715,86.04707,7.0072527,9.327748,300.5921
91.05236,16.871239,83.96949,86.22655,6.818485,9.120002,285.1571
91.32786,16.877468,84.071815,86.40602,6.629717,8.912254,272.40573
91.27439,16.917019,84.70389,87.376854,6.4572473,8.762083,260.7452
91.22093,16.956568,85.33595,88.34768,6.284776,8.611912,249.65329
90.60276,16.933756,87.67993,90.11045,6.570406,8.878554,263.2547
89.9846,16.910942,90.02391,91.87324,6.856035,9.145198,281.99646
89.21526,16.90477,88.9036,90.52732,7.342839,9.630429,326.12442
88.44592,16.898598,87.78331,89.181404,7.8296413,10.115662,377.812
87.9085,16.918163,86.23742,87.745766,7.7034264,10.03325,374.10254
87.37108,16.93773,84.69153,86.31013,7.5772104,9.950838,367.90878
87.65801,16.931356,84.214836,85.7967,7.2072988,9.534306,330.90356
87.94495,16.924984,83.738144,85.28327,6.837388,9.117774,295.83295
88.375374,16.940811,82.67152,84.654594,6.528804,8.83407,270.48422
88.80581,16.956638,81.60488,84.02593,6.220219,8.550365,244.80586
89.041466,16.9756,80.77253,83.52144,6.3384705,8.706674,257.01813
89.27712,16.994562,79.94017,83.016945,6.4567213,8.862982,271.10565
89.40909,17.022942,78.69304,81.90696,6.8011103,9.303887,306.86435
89.54105,17.051323,77.445915,80.79697,7.1455,9.744792,344.78738
90.297844,17.04213,78.51829,81.53047,7.50786,10.177312,385.1308
91.05463,17.032934,79.59066,82.26398,7.8702207,10.60983,416.0658
91.77695,17.027014,81.53733,84.33072,7.758998,10.506548,389.30472
92.499275,17.021091,83.484,86.39747,7.647775,10.403265,358.98477
93.02829,17.032562,87.45361,90.54695,7.3631635,10.128407,323.55527
93.55731,17.044033,91.42323,94.69643,7.0785513,9.853547,299.5718
93.83778,17.068941,93.99758,97.634514,7.006184,9.847951,293.85944
94.11825,17.093847,96.57194,100.572586,6.933818,9.842354,290.77884
94.20242,17.134043,99.075905,103.31389,6.9156003,9.900605,294.89877
94.286606,17.174238,101.57987,106.05518,6.897382,9.958856,298.852
93.92844,17.267096,102.90974,107.404915,7.057168,10.319843,315.56146
93.57027,17.359955,104.239624,108.75465,7.216954,10.68083,338.89484
93.223656,17.479445,106.349655,110.918976,7.3150487,10.972867,356.26855
92.877045,17.598934,108.45969,113.0833,7.413143,11.264903,372.9642
92.734795,17.72035,110.16947,115.314606,7.810576,11.827504,412.031
92.59254,17.841766,111.879265,117.54591,8.208009,12.390106,452.6505
93.846146,17.979902,114.88497,120.76255,8.1279,12.482903,443.95514
95.09976,18.118038,117.890686,123.97919,8.047791,12.5757,440.51965
94.43351,18.296436,124.98122,130.73769,8.448383,13.171136,477.26956
93.76726,18.474833,132.07173,137.49619,8.848977,13.766571,505.12375
94.50291,18.465235,135.4483,140.6702,8.792026,13.703142,500.86307
95.238556,18.455637,138.82486,143.8442,8.735073,13.639714,502.1018
95.3062,18.438574,139.19756,144.61938,8.8267,13.6961565,503.88455
95.37384,18.421509,139.57025,145.39456,8.918328,13.7526,505.63007
95.57607,18.404886,155.96393,161.69102,9.737371,14.826146,543.3461
95.77831,18.388264,172.35759,177.9875,10.5564165,15.899692,558.48175
95.377335,18.30175,173.40543,178.61575,9.555538,14.567391,552.29266
94.97636,18.215237,174.45326,179.244,8.55466,13.235092,530.1084
94.87897,18.192205,178.21085,184.5973,8.340634,12.739484,516.62836
94.78157,18.169176,181.9684,189.95062,8.126609,12.243875,498.58914
94.49396,18.19136,186.17271,194.55478,7.540538,11.731347,480.51273
94.20634,18.213545,190.37704,199.15894,6.954468,11.21882,458.55832
93.52285,18.225311,199.9764,207.97272,7.2088637,11.476495,464.4738
92.839355,18.237078,209.57574,216.78651,7.4632597,11.734171,467.88177
90.443695,18.068958,214.90146,220.10574,7.653814,11.672575,456.49564
88.048035,17.900837,220.22717,223.425,7.8443685,11.61098,447.22214
86.27508,17.800236,219.87633,223.3335,7.8535767,11.576331,443.6886
84.50212,17.699633,219.5255,223.24202,7.8627853,11.541683,440.90915
84.93231,17.65686,220.22598,223.58055,8.023952,11.721152,450.4888
85.362495,17.614088,220.92647,223.9191,8.185118,11.900622,461.48892
85.33425,17.654026,220.54453,223.72578,7.987034,11.779034,456.28598
85.30602,17.693962,220.16257,223.53247,7.7889504,11.657446,451.48245
84.922134,17.747252,218.58987,222.28575,7.6115794,11.508944,443.95322
84.538246,17.800539,217.0172,221.03905,7.4342093,11.360442,435.80414
83.77523,17.874933,213.09053,218.7955,7.004011,10.926526,415.32498
83.012215,17.949324,209.16388,216.55197,6.573813,10.492609,403.20413
82.08431,18.013706,205.22914,213.94391,6.2013345,10.113397,389.96588
81.15642,18.078089,201.29442,211.33583,5.828856,9.734185,363.8321
80.7606,18.123833,197.17918,208.66602,5.580911,9.391005,332.7179
80.364784,18.169575,193.06395,205.99619,5.332966,9.047825,294.93472
80.977486,18.129217,187.85031,201.52792,5.183704,8.714311,290.08942
81.59019,18.088856,182.63667,197.05963,5.034442,8.380796,287.1935
82.2214,18.055552,177.89629,192.71294,5.1408634,8.381179,303.67377
82.8526,18.022243,173.1559,188.36627,5.2472844,8.38156,308.51385
82.72384,18.072586,175.1134,190.0275,5.279987,8.517182,314.6437
82.59507,18.122929,177.0709,191.68875,5.3126893,8.652805,320.96152
82.40574,18.16824,184.04857,198.14375,5.303136,8.785833,324.9308
82.2164,18.21355,191.02621,204.59872,5.2935824,8.918862,324.66083
82.35188,18.201536,197.97906,211.33481,5.17724,8.8117485,308.09836
82.48736,18.189522,204.93195,218.0709,5.0608983,8.704637,290.1334
82.63587,18.161161,208.5436,221.23654,4.841784,8.514115,264.26584
82.784386,18.132803,212.15526,224.40216,4.62267,8.323593,237.73857
82.95234,18.106394,213.86594,225.0341,4.6541915,8.39395,246.43256
83.120285,18.079987,215.57661,225.66605,4.685713,8.464308,254.69203
83.04119,17.938488,220.64209,229.17854,5.1224704,9.008443,304.2754
82.96209,17.79699,225.70753,232.69101,5.5592284,9.55258,342.2439
83.237564,17.676369,229.04811,235.38481,5.4341884,9.265982,317.11737
83.51302,17.555746,232.38866,238.07861,5.3091483,8.979385,296.52878
84.03984,17.415052,234.01526,239.63853,5.2871323,8.7810955,279.6606
84.56666,17.274359,235.64185,241.19846,5.2651157,8.582806,259.93146
85.14931,17.147945,234.86235,241.04994,4.9878783,8.106061,206.63783
85.73196,17.021532,234.08282,240.90144,4.710641,7.6293178,166.15077
86.233284,16.926506,232.09406,239.6923,4.4859567,7.22665,132.95267
86.73463,16.831482,230.10529,238.48317,4.2612724,6.8239827,103.822845
86.959496,16.768484,228.8151,236.80585,4.432098,6.907946,114.30665
87.18437,16.705488,227.5249,235.12854,4.602924,6.9919095,120.64266
87.374466,16.659147,225.71652,232.62856,4.7286487,7.0666203,123.6716
87.56456,16.612806,223.90814,230.12856,4.8543735,7.141332,125.14053
88.10996,16.567171,221.71646,227.51837,4.954377,7.2199287,130.29494
88.655365,16.521536,219.5248,224.90817,5.0543814,7.298525,139.9265
89.37128,16.511574,220.43092,225.23576,5.323476,7.614182,168.53923
90.0872,16.501612,221.33705,225.56339,5.5925713,7.9298387,191.9715
90.75496,16.459557,222.93538,226.8714,5.8735332,8.2101145,205.67215
91.42272,16.417501,224.5337,228.17941,6.1544957,8.490391,218.93431
91.78604,16.351841,225.61258,228.65282,6.3974657,8.604356,225.42357
92.14936,16.286184,226.69144,229.12624,6.640436,8.718321,229.73956
92.046364,16.252308,225.79414,228.2234,6.5954103,8.619573,221.26999
91.94336,16.218431,224.89688,227.32057,6.5503845,8.5208235,214.76038
91.53051,16.273264,224.28621,227.03027,6.4037457,8.5130005,215.20746
91.11765,16.328098,223.67552,226.73996,6.2571073,8.505177,214.92497
90.50149,16.442505,221.64508,225.46512,5.8693595,8.28151,207.70801
89.88533,16.556911,219.61465,224.19028,5.4816117,8.057844,201.58714
89.107185,16.662695,217.57164,223.03351,5.2432146,7.940155,193.94344
88.32905,16.768476,215.5286,221.87672,5.0048175,7.8224654,186.64006
87.47559,16.859724,210.43924,218.38231,4.8421497,7.6844373,184.78415
86.62214,16.950972,205.34988,214.88791,4.6794815,7.5464087,188.8389
86.26197,17.009783,200.9495,211.0648,4.522176,7.3389244,188.54504
85.901794,17.068594,196.54912,207.24168,4.36487,7.13144,192.23424
86.066864,17.078548,191.27231,201.98563,4.410496,7.1590147,212.09514
86.23193,17.088505,185.99548,196.72957,4.456122,7.1865897,228.301
86.73023,17.091015,182.4927,191.87712,4.612312,7.4241166,252.39958
87.22853,17.093523,178.98993,187.02467,4.7685018,7.661643,270.61484
87.18794,17.142794,178.59798,186.49794,4.808199,7.7883015,278.76276
87.14736,17.192064,178.20601,185.9712,4.8478966,7.91496,286.4197
86.71264,17.26031,179.6598,187.2363,4.7548704,7.8699303,283.49673
86.2779,17.328556,181.11359,188.50139,4.6618447,7.8249,279.4121
85.711395,17.377151,185.90944,193.594,4.6602945,7.9125915,282.5946
85.14488,17.425747,190.70529,198.68658,4.658744,8.000283,279.79742
84.34553,17.475027,194.60242,203.83195,4.601693,7.9340234,263.7428
83.54618,17.524305,198.49956,208.97734,4.5446434,7.867763,238.927
83.24432,17.525137,204.63239,214.757,4.5435014,7.9003763,220.83804
82.94246,17.52597,210.7652,220.53668,4.54236,7.9329896,207.51332
83.54322,17.61763,210.69601,220.65167,4.451515,7.642435,181.28001
84.14398,17.70929,210.6268,220.76668,4.3606706,7.3518806,147.69058
84.16534,17.704988,213.57465,223.45757,4.2506757,7.1874313,119.98097
84.1867,17.700691,216.52248,226.14845,4.1406803,7.022981,92.13306
84.86586,17.631977,219.07936,227.92119,4.2194424,7.068834,101.0863
85.54503,17.563263,221.63625,229.69391,4.298205,7.114687,107.65544
85.65532,17.504385,227.04266,235.14209,4.2329874,6.9770927,92.11822
85.76561,17.445509,232.44907,240.59029,4.1677704,6.839499,79.742195
85.5617,17.36671,235.29037,243.41562,4.122055,6.6503534,63.20324
85.35779,17.287912,238.1317,246.24095,4.07634,6.461208,51.229015
85.452255,17.201662,239.1762,246.40562,4.236689,6.4778666,56.898624
85.54671,17.115414,240.22069,246.57028,4.3970385,6.4945254,63.691505
85.859215,17.02161,241.08783,247.21437,4.4328413,6.3743,63.832222
86.17172,16.927809,241.95499,247.85846,4.4686446,6.254074,62.536655
86.4102,16.88392,240.63416,246.30052,4.4304447,6.114863,61.389957
86.648674,16.84003,239.31331,244.74257,4.3922443,5.975652,61.51787
87.25369,16.772272,238.20428,242.45544,4.573716,6.068546,76.30595
87.85872,16.704515,237.09523,240.16829,4.755188,6.1614394,90.04288
87.75218,16.62648,235.85063,238.2521,4.9186497,6.1870675,87.71664
87.645645,16.548445,234.60605,236.3359,5.082112,6.2126956,85.4269
87.35751,16.48811,232.92117,234.2263,5.2799487,6.317874,84.70552
87.06938,16.427774,231.23631,232.11671,5.4777856,6.423052,80.31172
87.284645,16.404253,228.95169,229.80882,5.6319876,6.6251473,82.883255
87.499916,16.380733,226.66707,227.50092,5.78619,6.8272424,88.86413
87.67472,16.43232,224.69507,225.89536,5.8073,7.013817,100.20489
87.84952,16.483908,222.72305,224.28978,5.82841,7.2003922,113.81561
87.49967,16.600761,220.4428,222.64081,5.8415046,7.469578,135.28987
87.14982,16.717613,218.16254,220.9918,5.8545995,7.738763,165.8032
86.5054,16.840164,216.26315,219.9739,5.7865233,7.940031,195.02673
85.86098,16.962715,214.36377,218.95598,5.7184467,8.141298,220.04842
85.20096,17.12263,208.5046,214.82077,5.496483,8.140429,233.66705
84.54094,17.282545,202.64539,210.68558,5.274519,8.139559,253.25175
84.51756,17.356434,192.82156,201.66345,5.4537163,8.322214,288.44662
84.49418,17.43032,182.99773,192.64136,5.6329136,8.504871,311.50317
84.98445,17.44362,177.55344,185.62115,6.2997212,9.269537,350.76917
85.474724,17.456919,172.10915,178.60095,6.9665284,10.034204,386.01675
86.065544,17.530487,170.78168,176.71349,7.1391015,10.358616,393.82614
86.656364,17.604055,169.4542,174.82599,7.311674,10.683028,398.78894
86.99714,17.677353,169.31125,174.836,7.2965455,10.739452,397.25452
87.33791,17.75065,169.16829,174.84602,7.281416,10.7958765,395.83823
86.921906,17.81145,172.73997,178.56378,7.259591,10.855647,402.89035
86.5059,17.87225,176.31165,182.28152,7.237766,10.915417,411.13962
85.2558,17.966326,182.02658,189.03825,6.922842,10.609157,410.2008
84.0057,18.060402,187.74153,195.79497,6.6079187,10.302897,402.5067
84.02581,17.999283,196.5577,206.92236,5.7909713,9.197281,345.81302
84.04591,17.938164,205.37384,218.04977,4.974024,8.091664,256.28082
84.59256,17.870436,206.67058,217.43765,5.0793204,8.264346,270.78946
85.139206,17.802708,207.9673,216.82552,5.184617,8.437029,281.31714
85.14254,17.839897,215.84407,224.42421,4.8613405,8.004238,235.84328
85.145874,17.877087,223.72083,232.02292,4.538063,7.5714464,157.96454
85.72341,17.806334,220.27379,228.81616,4.3323345,7.2508335,122.89584
86.30095,17.735582,216.82674,225.60942,4.126606,6.930221,99.63121
87.09836,17.654968,212.17093,220.96666,4.2977223,7.1114826,139.31024
87.89578,17.574354,207.51512,216.32388,4.4688387,7.292744,173.06493
88.46288,17.533457,210.17082,218.83723,4.6940856,7.5115333,191.75269
89.02998,17.492556,212.82654,221.3506,4.919333,7.730323,201.03941
89.68942,17.43283,217.74821,225.70053,5.116534,7.8581123,195.1585
90.34887,17.373104,222.66992,230.05049,5.3137355,7.9859014,190.07079
90.61373,17.316196,224.5429,231.45973,5.426552,8.040382,189.39622
90.87859,17.25929,226.41583,232.86899,5.539368,8.094864,187.19495
90.81318,17.253956,225.61559,231.6765,5.7929997,8.332914,196.54436
90.74776,17.24862,224.81534,230.48402,6.046631,8.570966,211.27107
91.02403,17.190561,225.67183,230.51555,6.363655,8.782453,226.04443
91.3003,17.132504,226.52832,230.5471,6.680679,8.993939,239.00665
91.27957,17.06939,227.27957,230.79845,6.898278,9.057143,238.13107
91.258835,17.006273,228.03084,231.04977,7.115877,9.120346,237.20644
90.972496,16.980755,230.02567,233.13396,6.892273,8.85134,218.42542
90.68617,16.955238,232.02052,235.21812,6.668669,8.582335,195.3887
90.70209,16.94104,232.34523,235.23643,6.7215858,8.6188,197.69563
90.718,16.926842,232.66992,235.25471,6.7745028,8.655265,199.98495
90.236626,16.957155,230.89255,234.33139,6.483094,8.410815,186.08893
89.75523,16.987467,229.11516,233.40807,6.1916847,8.166366,176.29654
89.22071,17.072886,226.71931,231.59372,6.1924605,8.406434,196.87282
88.686195,17.158304,224.3235,229.7794,6.193236,8.6465025,217.76242
87.82894,17.258472,221.14015,226.9928,6.1691775,8.720049,234.93222
86.971695,17.358639,217.9568,224.20619,6.1451187,8.793596,255.72578
86.12685,17.443392,216.27315,222.93883,5.8383703,8.52665,253.61151
85.282,17.528145,214.58951,221.67146,5.531622,8.259704,249.11147
84.41346,17.615185,210.96774,218.8299,5.4029284,8.212134,254.15901
83.54492,17.702223,207.34598,215.98833,5.274235,8.164565,248.69054
83.0095,17.790386,209.66557,219.48064,5.2441535,8.197599,245.99883
82.47407,17.878551,211.98515,222.97295,5.214072,8.230634,241.27731
82.41232,17.93898,213.44048,224.73383,4.9992037,8.029928,218.28467
82.35058,17.99941,214.89583,226.49469,4.784335,7.829222,189.92384
82.2376,18.034985,213.87521,225.05162,4.801071,7.9276485,196.53438
82.124626,18.07056,212.85461,223.60854,4.8178062,8.026075,203.15923
82.49687,18.06089,215.03278,225.51257,4.7597365,7.940354,198.12871
82.8691,18.051222,217.2109,227.41661,4.701667,7.8546324,189.37659
83.284386,18.015404,222.90787,233.03397,4.5393887,7.61294,151.30124
83.69966,17.979586,228.60484,238.65132,4.377111,7.371248,112.87207
84.088356,17.918734,235.46774,245.58073,4.236915,7.1030526,78.29947
84.47705,17.85788,242.33066,252.51013,4.0967193,6.834858,58.268837
84.64902,17.799242,248.28072,258.93304,3.87543,6.509142,44.53887
84.82098,17.740606,254.23079,265.35596,3.6541402,6.1834254,39.219
84.75023,17.701635,258.43802,269.40326,3.542229,6.037624,37.241795
84.679474,17.662664,262.64526,273.45056,3.4303179,5.891822,35.736343
83.424484,17.645744,267.85928,276.12723,3.871703,6.058303,22.30255
82.169495,17.628824,273.07333,278.8039,4.3130875,6.224784,18.638052
82.12361,17.51838,272.76727,277.70245,4.588804,6.424605,23.646025
82.07773,17.407932,272.46124,276.601,4.8645205,6.6244254,36.913185
82.30074,17.315723,270.65512,274.21832,4.8832455,6.5512934,36.785305
82.52375,17.223515,268.849,271.83563,4.9019704,6.4781613,37.062153
82.453026,17.14992,267.44772,270.26105,5.0914607,6.620391,51.571056
82.3823,17.076324,266.04645,268.68646,5.2809515,6.7626204,67.5206
82.37723,17.023247,266.97687,269.2858,5.492906,6.918525,87.83905
82.37215,16.970167,267.90732,269.88516,5.704861,7.07443,106.804985
82.66646,16.914972,268.09802,269.89465,5.67776,6.970244,100.21963
82.96076,16.859776,268.2887,269.90417,5.6506596,6.8660574,94.34341
83.608665,16.826164,265.49365,267.08713,5.4982123,6.641042,81.65772
84.25657,16.792555,262.69858,264.27008,5.3457656,6.416027,72.162384
85.06188,16.764774,259.61584,260.9968,5.340847,6.3343854,70.43478
85.8672,16.736992,256.5331,257.72348,5.335929,6.2527432,69.55292
85.77271,16.70957,254.18921,255.23196,5.304912,6.143146,61.768562
85.67822,16.682146,251.84535,252.74046,5.273896,6.033549,54.169426
85.24029,16.66603,253.02078,253.9426,5.429239,6.200059,61.469788
84.80236,16.649916,254.19623,255.1447,5.5845823,6.3665695,74.83974
84.50445,16.605913,254.37994,255.25801,5.6296735,6.410525,80.44286
84.20654,16.56191,254.56366,255.37132,5.6747646,6.45448,84.72771
83.89465,16.546547,255.24728,256.01093,5.657754,6.429155,83.45188
83.58278,16.531185,255.93092,256.6505,5.640743,6.403829,83.16638
83.14508,16.55696,258.12012,258.8629,5.5946913,6.367098,81.755264
82.70739,16.582733,260.30933,261.0753,5.548639,6.3303666,71.55186
82.52026,16.623884,259.84744,260.76645,5.2345676,5.9895387,42.08163
82.333145,16.665035,259.38553,260.45764,4.920496,5.648711,22.915007
82.336624,16.726555,255.27182,256.9329,4.403633,5.102905,1.6373359
82.340096,16.788073,251.15813,253.40816,3.88677,4.557098,-2.7350163
82.3232,16.834282,243.91422,247.39575,3.4701748,4.1247044,-8.61915
82.306305,16.880493,236.67027,241.38338,3.0535793,3.6923103,-6.9121056
82.39482,16.916162,224.98293,230.63708,2.8764496,3.5107734,-7.283747
82.48334,16.95183,213.29553,219.89076,2.6993196,3.3292363,2.7420893
82.79952,16.974163,201.9193,209.69339,2.62158,3.2649097,20.074432
83.11571,16.996498,190.54303,199.49602,2.5438404,3.2005835,25.917841
83.57672,17.025455,185.46613,193.47281,2.7503066,3.5025449,38.041157
84.037735,17.054413,180.38922,187.4496,2.9567728,3.804507,54.01195
84.43528,17.07111,176.97842,182.91478,3.1872456,4.156222,70.00439
84.83283,17.087807,173.56761,178.37994,3.417718,4.507937,85.68214
85.01126,17.104725,170.79759,174.86823,3.787085,4.957853,98.44748
85.18968,17.121643,168.02757,171.35649,4.156452,5.4077697,111.01481
85.89363,17.111961,171.98792,174.40067,4.425031,5.7452106,133.09044
86.59758,17.102278,175.94827,177.44484,4.6936107,6.082652,156.31172
86.51635,17.146616,175.82834,177.76228,4.7109103,6.264514,170.55103
86.435135,17.190956,175.7084,178.07974,4.72821,6.4463754,184.73184
86.279465,17.23724,172.00314,175.08696,4.7050195,6.520793,186.55591
86.12381,17.283525,168.29788,172.09416,4.6818285,6.5952106,187.83176
86.185394,17.275137,163.96416,167.57133,5.172862,7.2243657,220.88472
86.24699,17.26675,159.63042,163.0485,5.663896,7.8535213,250.81844
85.95932,17.321917,161.62508,164.9186,5.906103,8.1656065,277.06906
85.67165,17.377085,163.61974,166.7887,6.1483107,8.477692,303.01056
85.99848,17.410831,164.31291,167.39818,6.1863284,8.589285,309.37137
86.325294,17.444576,165.00609,168.00766,6.224346,8.700877,315.2171
86.355316,17.48044,164.8502,167.93745,6.187582,8.727474,315.19623
86.38534,17.516304,164.6943,167.86726,6.150818,8.75407,315.02347
86.55825,17.538033,164.74364,167.85541,6.190691,8.833283,318.27838
86.73115,17.559763,164.79297,167.84358,6.2305636,8.9124975,321.25195
87.148026,17.560036,167.40675,170.01707,6.1282754,8.806352,319.52008
87.56491,17.560308,170.02055,172.19057,6.0259867,8.700206,312.3433
87.882324,17.546074,173.401,175.68546,6.0482755,8.750789,320.15082
88.19973,17.531837,176.78145,179.18034,6.070564,8.801371,325.53964
88.350105,17.520735,175.43042,178.65213,5.660506,8.306109,289.4955
88.50047,17.509632,174.07938,178.12395,5.2504478,7.8108487,256.04163
89.15056,17.502346,172.20692,176.18193,4.978052,7.4917974,220.87086
89.80065,17.49506,170.33444,174.23991,4.7056556,7.1727467,174.15096
90.179085,17.51044,168.57866,172.73,4.612055,7.092291,154.55855
90.55752,17.525822,166.82285,171.22006,4.518453,7.0118356,134.25247
90.92161,17.513132,169.97539,174.66861,4.2035537,6.6618314,116.69281
91.28571,17.500444,173.12791,178.11714,3.888654,6.311827,103.302124
91.73848,17.490677,173.35056,179.57242,3.3603492,5.64298,72.83487
92.191246,17.48091,173.57318,181.02766,2.8320444,4.974133,48.986324
92.71518,17.451727,183.15326,189.1245,2.3924973,4.3557515,35.44307
93.239105,17.422543,192.73337,197.22131,1.9529501,3.7373695,15.711555
93.62729,17.378468,205.55908,210.25388,1.8451048,3.4658442,8.308739
94.015465,17.33439,218.38478,223.28645,1.7372594,3.1943185,13.140957
94.20838,17.279455,237.06721,240.0459,1.95375,3.3144948,22.508816
94.4013,17.224518,255.74963,256.80533,2.1702406,3.4346707,30.212793
94.098,17.168781,265.86356,268.13895,2.5097828,3.8270836,36.448055
93.7947,17.113045,275.97745,279.4726,2.8493247,4.2194963,47.173553
93.32439,17.102448,281.43515,284.0165,3.05986,4.4692883,54.8141
92.85407,17.091852,286.89285,288.56042,3.270395,4.719081,59.98796
92.31678,17.10757,284.08066,287.40228,3.0256662,4.497661,55.264545
91.779495,17.123291,281.2685,286.24414,2.7809377,4.276241,46.384804
91.71119,17.145735,275.76675,284.49945,2.3560023,3.783378,36.846687
91.64289,17.168179,270.26498,282.75482,1.9310671,3.2905152,28.010723
91.60611,17.182905,265.29144,277.6102,2.0826778,3.4439793,34.97442
91.56932,17.197632,260.3179,272.46558,2.2342887,3.597443,38.987133
91.40807,17.195105,264.23077,274.20792,2.2541769,3.6331463,35.93333
91.24682,17.19258,268.1437,275.95023,2.2740653,3.6688495,32.453415
90.96188,17.17258,272.35727,278.12134,2.4659562,3.8190243,30.647787
90.676956,17.15258,276.57083,280.29248,2.6578472,3.969199,30.103138
90.19711,17.108416,278.6673,281.8761,2.8442857,4.037641,27.751268
89.71727,17.06425,280.7638,283.4597,3.0307243,4.1060834,25.722097
89.88386,16.954752,286.76462,288.71832,3.1524363,4.0987506,23.750366
90.05045,16.845255,292.76544,293.9769,3.2741482,4.091418,25.316223
91.24086,16.770983,281.20224,282.2902,4.0568156,4.8712044,55.178078
92.43127,16.696709,269.63907,270.6035,4.839483,5.650991,65.36148
89.308426,16.564665,276.31845,277.01044,5.210459,5.9296613,95.64702
86.18558,16.432621,282.99786,283.4174,5.581435,6.208332,71.197136
86.01338,16.270372,282.37555,282.73425,5.5761666,6.130416,72.99553
85.84119,16.108124,281.7532,282.05112,5.570898,6.0525007,73.63123
85.68412,16.027002,282.2358,282.5241,5.303156,5.7463007,64.89438
85.527054,15.945879,282.71838,282.99707,5.0354137,5.440101,55.072186
85.99696,15.975931,285.35236,285.69803,4.7603445,5.1484723,49.25118
86.46687,16.005983,287.9863,288.399,4.4852753,4.856844,42.07545
86.212814,15.979554,293.0204,293.35083,4.546348,4.8969283,40.42985
85.958755,15.953125,298.05444,298.30264,4.6074204,4.937013,38.866486
84.293495,15.8987875,297.95154,298.1376,4.737809,5.083877,33.322937
82.628235,15.844451,297.84866,297.97253,4.8681974,5.2307415,31.820868
81.29095,15.808897,292.3123,292.56543,4.8752956,5.2107654,32.995457
79.95365,15.773342,286.7759,287.1583,4.8823934,5.1907887,34.622272
78.67923,15.6896,280.69327,281.04388,4.840086,5.124164,35.983536
77.40481,15.605858,274.61066,274.92947,4.7977786,5.0575395,34.037086
77.04399,15.530953,269.54443,269.71613,5.0215087,5.3058476,46.80628
76.68318,15.456048,264.4782,264.50278,5.245239,5.554156,56.673016
78.22829,15.39587,263.4309,263.44705,5.3757725,5.7034726,58.867233
79.77341,15.335692,262.38358,262.39136,5.5063066,5.8527894,65.31627
80.62217,15.307931,264.17953,264.2469,5.4154496,5.758742,61.94763
81.47094,15.280169,265.9755,266.10242,5.3245926,5.664694,57.265884
79.823105,15.381104,264.07123,264.21835,5.2942657,5.657075,60.612675
78.17527,15.482041,262.16693,262.3343,5.263939,5.6494555,57.16271
77.994804,15.558385,259.9805,260.0377,5.2221766,5.6054125,54.94218
77.81434,15.634728,257.79404,257.74106,5.1804147,5.56137,52.75295
77.320786,15.722834,255.692,255.74716,4.8925476,5.2615795,48.056034
76.82723,15.810941,253.58995,253.75327,4.60468,4.9617887,40.211803
76.44752,15.900711,242.29231,242.64624,3.851327,4.136772,12.028742
76.0678,15.990482,230.99467,231.53918,3.097973,3.3117557,-3.1928756
76.41189,16.059307,215.1114,215.76659,3.191063,3.405291,-2.0759974
76.755974,16.128134,199.22813,199.99399,3.2841527,3.4988263,2.7001834
77.158485,16.193478,196.01607,196.83978,3.4518962,3.6949723,2.8706284
77.561005,16.258823,192.804,193.68555,3.6196399,3.8911183,4.340413
78.02589,16.34199,188.6152,189.41306,3.9989715,4.336474,15.947361
78.490776,16.425158,184.42644,185.14056,4.378303,4.7818294,33.265133
78.75881,16.517944,185.9592,186.76207,5.1504674,5.753529,63.468365
79.02685,16.610731,187.49196,188.38354,5.922632,6.7252293,128.64415
79.045105,16.614147,193.09244,193.8198,6.686073,7.6403418,201.21754
79.063354,16.617563,198.6929,199.25606,7.449514,8.555455,263.47495
79.10877,16.585735,202.40288,203.00763,7.439138,8.502552,251.8033
79.15418,16.553904,206.11288,206.75922,7.428762,8.449648,246.35124
79.126915,16.566584,206.27226,206.79779,7.2652774,8.268448,234.10252
79.09964,16.579264,206.43166,206.83638,7.101793,8.087248,219.7818
80.20976,16.416101,209.88684,210.15512,6.9530277,7.873889,211.5868
81.31989,16.252937,213.34204,213.47386,6.8042626,7.66053,191.33305
82.87372,16.08333,211.70631,211.77107,6.0101194,6.6481915,104.75906
84.42754,15.913724,210.07062,210.06827,5.215976,5.635854,49.774776
84.8678,15.783813,217.68124,217.7051,5.1091805,5.500908,42.946037
85.30805,15.653903,225.2919,225.3419,5.002384,5.3659625,38.91459
85.399506,15.607493,231.22906,231.31636,5.0244384,5.386792,39.904003
85.49095,15.561082,237.16623,237.29083,5.0464926,5.4076223,44.297665
85.14433,15.571518,244.45726,244.60054,4.772193,5.102215,31.281536
84.797714,15.581953,251.74829,251.91026,4.497894,4.7968082,20.659868
84.67197,15.584497,256.9219,257.05627,4.401424,4.6688714,18.9823
84.54623,15.587042,262.09552,262.2023,4.3049536,4.5409355,21.10856
84.058426,15.531807,269.01807,269.14844,4.3522005,4.5995064,23.132727
83.570625,15.476572,275.9406,276.0946,4.399447,4.658077,28.24058
81.34242,15.549017,276.26797,276.35938,4.299376,4.553491,23.330019
79.11422,15.62146,276.59537,276.62415,4.199305,4.4489055,19.621614
78.67941,15.583815,272.8612,272.8354,4.393347,4.6350746,25.831127
78.2446,15.54617,269.12704,269.04666,4.5873885,4.821244,34.02851
78.83995,15.452471,266.35446,266.26642,4.8114924,5.0646386,42.70407
79.4353,15.358771,263.58188,263.48618,5.035596,5.3080335,50.32973
78.662895,15.359005,261.5296,261.46622,4.9397535,5.2152452,47.28778
77.89049,15.359239,259.47736,259.44623,4.843911,5.122457,50.793896
77.32896,15.427648,255.62236,255.5921,4.8010015,5.0808825,48.50759
76.767426,15.496057,251.76735,251.73796,4.7580914,5.039308,44.674973
76.05233,15.568118,248.70294,248.65936,4.74664,5.0315876,46.827988
75.337234,15.640182,245.63852,245.58075,4.735189,5.023868,52.19833
75.21345,15.693919,243.14671,243.11316,4.7287154,5.019062,53.592037
75.08965,15.747657,240.65489,240.64557,4.722242,5.014256,55.821888
75.44276,15.775453,239.22882,239.21983,4.5536933,4.831511,42.82753
75.79585,15.8032465,237.80275,237.79413,4.3851438,4.648765,30.119568
75.666336,15.856992,233.26997,233.26215,4.172295,4.423215,21.950806
75.53683,15.910735,228.7372,228.7302,3.9594464,4.1976643,14.494055
75.50573,15.959138,221.05624,221.15198,3.6720147,3.8936296,5.6276517
75.47464,16.007542,213.37527,213.57376,3.3845837,3.589595,1.9400564
75.51688,16.063807,204.6838,204.912,3.424297,3.633961,7.059507
75.55912,16.12007,195.99234,196.25024,3.4640105,3.678327,11.60563
76.28107,16.07085,192.21144,192.29932,3.6649776,3.8867059,14.089884
77.00301,16.021631,188.43054,188.34837,3.8659444,4.0950847,17.81963
79.6645,15.851298,184.81845,184.71889,3.9642048,4.19183,17.952095
82.32597,15.680965,181.20633,181.08937,4.062465,4.288575,47.676956
83.70761,15.585658,180.8547,180.74283,4.0475626,4.2742386,66.16193
85.08925,15.49035,180.50308,180.3963,4.03266,4.259902,79.029396
85.01001,15.529345,177.06393,177.01022,3.886542,4.1074696,71.92863
84.93076,15.568339,173.62477,173.62413,3.7404244,3.9550378,62.051373
85.19252,15.605033,172.2472,172.22884,3.495584,3.6974247,54.151737
85.45428,15.6417265,170.86958,170.83354,3.2507434,3.4398115,45.69691
86.2712,15.564336,183.48215,183.2128,2.6280847,2.7783825,25.799911
87.08813,15.486945,196.0947,195.59207,2.0054257,2.1169536,5.623711
87.84415,15.385801,220.52231,219.44046,1.5456301,1.6247106,-16.464931
88.60016,15.2846575,244.94989,243.28886,1.0858345,1.1324675,-3.2746363
86.457695,15.322768,173.4234,173.77147,1.0474163,1.079682,-4.9775515
84.31524,15.36088,101.89689,104.25408,1.0089983,1.0268962,9.08267
84.518326,15.353235,75.50972,76.906944,1.4335144,1.468559,5.0690727
84.72141,15.345592,49.122555,49.559822,1.8580303,1.9102216,-13.839262
84.352425,15.391246,37.621967,38.001457,2.0701191,2.145784,-3.3641672
83.98343,15.4369,26.121374,26.4431,2.282208,2.3813462,1.7989649
85.5882,15.241318,26.6031,26.93964,2.7676544,2.9011438,10.013296
87.19298,15.045735,27.084827,27.436182,3.2531009,3.4209416,21.108274
86.72718,15.037942,22.060347,22.378729,3.6237764,3.8194396,21.283115
86.26139,15.0301485,17.035868,17.321274,3.994452,4.217938,26.214941
86.06639,15.035074,18.862606,19.18662,4.218003,4.4513783,32.69609
85.8714,15.040002,20.689344,21.051964,4.441553,4.684818,38.680347
86.2498,15.004548,100.5766,100.90585,4.538906,4.785353,53.457737
86.62821,14.969096,180.46385,180.75974,4.6362586,4.8858886,71.2678
87.4259,14.925132,261.8856,262.16495,4.975861,5.2567387,68.755424
88.22358,14.881168,343.30734,343.57016,5.3154635,5.6275887,62.893932
88.05701,14.903371,340.07767,340.2943,5.668249,6.011049,92.284904
87.89043,14.925573,336.848,337.01843,6.021035,6.3945093,131.86781
87.198,15.031587,334.70493,334.82138,6.1758943,6.5657907,131.23526
86.50556,15.1376,332.56183,332.6243,6.3307533,6.7370715,125.53293
84.93504,15.304705,327.8225,327.88223,6.6667924,7.1414666,123.72662
83.364525,15.471808,323.08316,323.14017,7.002831,7.5458612,135.87927
81.58112,15.589639,321.00427,321.05624,7.4421225,8.055094,159.05374
79.79772,15.707468,318.92535,318.97232,7.8814144,8.564326,194.08986
78.591675,15.806527,319.0303,319.15082,7.8172317,8.493953,183.18062
77.38562,15.905585,319.13525,319.32935,7.753049,8.423579,175.73035
77.071915,15.946386,319.33423,319.55014,7.445148,8.078764,158.31108
76.75821,15.987189,319.5332,319.7709,7.1372476,7.7339497,142.46619
76.78368,16.027245,318.96808,319.2175,6.9930243,7.578912,136.6978
76.809166,16.067299,318.40295,318.66412,6.848801,7.4238734,131.18007
76.769424,16.095486,318.24332,318.5395,6.780767,7.34774,128.6004
76.729675,16.123674,318.08365,318.41486,6.7127337,7.271607,126.29711
76.92237,16.127954,317.8436,318.15396,6.4767647,7.008303,116.41175
77.11507,16.132236,317.60355,317.89304,6.240794,6.7449994,100.74035
77.80991,16.099237,315.8089,316.11047,6.081021,6.562175,79.89599
78.50476,16.06624,314.01425,314.32794,5.921248,6.3793507,64.52508
78.753914,16.08483,313.41608,313.68253,5.8033385,6.243668,61.518734
79.00307,16.10342,312.8179,313.0371,5.6854296,6.1079855,58.529945
79.79389,16.068117,311.61374,311.76147,5.8328466,6.276787,61.15561
80.58472,16.032812,310.40958,310.4858,5.9802637,6.445588,65.72188
80.30783,16.069313,310.78677,310.77008,5.8210588,6.2809734,60.11142
80.03094,16.105814,311.164,311.05435,5.6618543,6.1163583,57.727486
79.573715,16.142706,310.83722,310.7486,5.631241,6.0836816,57.5153
79.11649,16.179596,310.5104,310.44284,5.6006274,6.051005,56.356678
78.99633,16.195202,310.3774,310.36462,5.6624494,6.1152287,57.229366
78.87616,16.210808,310.24442,310.28644,5.724272,6.179452,58.101883
79.10918,16.190197,310.7474,310.844,5.6222143,6.0592284,56.117867
79.342186,16.169586,311.25037,311.40158,5.520157,5.9390054,53.625427
80.34139,15.915037,308.7232,308.8835,5.194496,5.57165,42.72897
81.3406,15.660488,306.19604,306.36548,4.8688354,5.2042947,42.933254
81.035995,15.673155,307.8963,308.06482,5.044513,5.4079723,43.456127
80.73139,15.685822,309.59656,309.76413,5.220191,5.61165,44.680756
81.819374,15.6437,310.24023,310.47006,5.3518043,5.7525706,48.336987
82.90737,15.601579,310.8839,311.176,5.483418,5.893492,60.80784
84.53254,15.498481,312.75803,313.05145,5.562903,5.9728017,64.80164
86.1577,15.395382,314.6321,314.92694,5.642389,6.0521116,83.952255
86.11984,15.390474,317.63873,317.87674,5.7102532,6.127937,85.39189
86.08199,15.385566,320.64532,320.82654,5.7781177,6.2037625,86.41268
85.50975,15.412123,324.10522,324.2508,5.873676,6.3143606,77.351776
84.937515,15.43868,327.56512,327.67505,5.969234,6.424959,74.55128
84.150925,15.478191,329.34106,329.4866,5.5519757,5.963228,39.201214
83.364334,15.517704,331.117,331.2982,5.134718,5.5014973,27.701803
83.03953,15.524733,328.6861,328.86783,4.580388,4.8860846,25.747206
82.714714,15.531762,326.25522,326.43747,4.0260587,4.270672,18.251753
82.449486,15.56886,321.4222,321.62045,3.6722171,3.885788,14.111583
82.18426,15.605956,316.58917,316.80347,3.3183756,3.5009038,12.1052265
82.16348,15.623821,312.1819,312.34152,3.3992941,3.5807204,12.487223
82.142715,15.6416855,307.7746,307.8796,3.480213,3.6605372,14.748402
82.764244,15.59901,303.29315,303.41278,3.9071276,4.119481,16.333704
83.38577,15.5563345,298.81168,298.94598,4.3340425,4.5784245,27.71542
83.9767,15.515177,297.3597,297.48453,4.393237,4.6579247,33.673355
84.567635,15.474019,295.90775,296.02307,4.452431,4.7374244,41.030838
84.28487,15.515305,293.6721,293.78067,4.2919884,4.5620284,36.099316
84.0021,15.556589,291.43643,291.53833,4.131546,4.386633,32.082115
84.137886,15.565304,291.0557,291.17566,4.3068604,4.579443,34.52544
84.27367,15.5740185,290.67496,290.813,4.482175,4.7722535,38.47028
84.18115,15.597001,294.4218,294.56012,4.535416,4.834288,39.18071
84.088646,15.619981,298.1687,298.30722,4.5886574,4.8963223,35.40508
83.80241,15.655265,300.23724,300.39548,4.576577,4.891519,31.370249
83.516174,15.690548,302.30582,302.48376,4.5644975,4.8867154,30.218378
82.352165,15.788517,303.3272,303.45807,4.6349115,4.980828,32.40063
81.188156,15.886485,304.34863,304.4324,4.705325,5.07494,38.880363
80.32451,15.941633,304.06195,304.2141,4.5198994,4.8723674,31.838366
79.46086,15.996782,303.77527,303.99585,4.3344746,4.669794,23.192728
79.5839,16.000029,301.3893,301.62576,4.4128847,4.751573,24.996672
79.70695,16.003275,299.00333,299.25568,4.491295,4.833352,24.420973
79.99984,15.962117,299.73178,299.93604,4.0578055,4.3453994,16.829508
80.29273,15.920959,300.4602,300.6164,3.624316,3.8574467,13.367686
80.736244,15.877165,296.90833,297.03857,3.283167,3.4779198,9.354204
81.17975,15.833371,293.35645,293.4608,2.9420176,3.0983932,8.249024
81.59868,15.787177,288.38547,288.46094,2.9202247,3.07045,3.4096034
82.01762,15.740984,283.4145,283.46106,2.8984318,3.0425072,-0.45623955
82.35921,15.712561,280.0966,280.10977,3.1908748,3.3599572,6.145319
82.7008,15.684139,276.77866,276.7585,3.4833179,3.6774073,7.9757085
82.727936,15.660403,275.87946,275.87875,3.5929701,3.7997057,8.887508
82.75507,15.636667,274.98026,274.99896,3.7026222,3.9220042,9.799087
82.972275,15.674517,245.2515,245.281,3.668501,3.8830996,0.60078037
83.189476,15.712365,215.52275,215.56305,3.6343796,3.8441951,3.478013
81.93454,15.80733,220.17053,220.26343,4.1446767,4.4216537,-2.195381
80.6796,15.902297,224.8183,224.96384,4.6549745,4.9991117,9.632835
80.32431,15.967577,230.52467,230.68306,4.859116,5.2280827,21.672972
79.96901,16.032858,236.23105,236.40231,5.063258,5.457054,31.995922
80.075584,16.082417,243.00327,243.17218,5.2250648,5.618576,37.247322
80.18215,16.131975,249.77548,249.94208,5.386871,5.780099,43.69194
80.82509,16.070894,253.47949,253.6887,5.455888,5.842085,47.758694
81.46803,16.009813,257.1835,257.4353,5.5249047,5.9040713,52.11343
81.438484,15.934277,255.76683,255.96234,5.6198263,5.996498,57.841793
81.40893,15.858741,254.35016,254.48935,5.714748,6.0889254,64.134224
82.23555,15.775294,254.21266,254.33032,5.719896,6.0944347,65.09613
83.06217,15.691847,254.07516,254.17131,5.7250433,6.099944,64.651276
82.837555,15.659237,256.9131,257.03806,5.6692104,6.0384135,61.150303
82.61294,15.626627,259.75104,259.90482,5.6133776,5.976883,58.410427
82.541504,15.608359,263.00555,263.218,5.8116345,6.193386,75.17846
82.47007,15.590092,266.2601,266.5312,6.0098925,6.409889,90.70707
81.98023,15.568141,266.7811,267.04175,6.157618,6.5597444,100.03391
81.49039,15.54619,267.30212,267.5523,6.305344,6.709599,111.847595
81.0301,15.487325,267.73682,267.90765,6.4635363,6.8870354,127.03417
80.56981,15.42846,268.1715,268.263,6.6217275,7.064472,143.90105
80.24433,15.478384,267.39832,267.515,6.4059815,6.8486853,123.187386
79.91886,15.528307,266.62512,266.767,6.190236,6.6328983,102.7708
80.276115,15.648392,266.32617,266.4903,6.084476,6.534866,92.95188
80.63337,15.7684765,266.02725,266.21356,5.9787154,6.436833,83.5763
80.527534,15.912494,261.503,261.69507,5.715487,6.1553555,62.04439
80.421715,16.05651,256.97873,257.17657,5.452258,5.8738775,48.11018
79.693306,16.153364,258.0499,258.34305,5.6158085,6.0906014,54.071964
78.9649,16.250217,259.12106,259.50955,5.779358,6.307325,60.798813
77.87277,16.37988,258.67307,259.0664,5.6541386,6.1984534,56.30026
76.78064,16.509544,258.22507,258.62326,5.5289187,6.089581,60.23561
77.38635,16.507057,254.05128,254.42134,5.5094066,6.076302,53.973682
77.992065,16.504566,249.8775,250.21944,5.4898944,6.063022,52.36997
77.86195,16.61372,244.07512,244.51698,5.4192104,5.981436,52.481308
77.731834,16.722874,238.27274,238.81454,5.348527,5.8998494,52.220863
78.4593,16.763647,235.72673,236.31046,5.422273,6.0166106,49.271656
79.18676,16.80442,233.1807,233.80635,5.496019,6.133372,51.110134
80.283066,16.74784,233.54791,233.93974,5.695798,6.394179,77.11275
81.37937,16.691261,233.91515,234.07314,5.895577,6.6549864,101.44617
81.72112,16.67836,233.58755,233.74432,6.1962676,7.0201674,139.02
82.06288,16.66546,233.25996,233.41554,6.4969583,7.3853493,172.65051
81.27303,16.573063,244.97542,245.2783,6.9226995,7.854427,201.07071
80.483185,16.480669,256.69086,257.14105,7.3484416,8.323504,225.65466
79.31027,16.491428,263.96207,264.38516,6.8449993,7.665203,168.80638
78.13737,16.50219,271.2333,271.62924,6.341558,7.0069013,104.09273
77.71237,16.306566,279.16132,279.51028,6.678984,7.3304906,128.9282
77.28738,16.11094,287.08936,287.3913,7.016411,7.6540794,160.32977
76.91166,15.938592,281.09045,281.42725,7.048832,7.715271,167.71584
76.53595,15.766242,275.09155,275.4632,7.0812535,7.776463,178.6936
75.84235,15.640838,275.4035,275.79672,7.1784596,7.8505177,183.58441
75.14874,15.515431,275.71545,276.13025,7.275666,7.924573,186.18709
76.393654,15.343434,275.2225,275.56137,7.4372144,8.070434,207.5643
77.638565,15.171437,274.72955,274.9925,7.598762,8.216294,233.20465
78.63253,15.04209,278.65485,278.89813,7.639765,8.24676,234.17159
79.626495,14.912743,282.58017,282.80377,7.6807675,8.277226,234.62025
81.36725,14.704335,289.15457,289.28104,7.771615,8.365554,220.63806
83.107994,14.495928,295.729,295.75827,7.8624625,8.453882,207.57582
83.31214,14.353212,296.69153,296.68842,7.6803055,8.242198,188.09514
83.5163,14.210497,297.65405,297.61853,7.4981484,8.030514,168.52107
80.72288,14.3608675,297.4685,297.5121,7.447477,7.989423,206.30652
77.92945,14.511238,297.283,297.40567,7.3968062,7.948331,168.64981
77.345055,14.3866,298.55762,298.7655,7.412613,7.92165,158.45663
76.760666,14.261963,299.83224,300.12534,7.4284196,7.894968,152.62465
78.87942,14.041105,303.10016,303.31805,7.517295,7.9900074,175.37062
80.99816,13.820248,306.36807,306.5108,7.6061707,8.085047,181.39944
78.633415,14.052102,308.9058,308.98645,7.815781,8.392201,184.18843
76.26866,14.283956,311.44354,311.46207,8.025391,8.699355,180.9112
72.7656,14.418573,308.38055,308.4937,8.252642,8.912333,202.32216
69.26254,14.553192,305.31757,305.52533,8.479894,9.12531,271.40234
69.18089,14.507281,302.86078,303.0463,8.422215,9.050165,270.6798
69.09924,14.461371,300.40402,300.56726,8.364538,8.97502,268.76422
71.534386,14.202106,298.1861,298.38727,8.559246,9.185589,237.02238
73.969536,13.942841,295.96814,296.20728,8.753956,9.396159,266.1527
72.16676,14.129563,293.36603,293.54785,8.775951,9.479724,258.73157
70.36399,14.316287,290.76392,290.8884,8.797948,9.563288,272.65665
73.31783,14.17237,288.3875,288.45618,9.047318,9.838763,299.33685
76.271675,14.028453,286.01114,286.02393,9.296688,10.11424,335.97137
79.35318,13.938044,282.4175,282.50098,9.569111,10.457552,370.4343
82.434685,13.847636,278.82394,278.978,9.841534,10.800864,390.03885
83.98148,13.777329,282.63684,282.86835,10.261566,11.340406,440.51932
85.528275,13.707025,286.44977,286.75873,10.681598,11.87995,481.49365
84.482666,13.915765,295.23703,295.64636,10.499397,11.699274,470.90323
83.43706,14.124504,304.02432,304.53397,10.317196,11.518599,460.27606
81.22921,14.42584,310.27362,310.8354,10.080882,11.239979,447.6172
79.02136,14.727176,316.5229,317.1368,9.844569,10.961359,427.9982
77.13144,14.892246,320.54465,321.0426,9.377904,10.400854,368.7037
75.24152,15.057315,324.56638,324.9484,8.911238,9.840349,290.1984
74.53078,15.110794,323.8579,324.23672,8.679537,9.544012,253.20901
73.82003,15.164272,323.14948,323.5251,8.447836,9.247675,229.16
76.29549,15.002963,321.06937,321.51923,8.476951,9.245945,228.10263
78.77094,14.841654,318.98923,319.51343,8.506064,9.244216,234.83073
81.090965,14.724625,319.1897,319.59506,8.607954,9.365634,254.27357
83.41098,14.6075945,319.39017,319.6767,8.709843,9.48705,266.63217
83.11373,14.626151,321.2982,321.52884,8.778566,9.574446,275.40262
82.81648,14.644707,323.20624,323.38098,8.847288,9.661842,284.4057
80.263145,14.898973,324.51736,324.65335,8.72489,9.544748,273.96735
77.70981,15.153239,325.82846,325.92572,8.602491,9.427653,258.64526
78.365974,15.080191,325.84253,325.9618,8.400693,9.17626,232.37857
79.02214,15.007144,325.8566,325.99783,8.198895,8.924866,213.8621
79.08126,15.015913,323.69006,323.82114,7.999433,8.702464,195.79929
79.14038,15.024681,321.5235,321.64444,7.7999706,8.480062,182.01715
79.32627,14.969618,319.62006,319.75674,7.7176795,8.375522,177.07594
79.51215,14.914555,317.7166,317.86908,7.635389,8.270982,172.46123
79.2794,14.926237,316.18774,316.41187,7.490157,8.089764,159.302
79.046646,14.93792,314.6589,314.95465,7.3449254,7.9085464,146.30359
79.0544,14.9072895,315.08112,315.19696,7.0186925,7.546071,116.146065
79.06215,14.8766575,315.50333,315.4393,6.692459,7.183595,89.92161
77.49443,15.030085,314.00754,313.93127,6.5015,6.999838,94.74983
75.92672,15.183512,312.51175,312.42325,6.3105407,6.8160806,96.12615
74.19082,15.263552,308.9571,308.98264,6.369478,6.8667283,99.93555
72.45492,15.34359,305.40237,305.542,6.4284153,6.9173756,100.75406
71.377426,15.382025,304.03833,304.19415,6.2309923,6.701341,72.34513
70.29992,15.420458,302.67422,302.84634,6.0335693,6.485307,50.98942
69.88113,15.470701,301.90424,302.12012,5.8289146,6.261095,45.759476
69.462326,15.520946,301.13425,301.3939,5.62426,6.0368824,46.610928
69.60976,15.551771,300.69775,300.93246,5.449469,5.8366885,43.311253
69.757195,15.582598,300.26132,300.4711,5.274678,5.6364946,40.286354
70.08365,15.579903,297.66602,297.8658,5.0000196,5.338053,38.90254
70.41011,15.577209,295.0707,295.26053,4.725361,5.039612,36.207794
70.874886,15.65001,291.332,291.59705,4.570817,4.882673,31.325481
71.33966,15.722813,287.59332,287.93356,4.4162726,4.7257333,22.79406
71.74559,15.752741,286.10654,286.4261,4.226884,4.5157404,13.12487
72.15153,15.782671,284.61975,284.9186,4.0374956,4.305747,7.0478816
72.87734,15.803724,283.4779,283.72894,3.741527,3.9757032,0.44780037
73.60316,15.824778,282.33606,282.5393,3.4455588,3.645659,-4.962695
74.10763,15.815659,277.8027,277.89532,3.2016926,3.3828516,-9.543736
74.6121,15.806539,273.26932,273.2513,2.9578261,3.1200442,-7.6754904
74.60757,15.813915,274.1644,274.10986,2.471898,2.6011424,-5.195255
74.603035,15.821293,275.0595,274.96838,1.98597,2.0822403,-8.054512
74.657005,15.830406,265.5681,265.4037,1.5920697,1.6606616,-9.630494
74.710976,15.839521,256.07675,255.839,1.1981697,1.2390826,-8.234015
74.68109,15.849555,228.08981,227.99245,1.047303,1.0820469,-1.3939936
74.6512,15.859589,200.10286,200.14592,0.8964362,0.9250111,-7.9827533
74.73384,15.873732,184.68417,184.7626,1.1922272,1.2408681,-6.1983533
74.816475,15.887876,169.26547,169.3793,1.4880183,1.556725,-6.1000943
75.05617,15.922102,165.07484,165.31499,1.8879365,1.9894786,-8.867681
75.29586,15.956329,160.88423,161.25067,2.2878547,2.4222322,-12.534909
75.35832,16.010601,158.68542,159.03925,2.6696408,2.849421,-12.450177
75.420784,16.064873,156.48662,156.82784,3.051427,3.27661,-9.801627
75.00167,16.152235,158.34384,158.72319,3.2640145,3.5318265,-3.066448
74.58256,16.239597,160.20105,160.61853,3.476602,3.7870429,6.9019494
74.527466,16.315454,157.92632,158.46349,3.5706055,3.9124603,13.516191
74.47238,16.391314,155.6516,156.30843,3.6646092,4.037878,18.564137
75.35898,16.383621,155.28804,155.8385,3.6212268,3.986494,8.841729
76.245575,16.375929,154.9245,155.36856,3.5778444,3.93511,5.5442314
76.46769,16.416004,154.93744,155.31155,3.4717073,3.8224757,0.8437649
76.68981,16.456078,154.95038,155.25455,3.36557,3.7098413,-4.1474214
76.803444,16.507286,150.09102,150.40718,3.3610098,3.7170026,-0.33311516
76.91708,16.558493,145.23169,145.55981,3.3564498,3.7241645,1.9981052
77.32079,16.555986,142.30602,142.62701,3.3724864,3.747511,1.7781699
77.7245,16.55348,139.38034,139.69421,3.3885229,3.7708576,1.3031256
77.72484,16.591785,127.56717,128.03177,3.44782,3.843261,17.00983
77.72517,16.630089,115.75398,116.36931,3.5071173,3.9156647,24.922863
77.15853,16.724026,110.88922,111.698296,3.6266599,4.104087,31.095589
76.591896,16.817963,106.02445,107.02729,3.7462018,4.292509,37.964344
76.36257,16.857115,105.601524,106.63633,4.410968,5.0908933,49.559944
76.133255,16.896267,105.178604,106.24536,5.0757337,5.889278,60.0335
76.91881,16.823563,104.273445,105.06018,5.4473925,6.333136,75.05682
77.70436,16.750858,103.368286,103.87501,5.819051,6.7769947,91.80396
77.96841,16.749083,103.830574,104.4089,5.95745,6.939597,101.46154
78.232445,16.747307,104.29286,104.9428,6.0958495,7.1022,111.291626
78.36322,16.764694,101.737076,102.50562,6.238225,7.28818,114.23367
78.49398,16.78208,99.181274,100.06845,6.380601,7.47416,120.363525
79.12995,16.736908,100.17346,100.990814,6.4658637,7.554052,134.54832
79.765915,16.691736,101.16564,101.91318,6.5511265,7.633943,146.36995
80.61755,16.66006,102.5764,103.4837,6.386204,7.4320784,142.08932
81.46919,16.628384,103.98717,105.05422,6.2212806,7.230214,126.373604
82.26751,16.614998,103.89602,105.29137,5.8660617,6.7911425,105.899216
83.06584,16.601614,103.80488,105.5285,5.510843,6.3520703,95.06907
83.87429,16.668947,104.10944,106.819374,5.110354,5.9484773,90.142876
84.68274,16.73628,104.41402,108.11025,4.709865,5.544884,83.35907
85.77912,16.778889,104.261795,109.18416,4.3433022,5.2617197,76.68715
86.875496,16.821499,104.10956,110.258064,3.976739,4.978555,64.3708
86.30732,16.946991,103.8166,109.838295,3.8421748,4.9318247,61.84726
85.739136,17.072483,103.52363,109.41852,3.7076104,4.885094,57.78529
85.24999,17.120796,105.25974,110.57949,3.6720107,4.93571,55.030933
84.76085,17.169111,106.99586,111.74046,3.636411,4.986326,53.158577
84.74001,17.175047,104.7008,109.045074,3.7522404,5.1260676,60.095276
84.71917,17.180983,102.40574,106.349686,3.86807,5.265809,65.96592
84.376915,17.182734,98.24217,102.00049,3.9416773,5.3237457,69.85994
84.03465,17.184483,94.07861,97.65128,4.015285,5.381682,75.39461
83.67706,17.21546,92.177956,95.540375,4.0566854,5.4678893,81.26651
83.319466,17.246439,90.27728,93.42948,4.098086,5.5540967,88.280075
83.39603,17.231834,89.29483,92.56242,4.1092153,5.544058,89.44817
83.47259,17.217228,88.312386,91.69538,4.120344,5.534019,90.55319
83.987274,17.18209,86.40021,89.84215,4.1268964,5.4905334,90.008705
84.50197,17.146955,84.48802,87.988914,4.1334486,5.4470477,90.01764
84.406654,17.141539,83.68644,87.22347,4.0361176,5.327898,86.76139
84.311325,17.136122,82.884865,86.45803,3.938786,5.208748,83.61547
84.28272,17.138828,81.30664,85.141174,3.751469,4.9802995,77.957436
84.25412,17.141537,79.728424,83.8243,3.5641518,4.7518516,72.575615
81.460335,16.896238,75.12366,77.68767,3.577064,4.513893,83.43972
78.66655,16.65094,70.518906,71.55103,3.5899758,4.2759347,62.467037
78.41095,16.601507,68.87423,69.8196,3.468186,4.0754013,54.644066
78.155334,16.552076,67.22957,68.088165,3.3463955,3.8748677,48.48656
77.88699,16.507158,67.64776,68.36878,3.2187448,3.6959047,44.20252
77.61865,16.46224,68.065956,68.64939,3.0910935,3.5169418,39.347992
77.35552,16.434381,65.94334,66.55089,2.9349473,3.3146598,31.423418
77.0924,16.406525,63.820705,64.452385,2.778801,3.1123776,23.703009
77.03214,16.39016,58.522186,59.15668,2.5773885,2.866771,14.536695
76.97188,16.373796,53.223667,53.86098,2.3759763,2.621164,8.23334
76.96494,16.359863,47.93923,48.550385,2.2710075,2.4916556,7.446766
76.958,16.34593,42.654797,43.23979,2.166039,2.3621476,7.261694
76.892914,16.330372,34.474434,35.021255,2.336462,2.5457306,8.2725115
76.82783,16.314812,26.294065,26.802723,2.5068853,2.7293136,8.938231
76.80659,16.31513,21.480072,21.95245,2.8538907,3.1317046,11.12685
76.78535,16.315447,16.666079,17.102179,3.200896,3.5340953,15.117812
76.9856,16.342737,23.906765,14.4054985,3.3070033,3.6892438,12.656121
77.18585,16.37003,31.14745,11.7088175,3.41311,3.8443925,9.991606
77.84423,16.414127,30.971222,11.639134,3.3332107,3.7921119,8.029618
78.5026,16.458225,30.794994,11.569452,3.253311,3.7398314,10.002961
79.215645,16.474638,22.155172,13.148342,3.0317585,3.5016973,12.923092
79.9287,16.49105,13.515351,14.727231,2.8102062,3.263563,11.133753
80.77729,16.506271,51.513046,33.444466,2.6465461,3.1140506,13.703073
81.62588,16.521492,89.51074,52.161705,2.482886,2.964538,11.451346
82.451645,16.528843,135.15236,108.6313,2.3741996,2.8604426,-2.1120262
83.277405,16.536194,180.79396,165.1009,2.2655134,2.756347,20.63997
83.96654,16.53172,257.79587,227.69742,2.3315272,2.8353713,-0.28724244
84.65568,16.527245,334.79776,290.2939,2.3975408,2.9143953,31.261467
85.10808,16.510532,336.55145,316.9707,2.375884,2.8971944,18.815536
85.56048,16.493822,338.30508,343.6475,2.354227,2.879993,2.2337022
85.74214,16.476025,332.7556,338.59396,2.2075524,2.6758683,-2.9315183
85.923805,16.458227,327.20618,333.5404,2.060878,2.4717433,-9.22982
86.1725,16.445425,323.59494,329.4227,2.0268292,2.4163015,-10.059566
86.421196,16.432625,319.9837,325.305,1.9927809,2.3608596,-10.056793
86.51297,16.416197,317.89206,322.21933,2.0258145,2.4191709,-8.537701
86.604744,16.399769,315.8004,319.1337,2.0588484,2.4774823,-7.0436964
86.287384,16.381506,315.95474,318.28427,1.7342354,2.0903468,-9.725824
85.97003,16.363243,316.10904,317.43484,1.409622,1.7032114,-13.701704
85.83624,16.347408,298.06766,301.68854,1.1999199,1.4336351,-20.187067
85.702446,16.331573,280.02625,285.94223,0.99021775,1.1640588,-12.679755
85.70746,16.322594,278.8395,267.76776,0.8312741,0.9878409,-9.199143
85.712456,16.313616,277.65274,249.59329,0.6723304,0.8116231,-0.14071395
85.909035,16.30217,277.63422,264.41132,0.8403668,1.0114939,-9.544989
86.10561,16.290724,277.6157,279.22934,1.0084032,1.2113646,-11.020687
86.04011,16.296022,250.62256,254.47716,1.1643425,1.4086304,-1.1598058
85.9746,16.301321,223.62943,229.72496,1.320282,1.6058961,-8.188339
86.28314,16.297474,217.49599,222.90454,1.7966567,2.210531,-5.0683284
86.59168,16.293627,211.36255,216.08414,2.2730312,2.8151658,-3.3476796
88.99518,16.074247,208.08638,210.53441,3.0283456,3.5108225,8.617831
91.398674,15.854868,204.8102,204.98468,3.78366,4.206479,21.029123
90.438255,15.95799,208.98853,209.20857,4.1222525,4.6179414,39.335106
89.47784,16.061113,213.16684,213.43245,4.460845,5.0294037,56.526413
89.159515,16.136728,218.59439,218.83395,4.6945233,5.3353467,64.01409
88.841194,16.212341,224.02194,224.23546,4.928202,5.6412888,71.33566
88.53869,16.266998,228.93713,229.343,4.9217925,5.719364,73.5299
88.23618,16.321655,233.85234,234.45053,4.915383,5.797439,77.96977
87.94812,16.365742,233.60129,234.37512,4.9302607,5.880888,77.70726
87.66005,16.40983,233.35025,234.29973,4.945138,5.9643373,77.59461
88.127686,16.423138,235.52039,236.87299,4.6936774,5.7108874,80.67344
88.595314,16.436441,237.69054,239.44621,4.442217,5.4574375,84.261154
88.307014,16.470669,230.90608,234.17421,4.509179,5.6311297,80.46851
88.01871,16.504896,224.12163,228.90222,4.576141,5.804821,76.13663
87.43012,16.569874,221.98805,226.72925,4.7707224,6.1462994,77.15313
86.84154,16.634853,219.85446,224.55629,4.965304,6.4877777,85.55738
87.39227,16.683407,219.75348,224.12363,5.139013,6.7727714,98.01646
87.943,16.731958,219.65251,223.69098,5.3127217,7.057766,115.83876
88.32942,16.762207,220.37422,224.30151,5.3592467,7.1785793,126.41389
88.715836,16.792458,221.09593,224.91206,5.4057727,7.2993937,139.061
88.94262,16.816854,222.09146,225.80089,5.380372,7.33029,143.32999
89.169395,16.841251,223.08699,226.68974,5.3549714,7.3611865,147.35315
89.391716,16.847832,225.80104,229.57393,5.0479107,7.0661626,132.486
89.61403,16.85441,228.5151,232.45813,4.740851,6.7711387,121.607346
89.775566,16.85453,226.69167,231.47102,4.528242,6.5401607,115.26398
89.93709,16.854647,224.86826,230.48393,4.315634,6.3091817,109.01097
89.9335,16.875042,223.00993,228.8763,4.301273,6.3287783,107.9785
89.92992,16.895437,221.15163,227.26868,4.286912,6.348374,107.11392
89.78561,16.929825,217.60631,223.75922,4.4147305,6.5545163,113.20366
89.641304,16.964212,214.06097,220.24977,4.542549,6.760659,124.0709
89.440636,17.00041,212.64732,218.91893,4.3279552,6.6012163,114.15448
89.23996,17.036608,211.23369,217.58807,4.1133614,6.4417744,104.53683
89.04943,17.062616,207.77884,214.97073,3.877598,6.208222,97.70502
88.858894,17.088627,204.32396,212.35341,3.641835,5.9746695,97.73135
88.41552,17.122444,199.9571,208.55014,3.6777854,6.0483475,110.16323
87.97214,17.156263,195.59026,204.74689,3.7137358,6.1220245,126.10234
87.20429,17.198294,191.7916,201.25626,3.7824574,6.2231884,139.0204
86.436455,17.240322,187.99297,197.76561,3.8511794,6.324352,152.13057
85.9012,17.261543,183.73636,194.06976,3.7172797,6.14298,150.57979
85.365944,17.282766,179.47974,190.37392,3.5833797,5.9616084,151.47878
85.175255,17.310616,180.3829,189.35078,3.7428493,6.26205,156.94756
84.98457,17.338463,181.28607,188.32767,3.9023192,6.562493,171.47968
85.35324,17.349657,183.04854,188.90549,3.8872626,6.6139264,172.33734
85.7219,17.360853,184.81097,189.48329,3.872206,6.6653595,172.38274
86.3194,17.354145,187.3369,191.30666,3.8819087,6.654965,168.96364
86.91689,17.347435,189.8628,193.13002,3.8916118,6.64457,164.13934
87.49084,17.323612,191.4698,194.74161,3.943919,6.6823406,166.54176
88.06477,17.299788,193.0768,196.3532,3.9962256,6.7201114,163.94078
90.10106,17.383707,193.37064,196.60632,4.514893,7.227529,185.93344
92.13734,17.467628,193.66447,196.85944,5.03356,7.7349467,186.76543
92.10013,17.463055,195.43866,199.07256,4.7167134,7.363967,170.1188
92.06293,17.45848,197.21284,201.28568,4.399867,6.992987,140.15175
92.39921,17.420609,196.48743,201.55833,3.9932747,6.4684014,103.68512
92.735504,17.382734,195.76204,201.831,3.5866826,5.943816,69.415825
92.89241,17.356348,192.08244,199.05048,3.3732312,5.5915575,55.985893
93.04932,17.329962,188.40286,196.26993,3.1597798,5.2392993,45.34822
93.13928,17.307304,186.2918,193.72585,3.1798604,5.213722,42.55218
93.22924,17.284647,184.18071,191.18176,3.1999414,5.188145,39.315666
93.11199,17.27821,182.13544,188.95187,3.1964698,5.1596785,38.579628
92.99474,17.271772,180.09015,186.722,3.1929984,5.131212,37.460526
92.628716,17.276648,176.10309,182.80428,3.1778421,5.107403,39.1067
92.2627,17.28152,172.11601,178.88655,3.1626863,5.083593,41.868618
91.38506,17.31034,171.16289,177.2568,3.1731114,5.1329308,59.071777
90.50742,17.339159,170.20975,175.62708,3.1835365,5.182268,78.73452
89.65858,17.381342,167.66023,173.32289,3.1357713,5.166702,92.691414
88.80974,17.423527,165.11072,171.0187,3.088006,5.151135,97.39029
88.90234,17.437553,164.2123,170.0252,3.044753,5.149995,93.73324
88.99495,17.451578,163.31387,169.03172,3.0015,5.1488547,89.92836
89.84246,17.463375,165.00537,170.36244,2.915183,5.097665,81.97308
90.68998,17.475172,166.69685,171.69316,2.828866,5.046476,70.20752
91.414024,17.47879,164.78159,170.80785,2.750121,4.9738045,52.372345
92.13807,17.482409,162.86632,169.92255,2.6713762,4.9011335,36.201927
92.418816,17.498781,161.56374,169.19522,2.5991867,4.821553,31.22339
92.69957,17.515154,160.26114,168.4679,2.526997,4.741973,27.7562
92.731,17.525703,158.90016,167.5287,2.4929793,4.7017617,27.34455
92.76243,17.536255,157.53915,166.58951,2.458962,4.6615505,27.039688
92.59353,17.54211,153.27306,163.56604,2.3916175,4.540057,29.120771
92.42463,17.547962,149.00694,160.54259,2.324273,4.4185634,30.8211
92.16851,17.55102,143.3448,155.71269,2.338719,4.384541,31.641708
91.91239,17.554077,137.68266,150.88281,2.353165,4.350518,29.977736
91.7078,17.547808,132.72191,145.69131,2.4220915,4.4035544,28.451462
91.503204,17.541538,127.76115,140.49982,2.4910178,4.4565907,30.458155
91.35729,17.537289,125.55471,136.84369,2.6140184,4.64865,32.685417
91.21138,17.53304,123.348274,133.18756,2.737019,4.84071,36.382378
91.09446,17.524254,122.12002,131.10492,2.7552807,4.921764,38.758873
90.97753,17.515469,120.89176,129.02228,2.7735424,5.002817,40.88816
90.82763,17.519249,119.22794,127.044586,2.7986567,5.0419574,41.748882
90.67773,17.523027,117.56414,125.06688,2.8237712,5.081097,42.19697
90.50302,17.52364,118.251976,125.424034,2.8504868,5.1418858,41.147167
90.328316,17.524252,118.93981,125.78119,2.8772023,5.202675,40.378452
89.839615,17.534807,119.98621,126.906715,2.8956652,5.2604113,38.382957
89.350914,17.545362,121.03263,128.03223,2.9141283,5.3181477,38.10933
89.263916,17.53906,121.381485,129.31898,2.6832893,5.060306,37.29044
89.17691,17.532759,121.730354,130.60576,2.4524505,4.802464,35.049908
89.28231,17.523611,115.200035,128.29889,2.1802976,4.363179,29.638985
89.38771,17.514465,108.66972,125.99203,1.908145,3.9238942,26.033648
90.35195,17.549622,104.55217,119.90852,2.2334485,4.3586082,33.634293
91.31619,17.584778,100.4346,113.82502,2.5587523,4.793322,37.29748
91.64011,17.529411,93.20181,108.59223,2.470946,4.5671034,31.12793
91.96402,17.474047,85.969,103.35946,2.3831398,4.3408847,25.709436
92.48129,17.426,81.70788,98.39733,2.4391074,4.394169,24.13899
92.998566,17.377956,77.44674,93.43521,2.4950747,4.447453,20.44716
93.002754,17.363422,73.79345,89.272514,2.5655093,4.54496,18.540548
93.00695,17.34889,70.14015,85.10983,2.6359437,4.6424675,17.001333
93.02503,17.337687,67.22017,81.30679,2.7512534,4.8177347,17.870579
93.04311,17.326483,64.30019,77.50376,2.8665633,4.9930024,22.316635
93.03553,17.324139,62.945015,75.23684,2.9958694,5.18431,29.998203
93.02796,17.321795,61.589836,72.969925,3.1251755,5.3756175,36.799416
93.00939,17.317764,61.306835,71.92053,3.302319,5.6300793,46.44934
92.99082,17.313734,61.023834,70.87115,3.4794624,5.8845406,57.653603
92.7906,17.332336,60.958755,70.11477,3.7398245,6.2339935,79.037796
92.59039,17.350939,60.893684,69.35839,4.000187,6.5834465,103.24747
92.1902,17.39799,61.729267,69.55243,4.243082,6.9250526,129.71692
91.79,17.445042,62.564854,69.746475,4.4859767,7.2666583,158.40573
91.4068,17.481562,62.7659,69.77067,4.6829185,7.531423,177.91278
91.02359,17.518084,62.96695,69.79486,4.87986,7.796187,198.83488
90.68466,17.563364,63.370922,70.00976,5.0572834,8.045778,213.80867
90.34574,17.608643,63.774902,70.22466,5.234706,8.295368,233.15175
90.16258,17.63669,64.86311,71.24908,5.3505173,8.466311,244.38669
89.97944,17.664742,65.95133,72.27349,5.466328,8.637255,255.08047
89.76949,17.699543,65.75753,72.41933,5.457159,8.6505,254.29454
89.55954,17.734344,65.56373,72.56517,5.4479895,8.663747,253.58698
89.42442,17.750498,65.29511,72.32796,5.6120706,8.864448,268.83078
89.28931,17.76665,65.0265,72.09075,5.7761517,9.065147,286.1316
89.13367,17.794075,65.60779,72.47656,5.9433913,9.284115,302.89822
88.97803,17.821499,66.18908,72.86237,6.1106315,9.503081,320.6061
88.944305,17.830338,67.06046,73.65772,6.1767225,9.596192,329.50415
88.91058,17.839176,67.93184,74.45307,6.242813,9.689304,338.9762
89.01561,17.84184,69.47154,75.80449,6.1012454,9.542764,317.3673
89.12063,17.844505,71.01124,77.155914,5.9596777,9.396222,300.844
89.421684,17.819695,70.41476,77.05573,5.751215,9.120842,279.68658
89.72273,17.79488,69.81827,76.95556,5.5427523,8.845462,259.3384
89.93618,17.779001,68.50326,75.77147,5.6303954,8.912805,269.50647
90.149635,17.763123,67.18825,74.58738,5.7180386,8.980148,280.98935
90.18625,17.76698,67.292404,74.25418,6.0997415,9.412948,319.69186
90.22286,17.770834,67.39656,73.920975,6.4814444,9.845747,364.6986
90.24035,17.77426,68.649605,74.795746,6.4676843,9.85786,363.01685
90.257835,17.777685,69.90264,75.67052,6.4539237,9.869972,360.8162
90.26128,17.77796,70.01273,75.83523,6.653247,10.069244,380.71854
90.26471,17.77823,70.122826,75.99995,6.8525696,10.268517,400.07257
90.2812,17.784054,70.93126,76.676186,6.9859467,10.423439,412.33847
90.29768,17.789875,71.739685,77.352425,7.119324,10.578361,424.26013
90.20352,17.811525,74.000595,79.45302,7.2247453,10.729904,431.57507
90.10935,17.833174,76.2615,81.55361,7.330166,10.881449,437.89902
91.0858,17.965208,76.16227,81.473114,6.7210503,10.041706,352.97336
92.06224,18.097242,76.063034,81.39261,6.111935,9.201964,282.42453
92.097374,18.11757,76.591354,82.72922,5.7325206,8.816052,257.17035
92.13251,18.1379,77.11967,84.065834,5.3531065,8.430141,234.16577
92.39464,18.14811,78.40309,86.101425,5.068828,8.15034,219.63553
92.65677,18.158321,79.68652,88.13701,4.7845497,7.8705387,201.3913
92.900375,18.161465,80.55405,90.056114,4.440824,7.4448457,160.25105
93.143974,18.164608,81.42156,91.97523,4.0970974,7.019152,120.46324
93.3992,18.167074,83.06958,94.50877,3.7582812,6.584728,88.52321
93.654434,18.169542,84.717606,97.04232,3.419465,6.1503034,59.579067
93.91884,18.159374,85.88139,99.290565,3.192151,5.8085217,44.822613
94.18325,18.149206,87.04519,101.5388,2.9648364,5.4667397,38.62642
94.32003,18.153646,89.0241,104.06962,2.7946045,5.213584,37.413067
94.4568,18.158085,91.00301,106.60042,2.624373,4.9604278,39.29699
94.62169,18.143343,92.03133,108.91966,2.41149,4.6410966,42.99895
94.786575,18.128601,93.059654,111.23891,2.198607,4.3217645,49.90222
94.77665,18.13698,94.08814,113.64608,2.007652,4.005264,56.40005
94.76672,18.145359,95.11663,116.05325,1.816697,3.6887634,61.951733
94.817085,18.13477,99.406044,122.29447,1.5126489,3.2597575,66.24026
94.86744,18.12418,103.69545,128.53569,1.2086008,2.830752,64.00721
94.89097,18.115591,101.263115,135.84065,1.0163679,2.4344156,71.01153
94.914505,18.107004,98.83077,143.1456,0.82413495,2.0380797,75.23571
94.9856,18.08928,123.861664,157.89459,0.64647007,1.6836098,52.48931
95.0567,18.071554,148.89256,172.64359,0.46880522,1.32914,39.24329
95.26051,18.018387,116.87631,180.3289,0.5008258,1.0799528,82.14144
95.464325,17.96522,84.86005,188.01424,0.5328465,0.8307658,130.15636
95.66737,17.898718,79.915184,144.11574,0.6118888,0.8555076,83.87865
95.87043,17.832214,74.970314,100.21722,0.69093114,0.88024944,33.630127
95.75587,17.840246,85.958405,105.74398,0.80631655,1.2038563,37.188057
95.64132,17.84828,96.94651,111.27074,0.92170197,1.5274631,41.284016
95.4379,17.897615,131.2065,128.20523,0.70605165,1.4200236,25.93514
95.23449,17.94695,165.4665,145.13974,0.49040133,1.3125839,13.638394
95.3563,17.922352,176.70439,154.70753,0.4371626,1.2602395,10.277857
95.47811,17.897753,187.94229,164.27534,0.38392392,1.2078952,7.03497
95.59379,17.873775,180.27847,166.19897,0.37556586,1.2327546,15.77748
95.70946,17.849798,172.61467,168.12262,0.3672078,1.2576143,25.254185
95.751495,17.84156,192.8697,178.29799,0.34703225,1.2130715,11.125131
95.79353,17.83332,213.12477,188.47337,0.3268567,1.1685286,12.087491
95.85043,17.826168,146.59927,172.2083,0.40322006,0.96494055,38.683475
95.907326,17.819017,80.07376,155.94324,0.47958347,0.7613525,95.694275
96.13133,17.750645,76.67653,135.38243,0.6601948,0.9296896,71.06668
96.35532,17.68227,73.2793,114.82161,0.8408061,1.0980266,49.37358
96.14025,17.72014,73.267265,120.41635,0.6744566,1.0059857,56.89495
95.92517,17.758009,73.25524,126.01109,0.5081071,0.9139448,64.77522
95.85596,17.765741,77.825645,118.66296,0.788494,1.2441477,56.724483
95.78674,17.773476,82.39605,111.31483,1.0688809,1.5743505,48.385784
95.607574,17.807774,86.521194,113.106964,1.0209064,1.7185667,50.020782
95.428406,17.842072,90.64633,114.89911,0.97293216,1.8627827,51.924587
94.533226,18.32488,84.78027,107.13922,1.194862,2.409701,43.816677
93.63805,18.807688,78.91422,99.37932,1.4167918,2.9566195,28.406569
93.8356,18.687273,70.26826,95.73618,1.3193343,2.659037,31.891653
94.03315,18.566858,61.622284,92.09304,1.2218767,2.361455,34.705013
94.074905,18.50598,53.919758,86.25944,1.2678379,2.2621922,31.861212
94.11666,18.445103,46.217228,80.425835,1.3137989,2.1629295,26.627392
93.97081,18.40154,44.15048,73.895294,1.5392542,2.3667436,21.358593
93.82496,18.357983,42.08372,67.364746,1.7647095,2.5705576,18.216814
93.35736,18.381577,47.074993,68.4746,1.9712844,2.987552,18.615332
92.88975,18.405172,52.06627,69.584465,2.1778595,3.4045463,17.969044
92.39325,18.455221,57.234703,73.63797,2.3134284,3.8338811,19.74348
91.89674,18.505272,62.40315,77.691475,2.4489973,4.263216,21.975224
91.662674,18.540401,62.357388,79.586235,2.29336,4.237722,21.158302
91.428604,18.575527,62.31162,81.480995,2.1377225,4.2122283,19.166607
91.19339,18.628204,64.15246,81.77355,2.361399,4.495371,22.13328
90.95817,18.680882,65.99329,82.06611,2.5850751,4.7785134,22.960356
90.343956,18.769148,72.67998,85.38754,3.1106374,5.6151047,27.762926
89.72975,18.857416,79.36667,88.70897,3.6362,6.451696,64.15949
89.409,18.923676,80.20437,90.2853,3.5183837,6.4486446,54.769592
89.08824,18.989935,81.04206,91.861626,3.400568,6.445593,47.131317
89.25073,19.00498,81.723,92.93219,3.4261615,6.4716144,48.345303
89.41321,19.020025,82.40394,94.00275,3.4517548,6.497636,49.924717
89.716324,19.022793,86.033264,97.437675,3.508095,6.543791,51.754807
90.01944,19.02556,89.66258,100.87262,3.5644352,6.589946,56.847313
90.17005,18.997957,92.065475,104.17557,3.3158832,6.24294,38.466064
90.32067,18.970354,94.46837,107.47853,3.0673308,5.895934,24.559908
90.439835,18.931074,92.77119,107.90033,2.7937944,5.4350624,21.615099
90.559,18.891794,91.074005,108.32211,2.520258,4.97419,21.699898
90.53713,18.852863,90.23913,107.07057,2.6433368,5.008282,23.81642
90.515274,18.81393,89.40425,105.81902,2.7664154,5.0423737,26.922148
90.3486,18.788162,88.43138,104.191475,2.8321118,5.083322,27.88852
90.18194,18.762394,87.45852,102.56392,2.8978083,5.12427,28.655052
89.97988,18.734138,86.00888,100.47904,2.956754,5.197967,28.41753
89.777824,18.705885,84.559235,98.394165,3.0156996,5.2716646,27.855366
89.46478,18.707134,87.04369,99.74574,3.0770109,5.4277024,26.81748
89.15175,18.708384,89.52816,101.09733,3.138322,5.58374,26.98548
88.8604,18.734539,92.539154,103.469055,3.344213,5.9165936,36.98033
88.56905,18.76069,95.550156,105.84079,3.550104,6.2494473,53.368927
88.16156,18.81604,96.231155,106.458405,3.688532,6.504633,67.63186
87.754074,18.871387,96.91216,107.07602,3.82696,6.7598186,85.52307
87.57774,18.910135,97.53729,107.62055,3.7067552,6.728749,80.72259
87.40141,18.94888,98.16241,108.1651,3.5865502,6.697678,77.282234
87.47872,18.964367,97.152275,109.005325,3.1746805,6.1417413,38.551937
87.55604,18.979855,96.142136,109.84555,2.76281,5.5858045,11.487509
87.71423,18.97815,95.202805,110.50706,2.6555672,5.369386,10.625709
87.87243,18.976444,94.26348,111.168564,2.5483243,5.152968,12.199235
88.14688,18.971672,95.236855,113.01239,2.370136,4.90169,12.149385
88.42133,18.966902,96.21023,114.8562,2.191948,4.6504116,13.03426
88.786385,18.911842,103.634995,120.02241,2.2068465,4.7456493,17.42132
89.151436,18.856785,111.05976,125.1886,2.221745,4.8408866,25.030886
89.30138,18.805973,112.228165,129.6937,1.9399054,4.319198,25.827446
89.45132,18.755165,113.39657,134.1988,1.6580658,3.7975101,27.392542
89.70975,18.69246,113.09482,137.31345,1.4777179,3.4310544,30.266626
89.96817,18.629753,112.79306,140.42809,1.2973701,3.0645983,32.95926
90.280754,18.555742,102.86266,139.03099,1.1227623,2.5688677,38.986828
90.59335,18.48173,92.93226,137.63388,0.9481545,2.073137,45.190502
91.041016,18.390905,89.24634,135.59785,0.83327496,1.7844474,48.51875
91.48868,18.30008,85.56042,133.56183,0.71839535,1.4957579,51.73858
91.7828,18.245996,91.7701,133.93733,0.7566241,1.4909785,48.60109
92.076904,18.191916,97.97977,134.31285,0.79485273,1.4861988,44.66063
92.25541,18.15749,113.44847,140.28477,0.86117715,1.6845014,40.189396
92.4339,18.123064,128.91719,146.25668,0.9275015,1.8828039,35.800327
92.67346,18.073904,170.96985,172.54398,0.9199643,1.8633318,17.387339
92.91303,18.024746,213.02252,198.83127,0.9124273,1.8438594,10.144338
93.159454,17.973581,226.27298,214.70284,0.6680204,1.4940839,19.346369
93.40588,17.922415,239.52344,230.57442,0.42361352,1.1443083,27.549479
93.6142,17.880081,233.46695,234.37267,0.5427161,1.2333987,24.805176
93.82251,17.837748,227.41045,238.17091,0.66181874,1.3224889,22.991692
94.15555,17.779802,237.17935,248.46036,0.7282339,1.3677696,24.924776
94.48859,17.721855,246.94824,258.7498,0.794649,1.4130503,24.647392
94.73837,17.677504,244.726,256.15662,1.0836262,1.7729415,26.851515
94.98817,17.633152,242.50375,253.56343,1.3726033,2.1328325,27.994028
95.062454,17.623795,253.98769,266.07443,1.387251,2.3046865,28.032711
95.136734,17.614437,265.4716,278.58545,1.401899,2.47654,28.127447
95.188866,17.608538,264.35486,280.36697,1.4372718,2.477443,28.347208
95.241,17.602638,263.2381,282.14847,1.4726447,2.478346,29.19772
95.32097,17.576466,262.3164,279.9313,1.6407384,2.6632562,30.012686
95.40094,17.550293,261.3947,277.71414,1.8088322,2.8481665,31.051395
95.39529,17.51684,262.82092,276.9412,1.8932317,2.9637399,31.604424
95.38963,17.483385,264.24713,276.16827,1.9776313,3.0793135,32.055473
95.35274,17.449175,266.37976,277.14227,1.9992224,3.1392615,31.980051
95.31584,17.414968,268.51236,278.1163,2.0208132,3.1992097,31.938643
95.52964,17.375202,270.52036,279.75336,1.8814093,2.9496834,26.752012
95.74345,17.33544,272.52838,281.39044,1.7420055,2.7001574,22.337381
96.30609,17.24646,268.23004,274.38925,1.8343272,2.4998035,15.441532
96.86874,17.15748,263.93173,267.38806,1.9266491,2.2994497,12.083624
97.65374,17.015898,259.42462,261.3671,2.0010817,2.257723,11.6509075
98.43876,16.874315,254.91753,255.34612,2.0755148,2.2159967,13.040495
98.99617,16.715403,249.4472,249.55116,2.4347405,2.5930805,7.651953
99.553604,16.556492,243.9769,243.7562,2.7939665,2.9701643,-0.45570117
99.31583,16.497362,244.07521,243.51488,2.7366784,2.9596481,-0.75478107
99.07806,16.438234,244.17352,243.27351,2.6793902,2.949132,-0.97873354
98.27549,16.536844,242.57176,242.19691,2.6634192,3.1686232,-7.3666325
97.47293,16.635454,240.97003,241.12032,2.6474483,3.3881147,-6.043518
95.92859,16.836294,238.31285,241.04604,2.399848,3.3353243,10.044987
94.38424,17.037136,235.65564,240.97173,2.1522474,3.2825336,19.206678
93.13671,17.508642,232.65353,239.29434,2.251486,3.3322783,23.276388
91.889175,17.980146,229.65141,237.61693,2.3507247,3.3820229,14.498483
91.08522,18.045307,225.35812,235.8014,2.2034094,3.2929597,6.546714
90.28126,18.11047,221.06485,233.98589,2.0560944,3.2038963,3.7593288
90.10715,18.18761,219.82787,231.182,2.2336056,3.6003907,4.1505775
89.93303,18.26475,218.59088,228.3781,2.4111173,3.9968846,7.4582195
89.940636,18.327812,217.16185,227.966,2.2386825,3.8944373,5.507022
89.94824,18.390877,215.73279,227.55391,2.0662477,3.7919903,5.286334
90.032845,18.44872,214.17638,225.7879,2.1343937,3.9552796,7.6085334
90.11745,18.506565,212.61998,224.02194,2.2025397,4.1185694,9.984139
89.95082,18.564642,204.65114,220.02592,2.0343158,3.8883297,14.309806
89.784195,18.62272,196.68233,216.02992,1.866092,3.6580906,26.317978
89.61906,18.677017,200.73465,217.92363,1.9411715,3.790488,21.208063
89.45392,18.731314,204.78697,219.81735,2.016251,3.9228857,17.535753
89.52785,18.760721,203.95967,218.62302,2.1338708,4.0911336,18.019636
89.60179,18.79013,203.13234,217.4287,2.2514904,4.2593813,19.626722
89.77704,18.818445,204.75266,219.48387,2.2690456,4.2587566,16.997719
89.952286,18.846758,206.37296,221.53908,2.2866008,4.258132,15.558296
90.17843,18.844627,207.78249,223.38881,2.3110118,4.2438483,15.841179
90.40458,18.842499,209.19203,225.23856,2.335423,4.2295647,15.832905
90.54564,18.843618,213.8384,228.92905,2.3498538,4.254763,15.776368
90.68671,18.844736,218.48479,232.61957,2.3642845,4.2799616,18.161629
90.88412,18.829601,221.1034,235.54837,2.2751524,4.1432357,19.698145
91.081535,18.814463,223.722,238.47719,2.1860206,4.0065103,21.201086
91.14038,18.821863,225.33435,241.67014,2.0062888,3.7527845,22.993956
91.199234,18.829264,226.94669,244.8631,1.8265569,3.4990587,25.458551
91.321266,18.824007,221.10083,241.1931,1.737852,3.234475,24.078974
91.4433,18.818748,215.25497,237.52307,1.6491473,2.9698908,23.1368
91.48128,18.820938,215.6097,236.65836,1.6042486,2.931124,21.89115
91.51925,18.823128,215.96442,235.79364,1.5593498,2.892357,20.646912
91.58371,18.81747,206.39157,227.49777,1.5181315,2.7300353,17.173418
91.64818,18.811815,196.81874,219.20187,1.4769131,2.5677135,20.525763
91.75957,18.797195,195.18005,214.80527,1.4368184,2.5353098,20.476465
91.87096,18.782576,193.5414,210.40862,1.3967237,2.5029063,21.886265
92.01304,18.765402,188.07996,205.52061,1.3468927,2.4686413,27.451704
92.15513,18.748226,182.6185,200.63261,1.2970618,2.4343765,32.371334
92.316986,18.730907,185.20058,200.21388,1.3288131,2.6166615,29.37721
92.47884,18.713585,187.78264,199.79517,1.3605645,2.7989469,25.90897
92.2807,18.74909,181.08539,195.59978,1.3340338,2.8339746,36.26235
92.08256,18.784594,174.38815,191.40436,1.3075032,2.8690026,46.52027
91.84102,18.8174,175.02725,192.94055,1.1976955,2.7885368,48.34094
91.59948,18.85021,175.66635,194.47672,1.0878879,2.7080712,49.8914
91.44975,18.870234,174.82855,194.91756,1.1240433,2.7270534,51.409172
91.30002,18.890255,173.99075,195.35835,1.1601987,2.7460353,52.921425
91.10341,18.917158,166.7684,194.9548,1.0594584,2.5296724,58.825203
90.90681,18.944061,159.54604,194.55124,0.95871824,2.3133097,65.3099
90.89195,18.936232,150.90753,187.54306,1.0887139,2.3400016,67.167564
90.877106,18.928402,142.26901,180.53488,1.2187097,2.3666937,69.33593
86.46602,19.01902,177.45592,195.25195,1.5178832,3.2239861,38.543247
82.05493,19.10964,212.64279,209.96901,1.8170569,4.081279,-2.5174499
82.77219,18.996632,192.03117,209.1236,1.512717,3.3743038,17.343842
83.48944,18.883623,171.41954,208.27815,1.2083772,2.667329,42.845894
84.063835,18.817429,155.4012,192.6275,1.2840905,2.6022284,46.749588
84.63823,18.751234,139.38284,176.97685,1.3598038,2.5371277,31.38001
84.967995,18.719954,133.8893,165.83229,1.5294334,2.7497525,27.499304
85.29776,18.688673,128.39575,154.68773,1.6990633,2.962377,21.89125
85.40433,18.693329,129.73712,152.83524,1.7446867,3.1805716,22.66731
85.510895,18.697985,131.0785,150.98273,1.7903101,3.3987663,22.938143
85.79928,18.689608,131.94363,150.41046,1.9566888,3.6890044,26.661621
86.08767,18.68123,132.80878,149.83821,2.1230676,3.9792423,32.02441
86.31704,18.704615,135.58296,150.94229,2.3234692,4.3295836,41.197563
86.54641,18.728,138.35715,152.04639,2.5238707,4.6799245,50.986935
86.99134,18.739395,141.50708,154.16733,2.4350288,4.673245,52.350544
87.436264,18.75079,144.65703,156.28828,2.3461869,4.6665654,52.9711
87.879845,18.759045,143.04259,155.94159,2.1420991,4.407232,48.79716
88.32342,18.7673,141.42815,155.59491,1.9380118,4.1478977,41.244186
88.80433,18.758493,136.05136,151.85016,1.9754786,4.1185284,39.024433
89.28523,18.749687,130.67458,148.10542,2.0129454,4.0891585,38.004604
89.730255,18.750044,130.14066,146.54335,2.108382,4.2428937,35.224724
90.17527,18.750399,129.60674,144.98128,2.2038186,4.396629,32.314995
90.59451,18.765247,128.53517,143.548,2.331648,4.591839,32.8038
91.01376,18.780094,127.46359,142.11475,2.4594777,4.787049,33.95721
91.23513,18.816275,127.93669,141.55325,2.6196585,5.035212,37.26272
91.45651,18.852455,128.40977,140.99178,2.7798395,5.2833753,39.7545
91.466965,18.875002,128.0442,140.46991,2.7519886,5.290212,39.793533
91.47741,18.897549,127.67865,139.94804,2.7241378,5.297049,39.858902
91.51155,18.898891,126.281715,138.36542,2.8562315,5.4630413,43.999916
91.545685,18.900234,124.88478,136.78279,2.988325,5.629033,47.579865
91.612816,18.905249,124.11715,135.55373,3.2423778,5.9950237,54.494133
91.67995,18.910265,123.34952,134.32468,3.4964302,6.361014,66.48255
91.83639,18.905062,123.624306,134.99133,3.500133,6.373244,66.83597
91.99283,18.899858,123.899086,135.65799,3.5038362,6.3854733,67.12379
92.13631,18.898067,126.874985,138.38554,3.4365983,6.342895,63.374546
92.279785,18.896275,129.85088,141.11311,3.3693602,6.300317,60.131187
92.1126,18.913786,136.35324,147.1945,3.2416177,6.187456,58.294514
91.94542,18.931297,142.85558,153.2759,3.1138744,6.074596,61.041965
91.3907,18.960371,141.85526,156.79718,2.6394858,5.431679,61.54459
90.83598,18.989443,140.85495,160.31847,2.1650972,4.7887616,56.33557
89.819786,19.066492,147.23407,164.86363,2.6824555,5.5700607,88.87501
88.80358,19.143538,153.61322,169.4088,3.199814,6.35136,138.53653
88.52742,19.122337,168.41025,180.61035,3.1335034,6.188862,136.47063
88.25126,19.10114,183.20728,191.81187,3.067193,6.026364,112.65636
87.249405,19.25075,176.17589,187.26451,3.8346457,7.1540008,202.20227
86.24755,19.40036,169.14449,182.71715,4.602099,8.281638,316.72345
86.15914,19.511683,180.64096,190.8409,5.3630557,9.340285,370.44482
86.07074,19.623007,192.13744,198.96463,6.1240125,10.398933,412.5569
86.601166,19.664417,190.17789,196.9442,5.661834,9.752376,382.05243
87.13159,19.705828,188.21834,194.92377,5.1996555,9.105817,351.48367
87.438255,19.679358,192.27466,201.72939,5.0005665,8.706512,326.7988
87.74491,19.65289,196.33096,208.53497,4.8014774,8.307208,282.7519
88.159744,19.660494,201.86731,213.79605,4.860869,8.400754,279.52588
88.574585,19.668098,207.40369,219.05713,4.9202604,8.494298,282.08844
89.363045,19.654919,212.51712,222.47682,4.9180627,8.56246,270.9767
90.151505,19.64174,217.63052,225.89651,4.915865,8.630621,259.2654
90.81666,19.54319,220.09761,227.4827,5.1155653,8.743062,260.34415
91.481804,19.444641,222.56467,229.06886,5.3152657,8.855504,258.69955
91.93968,19.32753,225.30478,231.9661,5.489587,8.9053755,251.84726
92.39755,19.210419,228.04492,234.86331,5.663908,8.955247,248.08067
92.88818,19.134848,231.33855,238.10098,5.6207156,8.834104,227.54958
93.378815,19.059275,234.63216,241.33865,5.5775237,8.712961,208.61456
93.66665,19.008907,236.5698,242.7279,5.5218134,8.592064,193.1243
93.95449,18.95854,238.50743,244.11719,5.4661026,8.471167,179.81593
94.02801,18.891897,239.84299,244.80429,5.624981,8.536141,181.66739
94.10153,18.825253,241.17853,245.49138,5.783859,8.601118,186.02756
94.062225,18.760445,243.4228,247.57367,5.7823315,8.499007,173.7163
94.02292,18.695639,245.66707,249.65596,5.780804,8.396895,160.91882
93.87313,18.647964,244.02788,248.30905,5.715401,8.250134,147.27809
93.72335,18.60029,242.38867,246.96214,5.6499987,8.103374,134.61972
93.38331,18.598763,240.14983,244.68788,5.621515,8.073671,134.40285
93.04327,18.597233,237.91098,242.41364,5.593031,8.043969,135.60204
92.75835,18.625889,236.58357,241.19391,5.529833,8.018493,137.6673
92.473434,18.654547,235.25613,239.97417,5.4666343,7.9930162,139.71767
92.16239,18.706139,233.51991,238.62387,5.3495994,7.9566064,143.35634
91.85135,18.75773,231.7837,237.27354,5.232565,7.920197,147.11943
91.486374,18.809046,229.24162,235.59465,4.9055414,7.6294513,137.1217
91.12141,18.860361,226.69955,233.91577,4.578519,7.338705,127.067215
90.75233,18.902607,225.41275,232.55986,4.3434896,7.0970225,110.85393
90.38325,18.944855,224.12596,231.20396,4.108461,6.8553405,95.40321
89.87748,18.982897,223.63913,231.08386,3.8079925,6.5196333,74.84449
89.37171,19.020939,223.1523,230.96376,3.507524,6.183926,57.50498
89.009796,19.045803,221.74823,230.55075,3.3481047,5.942254,45.903732
88.64789,19.07067,220.34415,230.13771,3.1886847,5.700582,37.06207
88.872696,19.028343,225.456,234.25629,3.0470033,5.434495,29.95606
89.097496,18.98602,230.56783,238.3749,2.9053216,5.1684084,25.576456
89.954796,18.870062,234.0304,242.07162,2.6753385,4.6777287,24.5482
90.8121,18.754107,237.49297,245.76837,2.4453554,4.187049,26.44067
91.60205,18.658346,232.04039,243.20047,2.09289,3.609473,24.100418
92.392006,18.562588,226.58781,240.63255,1.7404248,3.0318973,21.501955
92.82088,18.511452,231.1754,242.10194,1.9111985,3.2148273,26.853523
93.24975,18.460316,235.76297,243.57132,2.0819721,3.3977573,32.714825
93.54869,18.405008,237.99068,245.64525,2.1588857,3.4687886,36.456123
93.84764,18.3497,240.21838,247.71916,2.2357996,3.5398197,39.413887
94.138504,18.3052,248.91,254.99193,2.369722,3.6414096,47.230446
94.42937,18.260702,257.60165,262.2647,2.5036442,3.7429993,56.185516
94.92393,17.994383,288.00876,292.36063,2.9570591,3.9700253,61.660854
95.41848,17.728064,318.41583,322.45657,3.4104743,4.197051,56.195698
94.00844,17.652912,324.76047,327.61902,4.000508,4.7690935,57.455482
92.598404,17.577759,331.10507,332.78152,4.590541,5.3411365,56.2929
91.80733,17.498224,216.0631,217.27295,4.8136187,5.536538,59.72133
91.01624,17.41869,101.02114,101.76439,5.0366964,5.73194,83.91211
90.86773,17.349773,65.33123,66.144196,5.150753,5.818304,113.579414
90.71921,17.280857,29.641329,30.524006,5.264809,5.9046683,116.1327
90.798676,17.203182,22.879272,23.696741,5.129792,5.7014923,93.54646
90.87814,17.12551,16.117216,16.869474,4.9947743,5.4983163,66.324585
90.32145,17.059607,59.511192,60.24822,4.9499826,5.4280386,95.60978
89.76476,16.993706,102.905174,103.62697,4.9051905,5.3577604,70.30663
89.25411,16.897907,176.6489,172.31699,5.175975,5.612335,89.95642
88.74345,16.802107,250.39261,241.00699,5.446759,5.86691,63.919003
87.93259,16.669128,133.61208,124.21257,5.738363,6.1831284,73.59483
87.12172,16.53615,16.831549,7.418145,6.029966,6.4993467,42.855415
86.40887,16.503729,13.374049,8.928551,5.870241,6.3254905,38.579773
85.69601,16.471306,9.916549,10.438957,5.7105165,6.1516337,36.742275
85.524925,16.470427,13.57039,14.122954,5.340746,5.74043,30.213118
85.35383,16.469547,17.22423,17.806953,4.9709744,5.329226,28.90034
85.43137,16.503487,19.00564,19.567572,4.7783113,5.1213613,29.50503
85.50892,16.537428,20.78705,21.328192,4.585648,4.9134965,28.649178
85.7013,16.557182,23.05937,23.448687,4.6979465,5.035871,37.03711
85.89368,16.576935,25.331694,25.569185,4.8102446,5.1582456,44.364403
86.17742,16.555616,28.99804,29.171768,5.104592,5.4915767,63.11275
86.46115,16.534298,32.664387,32.77435,5.3989396,5.824908,87.56212
86.95131,16.526918,35.899994,36.031876,5.6214886,6.101739,106.01626
87.44147,16.519539,39.1356,39.289402,5.8440375,6.3785696,123.745575
87.502045,16.538002,45.099907,45.277683,6.108404,6.665729,147.10806
87.562614,16.556467,51.064217,51.265957,6.3727703,6.9528885,179.79851
87.05904,16.495794,50.529465,50.838455,6.3254495,6.8905225,167.53372
86.55546,16.435123,49.994717,50.410954,6.278128,6.8281565,153.94073
86.694046,16.437698,43.71824,44.097103,6.487078,7.091025,157.42142
86.83263,16.440273,37.441753,37.783257,6.696027,7.353893,160.2195
87.320724,16.433039,34.73826,35.19092,7.8947334,8.83318,276.71356
87.80883,16.425804,32.03476,32.598595,9.09344,10.312468,399.5044
87.97985,16.33871,33.81996,34.34181,10.186335,11.655636,474.01736
88.15086,16.251617,35.605164,36.085026,11.279229,12.998805,506.7768
87.70743,16.110737,32.40155,32.853195,11.419019,13.146736,506.57904
87.26399,15.969855,29.19794,29.621363,11.558808,13.294668,505.9429
85.1836,15.933703,28.400566,28.759325,11.531694,13.231233,497.59766
83.1032,15.8975525,27.603195,27.897285,11.5045805,13.167799,491.11896
81.76367,15.927892,28.567917,28.874775,11.4565115,13.08301,489.19073
80.42415,15.958231,29.532639,29.852262,11.408442,12.9982195,493.12326
79.54813,15.911582,26.457575,26.815544,11.349304,12.921663,492.09995
78.67211,15.864932,23.382513,23.778828,11.290167,12.845107,490.30225
76.58581,15.848168,26.71608,27.08386,10.935741,12.361955,486.15155
74.49951,15.831404,30.049646,30.388895,10.581316,11.878802,465.16412
77.760994,15.621899,32.425156,32.6782,10.625095,11.953289,479.08447
81.022484,15.412394,34.800663,34.96751,10.668877,12.027775,474.0505
78.778175,15.460224,32.030983,32.132843,10.205742,11.406894,450.32135
76.53387,15.508053,29.261301,29.29818,9.742607,10.786011,390.43457
75.97818,15.567969,28.22721,28.32147,9.692662,10.74058,381.488
75.422485,15.627886,27.193117,27.344765,9.642716,10.69515,369.21494
72.50469,15.82522,26.497032,26.61331,9.380813,10.427209,341.66458
69.58689,16.022556,25.800947,25.881857,9.11891,10.159266,313.78607
69.80015,15.943283,23.455101,23.64654,9.226347,10.221127,315.5831
70.013405,15.86401,21.109255,21.411222,9.333783,10.282988,317.69778
72.3139,15.6203375,22.425955,22.639975,9.460192,10.430164,328.2373
74.61441,15.376664,23.742653,23.86873,9.586599,10.577341,343.87634
72.562996,15.522417,23.825188,23.9546,9.442532,10.411794,329.57452
70.51159,15.668169,23.907719,24.040466,9.298464,10.246247,320.22507
68.75335,15.739184,22.878647,23.063267,9.11234,10.005296,298.49078
66.99511,15.810202,21.849573,22.086067,8.926215,9.764345,288.46835
65.5917,15.823373,21.720701,21.92862,8.524716,9.279569,264.6164
64.188286,15.836544,21.59183,21.771173,8.123219,8.79479,245.40375
63.7173,15.841017,23.483812,23.707348,7.663324,8.267647,224.55742
63.24632,15.8454895,25.375797,25.643522,7.2034297,7.740502,201.95274
64.34231,15.797213,27.318913,27.588732,6.878396,7.363155,181.5418
65.4383,15.748936,29.262026,29.533941,6.5533624,6.985807,157.91846
66.55961,15.681393,29.424896,29.731518,6.3076572,6.706608,147.36006
67.68092,15.613851,29.587769,29.929092,6.061952,6.4274087,135.56851
68.45777,15.576311,30.896656,31.25087,5.8506336,6.1928463,128.31241
69.23462,15.538772,32.20554,32.572647,5.6393147,5.9582834,119.39338
69.367455,15.547148,33.36565,33.70632,5.234163,5.526545,101.13826
69.50029,15.555525,34.52576,34.84,4.8290105,5.094806,82.28821
69.04466,15.601308,34.855442,35.16095,4.490241,4.728092,72.55164
68.589035,15.647091,35.185127,35.4819,4.151471,4.361378,60.233364
68.41502,15.666843,37.94095,38.23707,4.0141983,4.212608,52.04572
68.24101,15.686595,40.696774,40.992237,3.8769262,4.063837,43.042538
67.756195,15.707899,43.29447,43.61715,3.55748,3.7209144,35.023693
67.27138,15.729204,45.89217,46.242065,3.2380345,3.3779912,30.799955
67.08892,15.725659,52.447575,52.79729,3.2165217,3.3552637,32.16967
66.90647,15.722113,59.00298,59.352512,3.195009,3.3325357,31.704052
66.40266,15.756522,69.24489,69.65782,3.1400635,3.278567,36.00158
65.89884,15.790931,79.48681,79.96313,3.085118,3.224598,50.41013
65.71936,15.836346,87.723816,88.27232,3.1031837,3.2497802,58.674892
65.53987,15.881762,95.96083,96.581535,3.1212497,3.2749627,59.88979
65.449486,15.906478,104.96515,105.56258,3.0924802,3.2451258,52.843987
65.35909,15.931192,113.96946,114.543625,3.063711,3.2152894,47.7129
65.32796,15.956672,124.48644,124.969,3.2889593,3.4616263,54.839577
65.29683,15.98215,135.00343,135.39438,3.5142076,3.7079635,60.766518
65.30901,16.046778,146.70926,147.06348,3.8360934,4.071111,64.692986
65.321205,16.111406,158.41508,158.73256,4.157979,4.434259,74.05374
65.023994,16.22827,166.27402,166.52351,4.491763,4.8123035,92.42441
64.726776,16.345133,174.13297,174.31447,4.825547,5.1903477,103.64777
67.25062,16.084736,179.76799,179.9111,5.3307147,5.7450986,128.07413
69.77445,15.824337,185.40302,185.50772,5.835882,6.2998486,129.2437
70.153206,15.935676,186.85797,187.01682,6.194783,6.733363,144.29918
70.53197,16.047014,188.31294,188.52592,6.5536847,7.1668773,160.14175
71.36139,16.174564,188.7689,189.00514,6.936126,7.6505613,173.40698
72.19082,16.302113,189.22488,189.48436,7.3185678,8.134245,207.86925
73.14266,16.43631,191.34337,191.5941,7.6580453,8.598242,251.17896
74.094505,16.570505,193.46184,193.70387,7.9975224,9.062239,307.68857
74.44277,16.67043,194.91537,195.28871,8.552542,9.813143,384.01788
74.79104,16.770351,196.36888,196.87355,9.107562,10.564046,449.14218
76.024925,16.757647,200.10724,200.62445,9.4292145,10.99703,470.08298
77.25882,16.74494,203.8456,204.37535,9.750868,11.430016,483.96265
78.99091,16.674717,207.64595,208.1996,9.727445,11.383445,462.8774
80.72301,16.604492,211.44626,212.02385,9.704021,11.336874,436.48874
80.99862,16.607822,213.64915,214.2146,9.344775,10.862301,398.98892
81.27422,16.61115,215.85207,216.40533,8.98553,10.387727,358.99323
81.53417,16.623783,216.93326,217.45601,8.888606,10.25651,346.8656
81.79412,16.636414,218.01443,218.5067,8.791683,10.125291,338.61877
82.142426,16.591578,217.92273,218.40154,8.977176,10.317016,343.7217
82.49073,16.546741,217.83105,218.29637,9.162668,10.50874,349.2838
82.68774,16.502096,217.8304,218.2218,9.17433,10.520836,346.22482
82.88474,16.45745,217.82976,218.14722,9.18599,10.532931,343.082
82.7209,16.412739,219.84032,220.16768,9.2827835,10.648785,349.8294
82.55705,16.368025,221.85089,222.18813,9.379577,10.764639,358.51794
82.3203,16.333214,223.47403,223.72237,9.378445,10.755227,360.1482
82.083534,16.2984,225.09718,225.2566,9.377313,10.745816,362.42145
82.578545,16.292858,226.42108,226.63356,8.998305,10.268413,326.23502
83.07355,16.287315,227.745,228.01051,8.619298,9.791009,299.01306
84.08097,16.273693,228.85416,229.10548,8.418464,9.52527,265.0792
85.0884,16.26007,229.9633,230.20044,8.2176285,9.259532,224.84106
84.87107,16.335428,232.78348,233.01627,7.8159003,8.792626,197.05792
84.65373,16.410784,235.60367,235.83209,7.4141726,8.325721,179.86273
84.71981,16.470453,237.70361,237.88873,6.9026527,7.741706,161.23038
84.78589,16.530125,239.80356,239.94539,6.391134,7.157691,125.88808
84.86437,16.562529,238.77849,238.9498,5.944612,6.6517034,96.10212
84.942856,16.594934,237.75337,237.95422,5.4980907,6.145716,61.70715
85.105484,16.630077,234.83968,235.08485,5.066703,5.6610155,33.925484
85.26812,16.665222,231.92598,232.2155,4.6353154,5.176315,15.484234
85.27688,16.73337,228.63295,228.97804,4.2387986,4.7402477,5.9805417
85.28565,16.801517,225.33987,225.74057,3.8422818,4.304181,5.064265
85.41022,16.846918,219.24811,219.75201,3.6625726,4.1228533,5.579351
85.53478,16.89232,213.15636,213.76349,3.482863,3.9415257,9.603395
85.878815,16.933334,210.31033,210.84755,3.189749,3.6211665,6.3374457
86.22284,16.974348,207.46432,207.93161,2.8966346,3.3008072,1.6277258
86.45162,17.024466,202.16449,202.81325,2.9424005,3.439966,14.806652
86.680405,17.074585,196.86465,197.69487,2.988166,3.5791247,29.709047
86.722305,17.145584,189.58417,191.1722,3.0512905,3.772796,49.888138
86.7642,17.216583,182.30371,184.64954,3.1144145,3.9664671,68.20471
86.46742,17.341738,179.31708,180.96814,3.0963163,3.799563,60.638683
86.17064,17.466894,176.33044,177.28677,3.0782182,3.632659,46.263405
87.12861,17.537825,173.48608,174.68648,3.3096871,4.0362744,59.608273
88.08658,17.608755,170.64171,172.0862,3.5411553,4.43989,66.19722
88.73403,17.653343,170.1457,171.95488,3.8142848,4.953521,71.47104
89.381485,17.697933,169.64972,171.8236,4.087414,5.4671516,77.25209
88.987686,17.758816,171.25555,173.53432,4.4739184,6.0098205,116.12194
88.593895,17.819698,172.86139,175.24506,4.8604226,6.5524893,159.03543
88.45727,17.854464,174.09558,176.2572,5.1934686,6.9925647,194.86273
88.32065,17.889229,175.32979,177.26935,5.5265145,7.43264,224.16733
88.07524,17.905859,175.08247,176.99081,5.634322,7.564161,234.54788
87.82984,17.922491,174.83514,176.7123,5.7421303,7.6956816,243.84862
87.57226,17.93354,172.70444,174.99792,5.6663823,7.6342087,239.75902
87.31468,17.94459,170.57372,173.28355,5.590635,7.5727353,234.9829
87.86963,17.960781,169.20468,171.96135,5.3659983,7.3519583,212.69919
88.42458,17.976973,167.83565,170.63913,5.1413627,7.131182,187.27731
88.996895,18.008589,167.4259,170.27957,5.0100193,7.06371,170.96913
89.5692,18.040205,167.01614,169.92,4.8786764,6.996238,153.7365
89.66571,18.070454,168.92197,172.07135,4.8601494,7.0323005,157.72331
89.76222,18.100704,170.8278,174.2227,4.841622,7.0683627,160.8539
90.10314,18.103798,173.77019,177.20615,4.8223405,7.04796,155.13336
90.44406,18.10689,176.71257,180.18959,4.803059,7.0275564,149.34644
90.64672,18.097914,177.37865,180.69682,4.70261,6.900709,138.15569
90.84938,18.088938,178.04472,181.20409,4.602161,6.773862,127.524376
90.95802,18.089882,176.4554,179.78377,4.394648,6.542433,110.47075
91.06666,18.090826,174.86609,178.36345,4.1871357,6.311003,95.92831
91.354836,18.08065,172.57216,176.26085,4.022823,6.153399,81.3434
91.643,18.07047,170.27823,174.15823,3.8585103,5.995795,64.96047
91.736855,18.079046,167.56645,171.74887,3.767478,5.904831,52.820374
91.83071,18.087624,164.85466,169.33952,3.6764455,5.8138666,41.965885
91.65352,18.095837,161.78003,166.66325,3.8188837,5.9746885,43.331123
91.476326,18.104052,158.70538,163.987,3.9613216,6.13551,46.75083
91.00621,18.107939,156.57562,161.6558,4.077685,6.242239,55.86163
90.5361,18.111826,154.44586,159.32462,4.1940484,6.348968,65.48692
89.74138,18.112165,151.00589,155.69496,4.252934,6.3898516,75.83278
88.946655,18.112505,147.5659,152.0653,4.3118196,6.430735,86.98188
87.96518,18.131248,146.03185,150.09573,4.505074,6.6627936,120.14227
86.9837,18.149994,144.49779,148.12614,4.6983275,6.8948526,149.2576
86.49374,18.164803,143.98894,147.45139,4.908181,7.138275,167.36845
86.00378,18.179613,143.48007,146.77664,5.118035,7.3816977,186.50482
85.94824,18.174288,143.34076,146.36293,5.324795,7.591221,200.30177
85.892715,18.168962,143.20145,145.9492,5.5315547,7.800745,213.8307
85.5689,18.15093,142.46526,144.98729,5.5145936,7.736798,211.43294
85.24509,18.132896,141.72908,144.0254,5.497632,7.6728516,208.67517
84.77214,18.117296,140.60841,142.90733,5.1979494,7.3069506,188.02061
84.299194,18.101694,139.48775,141.78928,4.898267,6.9410496,169.29234
84.18941,18.074484,137.4955,140.02051,4.5656037,6.5372033,148.64388
84.07961,18.047272,135.50323,138.25174,4.2329407,6.133358,124.20557
85.43601,17.859903,126.75706,130.2561,4.1373863,5.88493,92.28886
86.79241,17.672533,118.010895,122.26048,4.041832,5.636502,72.7406
86.5199,17.629993,113.307755,117.46678,4.011797,5.5707493,71.793686
86.247375,17.587456,108.6046,112.67307,3.9817622,5.504997,69.95968
86.31788,17.548841,107.586296,110.94239,4.0023675,5.4900036,70.24265
86.38839,17.510227,106.567986,109.21172,4.0229726,5.4750113,70.92578
86.51017,17.477468,106.84566,109.313324,4.0534267,5.44322,70.53837
86.63195,17.444714,107.12334,109.414925,4.0838804,5.4114294,70.1914
86.980385,17.422709,105.263115,107.721405,4.0911193,5.3794804,70.36381
87.32883,17.400705,103.4029,106.02789,4.098358,5.347531,69.80627
87.922264,17.374836,99.65076,102.57972,3.9368873,5.1259875,62.81756
88.51569,17.348965,95.89863,99.13155,3.7754166,4.904444,52.587997
88.83965,17.333513,90.458984,94.15161,3.5817437,4.6405487,44.931
89.1636,17.31806,85.01935,89.17166,3.3880708,4.3766537,37.553005
89.28383,17.305399,77.872955,82.72831,3.1544921,4.0890613,30.494196
89.40406,17.292738,70.72656,76.28496,2.920913,3.8014688,28.215918
89.34307,17.299976,66.231636,71.222946,2.9656813,3.8531458,29.183626
89.28209,17.307215,61.736702,66.160934,3.0104496,3.9048226,32.870865
89.16071,17.30911,62.08191,66.064514,2.9887369,3.924873,32.99452
89.03933,17.311007,62.427116,65.9681,2.967024,3.9449239,33.118282
89.07448,17.314,54.776558,60.33601,2.5885906,3.486003,26.025293
89.10962,17.31699,47.125996,54.70392,2.2101574,3.0270817,16.644695
89.355255,17.282541,69.83109,38.76115,2.346708,3.0409398,8.329144
89.60088,17.248095,92.536194,22.818382,2.4832592,3.0547976,3.9903004
89.59465,17.20692,156.28427,24.32537,3.1077216,3.806503,-1.4514885
89.588425,17.165747,220.03236,25.832357,3.732184,4.5582085,31.655449
88.66495,17.161808,117.932236,22.498325,3.8302042,4.7489734,33.134056
87.74147,17.157867,15.832094,19.16429,3.9282243,4.939739,66.85775
87.11907,17.179085,19.145685,22.609247,3.8843646,4.8856854,67.37699
86.496666,17.200304,22.459276,26.054207,3.8405046,4.8316317,65.78742
86.45648,17.199272,22.487482,25.707827,4.045627,5.076911,71.27183
86.41629,17.198242,22.51569,25.361448,4.250749,5.3221908,74.44532
86.34266,17.187027,22.446283,25.244106,4.2737346,5.3231344,72.9958
86.26903,17.175812,22.37688,25.126766,4.29672,5.3240776,71.36968
86.15666,17.157791,22.971601,25.424461,4.4751043,5.4997034,69.42108
86.0443,17.13977,23.566322,25.722158,4.6534886,5.675329,66.796555
86.041916,17.125916,27.901806,29.589602,4.9473066,5.9831324,76.41607
86.039536,17.11206,32.237293,33.457047,5.241124,6.2909355,92.34174
85.8364,17.116478,35.466503,36.612404,5.3194523,6.3924327,99.11376
85.63328,17.120897,38.69572,39.767757,5.3977804,6.4939303,103.72847
85.33017,17.12471,41.48788,42.588272,5.3744164,6.4351907,103.31253
85.02707,17.128523,44.280045,45.408787,5.3510528,6.376451,104.017006
84.743416,17.083412,45.959457,46.96299,5.295053,6.246417,101.33521
84.459755,17.0383,47.63887,48.517193,5.2390537,6.1163836,97.45488
84.48513,17.018728,47.875706,48.86155,5.229049,6.109308,98.00979
84.5105,16.999157,48.112537,49.205914,5.219045,6.102232,98.56452
84.225945,17.016033,48.59985,49.62504,5.302452,6.2144094,98.09417
89.75829,18.26531,144.87646,146.38669,7.6157594,9.546457,244.53908
91.53078,18.228172,132.1977,135.48419,6.6568685,8.650737,177.91109
93.30327,18.191036,119.518906,124.581696,5.6979775,7.755015,132.8876
93.71217,18.225306,129.15744,133.39989,5.835823,7.9592733,132.56548
94.12109,18.259577,138.79599,142.2181,5.9736686,8.163531,138.3789
94.28195,18.296038,138.20697,141.41377,6.148078,8.446805,158.21074
94.442825,18.332499,137.61795,140.60945,6.3224874,8.73008,179.13754
94.20465,18.411512,142.63994,146.21457,6.964807,9.443534,213.08255
93.966484,18.490526,147.66194,151.81967,7.607126,10.156988,251.91986
94.27335,18.465128,152.20256,156.6316,7.577042,10.141042,264.73224
94.580215,18.439728,156.7432,161.44354,7.5469575,10.125096,280.59738
94.9403,18.393133,159.8502,163.33217,7.151532,9.668802,262.89307
95.30038,18.34654,162.95723,165.22081,6.7561073,9.212507,234.87505
95.42432,18.236292,180.05627,182.07607,7.0750785,9.3883,262.2958
95.548256,18.126045,197.1553,198.93132,7.3940506,9.564093,260.3412
95.101524,18.086025,201.35695,203.21205,7.34275,9.423836,233.9693
94.65479,18.046007,205.5586,207.49278,7.2914505,9.283578,206.63043
93.901665,17.977312,210.84302,212.54036,7.8165154,9.750468,241.56706
93.148544,17.908619,216.12747,217.58795,8.34158,10.2173605,286.07697
92.60344,17.800465,223.17168,224.4515,8.673483,10.453324,314.88162
92.05834,17.69231,230.2159,231.31505,9.005385,10.689289,330.76398
91.20989,17.702635,230.3545,231.25647,9.533057,11.431898,376.141
90.361435,17.71296,230.49309,231.1979,10.060729,12.174509,421.61926
89.5085,17.759258,228.65192,229.25505,10.690968,13.019874,461.1931
88.65556,17.80556,226.81076,227.3122,11.321205,13.865239,500.54898
87.490685,17.789345,224.93321,225.40718,11.941146,14.682377,527.7591
86.3258,17.773129,223.05566,223.50217,12.561088,15.499516,542.153
83.33124,17.820074,220.86884,221.4255,12.341071,15.201239,538.88885
80.33667,17.867018,218.68198,219.34888,12.121055,14.902961,541.0023
80.75965,17.979044,215.45493,216.24434,11.133867,13.713219,530.2442
81.18263,18.09107,212.22786,213.13977,10.14668,12.523477,493.57166
85.0537,17.518826,223.73122,224.52295,10.502227,12.697453,461.6656
88.92477,16.946579,235.23456,235.9061,10.857775,12.8714285,453.55032
81.59226,16.40425,260.906,261.36774,10.117691,11.628315,421.98718
74.25975,15.8619175,286.5775,286.82938,9.377609,10.3852005,339.78763
77.26189,15.854973,282.24448,282.48108,10.50889,11.823721,463.2239
80.264015,15.848025,277.91144,278.13275,11.640172,13.26224,514.49524
77.3606,15.759438,275.73907,276.02103,12.341177,14.196156,539.91284
74.45719,15.67085,273.56668,273.90936,13.042184,15.130072,551.5269
73.400955,15.630016,272.41672,272.76938,13.468552,15.693881,556.3935
72.34473,15.589183,271.26678,271.62943,13.894918,16.25769,556.5314
71.23562,15.451616,269.30734,269.61826,13.779762,16.058174,555.5893
70.12651,15.314049,267.34793,267.60706,13.664605,15.858659,551.9158
70.4333,15.166872,264.16498,264.37106,13.372239,15.431567,550.20264
70.74008,15.019694,260.982,261.13504,13.079871,15.004475,548.15045
71.90349,14.876278,258.9288,259.1115,13.214502,15.170571,551.99646
73.066895,14.732862,256.8756,257.08798,13.349133,15.336668,554.75073
73.64219,14.60883,257.85226,258.03616,13.5832815,15.618545,557.00085
74.21749,14.484799,258.82895,258.98434,13.817429,15.90042,559.9622
74.767166,14.442955,256.63852,256.86636,13.801017,16.004877,560.52936
75.31683,14.401113,254.44809,254.74837,13.784603,16.109335,561.2677
75.33616,14.400745,254.87636,255.18164,13.966288,16.344503,562.4005
75.355484,14.400377,255.30461,255.61493,14.147972,16.579674,563.8558
75.31207,14.384232,254.9872,255.26083,14.036655,16.411806,562.89276
75.26867,14.368086,254.66978,254.90677,13.92534,16.24394,562.07086
76.1164,14.293417,253.29517,253.48404,13.79343,16.04861,562.35004
76.96413,14.21875,251.92055,252.06131,13.661521,15.853279,563.73065
76.51809,14.324909,249.76497,249.91934,13.76189,16.015558,563.394
76.072044,14.431067,247.60939,247.77739,13.862259,16.17784,563.6765
75.52459,14.507132,246.4242,246.68521,13.888747,16.22114,563.5096
74.97713,14.583194,245.23898,245.59303,13.915236,16.264442,563.03815
75.01726,14.63874,242.18028,242.52414,13.781147,16.099096,562.6909
75.057396,14.694285,239.12157,239.45526,13.647055,15.93375,562.56274
75.08758,14.794134,236.96294,237.27176,13.576641,15.905873,562.8138
75.11777,14.893985,234.80429,235.08826,13.506226,15.877996,563.3088
75.392044,15.015941,230.77182,231.05223,13.539357,15.96575,564.85864
75.66632,15.137895,226.73936,227.01619,13.572491,16.053503,565.85486
78.37594,15.154115,219.20789,219.48283,14.54592,17.395245,572.5888
81.08556,15.170336,211.67642,211.94945,15.51935,18.736988,570.7428
82.673874,15.37568,212.59822,212.8367,16.400747,20.075256,563.997
84.262184,15.581024,213.52005,213.72395,17.282145,21.413523,550.41187
85.710625,15.63189,212.28024,212.59431,17.371946,21.638752,543.14777
87.15905,15.682755,211.04045,211.46465,17.46175,21.863985,532.9872
85.10657,16.204786,219.98347,220.38553,18.613417,23.674976,518.2933
83.054085,16.726816,228.92651,229.30643,19.765083,25.485966,491.157
83.52125,16.925837,226.74606,227.24841,18.417587,23.718597,520.92914
83.98842,17.124857,224.5656,225.19038,17.07009,21.951225,539.3824
84.29823,17.266779,225.30525,226.06654,16.295586,20.95759,544.592
84.60805,17.408697,226.0449,226.94269,15.521081,19.963953,547.7191
84.99685,17.472004,224.56108,225.51361,15.138416,19.471905,550.60187
85.38565,17.535313,223.07726,224.08455,14.755751,18.979856,552.99207
85.82179,17.548872,222.29532,223.3045,14.717325,18.935045,552.20624
86.257935,17.562433,221.5134,222.52448,14.678901,18.890232,551.2555
87.26128,17.492714,222.7889,223.91296,15.301634,19.717968,542.2974
88.26462,17.422997,224.06442,225.30144,15.924368,20.545704,529.03046
88.258804,17.454721,225.43205,226.63217,15.529629,20.034582,534.01733
88.25298,17.486443,226.7997,227.96292,15.13489,19.52346,539.13464
86.83216,17.62859,223.96086,225.0764,14.957411,19.32657,546.08466
85.41133,17.770735,221.12202,222.18991,14.779932,19.129677,552.2219
84.46278,17.762236,220.4729,221.40192,14.594636,18.874062,555.9046
83.514244,17.753736,219.82378,220.6139,14.409342,18.618443,559.95624
83.56564,17.795153,219.423,220.32155,14.677478,19.008287,558.57117
83.617035,17.836567,219.02225,220.02919,14.945616,19.39813,556.51373
84.44579,17.803602,217.50172,218.54164,14.550985,18.85114,556.9938
85.27455,17.770636,215.98122,217.0541,14.156355,18.30415,556.7058
85.41308,17.756388,216.42961,217.57162,14.177171,18.316246,556.2622
85.55161,17.74214,216.87799,218.08919,14.197986,18.32834,555.8145
85.01994,17.719482,218.55342,219.5824,14.674496,18.905993,554.56464
84.488266,17.696825,220.22887,221.07559,15.151006,19.483644,552.3201
84.62024,17.597374,217.00633,217.92006,15.150143,19.42084,553.5735
84.7522,17.497925,213.78381,214.76456,15.14928,19.358032,554.5249
84.85307,17.474293,212.90515,213.83289,15.082154,19.280163,555.1314
84.95395,17.450659,212.02649,212.90125,15.015027,19.202295,555.7549
84.8056,17.449785,211.46106,212.38226,14.864761,18.990723,557.2384
84.65727,17.44891,210.89565,211.8633,14.714494,18.779152,558.4607
84.96048,17.46415,208.90715,209.84491,14.681428,18.735542,558.5124
85.26368,17.479387,206.91867,207.8265,14.64836,18.691935,558.658
84.71952,17.433657,206.9132,207.75197,15.029996,19.180868,557.1603
84.17536,17.387926,206.90771,207.67743,15.41163,19.669804,556.9091
83.70519,17.41584,209.15164,209.99129,15.114341,19.272512,558.6133
83.23503,17.443756,211.39558,212.30515,14.817051,18.875225,560.5743
83.430046,17.46474,208.19823,209.10092,14.804797,18.871824,560.5371
83.62507,17.485723,205.0009,205.89673,14.792543,18.868425,560.5764
82.82565,17.554377,203.9637,204.9166,14.822405,18.961721,562.7696
82.02624,17.62303,202.92653,203.93643,14.852265,19.055017,565.1361
82.003784,17.62762,202.04626,202.99097,14.967496,19.2082,564.9482
81.98133,17.632208,201.166,202.04549,15.0827265,19.361383,564.7398
82.60244,17.640453,199.54611,200.37747,14.844362,19.070171,563.43823
83.22356,17.648699,197.92625,198.70944,14.605998,18.77896,562.29034
82.93854,17.68237,197.75983,198.70099,14.8285,19.102922,562.2251
82.65352,17.716042,197.59341,198.69257,15.051002,19.426886,562.35626
82.405525,17.724726,198.04276,199.19205,14.823299,19.143126,563.9809
82.15754,17.733412,198.49213,199.69154,14.595597,18.859365,565.3908
81.068825,17.88598,196.83038,197.87141,14.163343,18.35618,565.5114
79.98011,18.03855,195.16862,196.05128,13.731088,17.852995,563.3728
80.33397,17.98597,196.45161,197.45319,14.29674,18.585203,566.0162
80.68783,17.933386,197.73462,198.85509,14.862392,19.317408,566.8803
81.789,17.852001,197.5256,198.52623,14.377174,18.661343,565.6011
82.89016,17.770617,197.31659,198.19739,13.891954,18.005276,564.6859
84.20429,17.629078,196.23297,197.13133,14.077978,18.164055,563.1663
85.51843,17.487541,195.1493,196.06526,14.264003,18.322832,561.11743
86.327194,17.38619,197.65031,198.53319,14.438766,18.52139,559.32043
87.135956,17.284838,200.15132,201.00113,14.613529,18.719948,557.2134
87.85774,17.222084,198.7186,199.54405,14.280927,18.184248,557.4037
88.57953,17.159332,197.28584,198.08698,13.948324,17.648546,557.31036
88.72962,17.16999,202.74503,203.46886,13.974523,17.67602,556.5362
88.87972,17.180647,208.20418,208.85074,14.00072,17.703493,555.18585
89.35896,17.10164,207.06252,207.5678,13.559253,17.057852,556.9232
89.8382,17.022635,205.92082,206.28487,13.117786,16.412212,556.7136
90.232315,16.91762,208.38861,208.83252,12.436125,15.424595,551.82837
90.626434,16.812609,210.85637,211.38019,11.754465,14.436975,543.01373
89.635414,16.799166,215.15015,215.70706,11.169203,13.612992,526.61005
88.644394,16.785723,219.44394,220.03394,10.583941,12.78901,482.51154
85.18555,16.762148,225.95045,226.34248,10.289977,12.288505,443.6881
81.7267,16.738573,232.45697,232.651,9.996012,11.787999,446.17487
82.34248,16.502413,236.6564,236.89905,8.791575,10.155237,324.6212
82.95827,16.266253,240.85583,241.1471,7.587138,8.522475,213.24678
84.04211,16.140831,250.31136,250.61923,8.296164,9.296368,229.31206
85.12594,16.015411,259.76685,260.09137,9.00519,10.070259,280.80106
82.62907,16.095387,262.4065,262.58197,8.8245,9.831762,280.40555
80.1322,16.17536,265.04614,265.07257,8.64381,9.593265,297.99582
79.71287,15.9774475,262.55405,262.52438,8.839306,9.771568,308.70578
79.293526,15.779533,260.06195,259.97617,9.0348015,9.949873,320.23444
76.67329,15.664372,258.10196,258.0704,9.042028,9.931911,350.35004
74.05304,15.5492115,256.14197,256.1646,9.049255,9.91395,370.31396
75.59501,15.279388,255.5819,255.58238,8.827622,9.576589,339.9702
77.13697,15.009565,255.02179,255.00012,8.6059885,9.239228,305.05957
78.21414,14.768117,253.77882,253.72081,8.127365,8.667874,258.4926
79.291306,14.5266695,252.53583,252.44151,7.6487403,8.096521,213.33109
78.64496,14.497598,250.55812,250.47923,7.361811,7.7873135,204.09517
77.99861,14.468527,248.58043,248.51698,7.0748825,7.4781055,192.33618
77.150246,14.513406,247.4575,247.34811,6.8007183,7.188341,181.4414
76.30187,14.558285,246.33458,246.17924,6.526555,6.898577,161.37076
76.32548,14.547313,247.66376,247.46164,6.538451,6.9026074,160.56953
76.34908,14.536339,248.99294,248.744,6.5503483,6.906637,159.62257
76.72893,14.505226,249.12148,248.91505,6.4785423,6.830969,153.38644
77.108765,14.474114,249.25002,249.0861,6.4067354,6.7553005,148.40698
76.66926,14.479726,244.42018,244.2713,6.023669,6.3473554,112.35843
76.229744,14.485338,239.59038,239.45647,5.6406016,5.939411,85.7736
76.06343,14.560437,236.86742,236.71574,5.6772137,5.9855547,88.85222
75.89711,14.635535,234.14444,233.97502,5.7138257,6.0316987,92.75385
75.524506,14.720628,232.91495,232.7312,5.6496944,5.973731,89.63018
75.1519,14.805721,231.68546,231.4874,5.5855637,5.915763,86.50365
73.70966,14.925366,235.82617,235.66415,5.8444314,6.212656,118.8458
72.267426,15.04501,239.96689,239.84093,6.103299,6.5095496,141.26657
71.442116,15.217846,236.11902,236.02548,5.738204,6.129778,132.0577
70.616806,15.390683,232.27115,232.21,5.3731084,5.750006,116.800606
70.31519,15.519797,224.15431,224.1372,5.1188426,5.481153,108.53856
70.01359,15.648912,216.03748,216.06442,4.864576,5.2123,100.83426
69.86388,15.759898,212.13089,212.17622,4.8255506,5.1762257,101.35606
69.71416,15.870883,208.2243,208.28804,4.786525,5.1401505,98.877495
69.14321,15.994486,211.32689,211.30675,4.6728487,5.0270853,101.54872
68.57227,16.11809,214.42946,214.32547,4.5591726,4.9140196,100.70906
67.3469,16.244194,215.90866,215.87163,4.820954,5.225424,113.49348
66.12153,16.3703,217.38786,217.4178,5.082734,5.5368276,106.86602
65.778786,16.404446,214.87077,214.97998,5.096913,5.5402236,103.118774
65.43604,16.438591,212.35367,212.54218,5.111091,5.5436196,98.37297
67.96316,16.210108,211.4309,211.57224,5.4161005,5.837739,136.83926
70.49027,15.981625,210.50813,210.60228,5.7211103,6.1318583,128.64705
73.524635,15.715459,211.50002,211.56319,5.6142707,5.99907,81.61828
76.559006,15.449292,212.4919,212.52406,5.5074315,5.866281,61.88763
77.300316,15.360302,211.59914,211.61075,5.3893623,5.7282157,56.70016
78.041626,15.271311,210.70638,210.6974,5.271293,5.5901494,53.89908
78.07371,15.145596,218.79906,218.72198,5.0668473,5.3716536,52.137146
78.10578,15.01988,226.89172,226.74654,4.8624015,5.153158,44.922787
81.23476,14.769231,230.18219,230.10143,4.647692,4.9126415,24.427114
84.36373,14.518581,233.47263,233.45633,4.432983,4.672125,27.766172
84.33141,14.551494,234.35867,234.44563,3.9967477,4.2127686,13.861089
84.299095,14.584405,235.24474,235.43492,3.5605125,3.7534122,8.002916
83.728134,14.643919,228.3101,228.47617,3.2467594,3.416411,3.0060406
83.157166,14.703433,221.37543,221.5174,2.9330063,3.0794094,-5.4517756
83.188156,14.659163,222.07425,222.08025,2.6795995,2.8055449,-6.1112313
83.219154,14.614892,222.77309,222.64307,2.426193,2.53168,-5.4000278
84.910675,14.461287,231.35196,231.18707,2.3744504,2.4702842,-8.904574
86.60219,14.307682,239.93085,239.73106,2.3227081,2.408888,-0.45156682
86.71218,14.253954,249.93611,249.79874,2.4082892,2.4983423,0.7143685
86.82216,14.200226,259.9414,259.8664,2.4938703,2.5877967,-1.5940655
86.59049,14.143801,270.83383,270.84637,2.695688,2.8007247,-5.506085
86.35882,14.087376,281.72632,281.82635,2.8975058,3.0136528,-7.5277605
85.44626,14.086187,286.40753,286.53592,3.2559595,3.4055328,-8.921655
84.53371,14.085001,291.08878,291.24548,3.6144128,3.7974126,1.6950101
82.09077,14.21544,291.31473,291.38495,3.956202,4.160477,26.342976
79.64782,14.34588,291.54065,291.52438,4.297991,4.5235424,33.506516
77.68486,14.390674,289.49533,289.57654,4.8100247,5.055945,34.841454
75.72189,14.435469,287.44998,287.6287,5.3220587,5.588348,47.982185
76.36326,14.388501,285.00064,285.1416,5.4374857,5.7135825,53.95021
77.00463,14.341532,282.5513,282.6545,5.552912,5.838817,64.456406
78.404,14.292259,276.92358,277.01392,5.722868,6.0221415,89.31022
79.80336,14.242989,271.2959,271.37335,5.892823,6.205466,103.4989
79.56837,14.221801,267.32788,267.35962,6.3696485,6.7274494,143.93047
79.33336,14.200613,263.35986,263.34586,6.846473,7.2494326,169.43161
78.58355,14.254524,264.0811,264.01285,6.923695,7.350079,174.46167
77.83374,14.308437,264.8023,264.67984,7.000917,7.4507256,179.07684
76.506615,14.421855,265.47003,265.29153,6.4987454,6.9152317,139.0997
75.1795,14.535272,266.13773,265.9032,5.9965734,6.3797383,97.7777
74.30886,14.649277,264.6339,264.44348,5.693431,6.0614066,83.30212
73.43823,14.763282,263.13007,262.98373,5.3902884,5.743076,68.83706
72.49167,14.911868,263.5287,263.44232,5.4224257,5.7959127,69.04716
71.54512,15.060455,263.92728,263.90085,5.454563,5.848749,69.008354
70.6264,15.177571,265.2296,265.2245,5.469739,5.8707337,63.917015
69.70767,15.294687,266.53195,266.54807,5.484915,5.8927183,58.096973
70.62083,15.278458,266.76587,266.83994,5.297911,5.671313,53.75039
71.53398,15.262227,266.99982,267.13177,5.110907,5.449907,49.173992
73.11155,15.12433,269.65515,269.81015,4.9620523,5.274771,39.096584
74.689125,14.986433,272.3105,272.48853,4.8131976,5.099636,31.625158
75.14321,14.948119,278.2511,278.35562,4.652708,4.9206824,18.798101
75.5973,14.909807,284.1917,284.22272,4.492219,4.7417293,16.559713
77.31043,14.777707,291.20804,291.31897,4.563119,4.810274,24.26981
79.02356,14.645606,298.22437,298.41522,4.6340184,4.8788185,35.650166
80.01665,14.569087,304.3244,304.46777,4.727367,4.980674,37.191875
81.009735,14.492567,310.42444,310.52032,4.820715,5.0825295,31.778158
81.60283,14.386652,310.3826,310.59583,4.0565777,4.2601514,17.387127
82.19592,14.280738,310.34073,310.67133,3.2924402,3.4377737,6.6809
84.09247,14.160843,314.66006,314.92294,3.7329268,3.9139886,-1.3815906
85.98901,14.040947,318.97937,319.17453,4.1734133,4.3902035,12.541183
86.22871,14.000974,320.2851,320.46497,4.7560716,5.021329,43.1921
86.46838,13.960999,321.59082,321.75537,5.33873,5.6524534,83.38595
86.51352,13.931927,319.6197,319.7492,5.9398913,6.314502,142.77869
86.55865,13.902856,317.64856,317.74304,6.5410533,6.976549,158.69582
85.56976,13.956958,318.23517,318.379,7.1360364,7.658185,156.06142
84.58089,14.011061,318.82175,319.01498,7.7310205,8.339821,168.08965
82.707924,14.059766,323.77185,324.0015,7.7849965,8.402157,173.22372
80.83495,14.108469,328.72192,328.988,7.838972,8.464494,194.99951
80.71239,14.079678,332.64746,332.8965,7.538509,8.112459,162.94394
80.58983,14.050885,336.573,336.805,7.238045,7.7604256,136.6638
80.652664,14.04305,338.8536,339.07657,7.151114,7.6763263,136.54001
80.7155,14.035213,341.1342,341.34814,7.0641823,7.5922275,137.10075
79.98081,14.0814905,341.85104,342.13116,6.852421,7.3515544,115.18223
79.24613,14.127767,342.56787,342.9142,6.6406584,7.110882,98.0235
79.607864,14.070206,340.56635,340.89517,6.326526,6.756918,59.62182
79.969604,14.012644,338.56482,338.87613,6.012394,6.402954,30.26065
79.906845,13.999564,337.9741,338.25516,5.7215657,6.076457,17.63846
79.84409,13.986484,337.38336,337.6342,5.430737,5.7499604,9.951163
78.958244,14.035105,334.17795,334.50363,4.9592085,5.234452,5.5621805
78.07239,14.083727,330.9725,331.37305,4.48768,4.7189436,3.649462
77.08127,14.15334,319.58664,320.0211,4.288504,4.510138,9.625024
76.09016,14.222955,308.2008,308.66913,4.0893283,4.301332,18.385063
75.84121,14.253209,299.6588,300.10782,3.9896588,4.190427,26.30428
75.59227,14.2834635,291.11685,291.5465,3.8899891,4.0795217,21.508286
75.28024,14.317356,289.3172,289.71597,3.6031673,3.7716348,15.451198
74.9682,14.351247,287.51752,287.88544,3.3163457,3.4637482,10.564425
75.08986,14.368374,278.90842,279.2563,3.1756663,3.3137136,8.222305
75.21152,14.385502,270.29932,270.62714,3.0349863,3.1636786,2.541376
75.84025,14.375614,258.75754,258.9913,2.9377167,3.0587096,4.3538933
76.46897,14.365726,247.21576,247.35545,2.8404472,2.9537408,0.9077475
77.200874,14.367021,236.54152,236.64235,3.2450936,3.3926854,1.9072446
77.93278,14.368317,225.86726,225.92928,3.6497402,3.8316305,5.882702
77.983765,14.442202,219.51381,219.75288,3.8506713,4.0705338,15.750769
78.03477,14.516086,213.16039,213.5765,4.051602,4.3094373,29.053679
77.42557,14.69986,207.1518,207.73271,4.2502666,4.5440054,40.373245
76.81636,14.883633,201.14325,201.88892,4.448931,4.778574,50.72798
75.14332,15.136385,203.95628,204.6086,4.944848,5.3985763,63.730446
73.47027,15.389136,206.76935,207.32828,5.440765,6.0185785,88.73624
69.183266,15.597364,214.95177,215.40298,6.2146096,6.9692826,169.68141
64.89626,15.8055935,223.13422,223.47769,6.988454,7.9199862,194.76825
64.75321,15.77232,224.47017,224.63632,7.403859,8.375318,215.86548
64.61015,15.739048,225.80609,225.79495,7.819264,8.830649,249.18677
63.646202,15.7256775,222.84981,222.88593,8.19639,9.281695,282.98282
62.682247,15.712308,219.89352,219.97688,8.573516,9.732742,314.5062
62.02653,15.762924,215.61482,215.72824,8.778267,10.003399,339.19067
61.37082,15.813541,211.33612,211.4796,8.983019,10.274054,367.04224
60.69952,15.811626,206.35912,206.65384,9.34568,10.754693,415.71512
60.028217,15.809713,201.38211,201.82808,9.708343,11.2353325,458.87112
63.259426,15.686455,201.2296,201.66087,9.984117,11.553345,487.58826
66.49063,15.563194,201.07706,201.49367,10.259891,11.871358,515.33673
67.217,15.455127,202.93178,203.42021,10.504692,12.163956,525.27594
67.94337,15.347059,204.78648,205.34674,10.749495,12.456553,531.42944
69.79089,15.285679,200.7175,201.39407,10.819202,12.544029,538.623
71.63842,15.224298,196.64851,197.44139,10.88891,12.631506,536.7455
72.711266,15.246111,195.72113,196.4698,11.333012,13.240159,538.9432
73.7841,15.267923,194.79373,195.4982,11.777113,13.848811,544.5846
74.80363,15.384298,193.44397,194.19373,12.179128,14.471889,551.1934
75.82315,15.500671,192.09421,192.88922,12.581143,15.094967,557.10455
76.551575,15.664053,192.11115,192.86958,12.822897,15.511852,560.57263
77.28,15.827434,192.12805,192.84995,13.064652,15.928738,564.27606
79.14713,15.770056,193.79068,194.43216,13.09063,15.950286,566.29694
81.01427,15.71268,195.45331,196.0144,13.116608,15.971834,567.3205
81.871216,15.735853,194.26012,194.84958,13.022906,15.878718,567.0354
82.72817,15.759027,193.06691,193.68478,12.929206,15.7856045,567.10236
82.616905,15.916421,192.24445,192.93465,12.8220415,15.727802,565.98865
82.50564,16.073814,191.422,192.18456,12.714878,15.67,564.8355
82.52857,16.200817,190.38837,191.17694,12.730401,15.765576,564.4528
82.551506,16.32782,189.35472,190.16933,12.745926,15.861152,563.93604
82.638405,16.450972,188.4756,189.22832,12.589926,15.745968,562.8292
82.72531,16.574123,187.59648,188.28732,12.433928,15.630782,561.78735
82.93871,16.707117,187.02518,187.8946,12.349854,15.63608,561.632
83.15212,16.840113,186.45386,187.50186,12.265781,15.641377,561.16455
83.820076,16.89183,187.12042,188.28033,11.971553,15.31009,558.4995
84.48804,16.94355,187.78696,189.0588,11.677325,14.978803,554.4477
85.659805,16.876265,187.39687,188.7356,11.488355,14.717954,554.50256
86.831566,16.80898,187.00677,188.41238,11.299383,14.457105,554.1696
86.7785,16.80634,183.54623,184.91719,11.449865,14.629907,553.23535
86.72545,16.803698,180.0857,181.422,11.600347,14.802709,551.4633
86.04178,16.833239,179.21823,180.52652,12.24978,15.636574,557.8674
85.35812,16.86278,178.3508,179.63109,12.899215,16.47044,562.46686
84.69728,16.90865,177.6627,178.85008,13.222484,16.919147,563.82214
84.03644,16.954517,176.97461,178.06908,13.545753,17.367855,564.35925
83.86212,16.95467,177.8057,178.77702,13.967735,17.933662,565.4563
83.68781,16.95482,178.6368,179.485,14.389719,18.499472,565.07367
82.373695,16.975433,180.09322,180.98097,14.652434,18.853432,566.4068
81.05958,16.996046,181.54962,182.47699,14.915152,19.20739,568.4319
79.78022,16.98275,182.48708,183.30412,15.0411215,19.362467,570.969
78.50086,16.969452,183.42451,184.13127,15.167092,19.517546,573.5145
77.648186,16.940193,183.5685,184.17043,14.965651,19.231552,574.97394
76.79552,16.910936,183.71245,184.2096,14.764208,18.945559,575.846
76.88642,16.92591,183.2068,183.83635,14.674675,18.830654,575.42957
76.97732,16.940887,182.70114,183.4631,14.585143,18.71575,574.981
74.54003,17.223612,182.91878,183.85565,14.343081,18.58985,575.43866
72.102745,17.506334,183.13638,184.2482,14.101022,18.463947,575.86523
73.05895,17.393595,186.2551,187.4565,13.894621,18.143492,573.7762
74.01517,17.280857,189.37383,190.66478,13.688222,17.823034,571.7274
76.187614,17.04699,191.28406,192.59335,13.396352,17.331518,569.13214
78.36006,16.813124,193.19429,194.52191,13.104482,16.840002,566.40137
78.488045,16.869974,196.076,197.58528,12.86967,16.57299,564.3768
78.61603,16.926823,198.95772,200.64864,12.634858,16.305979,561.9112
80.46682,16.87575,203.19737,204.81291,11.926513,15.387877,554.9411
82.31762,16.824677,207.43701,208.9772,11.218168,14.469778,550.0759
83.54755,16.779648,211.50887,213.13039,10.799724,13.92717,544.3591
84.77747,16.73462,215.58072,217.28358,10.381279,13.384561,524.03815
86.00702,16.67154,218.09674,220.01901,9.842759,12.703905,490.9362
87.23657,16.60846,220.61275,222.75444,9.304239,12.023251,451.63037
87.6734,16.576853,221.27126,223.60013,8.949089,11.528867,421.4607
88.11022,16.545248,221.92976,224.44583,8.593939,11.034485,384.75613
87.38544,16.55834,222.5453,225.01167,8.4211445,10.839968,358.51477
86.660645,16.571434,223.16083,225.57755,8.24835,10.645451,341.19165
84.97758,16.526674,224.32597,226.37183,8.240125,10.523174,331.42102
83.29452,16.481913,225.4911,227.16608,8.231899,10.4009,335.9394
83.36864,16.49894,224.16406,225.94623,8.159676,10.358749,332.88995
83.442764,16.515968,222.83698,224.72638,8.087452,10.3166,329.93512
83.67073,16.497858,222.9547,224.67212,7.9993377,10.223323,321.14966
83.8987,16.479746,223.07239,224.61787,7.9112234,10.130046,312.75168
84.12022,16.48986,220.00305,221.65143,7.830905,10.056791,302.93964
84.34173,16.499973,216.93373,218.68498,7.750587,9.983536,293.92282
83.92477,16.548868,217.37804,219.29456,7.6479445,9.920809,295.26492
83.5078,16.597765,217.82236,219.90413,7.545303,9.858082,297.20312
83.19092,16.638668,218.47746,220.7859,7.3416185,9.734353,295.67255
82.87405,16.679571,219.13257,221.6677,7.1379347,9.610624,293.2709
82.445526,16.7551,217.44868,220.58305,6.947411,9.561746,296.27625
82.01701,16.830627,215.76477,219.49838,6.756889,9.512867,299.7641
81.711,16.894321,213.06847,217.72778,6.5198574,9.349039,296.5748
81.404976,16.958014,210.37216,215.95718,6.2828264,9.185211,293.10196
81.380486,16.989216,206.75339,213.1869,5.9490557,8.825065,274.9629
81.356,17.020416,203.13463,210.41663,5.6152854,8.464919,255.38097
81.453285,17.036783,198.83354,206.63475,5.41672,8.224339,242.54622
81.55057,17.05315,194.53244,202.8529,5.218155,7.9837594,231.38397
82.08934,17.038353,191.0422,199.52454,5.0703297,7.795522,232.94595
82.62811,17.023556,187.55196,196.19618,4.9225035,7.6072855,237.77666
83.15743,17.01311,186.05272,194.19102,4.878926,7.5575566,244.43091
83.686745,17.00266,184.5535,192.18587,4.8353486,7.5078273,248.85655
84.16992,16.986437,185.12466,192.17896,4.75754,7.4300466,245.42366
84.65309,16.970211,185.69582,192.17204,4.6797323,7.3522663,237.9788
84.86899,16.956541,183.90187,190.90147,4.4428887,7.047166,217.68416
85.08489,16.942871,182.10791,189.63094,4.2060456,6.7420664,198.37527
85.02145,16.926859,180.6719,188.63782,4.0047073,6.4624043,174.45782
84.958,16.910845,179.23587,187.6447,3.8033695,6.1827426,159.31284
84.69059,16.91139,179.42767,187.66681,3.8972387,6.2476835,159.17468
84.42319,16.911936,179.6195,187.68892,3.991108,6.3126245,160.20923
84.79031,16.898014,176.96823,184.18005,4.0401917,6.3514204,174.01349
85.15743,16.88409,174.31696,180.6712,4.0892754,6.390217,178.40227
85.73987,16.876474,173.39272,178.74696,4.2542887,6.606705,192.77208
86.32231,16.868858,172.46848,176.82271,4.4193025,6.823194,205.62576
86.90569,16.863304,169.9459,174.56212,4.4610877,6.8573127,203.88568
87.489075,16.857752,167.42337,172.30151,4.502873,6.8914304,197.25293
88.6628,16.819157,168.28903,172.44202,4.915157,7.2552505,209.09769
89.83653,16.780561,169.1547,172.58252,5.327441,7.619071,208.7781
90.11225,16.68179,172.98648,175.66263,5.929657,8.054343,241.28079
90.38797,16.58302,176.81827,178.74274,6.531873,8.489616,268.96844
89.01405,16.415115,182.71716,184.22931,6.659235,8.382832,274.7808
87.640144,16.247213,188.61606,189.71588,6.786597,8.276047,259.43994
86.81842,16.179735,191.47105,192.39111,6.6575522,8.047512,245.46634
85.9967,16.112257,194.32603,195.06633,6.528508,7.8189774,226.6073
86.19276,16.054022,191.81378,192.48225,6.5892878,7.833233,232.86772
86.388824,15.995785,189.30151,189.89816,6.6500688,7.847489,239.84125
85.013245,15.996589,186.32524,186.87672,6.8095455,7.990107,263.60687
83.63766,15.997393,183.34897,183.85527,6.9690223,8.132726,282.43286
83.06962,16.098318,178.83015,179.57556,6.8139462,8.087191,292.98026
82.50157,16.199242,174.31136,175.29584,6.65887,8.041656,296.57687
85.34813,16.366085,169.68874,171.09468,7.347906,9.27035,363.49643
88.19469,16.532928,165.06612,166.89352,8.0369425,10.499044,392.5086
90.15281,16.767803,164.16687,166.46829,8.844515,11.73764,460.81693
92.11094,17.002678,163.26761,166.04306,9.652086,12.976235,521.5449
92.14553,17.129274,170.04944,172.64424,9.990126,13.433638,536.45013
92.18013,17.255869,176.83127,179.2454,10.328164,13.89104,544.7028
92.482056,17.239105,176.37418,179.41162,9.817907,13.381269,541.37537
92.78397,17.222342,175.91708,179.57782,9.307651,12.871499,531.88104
92.4721,17.282103,177.96487,181.9709,9.136321,12.767113,530.7473
92.160225,17.341864,180.0127,184.364,8.964992,12.662727,527.4451
91.98249,17.396372,183.06691,187.5417,8.85893,12.619279,524.8633
91.80475,17.450876,186.12114,190.7194,8.752867,12.57583,521.6069
91.64921,17.501469,190.28516,195.12112,8.419617,12.255789,505.42398
91.493675,17.55206,194.44914,199.52286,8.086366,11.935747,487.13852
91.23711,17.574387,191.65555,197.66386,7.835248,11.6458,469.4293
90.980545,17.596714,188.86198,195.80489,7.5841303,11.355852,451.81998
90.28014,17.640894,190.64612,197.13756,7.9312935,11.79059,471.44785
89.57974,17.685076,192.43024,198.47026,8.278457,12.225328,490.9909
88.53972,17.673025,200.45953,206.42317,7.915578,11.817213,467.30722
87.4997,17.660976,208.48882,214.37605,7.552699,11.409098,436.1895
86.95526,17.565588,213.838,219.24408,7.279296,11.024877,408.70486
86.41083,17.470201,219.18715,224.1121,7.0058923,10.640657,385.3303
85.464806,17.392017,226.5137,230.83998,7.1576586,10.723177,395.70557
84.51878,17.313833,233.84026,237.56784,7.309424,10.8056965,399.97308
85.32744,17.093372,243.61426,246.93492,7.358743,10.579308,375.0706
86.136086,16.872911,253.38828,256.302,7.4080615,10.35292,344.31192
85.94691,16.82193,253.53851,256.54858,6.572007,9.247843,250.55707
85.75773,16.770948,253.68874,256.79517,5.735954,8.142767,198.27371
84.74867,16.63013,256.7486,259.36722,5.1498637,7.250046,155.97011
83.739624,16.489315,259.80844,261.93927,4.5637736,6.3573246,56.97884
82.81429,16.4345,256.0765,258.3511,4.3739905,5.972577,35.907543
81.88896,16.379686,252.34454,254.76294,4.184208,5.58783,26.86942
80.57347,16.301153,252.68211,254.2999,4.549007,5.766565,38.678715
79.257965,16.222622,253.0197,253.83684,4.913806,5.9453,53.4788
78.323425,16.043016,255.27774,255.9247,5.027701,5.885687,56.25306
77.38888,15.86341,257.5358,258.01257,5.141596,5.8260736,61.931915
77.14471,15.7315855,255.03221,255.45233,4.683201,5.212441,51.649174
76.900536,15.599761,252.52866,252.89207,4.224806,4.5988083,28.41443
76.88977,15.557174,242.04337,242.13899,3.73436,4.0336905,9.557941
76.879005,15.514585,231.55809,231.38591,3.2439141,3.4685729,-3.5913587
77.31882,15.503546,226.1401,225.83072,2.9179645,3.1096904,-9.983736
77.75863,15.492509,220.72215,220.27556,2.592015,2.7508078,-9.020564
78.430504,15.5476885,200.45909,200.14525,2.9915113,3.2122233,5.2457952
79.10237,15.602867,180.19604,180.01494,3.391008,3.673639,12.616753
79.39979,15.726473,165.31442,165.27159,3.4963691,3.8318233,8.868405
79.697205,15.850077,150.43277,150.52821,3.6017299,3.9900074,1.9210069
79.92006,15.993453,156.50279,156.49315,3.7767897,4.278652,18.008986
80.14291,16.136827,162.5728,162.45807,3.951849,4.5672965,37.67696
80.98598,16.244013,162.5845,163.07619,4.138358,4.961179,61.215145
81.82905,16.3512,162.59619,163.69427,4.3248672,5.3550615,87.23869
82.60686,16.435383,158.2758,160.05661,4.766926,6.030727,115.481926
83.38467,16.519567,153.95541,156.41893,5.2089844,6.706393,146.31888
84.50145,16.603067,152.45166,155.32758,5.664762,7.4845333,202.28838
85.618225,16.686567,150.94792,154.2362,6.1205397,8.262674,248.4537
86.41702,16.810804,150.40779,154.57411,6.2169385,8.568541,260.39554
87.21582,16.935041,149.86766,154.91202,6.313337,8.874407,272.09598
87.75301,17.005571,148.85876,153.88876,6.4639664,9.162042,282.8319
88.2902,17.076101,147.84987,152.86551,6.614596,9.449676,296.38382
88.4841,17.135172,145.99257,150.50879,7.475348,10.456953,339.68692
88.67801,17.194244,144.13527,148.15205,8.336102,11.464229,399.73514
89.583694,17.197435,141.55876,145.0921,9.605586,13.130308,503.98663
90.48938,17.20063,138.98225,142.03214,10.875071,14.796388,540.8672
90.00484,17.273132,138.93594,141.08842,11.442313,15.351746,542.80756
89.52029,17.345634,138.88963,140.14471,12.009556,15.907104,543.71735
89.80513,17.428162,145.17632,146.58475,12.03852,16.060402,543.4915
90.08997,17.510687,151.463,153.02477,12.067485,16.213701,546.669
90.35072,17.553896,151.73604,154.00314,11.425214,15.546272,545.76025
90.611465,17.597103,152.00908,154.9815,10.782944,14.878842,544.5301
89.93403,17.757864,154.39969,157.564,11.154268,15.4319515,545.93274
89.256584,17.918627,156.7903,160.14648,11.525594,15.985059,547.1089
88.926796,17.977144,161.17017,164.13376,11.992748,16.567362,549.8973
88.597,18.035666,165.55003,168.12103,12.459904,17.149666,554.8427
87.70822,18.093884,174.92584,177.6922,12.572554,17.26292,558.14386
86.819435,18.152103,184.30162,187.26337,12.6852045,17.376177,559.5001
81.753975,18.15072,199.05214,200.93982,13.090971,17.63399,562.9985
76.68852,18.149336,213.80266,214.61627,13.496737,17.8918,564.1251
77.81924,17.772577,211.57848,212.61397,13.540737,17.726562,566.3233
78.94997,17.395819,209.35428,210.6117,13.584737,17.561321,567.41003
79.62912,17.210003,212.3301,213.72673,13.631181,17.541895,567.89154
80.308266,17.024187,215.3059,216.84177,13.677625,17.52247,568.6421
80.71395,16.866236,219.10858,220.42174,14.08159,17.964973,568.237
81.11964,16.708286,222.91127,224.00168,14.485556,18.407476,565.08624
82.230064,16.54777,223.96902,224.87328,14.410243,18.213778,562.91876
83.34049,16.387255,225.02682,225.74486,14.33493,18.020075,561.80194
83.492,16.308565,226.62769,227.32095,14.14043,17.704412,562.35077
83.6435,16.229876,228.22856,228.89703,13.945932,17.388752,562.5981
83.07745,16.176958,230.45888,231.19882,13.8388815,17.204895,562.2393
82.51141,16.12404,232.68918,233.50061,13.7318325,17.021036,562.3406
81.59274,16.05352,235.58693,236.30722,13.415588,16.516838,561.93225
80.67407,15.982999,238.48468,239.11383,13.099344,16.01264,556.6588
80.0534,15.901285,238.89626,239.58034,12.479484,15.09361,549.33417
79.43272,15.819573,239.30785,240.04684,11.859625,14.174581,539.02167
79.686,15.803153,238.82426,239.47972,11.671819,13.939257,534.8403
79.93928,15.786733,238.34067,238.91261,11.484013,13.703932,530.97345
80.82012,15.827902,235.90059,236.45041,11.18412,13.28763,523.8673
81.700966,15.869069,233.46048,233.9882,10.884229,12.871327,507.44742
81.20481,15.91668,233.1387,233.67151,10.232421,12.050801,475.39108
80.708664,15.964291,232.81691,233.35483,9.580613,11.230275,414.29883
81.40013,16.017294,231.19511,231.51479,9.464672,11.103761,394.28476
82.09159,16.0703,229.57332,229.67471,9.34873,10.977244,372.46466
82.58783,16.10193,225.48378,225.65518,9.716937,11.480482,415.94995
83.084076,16.133562,221.39424,221.63567,10.085145,11.983719,453.1329
82.144226,16.119322,219.83199,220.08589,9.745832,11.506338,424.7574
81.204384,16.105082,218.26973,218.53612,9.40652,11.028957,394.37552
80.13208,16.184368,218.03438,218.32886,9.151255,10.784969,388.30942
79.059784,16.263655,217.79903,218.12158,8.895988,10.540981,386.94186
78.35323,16.32313,216.74446,217.11089,8.744122,10.376045,386.34705
77.64669,16.382605,215.6899,216.10019,8.592256,10.211109,381.6282
77.298515,16.463366,209.8608,210.58,8.376228,9.996675,367.71326
76.95033,16.544125,204.03168,205.0598,8.160201,9.78224,356.49496
76.6235,16.649776,198.99553,200.16252,8.342821,10.101128,389.9324
76.29666,16.755428,193.9594,195.26524,8.525442,10.420014,421.65668
75.873146,16.82845,193.65399,194.93431,8.440653,10.376306,419.7112
75.44962,16.901468,193.34857,194.60338,8.355865,10.332597,417.32233
75.668945,16.968283,194.91273,196.12668,8.478571,10.586833,435.32574
75.888275,17.035095,196.4769,197.64998,8.601276,10.841069,452.24512
76.73379,17.016184,197.06984,198.23686,8.77695,11.06356,459.5646
77.5793,16.997274,197.66278,198.82373,8.952622,11.28605,464.02817
78.20806,16.904774,200.93016,202.00807,9.374359,11.705046,482.8415
78.83682,16.812273,204.19753,205.19244,9.796097,12.124041,497.81403
80.462425,16.614834,204.82019,205.79286,10.133175,12.438277,502.63666
82.08803,16.41739,205.44286,206.39326,10.470253,12.752514,510.95248
82.48936,16.095173,204.42946,205.35258,8.98707,10.628789,368.20667
82.89068,15.772952,203.41606,204.31189,7.503887,8.505065,223.82184
83.059395,15.668313,198.64821,199.18555,6.3438106,7.1282463,145.57423
83.22811,15.563673,193.88034,194.05923,5.183733,5.7514267,87.98312
85.92049,15.450315,180.85492,181.14783,4.1578674,4.582397,90.068825
88.61286,15.336958,167.82951,168.23643,3.1320016,3.4133673,47.071854
89.77406,15.430247,184.82301,184.98979,2.5748816,2.844417,19.618988
90.93527,15.523536,201.81654,201.74315,2.0177615,2.2754672,-6.4208975
90.252014,15.537477,247.27463,252.13892,2.4378839,2.7080472,8.241827
89.568756,15.551418,292.7327,302.53467,2.8580065,3.1406274,-0.4732727
88.88844,15.51583,296.95102,301.40402,2.9255323,3.1747434,-2.4503455
88.20814,15.480241,301.1693,300.27335,2.9930582,3.2088594,-9.332395
87.69254,15.548357,287.54926,287.0555,3.3697848,3.7275522,8.327483
87.17695,15.616472,273.92917,273.8377,3.7465115,4.246245,22.646292
87.080444,15.694231,268.4793,268.73724,4.8593583,5.5268526,74.899734
86.98395,15.77199,263.02945,263.63678,5.9722056,6.80746,114.57343
87.66615,15.656152,267.47937,268.07193,7.825128,8.98099,144.47643
88.348366,15.540313,271.9293,272.50705,9.678051,11.154523,366.39883
85.20512,15.263072,278.68192,279.0856,10.05703,11.49389,411.0685
82.06188,14.985829,285.43454,285.66418,10.436008,11.833259,461.2846
81.03444,15.011375,283.74033,284.0646,9.987527,11.288725,422.66855
80.007,15.036922,282.0461,282.465,9.539044,10.744189,378.90845
80.28887,15.001005,280.00253,280.48373,9.445012,10.631848,361.63943
80.570755,14.965088,277.95892,278.5025,9.350979,10.519506,347.53598
81.035904,14.993601,276.83496,277.29266,9.527246,10.768777,367.0151
81.501045,15.022115,275.711,276.08282,9.703513,11.018046,381.67026
81.00577,15.169512,273.6139,274.05316,9.463519,10.794554,362.30847
80.51049,15.316908,271.51675,272.0235,9.223525,10.571062,344.431
79.50552,15.5512085,267.26294,267.87552,8.982004,10.373402,335.1078
78.50056,15.785509,263.00916,263.72757,8.740484,10.175743,334.00586
77.60247,15.967359,258.88394,259.7752,8.731921,10.275812,351.17105
76.70438,16.149206,254.75876,255.82286,8.723359,10.375879,370.3043
76.25842,16.257366,253.53471,254.90398,8.538226,10.20549,362.34006
75.81247,16.365526,252.31067,253.98509,8.353092,10.035101,355.9308
75.852066,16.403095,253.70622,255.47127,8.165853,9.842034,337.85416
75.89167,16.440666,255.1018,256.95746,7.978614,9.648967,320.2337
75.63292,16.455065,258.80307,260.47925,8.155035,9.89301,334.15784
75.374176,16.469461,262.5044,264.001,8.331456,10.137054,346.74622
75.52634,16.399658,263.56137,264.95203,8.285312,10.054064,340.17078
75.6785,16.329853,264.61835,265.90308,8.239166,9.971073,333.53003
75.5473,16.215494,265.28412,266.35275,8.832404,10.602769,370.8943
75.416115,16.101131,265.9499,266.8024,9.425644,11.234466,414.9545
75.67814,15.939511,266.55038,267.33084,9.723942,11.478923,435.97217
75.94016,15.77789,267.15088,267.85925,10.022241,11.723379,454.44537
76.91128,15.631528,269.4792,270.17172,10.09991,11.789297,455.82806
77.882385,15.485165,271.80753,272.4842,10.177579,11.855215,460.83475
78.74672,15.372825,273.3141,273.88217,9.817895,11.315543,422.63757
79.61105,15.260484,274.82068,275.28012,9.458211,10.775869,373.4645
79.39998,15.064443,275.55978,276.08627,9.278724,10.514717,352.37924
79.18892,14.868402,276.2989,276.89243,9.099237,10.253566,332.75638
79.53784,14.8040495,276.41534,277.03247,8.589345,9.584739,288.99417
79.88677,14.739698,276.53183,277.17255,8.079454,8.915912,251.00902
80.28742,14.689764,273.7165,274.29803,7.7018285,8.442208,221.59857
80.68807,14.639828,270.90118,271.4235,7.324203,7.9685044,199.15094
81.19517,14.602293,271.0149,271.46655,7.0430017,7.628954,184.07541
81.70226,14.564758,271.1286,271.50958,6.7618017,7.289404,168.31656
82.10178,14.549343,270.59348,270.93195,6.450701,6.9321604,144.52701
82.501305,14.533929,270.05838,270.3543,6.1396003,6.5749173,120.78676
82.95084,14.504653,268.73373,268.98544,5.913813,6.314439,98.12687
83.40038,14.475375,267.4091,267.61652,5.688026,6.053961,80.32287
83.55663,14.493973,265.68637,265.83356,5.3952894,5.7311664,64.23541
83.71288,14.512569,263.96362,264.0506,5.1025524,5.4083714,54.874454
83.943504,14.5011015,262.68768,262.7324,4.7491627,5.022319,50.04478
84.17413,14.489634,261.41174,261.4142,4.395772,4.6362653,37.271973
83.90812,14.516303,256.94382,256.8818,4.2777123,4.5056186,31.338081
83.64211,14.542972,252.47592,252.34935,4.159652,4.3749714,25.395393
83.49848,14.551152,249.57898,249.4256,4.106098,4.3224297,21.990322
83.35486,14.559332,246.68202,246.50182,4.052544,4.269887,19.233408
82.954735,14.609007,243.55408,243.3257,4.1851206,4.418622,20.21002
82.55461,14.658681,240.4261,240.14958,4.3176975,4.5673566,19.747541
82.33895,14.70008,237.89601,237.61913,4.5438824,4.827224,23.259733
82.1233,14.741479,235.36594,235.08868,4.7700677,5.0870914,26.818075
81.64697,14.802484,231.36258,231.08292,4.8014417,5.1288314,26.803467
81.170654,14.863487,227.35924,227.07715,4.8328156,5.170572,31.166353
81.26184,14.901614,226.28725,226.03212,5.039572,5.407777,36.716194
81.353035,14.939741,225.21524,224.98708,5.246328,5.6449823,40.81158
82.10685,14.9268265,223.30681,223.12813,5.3409443,5.752834,40.311657
82.86066,14.913909,221.39838,221.2692,5.4355607,5.8606853,44.42393
82.798294,14.922196,221.21255,221.16805,5.207633,5.61716,36.4322
82.73593,14.930484,221.02676,221.06691,4.979706,5.3736343,27.826088
81.45429,14.999804,216.37102,216.49832,5.2176614,5.659146,38.94918
80.17266,15.069122,211.71529,211.92975,5.455617,5.944658,63.630653
79.1109,15.140401,214.6917,214.89464,5.931116,6.5278263,100.87493
78.04914,15.211679,217.66812,217.85951,6.406616,7.110995,150.17564
79.07351,15.154578,213.32419,213.65335,5.8323503,6.475472,98.017784
80.09789,15.097476,208.98027,209.44719,5.2580853,5.839949,61.870594
80.553734,15.114851,207.01595,207.32872,5.6065917,6.211385,82.23341
81.009575,15.132225,205.05162,205.21024,5.9550977,6.58282,103.93776
78.10257,14.921018,204.36766,204.46864,6.49199,7.1062403,148.92455
75.19556,14.709808,203.68369,203.72704,7.0288815,7.62966,204.08638
74.13656,14.346074,191.50232,191.64467,6.278514,6.7458,161.8655
73.077545,13.98234,179.32097,179.56226,5.528146,5.8619404,118.73694
76.180954,13.962839,172.2843,172.66437,6.1913743,6.6165695,191.96686
79.28436,13.943339,165.24763,165.76646,6.854603,7.3711987,248.78247
80.99926,14.490381,170.08606,170.86908,8.003789,8.872773,345.7365
82.71415,15.037424,174.92447,175.9717,9.152975,10.374348,402.5084
82.620575,15.54784,184.17815,185.26564,9.286296,10.769994,416.75674
82.527,16.058254,193.43184,194.5596,9.419618,11.165642,428.93442
83.05089,16.058874,195.94136,197.06421,9.319871,11.049894,416.86993
83.57477,16.059492,198.45087,199.5688,9.220123,10.934147,401.35678
85.01233,16.060057,204.39708,205.4858,9.276313,11.031376,387.51987
86.44988,16.060621,210.3433,211.40279,9.332503,11.128604,388.66232
87.481064,16.127907,214.07774,215.13565,9.309115,11.2282095,399.5162
88.512245,16.195194,217.81221,218.86852,9.2857275,11.327816,409.85248
89.06921,16.286037,219.04453,220.29254,9.311986,11.523393,430.9382
89.62617,16.376883,220.27687,221.7166,9.338244,11.718971,450.53616
90.068405,16.417982,220.11673,221.60687,9.590736,12.0328865,474.42947
90.510635,16.459082,219.95659,221.49716,9.843228,12.346803,494.13306
90.82885,16.481928,222.4237,223.77876,10.292185,12.948656,517.39374
91.147064,16.504774,224.89081,226.06038,10.741141,13.55051,532.03436
91.23306,16.5384,224.7204,225.88815,10.738247,13.560253,532.39166
91.31905,16.572027,224.54999,225.71594,10.7353525,13.569997,532.7473
91.37629,16.597551,224.87721,226.09012,10.784106,13.645001,533.99725
91.433525,16.623074,225.2044,226.46431,10.832859,13.720006,535.23364
91.713646,16.630363,224.23077,225.57576,10.732083,13.615299,535.2313
91.99376,16.637655,223.25711,224.6872,10.631307,13.510592,535.2359
92.02261,16.684122,222.61601,224.32802,10.298584,13.164561,528.2437
92.05145,16.73059,221.9749,223.96884,9.965859,12.81853,519.34906
91.92958,16.787663,223.43407,225.12923,10.0367365,12.958831,521.589
91.80772,16.844734,224.89322,226.2896,10.107613,13.09913,523.5697
91.91072,16.889622,223.99074,225.68338,9.945335,13.066559,525.0323
92.013725,16.93451,223.08827,225.0772,9.783057,13.033988,526.323
91.29076,17.127754,224.25713,227.13072,9.284122,12.892653,519.3356
90.567795,17.320997,225.426,229.18423,8.785188,12.751318,513.5195
90.450035,17.382471,225.54701,229.46077,8.366286,12.363691,499.4379
90.332275,17.443943,225.66806,229.73727,7.9473863,11.976064,482.9388
90.269554,17.495825,224.81026,229.73943,7.6671553,11.726139,471.19186
90.20683,17.547707,223.95244,229.74155,7.3869243,11.476213,457.21503
90.80382,17.507828,222.37793,228.74362,6.9831386,11.009022,434.0822
91.40081,17.467949,220.80342,227.7457,6.579353,10.541829,411.69315
91.70046,17.467379,222.84843,230.2448,6.5629287,10.491709,411.57275
92.00011,17.466806,224.89345,232.74388,6.546505,10.441589,410.9092
92.023445,17.468458,230.65422,237.5918,6.205733,10.100376,387.59525
92.0468,17.47011,236.415,242.43971,5.864961,9.759165,359.9756
92.206856,17.387703,239.10501,245.446,5.5219355,9.187393,306.74268
92.36691,17.305298,241.79504,248.45229,5.1789107,8.6156225,250.14365
92.9292,17.180988,247.36539,253.42546,5.1106825,8.432844,232.833
93.491486,17.056677,252.93573,258.39862,5.042454,8.250067,213.3806
93.90621,16.947508,257.21805,263.20212,4.6149282,7.596285,147.59375
94.320946,16.838337,261.50037,268.00565,4.187403,6.942503,101.08672
94.360245,16.76004,267.46448,273.95602,4.102607,6.749127,88.5657
94.39955,16.681742,273.4286,279.9064,4.017811,6.5557513,77.107056
93.664856,16.629915,276.55725,283.3879,3.7350183,6.1126933,72.521866
92.93016,16.578087,279.6859,286.8694,3.452226,5.6696362,73.88039
93.69354,16.700493,259.68018,266.08456,3.7216783,6.138912,80.858284
94.456924,16.822897,239.67444,245.29974,3.9911308,6.6081877,87.40864
94.61285,16.782404,245.0923,250.49348,3.852221,6.2986116,71.41917
94.768776,16.741913,250.51013,255.68723,3.7133114,5.9890347,61.20599
94.98794,16.670404,254.45082,259.1947,3.7682056,5.9643064,57.036564
95.20709,16.598898,258.3915,262.70215,3.8230994,5.9395776,52.56928
95.479126,16.514439,259.50104,265.4256,3.5728958,5.339703,29.318258
95.75115,16.429983,260.61057,268.14908,3.3226922,4.7398286,16.423119
95.52073,16.375048,260.46426,267.6857,3.281611,4.5992875,16.874872
95.29029,16.320112,260.31793,267.22232,3.2405295,4.458746,15.915845
94.484985,16.267963,263.32904,269.0837,3.1470106,4.1979094,18.945618
93.67967,16.215813,266.34015,270.94516,3.0534916,3.9370725,21.77279
92.35688,16.193638,267.1555,270.9758,3.1262317,3.9679906,28.734
91.03408,16.171461,267.97086,271.00647,3.198972,3.9989088,34.884556
90.13517,16.157059,264.90833,267.62436,3.0690656,3.8263018,31.306679
89.23627,16.142656,261.84576,264.24222,2.9391594,3.6536944,26.503788
89.04386,16.142841,253.54427,255.71591,3.1246107,3.8216321,30.056004
88.851456,16.143026,245.24274,247.18958,3.3100617,3.9895697,35.555725
88.76991,16.148996,245.26932,246.59882,3.7418303,4.4349313,51.387154
88.68837,16.154968,245.2959,246.00807,4.173599,4.8802924,70.61747
88.03418,16.114494,248.6032,249.14494,4.3345203,5.01597,67.912735
87.37999,16.074022,251.9105,252.28178,4.495442,5.151647,63.88725
86.251396,16.015461,251.23541,251.527,4.43544,5.035207,41.681705
85.12279,15.9569,250.56033,250.77223,4.375439,4.918766,22.987715
84.487114,15.931914,250.95517,251.18097,4.1472907,4.6551805,14.99534
83.851425,15.906931,251.34998,251.58972,3.9191418,4.391595,8.154304
83.57755,15.924292,246.81927,246.98312,3.419684,3.8228722,0.25534755
83.30367,15.941654,242.28857,242.3765,2.9202263,3.2541497,3.2042062
83.678024,15.962699,240.44394,240.4225,2.926008,3.2539423,4.792736
84.05238,15.983744,238.59932,238.46852,2.9317894,3.2537346,6.6544733
84.57339,15.985832,235.87115,235.5675,2.767686,3.054516,9.311312
85.09439,15.987921,233.14297,232.66649,2.6035826,2.855297,8.256479
85.92323,15.932754,241.52342,241.13783,2.844157,3.12401,6.7893133
86.752075,15.877584,249.90385,249.60918,3.0847309,3.3927228,10.2757635
86.10015,15.801057,207.24739,206.86601,2.1466863,2.315226,1.4474258
85.44822,15.724531,164.59094,164.12286,1.2086418,1.2377291,-11.955215
85.124756,15.7324505,122.98186,122.98983,2.1452253,2.2510016,1.6788317
84.80129,15.74037,81.37277,81.856804,3.0818086,3.264274,39.377373
85.37948,15.845555,94.74415,95.58174,3.3360527,3.6627026,35.676937
85.957664,15.950742,108.11551,109.30669,3.5902967,4.0611315,33.348907
87.763405,15.914583,108.24621,109.77831,3.9877481,4.5877953,42.984924
89.569145,15.878426,108.3769,110.249954,4.3851995,5.1144595,45.75711
91.96147,16.005745,109.31983,112.35389,4.842559,5.8867435,67.9016
94.35379,16.133068,110.26275,114.45781,5.2999177,6.6590276,123.934074
94.60612,16.28666,112.617584,119.90325,6.247372,7.91912,201.03903
94.858444,16.440252,114.97241,125.34869,7.194826,9.179212,247.3786
94.01339,16.326033,122.61444,127.24644,8.129891,10.290357,302.80566
93.16833,16.211813,130.25647,129.14421,9.064957,11.401501,402.56143
91.14941,15.283448,98.15116,82.65585,8.927577,10.568788,372.30493
89.13049,14.355086,66.045845,36.167503,8.790195,9.736073,343.847
88.214294,14.159417,40.430172,20.740238,9.430051,10.447796,351.65753
87.29811,13.963748,14.814487,5.3129764,10.069906,11.159519,392.23767
85.95997,13.7547865,146.98917,102.46008,10.230038,11.327756,432.98785
84.62183,13.545823,279.16382,199.60716,10.390169,11.495994,518.5647
84.42329,13.532893,278.42313,228.82738,9.883074,10.8882475,454.0976
84.22475,13.519961,277.68246,258.0476,9.375979,10.280502,341.23874
84.36006,13.599933,311.60403,302.04956,9.530151,10.471887,345.73294
84.49538,13.679904,345.52563,346.05148,9.684324,10.663271,416.08154
83.6753,13.643437,341.05725,341.38217,8.603816,9.373712,290.54294
82.855225,13.60697,336.5889,336.71283,7.5233073,8.084152,182.12881
82.47737,13.622261,325.84753,325.9845,7.5609517,8.093819,151.75363
82.09952,13.637552,315.1061,315.25616,7.598595,8.103485,152.9969
80.80104,13.648671,302.83603,302.99442,7.7750835,8.294934,193.81761
79.502556,13.65979,290.56595,290.73264,7.9515715,8.486383,216.98776
80.056786,13.7691765,283.5423,283.6932,8.264856,8.8856125,225.73509
80.611015,13.878563,276.51868,276.65375,8.57814,9.284841,246.26479
82.29654,13.876021,269.62582,269.84418,9.241712,10.132959,313.92017
83.98206,13.873478,262.73297,263.0346,9.905283,10.981078,400.24918
84.94866,13.8719225,264.23297,264.5635,10.529902,11.805335,465.59683
85.91527,13.870368,265.73297,266.09238,11.154523,12.62959,507.32355
85.665436,13.939377,266.88644,267.2667,11.717071,13.402286,532.8287
85.4156,14.008386,268.0399,268.44098,12.279618,14.174981,546.93634
84.222626,14.043144,268.2167,268.71936,12.695584,14.782567,555.1574
83.02964,14.077901,268.39352,268.99774,13.111552,15.390153,560.8692
82.15389,14.138696,267.6079,268.00424,12.753526,14.891468,557.5132
81.27814,14.19949,266.82233,267.0107,12.395498,14.392782,550.66113
80.631226,14.343099,264.9783,265.33423,12.492947,14.611338,552.555
79.98431,14.486708,263.1343,263.6577,12.590394,14.829894,554.5374
77.915764,14.733231,263.50238,264.09326,12.710389,15.123465,557.78156
75.84722,14.979753,263.8705,264.52884,12.830383,15.417033,557.3679
74.79443,15.108607,262.55887,263.34082,12.525963,15.080263,552.8468
73.74165,15.237461,261.24725,262.1528,12.221542,14.743492,549.2587
74.11236,15.281351,263.1158,263.95377,12.580287,15.240224,553.45734
74.48306,15.325242,264.98434,265.75473,12.939032,15.736955,557.3618
75.31458,15.227615,265.6431,266.408,13.088422,15.87202,559.4309
76.14611,15.129988,266.30182,267.06122,13.237813,16.007086,561.4767
77.00346,15.030959,267.07886,267.8329,13.308978,16.04868,563.01984
77.86082,14.931932,267.8559,268.60452,13.380141,16.090273,564.3761
78.40842,14.809432,269.13654,269.83978,13.231944,15.815221,563.54175
78.95602,14.68693,270.41718,271.07504,13.083748,15.540169,562.50635
79.723114,14.562592,270.76172,271.4077,13.065167,15.459511,562.33984
80.49022,14.438252,271.10626,271.74036,13.046588,15.378853,562.2931
80.42763,14.368619,272.0683,272.7288,12.700857,14.882644,558.74005
80.365036,14.298984,273.03036,273.71722,12.355126,14.386434,554.0743
80.7196,14.266979,271.9673,272.56644,12.168293,14.105713,548.99664
81.074165,14.234976,270.9042,271.41565,11.981459,13.82499,543.25195
81.36946,14.257551,271.208,271.81082,11.531591,13.311437,532.796
81.664764,14.280128,271.51184,272.20602,11.081723,12.797883,518.11633
81.962975,14.231855,270.2294,270.9218,10.866086,12.480253,504.3396
82.261185,14.183583,268.94696,269.63766,10.650448,12.162624,485.98657
82.33853,14.1685295,267.61844,268.25867,10.404825,11.819163,461.22385
82.41587,14.153476,266.28992,266.8797,10.159204,11.475701,433.7551
82.38565,14.138245,263.76508,264.33298,9.968211,11.223458,412.54254
82.35544,14.1230135,261.24023,261.7863,9.77722,10.971215,393.32782
82.85526,14.1467495,257.98428,258.49045,9.920213,11.156661,407.13943
83.35508,14.170485,254.72832,255.1946,10.063208,11.342107,418.81445
83.263954,14.131233,253.08463,253.73996,10.387925,11.794978,453.07977
83.17281,14.091983,251.44095,252.28531,10.712644,12.2478485,485.0479
83.23386,14.022603,253.0491,253.89832,10.756957,12.271445,488.11887
83.2949,13.953223,254.65723,255.5113,10.80127,12.29504,491.0489
83.28057,13.856311,254.63138,255.37926,10.612814,12.021892,477.50098
83.26624,13.759399,254.60548,255.24721,10.424359,11.748743,460.68097
82.56198,13.79062,254.46996,255.08467,10.461848,11.801422,465.8885
81.85772,13.821842,254.33443,254.92213,10.499338,11.854101,468.94617
81.46903,13.880917,250.29266,250.8685,10.814765,12.262372,491.90842
81.080345,13.939992,246.25092,246.81487,11.130193,12.670642,510.35065
81.75487,13.90813,245.14409,245.70692,11.3469925,12.957011,521.14746
82.42938,13.876268,244.03723,244.59895,11.563792,13.24338,531.14246
82.85905,13.908862,243.07047,243.59416,11.449662,13.107451,525.8877
83.288704,13.941457,242.1037,242.58936,11.335533,12.971523,520.1592
83.02964,14.0487995,242.0114,242.52017,11.604104,13.369284,532.13904
82.770584,14.156141,241.91911,242.451,11.872675,13.767042,540.3922
82.29363,14.2480135,240.85396,241.34756,12.06914,14.065798,546.0866
81.81669,14.339888,239.7888,240.24411,12.265605,14.364553,551.2073
80.76913,14.478942,239.54144,240.0892,12.3122835,14.52793,552.38947
79.721565,14.617998,239.29407,239.93428,12.358964,14.691307,553.42816
79.88805,14.759207,239.93848,240.46361,12.364363,14.753394,552.52124
80.054535,14.9004135,240.58287,240.99292,12.369761,14.81548,551.8198
79.37285,15.144738,239.99689,240.68858,12.179719,14.701975,549.5484
78.691154,15.389062,239.41089,240.38423,11.989676,14.588469,547.60114
78.93708,15.494408,238.46367,239.59312,11.934013,14.583549,547.5809
79.18301,15.599755,237.51648,238.80202,11.878349,14.5786295,547.7269
79.50989,15.626821,237.78694,238.95651,11.750329,14.427296,545.33453
79.83676,15.653887,238.05737,239.111,11.622307,14.275962,542.3738
79.86777,15.684246,240.22186,241.33531,11.864717,14.610245,546.33826
79.89877,15.714606,242.38635,243.55962,12.107126,14.944527,549.4268
79.88236,15.686197,241.96115,243.05191,12.26417,15.130666,551.61743
79.865944,15.657789,241.53593,242.5442,12.421214,15.316805,553.4262
80.43046,15.547199,241.6851,242.61131,12.783315,15.73851,557.41693
80.994965,15.436608,241.83426,242.67845,13.145417,16.160215,562.16003
81.81353,15.323977,243.45125,244.38329,13.192166,16.167984,561.22687
82.63208,15.211349,245.06824,246.08812,13.238915,16.175753,559.6654
83.30593,15.125705,248.01782,248.98715,13.099222,15.955208,557.74286
83.97978,15.040063,250.96742,251.8862,12.95953,15.734664,555.8558
82.6393,15.009868,251.39621,252.20305,13.231597,16.045328,558.48224
81.29882,14.9796715,251.82501,252.51988,13.503665,16.355991,560.4893
81.662796,14.900933,254.2857,255.11142,13.135171,15.839564,559.1463
82.026764,14.822194,256.74643,257.70294,12.766676,15.323139,554.7495
82.42688,14.789804,258.14407,259.02548,12.466487,14.893754,548.3812
82.826996,14.757416,259.54175,260.34802,12.1663,14.464369,541.4774
83.26201,14.714604,260.5244,261.25336,11.666994,13.757944,527.5564
83.697014,14.671794,261.50705,262.1587,11.167689,13.05152,508.53754
83.94073,14.643539,262.53894,263.1643,10.761564,12.482161,481.54095
84.18445,14.615285,263.57086,264.1699,10.355439,11.9128,450.2063
84.25805,14.59401,263.73297,264.2264,10.147704,11.601133,431.19522
84.331665,14.572737,263.89505,264.28287,9.939968,11.289467,409.56494
84.43339,14.5618105,263.4011,263.81433,9.789886,11.105453,397.2035
84.53512,14.550886,262.90714,263.3458,9.639805,10.921437,383.21298
84.6163,14.567361,261.8157,262.30222,9.334616,10.534671,344.19385
84.69749,14.583835,260.72424,261.25864,9.029427,10.147903,303.16174
85.18808,14.589216,258.8414,259.38498,8.832129,9.899322,274.17618
85.67868,14.594597,256.95853,257.51132,8.63483,9.650742,244.6188
86.27943,14.587596,254.10007,254.64407,8.77852,9.824073,254.82988
86.88017,14.580593,251.24158,251.7768,8.922209,9.997404,265.84357
86.967285,14.599859,248.63524,249.12157,8.860125,9.928765,258.0233
87.05439,14.619123,246.0289,246.46635,8.798039,9.860126,252.77017
86.6295,14.70565,243.25845,243.7491,8.7291,9.800736,248.81169
86.20462,14.792175,240.48802,241.03185,8.66016,9.741346,243.96045
86.29411,14.861836,238.52956,239.08757,9.012655,10.208703,288.19333
86.38361,14.931498,236.57112,237.14326,9.36515,10.676061,330.5589
86.31861,15.025669,234.61305,235.26634,9.38607,10.776379,342.0818
86.25361,15.11984,232.65503,233.3894,9.40699,10.876697,352.2565
85.88758,15.250447,234.44716,235.20941,9.487668,11.079591,370.4806
85.521545,15.381057,236.23927,237.02942,9.568347,11.282485,387.50104
85.8171,15.386778,237.11687,237.88991,9.524278,11.268037,385.64017
86.112656,15.3925,237.99448,238.7504,9.480208,11.253588,385.52066
84.45093,15.274769,238.67725,239.32475,9.956691,11.751079,428.57608
82.7892,15.157036,239.36,239.89911,10.433173,12.248569,471.31094
83.15589,15.24582,233.77814,234.32158,9.761703,11.466948,413.9526
83.52258,15.334604,228.19629,228.74406,9.090233,10.685327,336.9623
82.69433,15.479733,224.56232,225.23608,10.042282,12.005679,460.97784
81.86607,15.624861,220.92836,221.72809,10.994331,13.326031,531.74536
82.80276,15.621711,220.95639,221.71431,11.538844,14.06442,547.1449
83.73944,15.618561,220.9844,221.70053,12.083357,14.80281,559.74164
82.24878,15.622643,221.36304,222.19066,12.2942095,15.084579,560.7568
80.75812,15.626725,221.74171,222.68079,12.505063,15.366348,562.3025
81.42422,15.6602955,223.45776,224.3326,12.68309,15.671144,564.099
82.090324,15.693865,225.17384,225.9844,12.861116,15.975939,565.1671
82.90384,15.668909,226.66519,227.4141,13.000949,16.13872,565.25134
83.71735,15.643954,228.15652,228.84381,13.140781,16.301502,564.9821
84.49044,15.575527,229.47775,230.23387,13.121851,16.23516,564.7095
85.26353,15.507101,230.799,231.62392,13.10292,16.16882,564.18494
85.36152,15.492466,227.5747,228.35118,13.5920315,16.869371,565.9832
85.45951,15.477831,224.35045,225.07848,14.081142,17.569923,565.646
86.05802,15.448105,226.88148,227.60085,13.923442,17.327707,564.85626
86.656525,15.418379,229.41254,230.12325,13.765742,17.085495,563.5742
87.196335,15.387902,229.7331,230.59007,13.388068,16.573599,563.4408
87.73613,15.357425,230.05363,231.0569,13.010395,16.061705,561.78394
88.07763,15.370207,231.39261,232.41591,12.773447,15.7393465,558.97394
88.41913,15.382989,232.73161,233.7749,12.536498,15.41699,554.87476
88.70585,15.396961,231.43549,232.5092,12.42496,15.308628,553.2664
88.99256,15.410933,230.13937,231.24348,12.313422,15.200267,551.5706
89.17814,15.440515,230.54056,231.61906,12.444374,15.381812,551.92926
89.36371,15.470097,230.94173,231.99466,12.575327,15.563359,551.9853
89.70719,15.468755,232.01195,233.03648,12.594087,15.592918,549.5767
90.050674,15.467414,233.0822,234.0783,12.612847,15.6224785,547.25775
90.46431,15.460584,233.68031,234.69623,12.698827,15.737658,545.16986
90.877945,15.453755,234.27846,235.31418,12.784805,15.852836,543.3218
90.56243,15.526467,234.16354,235.21313,13.0095825,16.211166,547.52783
90.24692,15.599178,234.04865,235.11208,13.234361,16.569496,551.06274
90.377754,15.589436,233.91705,234.99133,13.126419,16.427591,549.86554
90.5086,15.579692,233.78545,234.87057,13.018479,16.285685,548.5981
90.49053,15.628623,233.9294,235.03835,12.928997,16.198797,548.3826
90.47247,15.677554,234.07333,235.20609,12.839515,16.11191,548.1233
90.4992,15.704631,234.87498,236.09322,12.774441,16.02858,547.2641
90.52593,15.731707,235.67662,236.98033,12.709369,15.945251,546.5087
90.41225,15.816706,236.8532,238.16873,12.686211,16.006994,547.7801
90.29858,15.901707,238.02974,239.35716,12.6630535,16.068737,549.06537
90.56512,15.987272,237.2093,238.65985,12.5617695,16.013845,548.07434
90.83166,16.072838,236.38885,237.96255,12.460485,15.958951,547.0775
90.665985,16.195284,236.80077,238.31454,12.431862,16.046154,549.4103
90.50031,16.317728,237.21268,238.66655,12.403238,16.133356,551.377
90.13598,16.48095,237.98474,239.8276,12.230693,16.130886,553.7918
89.77165,16.644169,238.75679,240.98868,12.058146,16.128416,555.6814
89.62115,16.785383,241.30792,244.14375,11.4167795,15.842464,557.8505
89.47064,16.9266,243.85907,247.29883,10.775413,15.556512,557.3821
89.30363,16.963612,246.82976,250.55188,10.448026,15.314085,554.3621
89.13663,17.000624,249.80048,253.80496,10.120639,15.071658,551.0493
88.87667,17.024641,249.41695,253.27702,9.84152,14.717545,545.20105
88.61672,17.048658,249.03342,252.7491,9.562401,14.363432,539.0506
88.49411,17.065346,247.0337,250.54663,9.833232,14.73476,545.98773
88.371506,17.082035,245.03397,248.34415,10.104062,15.10609,552.29236
89.02944,16.990881,244.34315,247.74684,10.224952,15.066606,552.2419
89.687386,16.899725,243.65233,247.14955,10.345842,15.027123,551.94165
90.11351,16.820673,242.72267,246.1658,10.339553,14.858886,550.4063
90.53963,16.741617,241.79303,245.18202,10.333262,14.690648,549.4341
90.52772,16.72677,241.8484,245.05789,10.430883,14.722205,549.15936
90.5158,16.711924,241.90376,244.93375,10.528504,14.753763,548.9141
90.61265,16.650541,244.23158,247.02881,10.758919,14.7998495,546.86365
90.70949,16.589159,246.5594,249.12389,10.989334,14.845937,544.66156
90.48034,16.673674,246.89693,249.11168,10.99789,14.725948,539.9056
90.25119,16.758188,247.23444,249.09946,11.006447,14.605959,534.65314
90.24824,16.686821,247.42783,249.20284,10.982975,14.512047,533.22095
90.24529,16.615452,247.6212,249.3062,10.959503,14.418134,531.8309
90.13089,16.570526,245.9021,247.49707,11.02227,14.439694,533.2279
90.01649,16.5256,244.18301,245.68794,11.085038,14.461257,534.71185
89.8953,16.456776,243.64586,245.15918,11.313745,14.67614,538.484
89.77412,16.387953,243.10869,244.63043,11.54245,14.891024,541.924
89.274055,16.36815,244.61122,246.0578,11.724691,15.106952,543.20325
88.774,16.348349,246.11372,247.4852,11.906934,15.322881,546.73987
88.0443,16.334219,247.88333,249.33069,11.833421,15.190844,545.1589
87.31458,16.320091,249.65291,251.17621,11.759907,15.058806,542.27545
86.7217,16.291533,249.65475,251.20895,11.280582,14.379592,526.00995
86.128815,16.262974,249.65662,251.2417,10.801258,13.700379,504.67026
85.88198,16.214249,251.2914,252.9162,10.547748,13.320502,491.1171
85.63514,16.165524,252.92618,254.59068,10.294237,12.940623,476.766
85.39431,16.144611,254.5931,256.3217,10.149635,12.730834,469.0045
85.15348,16.123697,256.26,258.0527,10.0050335,12.521046,460.66644
85.19522,16.11445,256.4879,258.3438,9.812672,12.275435,450.5531
85.23696,16.105204,256.71585,258.63492,9.620311,12.029824,441.21152
85.47911,16.07875,255.31476,257.32013,9.351099,11.7024145,423.96558
85.72126,16.052298,253.91368,256.00534,9.081888,11.375004,403.68658
85.96268,16.05302,254.27087,256.4274,9.095874,11.468251,411.46756
86.20409,16.053745,254.62807,256.84946,9.10986,11.561498,418.4648
86.35346,16.092552,252.51674,255.60248,8.819777,11.408528,414.87024
86.50282,16.131357,250.4054,254.3555,8.529694,11.255559,408.75317
86.82124,16.173779,247.41501,251.86838,8.591706,11.461421,426.88852
87.13967,16.2162,244.42464,249.38127,8.653719,11.667283,444.75275
87.32478,16.310724,242.69681,248.13544,8.491951,11.585323,442.78677
87.509895,16.405249,240.96898,246.8896,8.330184,11.503365,439.44464
87.17362,16.57655,237.77472,244.6799,7.9747934,11.276814,425.91965
86.837364,16.74785,234.58046,242.47023,7.6194034,11.050266,415.11948
86.797066,16.867603,235.59132,242.71675,7.6907625,11.306071,436.4789
86.756775,16.987354,236.60216,242.9633,7.762121,11.561878,455.5649
86.795334,17.088884,241.34343,247.18753,7.848959,11.817637,471.7772
86.83389,17.190413,246.08472,251.41174,7.9357963,12.073398,486.4182
87.13144,17.219358,249.31267,254.70802,7.4097657,11.53122,461.1318
87.42899,17.248304,252.54063,258.00427,6.883735,10.989042,430.77518
87.70993,17.21814,258.4255,263.6404,6.577594,10.61682,397.60715
87.99087,17.187975,264.3104,269.27652,6.271451,10.244599,352.5791
88.39907,17.110073,264.21103,269.72507,5.919741,9.722542,305.73383
88.807274,17.032167,264.11166,270.17365,5.5680313,9.200484,264.33377
89.136986,16.955761,270.32486,275.28387,5.5269384,9.088091,255.0298
89.46669,16.879354,276.53806,280.39417,5.4858456,8.9756975,251.2795
89.97682,16.71553,288.2367,292.07,5.052946,8.20849,204.74762
90.48696,16.551706,299.93527,303.74588,4.6200466,7.441283,152.46985
91.43336,16.295052,270.44266,263.7447,4.3392177,6.51739,117.22292
92.379745,16.038393,240.94998,223.74352,4.058389,5.593497,68.99366
89.45702,14.824249,155.20506,146.67502,6.530506,7.7041907,199.23837
86.5343,13.610104,69.46011,69.60648,9.002623,9.814885,323.08865
85.06818,13.667045,72.434875,72.59382,8.6951685,9.455537,312.4258
83.60204,13.723986,75.40963,75.58116,8.387713,9.096188,294.0818
83.35657,13.722755,78.425064,78.63156,8.28767,8.973925,285.94638
83.1111,13.721527,81.4405,81.68197,8.187628,8.851661,276.92242
82.32045,13.746828,81.18331,81.42329,7.86799,8.498291,253.23976
81.52981,13.772129,80.926125,81.164604,7.5483527,8.14492,219.20523
81.39986,13.808361,86.684296,86.908646,7.265625,7.8350673,191.86975
81.2699,13.844594,92.442474,92.652695,6.982897,7.525215,163.20067
81.314674,13.872827,94.92186,95.20655,6.8466654,7.375299,152.25648
81.35945,13.901058,97.40124,97.76042,6.710434,7.2253833,140.81764
81.57892,13.970568,101.51468,101.86105,6.738521,7.265982,145.38268
81.798386,14.040076,105.62811,105.96169,6.7666078,7.3065805,151.14673
81.87974,14.128125,109.26822,109.82073,6.784281,7.330462,155.21188
81.9611,14.216173,112.90834,113.67979,6.801954,7.354343,159.66095
82.13898,14.297159,116.051575,116.816185,7.126137,7.7462773,194.5362
82.31685,14.378146,119.1948,119.95258,7.45032,8.138211,228.32048
82.36618,14.517723,121.3666,122.1599,7.465869,8.202752,234.8652
82.41551,14.657301,123.53841,124.36722,7.481418,8.267293,236.99458
82.57691,14.814392,125.51719,126.35003,7.563246,8.4241085,245.50307
82.73831,14.971483,127.49596,128.33286,7.645073,8.580923,253.88792
83.15626,15.0968,132.62965,133.41286,7.9981823,9.069548,288.89352
83.57421,15.222116,137.76334,138.49286,8.351292,9.558171,325.17496
84.284065,15.3616705,142.62724,143.33008,8.421189,9.745926,338.11914
84.99391,15.501224,147.49113,148.1673,8.491088,9.93368,354.81003
85.57076,15.738683,154.39397,154.74141,8.385275,10.054071,372.5813
86.14762,15.976141,161.2968,161.31552,8.279462,10.174463,386.32367
87.47936,16.081656,165.05104,165.65665,8.132083,10.262724,387.53207
88.8111,16.187172,168.80527,169.99777,7.9847045,10.350985,385.8691
89.8728,16.185839,172.08165,173.23024,7.8054495,10.127364,372.3979
90.9345,16.18451,175.35802,176.4627,7.626193,9.903742,358.4781
91.829445,16.243694,178.64828,181.12383,7.189793,9.712349,358.85324
92.72439,16.30288,181.93855,185.78493,6.7533927,9.520956,361.61182
93.28084,16.329311,196.40503,201.45578,6.120192,8.92469,268.53976
93.83729,16.355743,210.8715,217.12665,5.486991,8.328424,209.53554
91.5067,16.363201,227.28955,233.68506,5.316736,8.232374,221.54126
89.1761,16.37066,243.70761,250.24345,5.1464815,8.136324,188.81369
87.68603,16.416315,248.80072,255.05826,5.365492,8.530657,202.30907
86.19595,16.461971,253.8938,259.87305,5.584503,8.924991,240.8222
85.91854,16.518341,260.60355,266.1241,5.8892064,9.315366,260.955
85.64111,16.57471,267.31326,272.37518,6.19391,9.705742,289.38043
85.775024,16.558893,270.5467,275.19235,6.0998807,9.590998,276.90454
85.908936,16.543077,273.78015,278.00952,6.0058517,9.4762535,267.10834
86.24271,16.504122,274.69455,279.35562,5.939732,9.309553,253.05579
86.57647,16.465166,275.60892,280.70172,5.873612,9.142853,240.15103
86.84384,16.414986,275.74146,281.29202,5.8443103,9.036364,233.26353
87.11122,16.364803,275.874,281.8823,5.815008,8.929874,224.92053
84.515526,16.490002,272.96597,278.4868,7.1544247,10.628467,379.38132
81.91983,16.6152,270.05792,275.0913,8.49384,12.327057,479.68063
82.41806,16.518433,271.6565,276.90417,8.203293,11.89269,459.46915
82.91629,16.421665,273.25504,278.71707,7.9127455,11.458322,436.97717
83.552925,16.37115,272.0724,277.37036,7.7881193,11.283676,428.5187
84.18957,16.320635,270.88974,276.02368,7.663492,11.109031,413.25317
84.85185,16.261936,272.82703,277.5319,7.5640016,10.995309,399.8858
85.514145,16.20324,274.76434,279.04007,7.4645114,10.881587,386.3481
86.17731,16.158587,276.07867,279.8553,7.400023,10.809657,376.81757
86.84047,16.113935,277.393,280.67053,7.3355336,10.737727,365.3914
87.6392,16.062084,278.85257,281.89923,7.33349,10.737578,359.79376
88.43793,16.010233,280.3121,283.12796,7.331447,10.737429,354.65555
88.5551,16.041311,286.79953,289.56207,7.399209,10.941793,380.92227
88.67227,16.072388,293.28696,295.99615,7.466972,11.146156,407.46622
89.26242,16.05819,292.71622,296.5117,7.4247675,10.989191,386.41498
89.85257,16.043993,292.1455,297.02722,7.3825636,10.832225,364.9713
90.497856,15.998194,289.60336,295.0946,6.981748,10.242047,306.25055
91.14314,15.952395,287.0612,293.16202,6.5809326,9.65187,264.7336
90.99326,15.981756,293.3621,298.9217,6.4258447,9.578911,269.55942
90.84339,16.011116,299.663,304.6814,6.2707567,9.505953,285.39545
91.02476,15.987139,297.3009,303.41864,5.6822195,8.664349,224.01988
91.20612,15.963161,294.93878,302.1559,5.0936823,7.822744,175.69675
91.38772,15.929784,291.56555,299.21484,4.983257,7.6030173,165.77968
91.569305,15.896406,288.19238,296.2738,4.8728313,7.3832912,148.52202
91.837845,15.8611355,288.53638,296.6149,4.832411,7.2579465,138.50665
92.106384,15.825863,288.88037,296.956,4.79199,7.1326013,128.28027
92.328606,15.790778,291.70444,299.83347,4.5864663,6.8008313,104.65039
92.550835,15.755693,294.5285,302.7109,4.380943,6.469061,82.8905
92.726875,15.719314,299.0055,306.92242,4.1165624,6.0134916,65.71084
92.902916,15.682936,303.48245,311.13394,3.8521821,5.557922,56.11114
93.176544,15.631686,302.66904,311.6369,3.3277636,4.715013,44.668396
93.450165,15.580438,301.85565,312.13983,2.8033447,3.8721044,36.183643
93.66588,15.543613,294.8644,304.1952,2.803787,3.7248464,25.454344
93.881584,15.506789,287.8732,296.25052,2.8042293,3.577588,13.464424
93.98872,15.494496,278.73712,286.80807,2.8558743,3.6627066,9.169956
94.095856,15.482204,269.60107,277.36563,2.9075196,3.7478251,5.7899604
94.1056,15.496638,263.16397,271.05014,2.9286964,3.8246698,7.917012
94.11534,15.51107,256.7268,264.73465,2.9498732,3.9015145,5.2650557
94.00414,15.556142,251.46521,260.79022,2.8487754,3.872962,5.361232
93.89294,15.6012125,246.20358,256.84586,2.747677,3.84441,6.780589
93.737724,15.646309,239.28851,250.67311,2.712919,3.8909957,10.675484
93.58252,15.691405,232.37343,244.50037,2.678161,3.9375818,13.867718
93.3562,15.750546,225.44714,236.55319,2.7051387,4.0993176,14.265199
93.12988,15.809689,218.52086,228.60603,2.7321165,4.2610536,15.992749
93.01867,15.864587,212.61601,221.76805,2.8155363,4.5987697,17.298677
92.90744,15.919485,206.71115,214.93007,2.898956,4.9364853,21.53809
93.0065,15.987728,201.52144,210.04042,3.2398996,5.5003514,40.450924
93.10557,16.055973,196.33174,205.15077,3.5808434,6.064218,69.45046
93.306946,16.199049,193.01608,199.34319,4.7256246,7.648682,181.70248
93.50833,16.342125,189.70041,193.53561,5.8704057,9.233147,336.81357
93.07807,16.363815,192.76543,197.09483,6.2960443,9.736481,379.98782
92.647804,16.385506,195.83044,200.65404,6.721683,10.239816,417.59152
92.68046,16.379786,202.01816,208.43854,6.7432256,10.197549,405.87875
92.7131,16.374063,208.2059,216.22304,6.764767,10.155281,395.1531
92.90521,16.339905,215.58092,223.7514,6.3895802,9.742607,348.78973
93.09733,16.305744,222.95593,231.27982,6.0143924,9.329931,322.24454
92.77361,16.283064,227.74707,235.86882,5.899237,9.200783,311.17645
92.44989,16.260382,232.53818,240.45784,5.7840824,9.071635,297.37323
91.7868,16.249454,237.05186,245.68994,5.8413796,9.16239,290.23526
91.12371,16.238525,241.56557,250.92204,5.8986773,9.253144,277.75055
89.94418,16.275734,244.18562,253.8629,5.9106755,9.310712,261.11813
88.76466,16.31294,246.80571,256.80377,5.922673,9.368279,252.70496
87.74715,16.322872,247.7691,257.8211,5.724136,9.10023,229.09685
86.72963,16.332804,248.73248,258.83844,5.525598,8.832181,223.57307
85.98407,16.338165,246.0618,257.27945,5.218246,8.392734,217.75833
85.2385,16.343525,243.3911,255.72046,4.910895,7.9532866,205.51674
84.96254,16.353249,234.56029,246.20221,5.0656576,7.997612,196.34657
84.68656,16.362972,225.7295,236.68396,5.220421,8.041938,203.05649
84.12792,16.372007,223.0609,232.54445,5.5669203,8.549256,244.71864
83.56928,16.381042,220.3923,228.40494,5.9134192,9.056575,267.95285
83.285706,16.36765,218.94992,224.86386,6.504846,9.7622595,304.38196
83.00213,16.354254,217.50757,221.32281,7.096272,10.467945,347.3074
82.97105,16.27649,220.31078,223.14769,6.9657145,10.234287,332.56534
82.93996,16.198725,223.11401,224.97256,6.8351564,10.000628,315.84512
82.30135,16.23642,226.29126,228.70003,6.658143,9.985013,321.23813
81.66275,16.274115,229.4685,232.42747,6.4811296,9.969397,327.63037
80.872284,16.379892,224.6456,229.07379,6.6713753,10.306983,349.5841
80.08182,16.48567,219.82266,225.72011,6.8616214,10.644569,376.16922
80.21302,16.626717,216.44116,223.05042,7.2673717,11.212322,420.52048
80.34423,16.767765,213.05966,220.38072,7.6731224,11.780077,459.08746
81.241684,16.88122,214.98267,221.90417,7.9935412,12.260012,482.54407
82.13914,16.994677,216.90567,223.42763,8.313961,12.739947,505.5548
82.885475,17.07791,221.19989,227.28412,8.527566,13.142388,521.37463
83.631805,17.161142,225.49411,231.14062,8.741172,13.544831,533.68896
83.119255,17.215345,229.5766,234.97597,8.967435,13.969979,541.21515
82.6067,17.269548,233.65909,238.8113,9.193699,14.395129,546.82574
82.628174,17.249535,234.45134,239.13936,9.481647,14.75106,552.3061
82.64965,17.229523,235.2436,239.46742,9.769595,15.106989,557.138
83.16584,17.147459,236.92023,241.28996,9.975347,15.256852,557.81805
83.68202,17.065395,238.59685,243.11247,10.181098,15.406714,559.1696
84.1334,17.00209,239.38663,243.51004,10.43312,15.666225,562.3352
84.58478,16.938786,240.17642,243.90758,10.685142,15.925738,564.349
85.18264,16.847155,238.86517,242.38437,10.9046135,16.127987,565.8116
85.7805,16.755527,237.5539,240.86118,11.124085,16.330236,568.44305
85.6353,16.697723,237.91574,240.98558,11.195551,16.063696,564.79004
85.49009,16.63992,238.27759,241.10999,11.267017,15.797153,560.7662
84.07049,16.420452,237.34442,239.6277,11.639541,15.848882,561.18
82.65089,16.200985,236.41125,238.14546,12.012063,15.900609,560.73615
83.81684,16.076202,237.35376,239.05313,11.953484,15.714739,560.6124
84.982796,15.951419,238.29626,239.96082,11.894904,15.528869,560.1957
85.76224,15.871629,237.98523,239.61073,11.882853,15.466774,561.2432
86.54169,15.791839,237.6742,239.26065,11.870802,15.404681,560.76306
87.34307,15.732239,238.54553,240.2082,12.245021,15.854518,561.84094
88.14446,15.672638,239.41685,241.15578,12.619241,16.304354,560.96387
88.898674,15.639481,236.49042,238.29701,12.564559,16.190968,558.5819
89.65289,15.606323,233.564,235.43826,12.509876,16.077581,555.8304
89.93093,15.62738,232.16283,234.02196,12.519705,16.115065,555.1962
90.20897,15.6484375,230.76166,232.60565,12.529533,16.152546,554.57324
90.78448,15.648939,230.987,232.77055,12.245396,15.805667,551.5758
91.35999,15.649442,231.21237,232.93542,11.961258,15.458785,549.99054
91.47534,15.663975,231.27254,233.23451,11.911242,15.414226,550.05316
91.59069,15.678508,231.3327,233.53362,11.861226,15.369665,549.94617
90.99845,15.736577,232.05707,234.30702,12.230515,15.914422,551.9535
90.406204,15.794647,232.78146,235.08044,12.599804,16.45918,555.70013
90.57542,15.663409,241.37396,243.1903,12.008544,15.513181,547.65845
90.74463,15.532172,249.96646,251.30017,11.417285,14.56718,536.5556
88.47007,15.1022835,268.57382,269.74246,9.595456,11.934078,453.63367
86.19552,14.672394,287.18118,288.18475,7.7736273,9.300977,224.63324
83.57006,14.21976,296.01956,296.67197,6.964426,8.05424,190.55844
80.9446,13.767126,304.8579,305.1592,6.155225,6.807504,103.74482
78.670815,13.612983,305.42493,305.7385,6.4430323,7.063425,89.34475
76.39703,13.458838,305.99197,306.31778,6.7308393,7.3193464,105.62865
74.02274,13.119315,310.24176,310.50043,7.265469,7.89192,144.80034
71.64845,12.779792,314.49155,314.6831,7.800099,8.464494,222.43146
70.54536,12.659026,314.53748,314.72537,7.515112,8.129146,190.58804
69.44225,12.538262,314.58337,314.76764,7.2301254,7.7937965,136.2857
68.06922,12.645884,313.006,313.2315,7.3511677,7.9695854,150.18134
66.69619,12.753506,311.4287,311.6954,7.4722095,8.145375,158.92888
65.21562,12.896547,311.7739,311.94086,7.8401227,8.59334,203.40668
63.735054,13.039587,312.11908,312.18637,8.208035,9.041305,253.12646
64.23469,13.114335,310.69464,310.6443,8.380161,9.223316,287.3788
64.73432,13.189083,309.27017,309.1022,8.552288,9.405328,321.29678
66.40116,13.133174,307.69604,307.4896,8.517108,9.335717,318.4263
68.068,13.077264,306.12192,305.87698,8.481929,9.2661085,305.7233
67.723404,13.002381,305.5953,305.28104,8.46407,9.207868,305.21463
67.3788,12.927501,305.0687,304.6851,8.446213,9.149628,304.6504
66.88412,12.824056,305.54205,305.2797,8.326895,8.984478,291.67007
66.38945,12.720612,306.0154,305.87427,8.207578,8.819328,268.8536
65.87136,12.634515,306.20767,306.14062,7.8899918,8.454422,209.2221
65.35327,12.548417,306.4,306.40692,7.572407,8.089515,160.46663
64.924965,12.539264,309.01523,309.07944,7.413291,7.919175,143.27005
64.496666,12.53011,311.63046,311.75192,7.2541747,7.748835,131.5278
63.94983,12.530104,314.2667,314.37674,7.139362,7.616562,128.95824
63.402996,12.530097,316.90298,317.00153,7.0245485,7.484289,130.72171
65.66546,12.587891,317.60452,317.70404,6.6296697,7.020931,105.281715
67.92792,12.645683,318.3061,318.4066,6.2347913,6.557572,93.84633
67.39648,12.623379,317.78543,317.90906,5.834825,6.12422,82.83615
66.86504,12.601074,317.26477,317.41156,5.4348593,5.6908684,69.25047
67.21425,12.607328,318.40643,318.57846,5.3779244,5.627814,68.372986
67.56345,12.613584,319.54813,319.74536,5.3209896,5.5647593,68.6832
67.95445,12.601806,319.64175,319.8958,5.12275,5.348225,63.747215
68.34547,12.59003,319.73538,320.0463,4.92451,5.1316905,65.23197
68.44439,12.5777,319.12936,319.51645,4.428194,4.602982,68.0173
68.54332,12.565369,318.52332,318.98663,3.9318776,4.0742736,56.493942
68.3828,12.553466,320.56485,321.14697,3.3935716,3.5027702,40.94184
68.22228,12.541561,322.60638,323.3073,2.8552654,2.931267,19.595505
68.16062,12.5455885,322.7763,323.69733,2.3854177,2.4376898,2.791521
68.09896,12.549615,322.94623,324.0873,1.9155699,1.9441128,-11.706409
67.59475,12.578323,310.93988,307.31448,1.6256331,1.6413199,-21.43785
67.09053,12.607032,298.9336,290.5417,1.3356962,1.3385268,-22.843298
66.96,12.652924,308.96863,290.52502,1.3779422,1.383099,-8.816634
66.82947,12.698815,319.00363,290.5084,1.4201881,1.4276708,2.8802273
66.88018,12.738363,314.2584,300.801,1.39414,1.3988883,-12.374856
66.93089,12.777909,309.51315,311.09366,1.3680917,1.3701057,-28.795286
66.88723,12.806268,297.6492,298.90134,1.2588401,1.2535751,-34.045223
66.84356,12.834625,285.78522,286.709,1.1495883,1.1370444,-34.501507
66.7119,12.853697,268.23578,267.88846,1.1337273,1.121254,-50.4823
66.58023,12.872769,250.68634,249.0679,1.1178662,1.1054636,-58.49708
66.30226,12.89896,237.79019,235.71443,1.2295673,1.2312644,-47.640125
66.024284,12.92515,224.89406,222.36093,1.3412684,1.3570652,-26.709444
65.89775,12.9626875,223.76129,221.94128,1.5483649,1.5759481,-20.361439
65.77122,13.000223,222.62857,221.5216,1.7554613,1.794831,-16.980558
65.48845,13.045349,224.3472,223.13605,1.8319962,1.8775458,-17.814571
65.205666,13.090474,226.06584,224.75049,1.9085311,1.9602606,-19.375021
64.85192,13.129605,222.70607,221.53874,1.9392866,2.004094,-17.663843
64.49818,13.1687355,219.34627,218.327,1.9700418,2.0479271,-17.148996
64.35902,13.225967,216.20059,215.40807,2.2460704,2.3440316,-13.114733
64.21985,13.2832,213.05493,212.48915,2.522099,2.6401358,-9.85106
64.9747,13.367843,208.06047,207.63289,2.9433215,3.0921113,3.3884296
65.729546,13.452487,203.06601,202.77663,3.3645442,3.544087,16.70075
66.63363,13.584353,203.12448,202.82822,3.7709277,3.9823399,38.01574
67.53773,13.71622,203.18294,202.87982,4.1773114,4.4205933,63.83153
68.68213,13.865434,205.42502,205.0874,4.7279086,5.018326,92.84027
69.82653,14.0146475,207.66711,207.29501,5.2785068,5.6160583,119.25976
70.95514,14.20338,207.99214,207.6497,5.7752533,6.1774483,148.70586
72.083755,14.39211,208.31715,208.00441,6.272,6.7388387,169.21426
73.64567,14.510755,213.53198,213.21799,6.783593,7.3381066,203.77509
75.20758,14.629397,218.7468,218.4316,7.2951856,7.937375,248.68196
76.30941,14.783116,218.4505,218.20653,7.333658,8.016665,248.90402
77.41123,14.936835,218.15419,217.98145,7.3721304,8.095957,243.80554
78.785736,14.9985895,216.90976,216.76994,7.5145836,8.281582,245.3296
80.16023,15.060344,215.66533,215.55841,7.6570373,8.467208,237.66333
84.94438,14.903092,221.17915,221.10083,7.3422413,8.108675,144.74423
89.72853,14.745842,226.69295,226.64325,7.027446,7.7501426,165.75716
89.69713,14.682058,224.0434,224.01038,7.1655874,7.883075,173.69885
89.665726,14.618272,221.39384,221.3775,7.3037295,8.016008,185.0884
90.06922,14.557318,217.00665,217.02805,7.314897,8.016382,192.58347
90.472725,14.496366,212.61945,212.67857,7.326064,8.016756,198.35722
89.63777,14.734919,211.67567,211.69719,7.4411397,8.225169,203.34792
88.80282,14.973474,210.73192,210.71579,7.5562162,8.433583,199.67052
89.37616,15.178981,206.47545,206.59456,7.8054576,8.855387,238.82158
89.9495,15.384487,202.21901,202.4733,8.054699,9.277191,283.2246
91.47071,15.414714,199.23218,199.54654,8.25453,9.640227,338.87137
92.99193,15.444939,196.24535,196.61977,8.454361,10.003264,398.8346
92.322556,15.660368,201.34787,202.0898,9.941836,12.1004,519.48505
91.653175,15.875796,206.45035,207.55983,11.429313,14.1975355,551.65247
91.85977,16.007011,209.04929,209.93617,11.306827,14.164249,551.03986
92.06636,16.138227,211.64824,212.31253,11.184341,14.130963,550.33136
92.638824,16.202396,207.23967,208.04836,10.200265,13.084216,543.70966
93.21127,16.266563,202.83112,203.78418,9.216189,12.037468,525.742
92.20539,16.482601,213.53082,214.42946,10.86785,14.26009,553.89764
91.19951,16.698639,224.2305,225.07475,12.519511,16.482714,553.63666
90.81087,16.737846,226.13245,226.80171,12.61005,16.603655,554.4763
90.422226,16.777052,228.03441,228.52867,12.700588,16.724598,555.01855
90.477104,16.699224,234.51524,235.05232,12.469088,16.327173,552.26495
90.53198,16.621399,240.99606,241.57597,12.237587,15.9297495,547.9698
91.17477,16.177952,252.23975,252.5439,10.735114,13.534036,512.6119
91.81755,15.734504,263.48343,263.51184,9.232642,11.13832,397.06467
92.0385,15.314188,272.81717,273.05026,8.48143,9.884614,256.95474
92.259445,14.893873,282.15088,282.5887,7.730217,8.630909,160.9864
92.04539,14.669936,289.268,289.51892,8.2158785,9.154332,186.14069
91.83133,14.446001,296.38513,296.44913,8.701539,9.677754,234.86874
90.09305,14.206602,303.75287,303.75378,9.051497,10.015793,272.82007
88.35477,13.967203,311.12057,311.0584,9.401454,10.353829,312.93402
84.59523,13.517754,310.5585,310.60867,9.64318,10.620335,366.74252
80.83569,13.068304,309.9964,310.1589,9.884906,10.88684,424.2714
79.000404,13.217159,306.66907,306.78333,10.195379,11.341205,465.22592
77.165115,13.3660145,303.34174,303.40775,10.505854,11.795571,489.10242
73.610016,13.5475445,299.33817,299.4319,11.298474,12.827817,526.0552
70.05491,13.7290745,295.3346,295.456,12.091096,13.860063,536.30597
67.87919,13.602573,293.75558,293.9237,12.420761,14.263638,534.32385
65.70345,13.47607,292.17654,292.3914,12.750426,14.667213,544.91284
66.220085,13.380646,290.73215,290.97772,13.013639,15.006824,549.56506
66.73671,13.28522,289.28772,289.56406,13.276854,15.346434,553.3329
68.329575,13.102322,289.48718,289.7828,13.428083,15.516433,559.9528
69.92244,12.919423,289.68665,290.00162,13.579314,15.686432,564.00574
71.29393,12.7706375,293.2147,293.50162,13.911784,16.117495,568.94727
72.66542,12.621849,296.7428,297.00165,14.244254,16.548557,573.1658
72.950226,12.530748,297.69455,297.969,14.346784,16.683117,574.12946
73.23503,12.439646,298.64627,298.93634,14.449312,16.817677,575.066
72.93814,12.45443,299.4605,299.74454,14.157401,16.445566,573.64124
72.64126,12.4692135,300.27475,300.5527,13.865492,16.073458,571.6171
72.74114,12.312713,299.5518,299.82144,13.95292,16.159382,573.13104
72.84103,12.156212,298.82883,299.09015,14.040348,16.245304,574.7548
72.34381,12.09344,298.49725,298.80173,13.975517,16.145031,574.4036
71.8466,12.030667,298.1657,298.5133,13.910687,16.044758,574.28253
72.33637,11.929173,297.39554,297.67294,13.901318,16.002625,575.06476
72.82613,11.827681,296.62537,296.83255,13.891949,15.960492,575.9296
73.35629,11.758419,296.21616,296.4509,13.947548,16.0154,576.8753
73.88645,11.689158,295.80692,296.06924,14.003148,16.070307,577.5814
73.67079,11.542507,296.13507,296.37003,13.941864,15.951195,577.9413
73.45514,11.395857,296.46326,296.67078,13.880579,15.832083,577.566
72.895424,11.295485,296.51236,296.7244,13.912732,15.862834,577.3246
72.33572,11.195112,296.5615,296.77798,13.944882,15.893585,577.1461
71.74097,11.073884,296.6554,296.86166,13.916122,15.832359,576.39557
71.14622,10.952657,296.7493,296.9453,13.887361,15.7711315,575.57007
70.85869,10.87179,295.8245,296.02548,13.870364,15.731205,575.41925
70.57116,10.790924,294.8997,295.10565,13.853369,15.6912775,575.4317
70.136696,10.721133,294.52744,294.7362,13.807474,15.619225,575.11414
69.702225,10.651343,294.1552,294.3668,13.7615795,15.547172,574.815
68.969795,10.616867,294.2982,294.50955,13.808467,15.607949,574.68463
68.23737,10.58239,294.44116,294.65228,13.855353,15.668725,575.12683
67.74635,10.561216,294.80182,295.00812,13.925773,15.760506,575.8461
67.25533,10.540042,295.16245,295.36392,13.996191,15.852286,576.69556
67.13177,10.53891,295.14786,295.33868,14.099786,15.991341,577.26904
67.0082,10.537777,295.13324,295.31342,14.20338,16.130394,577.8343
66.53126,10.610789,295.25687,295.42746,14.246148,16.21124,578.23926
66.054306,10.6838,295.38052,295.54147,14.288915,16.29209,578.66077
65.05166,10.798765,296.06577,296.2095,14.228308,16.234337,578.9988
64.04901,10.91373,296.75098,296.8775,14.167702,16.176586,578.4688
62.732517,11.034161,297.9793,298.09802,14.138394,16.157171,577.5148
61.416035,11.154592,299.20764,299.31857,14.109086,16.137756,577.3778
60.537243,11.242461,300.25705,300.36816,14.030651,16.052925,577.7803
59.65846,11.330329,301.30643,301.41776,13.952217,15.968095,577.66327
58.845795,11.389396,301.84665,301.9481,13.825313,15.7986355,576.9087
58.03313,11.4484625,302.38687,302.47842,13.698407,15.629177,576.1943
57.568695,11.465891,303.23004,303.3282,13.48239,15.338246,574.6284
57.10426,11.48332,304.07324,304.17792,13.266375,15.047316,572.9086
57.093758,11.452687,304.76135,304.86148,13.229417,14.985952,573.01154
57.083252,11.422054,305.44943,305.54507,13.19246,14.924591,573.10895
57.53018,11.294768,306.5157,306.58868,13.161476,14.857111,573.5214
57.97711,11.167484,307.58194,307.63226,13.13049,14.789631,573.7903
59.551968,10.983629,308.5421,308.56317,13.268634,14.95644,574.43414
61.12682,10.799774,309.50232,309.4941,13.406776,15.123248,576.6054
64.02563,10.544372,310.14722,310.11014,13.500129,15.2203665,575.895
66.92443,10.288971,310.79208,310.72614,13.593481,15.317483,572.5176
69.3819,10.062062,310.6253,310.6142,13.636567,15.340248,572.0157
71.83936,9.835155,310.45847,310.50226,13.679654,15.363014,571.4549
74.606865,9.659086,311.73788,311.84857,12.439009,13.765483,553.5145
77.374374,9.483019,313.0173,313.19485,11.198364,12.1679535,483.17212
77.077095,9.475782,315.01746,315.1618,11.564998,12.627281,508.8874
76.779816,9.468546,317.0176,317.12872,11.931631,13.086609,528.27954
77.10557,9.410671,318.79245,318.91348,11.95028,13.107921,524.0036
77.431335,9.352797,320.5673,320.69824,11.96893,13.129233,520.1402
76.86868,9.402974,321.36142,321.55307,12.338565,13.62173,537.73444
76.30604,9.453152,322.15558,322.40793,12.7082,14.114226,548.5969
74.286934,9.59139,322.76212,322.97775,13.180198,14.745929,559.20197
72.26784,9.729628,323.36865,323.5476,13.652194,15.377631,567.0121
70.575806,9.800398,322.68475,322.89496,13.998081,15.849238,571.6738
68.88377,9.871168,322.0009,322.2423,14.343969,16.320845,576.3991
69.155106,9.714262,322.98715,323.1424,14.321559,16.239714,576.37683
69.42644,9.557356,323.97345,324.04248,14.299151,16.15858,576.05237
70.641624,9.379125,325.12897,325.19727,13.924474,15.648946,571.0154
71.85682,9.200893,326.2845,326.35202,13.549797,15.13931,565.146
71.78593,9.172956,326.93015,327.03085,13.128786,14.584794,559.2309
71.71504,9.14502,327.57578,327.70966,12.707775,14.030277,549.5924
71.239624,9.191257,327.07852,327.18228,12.4222765,13.65709,543.4512
70.764206,9.237494,326.5813,326.6549,12.136777,13.283904,536.79144
70.2808,9.269578,325.6566,325.737,11.946492,13.04636,534.38025
69.79739,9.301662,324.7319,324.8191,11.756208,12.808817,531.208
68.96433,9.39192,324.30188,324.40393,11.649755,12.686809,530.4088
68.13126,9.482178,323.8719,323.98877,11.543301,12.564801,529.2156
68.10684,9.541999,324.5906,324.71548,11.534417,12.567904,528.2922
68.08243,9.60182,325.3094,325.4422,11.525534,12.57101,527.3107
68.10723,9.682495,325.32626,325.4644,11.489476,12.528585,525.18524
68.13205,9.76317,325.34314,325.48657,11.453419,12.486162,523.0533
68.25169,9.850457,325.19873,325.33594,11.399419,12.421166,520.02765
68.371346,9.937744,325.0543,325.18524,11.34542,12.356171,516.78284
68.06161,10.06262,324.35706,324.46512,11.1714525,12.154701,509.6347
67.75186,10.187497,323.65982,323.745,10.997485,11.953232,502.28326
67.445724,10.342508,323.98645,324.0325,10.82794,11.771149,494.7089
67.13958,10.497521,324.31308,324.32,10.658395,11.5890665,486.21637
66.62795,10.634229,323.62335,323.69513,10.449055,11.339361,473.44485
66.11632,10.770935,322.93365,323.07028,10.239715,11.089658,457.58316
66.24823,10.840303,322.95584,323.12772,10.040329,10.851194,441.245
66.38015,10.909672,322.97806,323.18515,9.840943,10.612731,422.64908
66.78362,10.944799,322.10983,322.31174,9.583285,10.307466,391.05368
67.18711,10.979929,321.2416,321.43832,9.325626,10.002199,353.13303
65.83609,11.185941,321.45233,321.60632,9.051813,9.695836,317.4547
64.48508,11.391954,321.66306,321.77435,8.778001,9.389472,267.72205
62.960415,11.545378,321.89944,321.9955,8.382967,8.9409275,235.71379
61.435757,11.698801,322.13583,322.2167,7.9879327,8.492382,218.58482
61.4629,11.737395,321.31042,321.35117,7.407914,7.8470116,182.42473
61.490036,11.7759905,320.48502,320.48566,6.827895,7.2016406,139.2671
61.746376,11.809682,317.64447,317.63663,6.438338,6.7758207,113.62987
62.00271,11.843373,314.80392,314.7876,6.048781,6.3500004,95.83943
64.65962,11.88712,319.42145,319.44492,6.9151793,7.3240385,121.37517
67.316536,11.930867,324.03897,324.10226,7.7815776,8.298076,151.61298
67.70884,11.934359,323.45755,323.5406,7.405648,7.870256,129.0802
68.10114,11.937849,322.87613,322.9789,7.029719,7.4424367,113.69872
69.096405,11.822294,322.072,322.2063,6.693698,7.0623817,100.38866
70.09166,11.706739,321.26785,321.4337,6.357678,6.682327,76.17009
70.866455,11.6460705,320.62958,320.71158,5.9149666,6.216874,53.85532
71.64125,11.585402,319.9913,319.98944,5.4722557,5.7514215,55.218945
71.35548,11.615125,319.19836,319.13785,5.05848,5.31386,55.89033
71.0697,11.644847,318.40543,318.2863,4.644703,4.8762984,52.86182
71.01345,11.658793,317.05542,316.92624,4.4688106,4.6828623,47.883858
70.95721,11.672739,315.70538,315.56622,4.292918,4.489426,42.296627
71.05281,11.665728,315.83563,315.711,4.1741195,4.365781,39.113434
71.148415,11.658715,315.9659,315.85577,4.055321,4.242136,34.656277
71.16007,11.654318,317.0704,316.9371,3.952656,4.1312714,31.93456
71.17173,11.649922,318.1749,318.01846,3.8499916,4.0204067,29.715647
71.0497,11.653665,319.03442,318.90442,3.7103996,3.8735106,26.501799
70.92768,11.657406,319.89398,319.79034,3.570808,3.7266147,23.056416
70.75998,11.684658,321.38696,321.29303,3.3570306,3.4964802,17.449972
70.592285,11.71191,322.87994,322.7957,3.1432536,3.266346,11.328328
70.40208,11.741718,321.01254,320.9624,2.9729578,3.0831444,5.730618
70.21188,11.771525,319.14514,319.12915,2.802662,2.8999426,1.514127
70.19204,11.79442,317.71848,317.64243,2.6746898,2.764799,-1.2357919
70.172195,11.817315,316.2918,316.1557,2.546718,2.6296554,-4.1958423
69.9844,11.851306,313.3994,313.36713,2.4497015,2.5240114,-7.180028
69.79661,11.885298,310.50702,310.57858,2.3526852,2.4183676,-8.869833
69.61696,11.898141,311.89996,312.10733,2.2474995,2.3029437,-11.125735
69.43731,11.910983,313.2929,313.63605,2.1423135,2.1875203,-13.05022
69.12262,11.922473,319.89383,320.40347,1.860702,1.8932052,-14.811947
68.80793,11.933964,326.49475,327.1709,1.5790907,1.5988902,-12.195237
68.35655,11.954677,308.01303,303.85907,1.4142071,1.4305341,-24.342985
67.90518,11.975389,289.53125,280.5472,1.2493235,1.2621781,-29.663177
67.592384,12.004191,198.16953,184.19078,1.234255,1.2465878,-2.8760593
67.27959,12.032993,106.80779,87.834335,1.2191867,1.2309976,21.295929
67.11429,12.057083,74.54662,65.84328,1.2366141,1.2538947,16.285229
66.94898,12.081173,42.285458,43.85222,1.2540417,1.2767917,10.767095
66.78146,12.12363,55.499134,57.045826,1.3496361,1.3804108,12.976063
66.61394,12.166087,68.712814,70.23943,1.4452306,1.4840298,5.698632
66.81403,12.192351,77.04085,78.63362,1.4422252,1.4835486,-1.1796407
67.01413,12.218617,85.36889,87.027794,1.43922,1.4830676,-6.8236084
67.39889,12.257342,89.9704,91.51233,1.580723,1.6283625,-6.29726
67.783646,12.296067,94.57189,95.996864,1.722226,1.7736576,-1.9639763
68.1481,12.320886,99.52509,100.76957,1.9015231,1.9629693,4.109868
68.51256,12.345703,104.47828,105.542274,2.0808203,2.1522813,8.557224
68.63418,12.381388,109.250206,110.27063,2.113062,2.1912844,11.173882
68.7558,12.417074,114.02213,114.998985,2.1453037,2.2302876,13.165245
68.743065,12.471773,113.68328,114.60619,2.2802334,2.374973,14.133559
68.73033,12.526471,113.34444,114.21341,2.4151633,2.5196586,14.474299
70.11818,12.504487,114.506165,115.18839,2.6384344,2.7502608,15.708289
71.506035,12.482503,115.667885,116.16338,2.8617058,2.980863,23.501183
71.15926,12.530458,114.73956,115.095924,2.9294558,3.064948,23.899277
70.81249,12.578413,113.81123,114.028465,2.997206,3.1490328,24.278103
71.13522,12.575361,115.31471,115.45823,3.0580049,3.2026954,25.607359
71.45795,12.5723095,116.818184,116.88801,3.1188037,3.2563574,26.428802
72.3012,12.505999,118.75598,118.73613,3.163084,3.305894,27.625547
73.14445,12.439687,120.69377,120.58425,3.2073638,3.3554304,26.404686
73.997055,12.365118,121.38459,121.21909,3.309341,3.450648,26.04958
74.84967,12.290547,122.07539,121.85393,3.4113178,3.5458658,22.298998
75.35038,12.260671,119.19045,119.07198,3.557597,3.7020416,23.46434
75.85109,12.230795,116.3055,116.29003,3.703876,3.858218,26.522411
76.198296,12.234916,113.4735,113.493645,3.908872,4.077304,29.80119
76.54551,12.2390375,110.6415,110.69727,4.1138678,4.29639,32.507805
76.85131,12.248919,110.33534,110.37402,4.3258333,4.530724,33.946705
77.15711,12.258799,110.029175,110.05078,4.5377994,4.7650585,38.176353
76.286575,12.385215,111.235054,111.22649,4.7860775,5.042457,42.799248
75.41604,12.51163,112.440926,112.40218,5.034355,5.319856,47.673702
75.001915,12.594429,113.7568,113.78775,5.252193,5.5553575,54.84322
74.58779,12.677229,115.07267,115.17332,5.470031,5.7908587,64.73968
74.42315,12.742791,116.29672,116.40292,5.6163254,5.9571705,73.08417
74.258514,12.808353,117.52078,117.632545,5.76262,6.123482,82.23725
73.23505,12.910461,118.38127,118.491135,5.875302,6.259378,95.26494
72.21158,13.01257,119.24174,119.349724,5.9879837,6.395274,118.29387
71.67527,13.033235,122.166374,122.30166,5.9053307,6.3011928,121.777084
71.138954,13.053901,125.091,125.25361,5.8226786,6.2071114,124.29967
70.42207,13.07751,121.91968,122.12174,5.8901753,6.2851768,136.57755
69.7052,13.101118,118.74836,118.989876,5.9576716,6.363242,144.59027
68.74163,13.140065,116.8236,116.99609,6.1255813,6.5531917,160.7299
67.77806,13.179013,114.89884,115.00233,6.2934904,6.7431417,176.07326
67.53131,13.2051935,112.98637,113.0542,6.493648,6.9709644,186.25508
67.28457,13.231375,111.0739,111.10609,6.693805,7.1987877,197.24553
67.19958,13.244021,108.72907,108.74223,7.27163,7.8593497,242.41856
67.114586,13.25667,106.38424,106.37838,7.849454,8.519912,282.96448
67.28516,13.289122,106.64182,106.636,8.308301,9.074346,305.10416
67.455734,13.321573,106.89939,106.89363,8.767149,9.628781,331.08905
67.687004,13.344282,107.30216,107.32375,9.109109,10.058265,358.19003
67.918274,13.366991,107.70494,107.75389,9.451068,10.487749,397.61105
68.078995,13.406817,108.13941,108.19959,9.802476,10.958176,441.0554
68.23972,13.446645,108.57388,108.6453,10.153886,11.4286,476.56696
68.407005,13.4569845,109.16082,109.22855,10.494889,11.878209,501.66257
68.57429,13.467326,109.747734,109.811806,10.835894,12.327817,521.2859
69.064125,13.43698,109.8461,109.92635,11.229361,12.842171,538.72375
69.55396,13.406632,109.944466,110.04092,11.622828,13.356524,550.3287
69.3632,13.314806,111.88676,111.96319,11.845878,13.625254,553.20294
69.17243,13.222978,113.82905,113.885445,12.068929,13.893984,556.1879
70.55025,13.083219,115.26805,115.33053,12.092381,13.89362,554.63464
71.92806,12.943461,116.70706,116.775604,12.115832,13.893255,553.10565
72.752846,12.985904,114.09326,114.19055,12.274744,14.146449,558.24695
73.57763,13.028347,111.47947,111.605484,12.433656,14.399643,564.1594
73.44279,12.92135,112.000435,112.1328,12.491884,14.448246,564.73645
73.307945,12.814351,112.521385,112.66011,12.550112,14.496847,565.3641
72.360085,12.801932,112.53354,112.70707,12.563999,14.507736,565.38983
71.41223,12.789514,112.54569,112.75402,12.577887,14.518625,565.01666
71.81022,12.754949,112.45683,112.68456,12.600433,14.542805,565.885
72.20821,12.720385,112.36798,112.6151,12.622979,14.566984,566.67615
73.69936,12.687347,112.61291,112.8768,12.659709,14.610116,567.0994
75.19051,12.65431,112.85782,113.13852,12.696438,14.653247,566.6892
75.52824,12.674482,112.6852,112.97392,12.801004,14.806697,568.62573
75.86596,12.694654,112.51259,112.809326,12.905573,14.960148,570.1717
75.35438,12.739275,112.31073,112.6574,13.046418,15.16833,572.111
74.84279,12.783895,112.10888,112.50548,13.187264,15.3765135,574.05646
75.46098,12.801702,110.86615,111.24929,13.365465,15.626818,576.16284
76.07918,12.819509,109.623436,109.99311,13.543667,15.877123,578.0012
75.78538,12.863202,109.14487,109.51828,13.763126,16.199865,579.95294
75.49158,12.906895,108.66629,109.04345,13.982586,16.52261,580.98773
75.46468,12.96128,108.40644,108.78875,14.119273,16.735382,581.53955
75.4378,13.015666,108.146576,108.53404,14.255961,16.948154,582.0732
75.77247,13.060005,108.60077,108.98303,14.193937,16.88183,582.1171
76.10715,13.104343,109.05498,109.432014,14.131915,16.815506,582.16284
76.29063,13.114962,109.347336,109.742714,14.110792,16.780113,582.1325
76.474106,13.12558,109.6397,110.05342,14.089669,16.744722,582.1059
76.21929,13.138637,108.72523,109.1463,14.138909,16.823763,582.2754
75.964485,13.151692,107.810745,108.2392,14.1881485,16.902802,582.44147
75.59141,13.19804,106.41783,106.84682,14.298608,17.067688,582.72943
75.21833,13.244388,105.0249,105.454445,14.409065,17.232573,583.0981
74.92356,13.314947,103.96938,104.38036,14.52428,17.422752,583.41235
74.62879,13.385509,102.91388,103.3063,14.639493,17.612932,583.74
74.99765,13.445242,101.827484,102.22934,14.812588,17.89277,584.1749
75.36651,13.504977,100.74108,101.15238,14.985682,18.172607,584.1578
75.93738,13.555705,100.487305,100.89436,15.178754,18.489252,583.65753
76.50823,13.606431,100.23353,100.63634,15.371827,18.805897,582.92426
77.113556,13.643009,100.47332,100.86376,15.485499,18.983376,582.0864
77.71889,13.679586,100.71311,101.0912,15.599169,19.16085,580.87354
77.98734,13.731585,101.44755,101.854225,15.810619,19.489172,579.6981
78.255806,13.783583,102.18201,102.61724,16.02207,19.817492,578.4102
78.10875,13.775966,102.64895,103.16886,16.220142,20.116312,577.7564
77.9617,13.768348,103.1159,103.72048,16.418219,20.41513,577.04974
78.264725,13.697508,103.22219,103.90139,16.66316,20.75328,575.0899
78.56774,13.626668,103.32849,104.0823,16.908104,21.09143,572.5114
80.68281,13.440408,102.89386,103.55348,17.025164,21.193615,567.0211
82.79787,13.254148,102.45922,103.024666,17.142223,21.2958,559.1602
84.3115,13.149888,102.193146,102.76791,17.298666,21.491245,550.7046
85.82514,13.04563,101.927055,102.51115,17.45511,21.68669,545.5363
87.47599,12.973835,102.696495,103.21303,17.465101,21.680538,542.44446
89.12684,12.902039,103.465935,103.91491,17.475092,21.674387,540.426
89.25642,13.035668,100.90322,101.37905,17.261948,21.470926,544.73553
89.386,13.169298,98.340515,98.843185,17.048803,21.26747,548.47955
90.553444,13.193542,101.01508,101.6023,16.957798,21.164816,543.8917
91.72089,13.217783,103.68964,104.36143,16.866793,21.062162,540.6094
92.09958,13.34678,106.62228,107.43486,16.576483,20.735891,539.6279
92.47827,13.475776,109.55492,110.50828,16.286173,20.40962,539.3324
93.138695,13.814862,116.18903,118.54812,15.038742,18.818426,532.72736
93.799126,14.153947,122.82313,126.58797,13.79131,17.227232,519.49976
93.44561,14.584355,149.17441,153.56087,11.511801,14.58752,538.06433
93.092094,15.014764,175.5257,180.53374,9.232292,11.947809,526.555
91.386925,15.206185,186.56876,190.37775,8.442364,11.258907,501.56573
89.68175,15.397606,197.6118,200.22174,7.652434,10.570006,418.54697
86.54797,15.262346,198.19531,200.63383,8.810484,11.606945,479.94437
83.4142,15.127086,198.77878,201.04594,9.968533,12.643882,527.735
85.48733,15.048984,190.75233,193.547,9.108212,11.621086,488.07388
87.56045,14.970882,182.72592,186.04802,8.247893,10.5982895,424.0562
88.77832,15.021815,175.82399,179.45941,8.297628,10.760146,441.65958
89.996185,15.072747,168.92204,172.87082,8.347363,10.922005,452.24448
90.46625,15.134447,167.74869,171.95612,8.410927,11.097576,464.53195
90.93631,15.196147,166.57535,171.04141,8.474489,11.273149,475.9994
91.24156,15.233443,163.39818,168.05103,8.438128,11.393223,481.02933
91.54682,15.270738,160.22102,165.06064,8.401768,11.513296,485.4854
92.70795,15.2359915,160.25606,164.745,8.725199,11.875554,506.22064
93.86908,15.201243,160.29108,164.42935,9.048631,12.237811,522.30316
93.905136,15.200128,161.56844,165.48364,9.004815,12.170305,522.0166
93.94119,15.199012,162.8458,166.53795,8.9609995,12.1027975,522.0829
93.30103,15.277987,159.29535,163.36758,8.644959,11.78231,505.21094
92.66087,15.35696,155.74492,160.1972,8.328918,11.46182,483.57825
92.33369,15.381864,154.8362,158.85352,8.629243,11.800545,492.09662
92.0065,15.406769,153.92749,157.50981,8.929567,12.13927,500.8144
92.347244,15.3705845,148.85146,152.44707,9.009337,12.174825,499.18246
92.68799,15.334402,143.7754,147.38432,9.0891075,12.21038,496.43912
93.19306,15.261849,139.77531,143.13261,9.15815,12.184309,493.68018
93.69812,15.189297,135.77522,138.88089,9.227193,12.158238,487.61646
93.70978,15.179024,133.4843,136.40753,9.395344,12.366215,493.24872
93.72143,15.168752,131.19337,133.93417,9.563494,12.574193,499.04626
93.63424,15.175704,131.40724,133.99188,9.587284,12.621159,501.2525
93.54706,15.182658,131.62111,134.0496,9.611075,12.668122,503.30237
93.22758,15.180447,126.80113,129.31001,9.629527,12.640297,495.74753
92.908104,15.178236,121.98115,124.57042,9.64798,12.612472,487.48874
93.26876,15.13912,120.50829,122.82672,9.773016,12.725085,489.96942
93.629425,15.100002,119.035446,121.08303,9.898053,12.8377,492.1121
93.781715,15.02821,115.62136,117.58517,10.132089,13.063559,494.21887
93.934006,14.956418,112.20729,114.08731,10.366124,13.289416,495.15543
93.81935,14.814019,110.50455,112.0938,11.253726,14.26468,514.479
93.70468,14.67162,108.80181,110.10029,12.141328,15.239944,521.40857
93.7882,14.433838,106.407616,107.565674,12.651738,15.753285,520.54016
93.87173,14.196055,104.013435,105.031075,13.162149,16.266626,520.2424
94.317,13.925021,99.2626,100.10709,13.672294,16.727348,519.5173
94.76228,13.653988,94.511765,95.18311,14.182441,17.18807,522.13654
94.22243,13.584254,94.1517,94.76276,14.676074,17.858734,527.2548
93.68258,13.51452,93.79163,94.34241,15.169709,18.529402,531.3483
92.95225,13.465363,93.16613,93.68785,15.728898,19.32237,535.0168
92.22192,13.416205,92.54063,93.03329,16.288086,20.115341,537.86755
90.98541,13.37086,90.91303,91.36207,16.700262,20.716082,543.0587
89.74892,13.325514,89.28542,89.690834,17.11244,21.316822,550.4985
89.52842,13.267159,88.18929,88.585365,17.664982,22.104944,544.8497
89.30793,13.208805,87.09316,87.4799,18.217525,22.89307,537.4958
89.11684,13.171431,87.920845,88.31387,18.347198,23.095663,535.9192
88.92574,13.134057,88.74853,89.14786,18.476871,23.298258,533.44666
88.51146,13.076368,88.6687,89.08694,18.756464,23.686045,527.5708
88.097176,13.018681,88.58889,89.02602,19.036058,24.073835,520.9386
87.54506,12.958998,88.833786,89.24125,19.283026,24.427156,515.1478
86.99294,12.899316,89.07868,89.45648,19.529991,24.780476,507.9557
87.12198,12.802483,88.251945,88.65934,19.711329,25.013092,500.60538
87.25101,12.705651,87.42521,87.862206,19.892666,25.245708,492.37976
86.765785,12.6924925,86.775734,87.248604,19.916075,25.277,491.85275
86.28057,12.679335,86.12625,86.635,19.939482,25.308296,491.0806
85.692055,12.659848,84.97033,85.46186,20.00205,25.399984,487.2757
85.103546,12.640361,83.8144,84.28872,20.06462,25.491673,484.6537
84.55938,12.620259,83.04613,83.52702,20.321302,25.886988,473.85892
84.01522,12.600159,82.27785,82.765335,20.577984,26.282303,462.7108
83.902054,12.570742,81.3909,81.87597,20.670147,26.419626,456.98175
83.788895,12.541324,80.50395,80.98661,20.762308,26.55695,451.0279
83.70868,12.5148535,80.11067,80.590965,20.695625,26.45623,453.63144
83.62846,12.488382,79.7174,80.19531,20.62894,26.355509,456.31995
83.866035,12.47375,79.08888,79.602394,20.331308,25.923107,470.05307
84.10361,12.459116,78.460365,79.009476,20.033676,25.490707,482.6855
84.922264,12.4299,77.98452,78.56666,19.765879,25.098095,493.1544
85.74092,12.4006815,77.50867,78.123856,19.498077,24.705482,504.357
86.256935,12.417987,76.92092,77.56708,19.235048,24.328455,513.9933
86.77295,12.435292,76.33317,77.01031,18.97202,23.95143,522.26636
86.856514,12.557956,76.75946,77.46113,18.542982,23.35103,534.52454
86.94008,12.680619,77.18575,77.91195,18.113947,22.750631,544.36725
86.299614,12.73256,79.11185,79.80601,17.578882,21.942312,554.52344
85.65914,12.784502,81.03794,81.70007,17.043818,21.133993,562.0181
84.64631,12.580907,85.63639,86.02905,16.056002,19.619442,570.9409
83.63349,12.377313,90.23484,90.35804,15.068185,18.104889,573.2546
84.13404,12.209839,90.21705,90.58949,14.43492,17.147457,570.34064
84.63458,12.042365,90.19925,90.820946,13.801654,16.190022,564.05347
86.95655,12.075723,90.4573,91.12704,13.551775,15.852112,545.98303
89.27853,12.10908,90.71536,91.43312,13.301896,15.5142,529.1188
88.26166,12.901115,97.068665,97.90977,11.878054,13.891801,502.73642
87.24479,13.693152,103.42195,104.38642,10.454212,12.2694025,435.73944
87.69499,13.824578,141.45395,142.41902,11.039861,12.959528,471.65167
88.1452,13.956003,179.48595,180.45163,11.62551,13.6496525,542.9603
86.17187,13.601031,178.04648,178.8561,9.5716095,10.954521,463.9595
84.19853,13.24606,176.607,177.26059,7.5177093,8.25939,278.2637
84.29296,13.126892,187.71127,188.09425,8.472628,9.368939,343.8855
84.38739,13.007725,198.81554,198.9279,9.4275465,10.478489,414.50348
84.1472,12.876545,199.01584,199.07008,9.488104,10.533808,420.28217
83.90701,12.745364,199.21614,199.21228,9.548661,10.589128,425.719
82.76363,12.912162,200.61469,200.61754,9.952177,11.175579,461.87045
81.62026,13.0789585,202.01326,202.02283,10.355693,11.762031,497.2336
82.107956,13.187803,200.27818,200.35687,10.491672,11.959511,507.03552
82.59565,13.296647,198.54308,198.69093,10.627651,12.156992,514.5595
83.54635,13.414797,195.39423,195.6859,10.426956,11.980046,509.53195
84.49705,13.532946,192.2454,192.68085,10.226263,11.803102,505.9037
84.97768,13.721968,190.01566,190.44516,10.184747,11.827867,508.5574
85.458305,13.910991,187.78592,188.20944,10.1432295,11.8526325,511.29916
86.18841,13.920449,181.72665,182.1281,9.87373,11.492891,494.1549
86.91851,13.929908,175.66742,176.04677,9.60423,11.133151,470.43756
86.41324,13.963629,176.02797,176.49539,9.10174,10.514269,428.8145
85.907974,13.997348,176.38852,176.94402,8.599249,9.895389,376.60614
85.49435,14.069448,178.90138,179.4593,7.9813905,9.222434,335.6656
85.08072,14.141547,181.41422,181.97461,7.363532,8.549479,292.79788
85.047935,14.248759,180.57744,181.22324,6.979512,8.176599,275.1672
85.01516,14.35597,179.74068,180.47188,6.595493,7.803719,258.16425
85.82062,14.341913,180.19601,180.97574,6.6094513,7.83223,257.62595
86.62608,14.327857,180.65137,181.47961,6.6234093,7.8607407,253.31256
88.159874,14.2870245,182.38823,183.11569,6.9158316,8.258239,275.15408
89.69366,14.246193,184.1251,184.7518,7.208255,8.655736,305.0952
89.929924,14.229624,182.83943,183.70464,7.706229,9.348491,349.92755
90.16618,14.2130575,181.55374,182.65749,8.204203,10.0412445,404.75076
90.13075,14.182827,181.40497,182.47002,8.932831,10.942116,478.50992
90.09532,14.152597,181.25618,182.28253,9.661458,11.842985,520.1918
89.51893,14.109852,179.25873,180.17552,9.88262,12.008975,521.22876
88.94253,14.067104,177.26129,178.0685,10.103782,12.174965,520.7356
88.758766,14.04089,175.23659,176.02654,9.94853,11.948525,511.5139
88.575,14.014675,173.2119,173.98456,9.79328,11.722087,500.28107
88.24641,14.022574,170.94292,171.60873,9.319801,11.078007,464.32294
87.917816,14.030473,168.67393,169.23293,8.846325,10.433928,408.16992
88.95028,14.008626,167.76122,168.54924,8.232208,9.789922,363.38474
89.982735,13.986779,166.8485,167.86554,7.6180925,9.145917,331.00153
90.118324,13.985428,171.00917,171.91017,6.7548203,8.018213,274.00018
90.25391,13.984077,175.16983,175.9548,5.8915477,6.89051,164.4818
90.352066,13.926422,192.60245,192.96643,4.678924,5.3832784,42.329945
90.450226,13.868768,210.03505,209.97807,3.4663005,3.876047,16.977478
90.16683,13.7207575,241.10663,240.95068,3.6826692,4.0344925,0.5619605
89.88344,13.572746,272.1782,271.9233,3.8990376,4.1929374,6.4903684
89.88951,13.292789,292.3013,292.2901,5.5482693,5.9882817,48.287647
89.895584,13.012831,312.42444,312.6569,7.197501,7.783625,106.1907
88.623726,12.815713,316.6286,316.95557,7.916215,8.601313,128.51534
87.35186,12.618594,320.83282,321.25427,8.634929,9.419001,189.51279
85.78344,12.501705,309.2044,309.45004,8.510209,9.219971,182.53967
84.21502,12.384817,297.57602,297.6458,8.3854885,9.02094,185.68634
83.38678,12.536421,296.03964,296.06073,8.532145,9.220614,204.27516
82.55855,12.688025,294.50323,294.47562,8.678801,9.420289,226.6128
80.30837,12.683326,292.92072,292.89813,8.770308,9.504142,249.56786
78.058205,12.678626,291.33817,291.32062,8.8618145,9.587995,282.89874
77.496445,12.575402,289.324,289.34155,8.779401,9.474666,272.41354
76.93468,12.472178,287.30984,287.3625,8.696988,9.361338,265.06128
75.912285,12.385461,283.0011,283.04944,8.611435,9.244454,267.78552
74.889885,12.298742,278.69235,278.73642,8.525882,9.127569,268.5155
75.97243,12.116789,274.8546,274.9491,8.797377,9.439665,266.6735
77.05496,11.9348345,271.0169,271.16174,9.0688715,9.751761,271.1602
77.648926,11.833379,270.35583,270.5195,9.416672,10.172824,321.8717
78.24289,11.731924,269.69473,269.87723,9.764473,10.593887,384.20377
78.08032,11.737553,269.1393,269.32574,9.7556305,10.600829,384.11615
77.917755,11.74318,268.5839,268.77423,9.746788,10.607769,383.87067
78.034134,11.746282,266.48096,266.64517,9.60641,10.424592,362.07825
78.15052,11.749383,264.37802,264.51608,9.466032,10.241415,339.9033
78.934975,11.737869,263.11005,263.27206,9.460423,10.2283945,344.68576
79.71944,11.726356,261.84213,262.028,9.454815,10.215375,343.70798
80.005005,11.724768,260.08603,260.2521,9.477683,10.236954,350.2119
80.29058,11.723178,258.32996,258.47623,9.50055,10.258533,358.12564
80.338234,11.733364,256.54706,256.66885,9.555444,10.32013,370.20593
80.385895,11.743551,254.76418,254.86148,9.610337,10.381729,383.7632
80.22365,11.746683,254.71661,254.79599,9.545314,10.306838,373.08557
80.0614,11.749817,254.66905,254.73051,9.480289,10.231949,363.2
78.855675,11.834856,255.25421,255.38329,9.280066,10.007507,328.56357
77.64996,11.919895,255.83937,256.03607,9.079843,9.783067,288.03598
76.35267,12.025171,257.468,257.59207,8.892826,9.569679,261.1031
75.055374,12.130449,259.09662,259.1481,8.705811,9.356292,253.09654
73.68052,12.264994,261.19977,261.2978,8.637309,9.303966,270.4824
72.30565,12.399539,263.30295,263.4475,8.568808,9.251638,283.54956
71.38768,12.484926,264.61688,264.732,8.563598,9.260645,284.808
70.4697,12.570312,265.9308,266.01645,8.558388,9.269652,286.19113
69.77368,12.654958,266.22348,266.31607,8.32063,9.001164,268.768
69.077644,12.739604,266.51614,266.61572,8.082873,8.732677,257.58304
68.331635,12.822237,267.39896,267.5335,7.706117,8.31047,238.62517
67.585625,12.904869,268.28177,268.45135,7.329362,7.8882623,210.23424
67.37827,12.947148,268.77936,268.8828,6.931735,7.4412193,176.41217
67.17092,12.989428,269.277,269.31427,6.5341077,6.9941754,140.66722
67.09074,13.009883,268.35544,268.37418,6.0499816,6.4572983,105.44383
67.010544,13.030337,267.43387,267.43408,5.565856,5.920421,75.029686
67.38351,13.01505,266.0018,266.00662,5.210708,5.5282893,66.226456
67.75646,12.999763,264.56976,264.57916,4.855561,5.136158,59.634827
67.88958,13.001559,262.55902,262.52914,4.519416,4.7709556,47.18791
68.0227,13.003357,260.54828,260.4791,4.1832705,4.4057536,32.971165
68.02325,13.00471,259.48975,259.35526,3.7921705,3.9828398,20.526754
68.023796,13.006063,258.4312,258.2314,3.4010706,3.5599258,1.4095776
69.97774,12.940725,246.83517,246.676,3.562131,3.7628274,1.2457385
71.93168,12.875389,235.23915,235.12059,3.723191,3.965729,19.430302
72.70052,12.946937,231.15453,231.16873,3.535048,3.7764294,14.756789
73.46936,13.018483,227.06985,227.21687,3.3469045,3.5871303,9.869213
74.19867,13.069799,222.63498,222.68877,3.0600812,3.264419,5.8448033
74.92797,13.121114,218.2001,218.16064,2.7732582,2.9417078,4.783263
75.82579,13.151557,208.2952,208.22101,2.4686584,2.6092043,11.833795
76.72362,13.182,198.3903,198.28139,2.1640587,2.276701,10.060298
77.44603,13.186219,193.03723,193.05565,2.3753235,2.508662,10.394805
78.16845,13.19044,187.68417,187.82991,2.5865884,2.7406235,4.9635725
78.77421,13.219129,174.63332,174.95602,2.6545846,2.8121567,2.36794
79.37997,13.247816,161.58246,162.08215,2.722581,2.88369,2.5639453
79.738396,13.249163,160.88353,161.23892,2.8950946,3.0720081,5.7715135
80.096825,13.250508,160.18459,160.39569,3.0676079,3.2603261,11.252731
80.05943,13.300273,156.26666,156.43169,3.1870253,3.3904526,11.246061
80.02203,13.350036,152.34872,152.46768,3.3064423,3.5205796,9.3822365
80.09668,13.395879,152.04619,152.22667,3.4999878,3.7476938,14.722639
80.171326,13.441721,151.74364,151.98569,3.6935332,3.9748082,20.111427
79.457985,13.540225,150.81233,151.10695,3.826197,4.1350093,16.1324
78.744644,13.638729,149.88103,150.22821,3.9588606,4.295211,13.874143
78.076546,13.726902,147.57445,147.90588,4.00706,4.366329,10.553004
77.40844,13.815073,145.26787,145.58356,4.055259,4.4374475,13.412603
76.682014,13.897047,141.66617,141.99477,4.2280316,4.660607,23.285223
75.9556,13.97902,138.06448,138.406,4.4008036,4.8837667,36.022152
75.36344,14.0496645,134.87146,135.24704,4.617805,5.16752,49.762608
74.77128,14.120307,131.67842,132.0881,4.8348064,5.451273,61.48604
75.21132,14.0822935,131.6417,132.13266,5.273596,5.940983,79.94359
75.65137,14.044281,131.60493,132.17722,5.712385,6.4306927,109.21314
76.575035,13.948482,131.5131,132.07219,5.849306,6.5545917,113.88918
77.4987,13.852681,131.42126,131.96718,5.986227,6.67849,125.01041
77.98504,13.82295,126.77387,127.19952,6.112191,6.830072,137.08981
78.471375,13.79322,122.12648,122.43186,6.238155,6.981654,147.78465
78.81376,13.752369,119.527725,119.92038,6.535084,7.3249044,171.94598
79.15615,13.711517,116.92896,117.4089,6.832012,7.6681557,190.3358
78.70068,13.7552805,114.31975,114.84107,7.023897,7.9164143,199.13795
78.24522,13.799046,111.71052,112.27323,7.215782,8.164674,203.10066
76.67599,13.895351,109.07617,109.583275,7.56395,8.615948,216.44987
75.10676,13.991658,106.441826,106.893326,7.912117,9.06722,241.50359
75.06239,13.972685,105.36419,105.743416,8.259382,9.486198,274.44965
75.01803,13.9537115,104.286545,104.5935,8.606648,9.905175,314.29492
74.728676,13.96105,103.002815,103.40917,8.913736,10.30233,365.88486
74.43933,13.96839,101.71908,102.224846,9.220824,10.699485,419.1576
73.86339,13.978425,101.202515,101.71097,9.473749,11.042914,455.69232
73.28744,13.988461,100.68594,101.197075,9.726674,11.386344,485.5622
72.90461,14.017861,99.248146,99.81011,9.836561,11.556657,497.687
72.52178,14.047261,97.81034,98.42316,9.946449,11.726969,508.95392
72.82782,14.0076065,95.79166,96.37093,10.069821,11.875044,517.3523
73.133865,13.967954,93.772964,94.3187,10.193194,12.023118,524.99396
77.24172,13.360917,97.75449,98.129616,10.084859,11.782077,505.2035
81.34958,12.753882,101.736015,101.94052,9.976522,11.541035,455.56482
80.69672,12.801151,97.54379,97.84414,9.760208,11.263406,450.33008
80.04386,12.848419,93.35157,93.747765,9.543893,10.985776,438.7081
80.35847,12.826898,88.89555,89.30249,9.358163,10.741023,419.3979
80.673065,12.805375,84.43954,84.857216,9.172433,10.49627,395.3249
80.907585,12.766968,81.5256,81.950966,9.359002,10.732549,423.71417
81.142105,12.7285595,78.61167,79.044716,9.545572,10.968827,445.08008
81.37259,12.706065,76.52984,76.946754,9.71034,11.160349,460.0076
81.60308,12.68357,74.448006,74.8488,9.875109,11.351871,473.2643
81.327484,12.736792,72.043945,72.52097,9.951572,11.468889,484.01862
81.05188,12.790012,69.639885,70.19315,10.028038,11.585908,490.95737
81.12529,12.818758,66.574814,67.12583,10.042933,11.61008,489.89066
81.198715,12.847504,63.509747,64.0585,10.05783,11.634252,488.86172
81.22901,12.868876,62.299973,62.808155,10.089423,11.700384,491.81796
81.2593,12.890248,61.090202,61.557804,10.121016,11.766517,494.4987
81.7181,12.851196,58.633663,59.079327,10.371392,12.085009,509.40457
82.176895,12.812144,56.177124,56.600845,10.621768,12.4035,522.4315
82.000694,12.861187,53.57959,54.01387,10.890273,12.777126,533.8658
81.824486,12.910231,50.98206,51.426895,11.158777,13.150752,542.4085
81.46391,12.989382,48.630695,49.098343,10.900968,12.896353,534.5777
81.10333,13.068532,46.27934,46.7698,10.643156,12.641953,526.1004
80.1817,13.144665,42.477203,43.07986,10.157465,12.077394,500.0761
79.26006,13.2207985,38.675068,39.38992,9.671774,11.512834,465.5857
79.79347,13.197329,32.782753,33.77109,9.367132,11.122699,432.4153
80.32689,13.173858,26.890442,28.152266,9.06249,10.732565,391.33746
81.13368,13.113998,43.70094,29.9063,9.088906,10.671347,376.8982
81.94047,13.054138,60.511433,31.660332,9.115322,10.6101265,371.6929
81.73497,13.10554,157.93669,144.17793,9.238383,10.786769,373.74005
81.529465,13.156942,255.36194,256.69553,9.361445,10.96341,424.54614
83.120804,13.003134,299.59595,300.7827,9.356482,10.864213,391.78024
84.71214,12.849325,343.82996,344.8699,9.351518,10.765016,410.15417
84.15562,12.857417,335.67877,336.88632,9.544676,11.042723,436.0604
83.5991,12.865509,327.5276,328.90274,9.737832,11.32043,450.52
84.42687,12.803947,322.8704,324.20596,10.185574,11.870163,490.35727
85.25464,12.742387,318.21326,319.50916,10.633315,12.419896,524.186
85.40264,12.697289,313.04834,314.2589,10.772986,12.560582,530.9867
85.55063,12.65219,307.88342,309.00864,10.912657,12.701268,536.9443
85.343704,12.632447,303.67487,304.80322,11.022198,12.842395,542.79034
85.13678,12.612705,299.46637,300.59778,11.131737,12.983522,548.4656
85.792076,12.517278,296.50198,297.4655,11.187114,12.994041,549.43835
86.447365,12.421851,293.5376,294.33322,11.24249,13.004562,548.1992
86.39178,12.357832,291.83325,292.64594,11.261656,13.014329,548.24084
86.33618,12.293813,290.12888,290.95862,11.280821,13.024094,548.4015
86.152954,12.272847,288.501,289.3034,11.109791,12.801792,543.14453
85.96971,12.251882,286.87314,287.6482,10.938762,12.57949,536.28674
85.90844,12.228833,284.69336,285.40903,10.743076,12.308209,524.8473
85.847176,12.205784,282.51358,283.16986,10.547391,12.036929,511.9448
86.36442,12.158279,281.41415,282.00647,10.079603,11.44788,472.8902
86.88165,12.110775,280.3148,280.8431,9.611815,10.85883,425.82758
86.78444,12.068004,279.13925,279.60638,9.5129595,10.706776,413.95865
86.687225,12.025231,277.9637,278.36966,9.414103,10.554722,400.68817
86.93111,11.98172,276.1268,276.4893,9.283689,10.361271,384.6059
87.17499,11.93821,274.28986,274.60895,9.1532755,10.16782,364.9029
87.625534,11.860031,273.15994,273.49554,9.08862,10.062804,352.05054
88.07608,11.781854,272.03003,272.3821,9.023965,9.957789,341.08237
87.910484,11.732018,270.5042,270.89462,8.950834,9.863168,333.81857
87.74489,11.682183,268.9784,269.40714,8.877703,9.768546,326.36636
86.94349,11.706984,268.29282,268.6528,8.8527355,9.742605,321.3208
86.14209,11.731785,267.6072,267.89847,8.827768,9.716663,317.0132
86.42187,11.705347,267.84082,268.13455,8.71698,9.566932,296.24362
86.70165,11.67891,268.07446,268.37064,8.606192,9.417199,280.84155
86.87068,11.643514,267.97845,268.2758,8.515914,9.317287,270.99426
87.0397,11.608117,267.88248,268.1809,8.425635,9.217377,260.4912
86.58673,11.578744,266.99078,267.24866,7.890505,8.586908,191.4076
86.13375,11.549371,266.09912,266.3164,7.355374,7.956441,160.629
86.01154,11.537418,263.03143,263.1612,6.8861914,7.4116726,147.91882
85.889336,11.525465,259.9637,260.00598,6.4170094,6.866904,131.07811
85.81178,11.511222,257.75217,257.8046,6.2177267,6.649878,121.22673
85.73424,11.496979,255.54063,255.60318,6.018444,6.4328527,104.10387
84.74646,11.568998,251.79678,251.94753,6.123342,6.5584383,116.313065
83.75868,11.641018,248.0529,248.29185,6.2282395,6.6840234,117.40166
83.52905,11.691028,245.3562,245.544,6.4626336,6.9381175,129.01144
83.29942,11.741037,242.65952,242.79616,6.697027,7.1922116,141.42761
84.39323,11.667795,242.08112,242.17085,6.782362,7.2747264,171.391
85.48703,11.594553,241.50272,241.54555,6.8676972,7.3572407,190.80927
85.755905,11.587008,240.9175,241.05272,6.7950907,7.2894807,188.43039
86.02477,11.579465,240.33226,240.55988,6.7224846,7.221721,188.25888
85.37148,11.689098,237.96384,238.29707,6.5044527,6.997342,166.98584
84.71819,11.798733,235.59541,236.03424,6.2864203,6.7729635,138.85966
83.56393,11.975326,233.51843,234.01878,5.958326,6.43088,95.934525
82.40967,12.1519165,231.44144,232.00331,5.6302314,6.088797,73.2305
81.74042,12.281711,231.00389,231.4071,5.601553,6.074356,68.732
81.071175,12.411505,230.56635,230.81091,5.5728745,6.059915,68.518005
81.38422,12.46444,229.52675,229.73026,5.8573575,6.3975134,75.65643
81.697266,12.517374,228.48715,228.64958,6.1418405,6.735112,86.33863
81.45828,12.608278,225.63416,225.95802,6.2280693,6.884694,97.61682
81.21931,12.699182,222.78116,223.26645,6.3142977,7.0342765,112.09832
80.74924,12.79463,220.6353,221.1365,6.5229125,7.323878,138.5399
80.279175,12.8900795,218.48943,219.00658,6.731527,7.61348,169.8386
80.34931,12.902153,217.5119,217.99966,6.980414,7.904559,198.44856
80.41945,12.914228,216.53438,216.99275,7.229301,8.195639,225.10065
81.23844,12.839072,215.44322,215.77888,7.1751323,8.098241,214.43631
82.05744,12.763915,214.35207,214.56502,7.120964,8.000844,206.98528
82.237404,12.724274,213.9489,214.13202,7.2039695,8.089134,214.60242
82.417366,12.684631,213.54576,213.69904,7.286976,8.177424,220.037
83.29296,12.400406,205.1069,205.23615,7.5250554,8.339598,244.11409
84.16856,12.116179,196.66806,196.77325,7.763135,8.501771,276.66483
83.93198,12.149625,198.63586,198.76988,7.330953,8.00736,232.08038
83.6954,12.183068,200.60367,200.7665,6.898772,7.512949,189.93288
83.02575,12.249151,198.7208,198.88799,6.396905,6.9508667,146.75217
82.35611,12.315232,196.8379,197.00945,5.8950377,6.388785,113.80585
81.22584,12.367877,190.1049,190.2975,5.4272704,5.86592,115.44581
80.09556,12.420522,183.37189,183.58557,4.959503,5.3430552,114.66266
79.44183,12.470767,175.77548,175.94203,5.000123,5.3932395,128.54242
78.78812,12.521013,168.17905,168.2985,5.040743,5.4434237,128.47026
78.267555,12.590722,162.23665,162.44794,5.232828,5.6891065,132.2365
77.746994,12.660431,156.29428,156.59738,5.424914,5.934788,131.3306
77.04198,12.861428,155.30081,155.50441,5.5962567,6.2000427,147.17566
76.336975,13.062425,154.30736,154.41142,5.767599,6.4652963,163.11577
77.40675,13.1438875,153.20988,153.4135,6.1200604,6.932245,197.73022
78.47654,13.225348,152.1124,152.41557,6.4725213,7.399193,230.60751
81.798965,13.095291,148.6391,148.95563,6.759706,7.6784945,215.43823
85.12138,12.965233,145.16582,145.49568,7.046891,7.957795,197.32802
84.12791,13.083082,140.75299,141.18433,7.4224253,8.498831,242.85529
83.13442,13.200932,136.34018,136.87296,7.79796,9.0398655,286.38547
81.82621,13.317103,137.34114,137.73778,8.361334,9.804111,325.03152
80.518005,13.433275,138.3421,138.60262,8.924707,10.5683565,360.03284
79.70741,13.442081,141.35419,141.50525,9.3129425,11.080657,396.25412
78.896835,13.450887,144.36629,144.4079,9.701176,11.592958,422.7671
78.856926,13.415005,145.57877,145.59937,9.719047,11.58662,421.0873
78.81701,13.379124,146.79123,146.79083,9.736918,11.580282,419.11105
79.0657,13.316084,145.0562,145.08632,9.850046,11.692291,423.90475
79.31438,13.253045,143.32117,143.3818,9.963175,11.804298,428.08066
77.00376,13.393276,144.42055,144.47801,9.8657875,11.724855,439.2551
74.693146,13.533508,145.51993,145.57423,9.768401,11.6454115,458.71725
74.46446,13.515935,145.37549,145.51628,9.69204,11.538724,452.57898
74.23577,13.498363,145.23108,145.45836,9.615681,11.4320345,446.1007
75.23636,13.422936,143.22485,143.47354,9.470056,11.204725,425.39218
76.23696,13.34751,141.21863,141.48874,9.32443,10.977417,399.7362
77.10679,13.247736,140.39261,140.62039,9.017689,10.54838,357.213
77.97662,13.147963,139.5666,139.75203,8.710946,10.119345,327.78674
78.5497,13.05582,138.97629,139.07951,8.632514,9.997528,319.38535
79.122765,12.963677,138.38597,138.40698,8.554084,9.875712,311.2048
80.61183,12.817474,139.19249,139.15251,8.357593,9.557549,296.4839
82.10091,12.671271,139.99901,139.89804,8.161101,9.239386,280.95255
82.84629,12.566046,139.87668,139.86716,7.6928306,8.6517105,252.84421
83.59168,12.460818,139.75435,139.83627,7.2245584,8.064034,202.42323
84.38459,12.379218,133.37253,133.51894,7.1405954,7.9093695,195.7329
85.177505,12.297617,126.99071,127.201614,7.056632,7.7547045,205.41422
85.11702,12.311572,123.542694,123.6851,7.4285398,8.177108,220.67653
85.056526,12.325528,120.09467,120.16857,7.800447,8.599511,225.4096
84.105835,12.443266,119.453865,119.47417,7.6641116,8.498297,229.21175
83.155136,12.561005,118.81304,118.77975,7.527776,8.397081,237.24811
85.445564,12.755802,122.51227,122.828865,8.456751,9.631265,270.1732
87.73599,12.950599,126.211494,126.87796,9.385727,10.865447,310.3144
87.91248,12.971576,129.117,129.76875,8.642177,9.953272,271.616
88.08898,12.992554,132.0225,132.65955,7.898626,9.041096,246.64888
88.51108,12.961758,134.64581,135.22626,7.413635,8.475426,222.42549
88.93318,12.930963,137.26912,137.79298,6.928643,7.9097557,198.42537
88.81812,12.915992,140.97647,141.41019,6.7902336,7.675541,187.03596
88.703064,12.901021,144.68384,145.02739,6.651825,7.4413266,177.12625
88.398254,12.888551,146.09467,146.39467,6.545661,7.298368,169.1952
88.09344,12.876081,147.50551,147.76195,6.439497,7.155409,161.2551
87.253,12.874644,145.90065,146.15904,6.237937,6.896678,141.08316
86.41255,12.873206,144.29579,144.5561,6.036377,6.6379466,126.590385
85.56217,12.897063,139.91418,140.17421,5.9952826,6.5822177,123.87005
84.71179,12.920918,135.53256,135.79233,5.9541883,6.5264883,121.781456
84.31145,12.925987,132.84857,133.14954,5.880188,6.4324675,116.994774
83.911095,12.931057,130.16458,130.50674,5.806187,6.3384476,113.26884
83.32397,12.950905,127.93592,128.3206,5.590796,6.1057477,97.509636
82.73684,12.970754,125.707245,126.134476,5.3754053,5.873049,85.1163
84.300385,12.915239,122.41699,122.84099,5.2919393,5.7858086,86.955505
85.86394,12.859724,119.12675,119.547516,5.2084727,5.6985683,95.10603
85.82586,12.865516,118.758354,119.151054,5.1917496,5.6764674,93.909904
85.78778,12.871306,118.38995,118.7546,5.175027,5.654366,92.681595
85.60631,12.891451,119.43157,119.826,4.848561,5.294268,72.68936
85.42483,12.911593,120.47319,120.89738,4.522095,4.9341693,50.619297
85.20473,12.933141,119.48552,119.87381,4.3266664,4.7159967,38.604153
84.984634,12.954688,118.49784,118.85024,4.131237,4.4978237,29.032173
85.444695,12.9453125,118.459335,118.86236,3.913179,4.267535,24.00825
85.90476,12.935937,118.42082,118.874466,3.6951208,4.037246,19.525452
86.12036,12.931122,122.40595,122.71761,3.4346697,3.7493443,10.692822
86.33597,12.926307,126.39108,126.56076,3.1742182,3.461442,3.5952506
85.9947,12.933786,131.9675,132.07465,3.0006766,3.2543838,-0.47524905
85.653435,12.941267,137.54393,137.58853,2.827135,3.0473256,-0.010586018
84.991905,12.948435,148.84563,148.8931,2.6987653,2.8929303,9.045447
84.33039,12.955605,160.14732,160.19766,2.5703955,2.7385352,7.582026
84.33054,12.95094,166.54907,166.5919,2.599168,2.7582037,8.511461
84.33071,12.946276,172.95079,172.98613,2.6279404,2.7778723,7.2439423
84.62488,12.908586,180.43849,180.47823,2.597198,2.7464492,4.2716374
84.91905,12.870896,187.9262,187.97032,2.5664558,2.7150257,-0.8414364
84.82453,12.846401,189.32378,189.37743,2.4833922,2.6233978,-4.237496
84.73001,12.821906,190.72136,190.78456,2.4003289,2.5317702,-6.9131193
84.39169,12.825163,190.22807,190.34752,2.4645576,2.6079566,-9.347243
84.053375,12.828421,189.7348,189.91046,2.5287864,2.6841433,-11.445323
82.692276,12.877858,185.67682,186.01974,2.4275308,2.5847533,-20.01721
81.33118,12.927297,181.61884,182.12901,2.3262753,2.4853632,-20.64908
80.259056,12.993998,176.88556,177.49512,2.4501266,2.6207561,-11.630081
79.18695,13.060699,172.15227,172.86119,2.573978,2.7561493,0.7533454
79.41089,13.040189,172.71451,173.37468,2.880284,3.0792232,8.610117
79.634834,13.019677,173.27675,173.88817,3.1865902,3.4022968,17.266895
