0,1,2,3,4,5,6
90.40128,11.371779,145.36267,145.30138,1.9896473,2.410759,-7.089156
89.7698,11.356835,149.09557,149.04019,2.0485828,2.3224237,-7.109991
88.97686,11.283332,150.79361,150.69588,1.8924038,2.094444,-5.6177297
88.183914,11.209829,152.49164,152.35158,1.7362248,1.8664646,-5.869943
87.38165,11.175438,151.90433,151.65858,1.6144888,1.7350599,-5.4152594
86.579384,11.141046,151.31702,150.96558,1.4927527,1.6036551,-5.835821
86.199524,11.11683,152.0933,151.63544,1.4427592,1.5508294,-5.8889523
85.819664,11.092615,152.86958,152.3053,1.3927656,1.4980038,-5.761009
85.78734,11.113201,151.19682,150.75035,1.5427618,1.6621335,-4.892971
85.75501,11.133789,149.52406,149.19543,1.6927581,1.8262633,-3.427633
85.999596,11.145969,150.39664,150.16394,1.9176443,2.0696735,-1.4651116
86.24418,11.15815,151.26921,151.13246,2.1425307,2.3130836,0.23351303
86.01088,11.189753,152.38414,152.2838,2.3071973,2.503117,1.0460371
85.77758,11.221358,153.49907,153.43512,2.4718642,2.6931505,1.8878852
85.36501,11.248164,157.17601,157.10196,2.5582893,2.7911189,1.8774968
84.95244,11.274971,160.85295,160.7688,2.6447144,2.889087,1.8626432
84.509094,11.286201,164.10521,164.07341,2.7878206,3.0454202,2.7653842
84.06575,11.297432,167.35747,167.37802,2.930927,3.2017534,3.633663
83.742584,11.313178,171.19698,171.26646,3.0112998,3.3004384,4.196496
83.4194,11.328926,175.03647,175.15492,3.0916727,3.3991237,5.4326057
83.350716,11.322533,178.0791,178.23021,3.1579592,3.475354,6.541372
83.28203,11.316138,181.12172,181.3055,3.224246,3.551584,8.54337
83.52198,11.312774,184.6953,184.85703,3.2084446,3.5349793,8.721943
83.76194,11.309407,188.26884,188.40854,3.1926434,3.518375,8.684965
84.00494,11.296326,192.40935,192.59001,3.0307674,3.3308384,5.75355
84.24794,11.283243,196.54985,196.77148,2.8688915,3.1433022,3.5024621
84.42688,11.298236,198.09906,198.36967,2.6544418,2.9015322,1.883576
84.60583,11.313227,199.6483,199.96783,2.439992,2.6597621,0.43744394
84.83795,11.333965,197.97102,198.40262,2.2535026,2.4688017,-0.08779627
85.070076,11.354706,196.29375,196.83742,2.0670133,2.2778413,-0.9317418
85.31281,11.367547,189.45862,190.38513,2.0150464,2.25441,-1.6407182
85.55556,11.380387,182.62352,183.93286,1.9630795,2.2309787,-1.5597664
85.64564,11.384088,180.18858,181.22522,2.1370697,2.430171,-1.1546366
85.73572,11.387787,177.75362,178.51758,2.3110597,2.6293628,-0.3948698
85.84559,11.399648,176.90189,177.74344,2.4351866,2.807585,1.2028289
85.95546,11.411509,176.05016,176.9693,2.5593133,2.9858072,3.2633083
86.01698,11.429228,177.45479,178.20157,2.7612128,3.2962964,8.153022
86.078514,11.446947,178.8594,179.43385,2.963112,3.6067853,14.488577
85.93483,11.467224,180.6644,181.36447,3.0826962,3.81169,18.955105
85.791145,11.487502,182.4694,183.29515,3.2022808,4.016595,23.298843
85.49,11.507315,183.28618,184.08687,3.4271758,4.3115582,29.578936
85.18885,11.527127,184.10298,184.87857,3.6520708,4.606522,37.697598
84.81891,11.552599,190.28789,190.69084,3.509586,4.4099307,31.952839
84.44896,11.578071,196.47278,196.50308,3.367101,4.2133384,27.832653
84.391846,11.604121,205.42769,205.29797,2.917167,3.7098887,20.170658
84.33474,11.630171,214.3826,214.09288,2.4672327,3.2064393,14.374523
85.271545,11.682257,212.92754,212.61607,2.1834016,2.6841106,5.219179
86.20835,11.734342,211.47249,211.13925,1.8995707,2.161782,-2.5909402
86.330025,11.748071,235.4215,235.01944,1.5153509,1.7025287,-5.2166324
86.4517,11.7618,259.37048,258.8996,1.1311312,1.2432754,-9.214231
86.99055,11.749788,280.9978,282.79892,0.97104114,1.123329,-8.791507
87.529396,11.737776,302.6251,306.6982,0.81095123,1.0033829,-6.5800924
87.51275,11.749521,234.80414,252.85713,0.65478444,0.8309433,-0.61729515
87.4961,11.761269,166.98318,199.01604,0.49861768,0.65850365,9.831824
87.25332,11.783053,213.47212,232.86395,0.6289326,0.8740774,0.028563624
87.01053,11.80484,259.96106,266.71182,0.7592475,1.0896511,-3.5559878
86.69821,11.863056,294.50806,291.63477,0.94347686,1.3646793,-3.3861363
86.385895,11.921271,329.055,316.55768,1.1277063,1.6397077,16.988653
86.111946,11.991763,308.8878,300.3801,1.3582169,2.0236142,8.759138
85.838,12.062256,288.72058,284.20255,1.5887275,2.407521,11.446246
85.83439,12.133833,147.00542,146.99318,1.9162562,2.9547873,13.359829
85.83078,12.20541,5.290224,9.783826,2.243785,3.5020537,7.0707307
86.56972,12.2628565,10.334297,14.882735,2.7840536,4.258353,19.38418
87.308655,12.320302,15.37837,19.981646,3.3243222,5.014653,50.048252
88.60018,12.321707,21.641151,25.83142,3.9642482,5.748745,90.73559
89.89171,12.323111,27.903933,31.681196,4.604174,6.482837,131.09476
90.558174,12.27602,34.40806,37.483036,5.295202,7.159515,165.27345
91.22465,12.2289295,40.912178,43.284878,5.9862294,7.836193,188.67735
89.89076,12.175931,44.208637,46.251915,6.488178,8.300781,223.77881
88.55688,12.122932,47.505096,49.218964,6.9901257,8.765368,261.11588
86.029526,12.08558,47.317497,48.77739,7.4940815,9.232142,303.80582
83.50218,12.048227,47.12989,48.33582,7.998037,9.6989155,324.7555
80.486336,12.016912,45.69763,46.673756,8.4116335,10.101147,341.44626
77.4705,11.985597,44.26538,45.011684,8.825231,10.503379,369.49942
75.98869,11.960412,42.90447,43.53224,8.832257,10.469136,366.52438
74.5069,11.935228,41.54356,42.0528,8.839283,10.434893,362.68143
75.139465,11.894921,40.58705,41.03281,8.518494,10.01499,331.0351
75.77203,11.854615,39.630543,40.012825,8.197704,9.595087,296.22873
77.29138,11.794789,38.24557,38.592785,7.9671483,9.258647,268.43225
78.81073,11.734965,36.8606,37.17275,7.7365923,8.922207,244.41376
78.33278,11.683144,34.368065,34.602985,7.685376,8.832416,233.89156
77.85483,11.631324,31.875534,32.033226,7.634161,8.742624,223.51997
76.492355,11.618924,31.34645,31.572737,7.4233313,8.473241,196.23094
75.12988,11.6065235,30.817366,31.11225,7.212501,8.203858,172.24393
73.33969,11.570389,28.46884,28.80227,7.331066,8.305256,174.4504
71.54949,11.534255,26.120312,26.492292,7.4496307,8.406653,186.45168
70.90391,11.493191,27.017418,27.435675,7.189907,8.10006,167.04077
70.258316,11.452128,27.914526,28.379053,6.930183,7.793468,149.56218
70.82622,11.421102,28.832659,29.407618,6.761986,7.595006,128.47047
71.39412,11.390076,29.75079,30.436182,6.5937886,7.396544,113.435905
71.81583,11.369426,29.527111,29.942324,6.4558425,7.224004,102.48367
72.23752,11.348776,29.303436,29.448465,6.317897,7.0514627,93.36277
72.68576,11.301595,30.26137,30.438126,6.3268476,7.0462704,93.29219
73.134,11.254415,31.219307,31.427784,6.335798,7.041078,93.619865
68.75861,11.231873,27.995533,28.281672,6.6803303,7.3807898,135.50546
64.38322,11.209331,24.771763,25.135555,7.024863,7.720502,222.10161
65.134285,11.207624,27.794588,27.972647,6.8527555,7.5323515,191.92836
65.885345,11.205919,30.817417,30.809738,6.6806474,7.3442016,163.22923
65.844475,11.205821,32.403694,32.42869,6.4993305,7.136878,142.23224
65.803604,11.205722,33.98997,34.047646,6.3180127,6.929555,122.46102
66.88905,11.203746,33.68735,33.910618,6.193202,6.7838383,101.18921
67.974495,11.201769,33.384735,33.773594,6.0683904,6.6381216,82.57632
68.72043,11.179219,37.221085,37.44092,6.2452393,6.820127,88.16692
69.466354,11.15667,41.057434,41.108253,6.422088,7.002132,96.023796
70.54348,11.081733,40.590527,40.58992,6.661722,7.263591,110.503914
71.62061,11.006795,40.123623,40.071587,6.9013557,7.5250497,123.231384
71.505035,11.011399,36.28543,36.34811,6.841265,7.489883,118.366585
71.389465,11.016002,32.44724,32.624638,6.781174,7.4547153,114.85209
69.86331,11.087494,33.338646,33.51652,6.760727,7.417404,122.65449
68.33716,11.158986,34.23006,34.4084,6.7402797,7.380093,133.10603
67.68907,11.140893,34.86056,34.87686,6.644695,7.2575254,130.01088
67.04099,11.1228,35.49106,35.345318,6.5491104,7.1349583,126.300255
68.68491,11.098197,35.32339,35.19754,6.5354767,7.123416,109.957726
70.328835,11.073595,35.15572,35.049755,6.521844,7.111873,99.847565
71.125206,11.036775,33.69787,33.541977,6.623655,7.2164435,102.898926
71.92158,10.999952,32.240017,32.034195,6.7254663,7.321014,105.30756
71.57677,11.027393,30.259172,30.111908,6.7248235,7.339387,107.46277
71.231964,11.054833,28.278332,28.189625,6.72418,7.35776,111.586044
70.61139,11.106526,27.879684,27.802547,6.7016096,7.343799,116.66794
69.990814,11.15822,27.481037,27.415474,6.67904,7.3298388,120.94576
70.17621,11.219055,27.293173,27.201109,6.6707973,7.3429136,120.26272
70.36159,11.279891,27.10531,26.98674,6.6625543,7.3559885,119.59626
70.1961,11.360633,26.290842,26.222902,6.6930676,7.415217,125.62828
70.03062,11.441376,25.476372,25.459064,6.723581,7.474445,132.25212
70.14222,11.471247,24.071138,24.10058,6.8748565,7.653774,146.00114
70.25382,11.501119,22.665907,22.742096,7.0261316,7.833102,159.55505
71.094604,11.500063,22.938997,22.990347,7.211938,8.063906,167.25179
71.93538,11.499007,23.212088,23.2386,7.3977437,8.294708,176.54837
71.81671,11.486589,24.236092,24.325485,7.4551053,8.353603,180.79948
71.69805,11.474173,25.260094,25.412369,7.5124664,8.412498,185.24854
71.013336,11.422266,25.947842,26.11602,7.4361176,8.293425,180.98074
70.32863,11.370361,26.635593,26.819672,7.35977,8.174352,178.20018
71.21722,11.334139,26.640074,26.820124,7.211323,7.994443,155.50774
72.1058,11.297916,26.644556,26.820574,7.0628753,7.814533,137.87778
73.49234,11.262647,26.382257,26.537743,7.061129,7.8035593,134.88626
74.87889,11.227377,26.119963,26.254913,7.059382,7.792585,133.74454
75.442986,11.204162,25.501646,25.68423,7.0300035,7.770398,134.10745
76.00708,11.180946,24.88333,25.113546,7.0006247,7.748211,135.2756
76.09018,11.171626,24.640627,24.786194,7.140881,7.896167,144.64862
76.17327,11.162307,24.39792,24.458838,7.2811375,8.044123,153.94589
76.42358,11.126009,23.894794,23.926634,7.1994505,7.9498625,149.84988
76.67388,11.089711,23.391668,23.39443,7.1177635,7.855603,146.2058
74.892395,11.216573,19.681774,19.673634,7.366308,8.237249,171.48479
73.11089,11.343434,15.971876,15.952838,7.614854,8.6188965,208.80443
73.090576,11.303498,16.11025,16.156347,7.512807,8.458933,196.69783
73.07026,11.26356,16.248625,16.359858,7.4107594,8.298969,184.21927
73.49118,11.189654,18.753445,18.866318,7.4215803,8.292567,177.59859
73.912094,11.11575,21.258266,21.372778,7.4324017,8.286163,173.08786
74.076675,11.122495,24.64214,24.878778,7.418825,8.322562,171.71062
74.24125,11.129238,28.026012,28.384779,7.4052486,8.35896,172.73633
76.20643,11.209137,28.922632,29.34357,7.123822,8.077316,160.23978
78.17161,11.289036,29.819248,30.302362,6.842395,7.795673,160.68167
79.93274,11.376463,25.389421,25.988096,6.4166245,7.3508863,165.18492
81.69388,11.463891,20.959595,21.673832,5.9908547,6.9060993,164.43942
82.1837,11.537057,20.55619,21.220907,6.331057,7.3626494,197.79317
82.67352,11.610223,20.152786,20.767986,6.6712594,7.8192,228.26064
82.91416,11.625248,19.799046,20.290956,6.76577,7.9000993,233.66441
83.1548,11.640272,19.445303,19.813927,6.8602815,7.9809985,238.50856
81.31607,11.665436,18.271542,18.62136,6.8395276,7.947336,224.00392
79.47734,11.690599,17.09778,17.428795,6.8187737,7.913674,197.23865
78.61814,11.697079,16.651016,17.097635,6.5076013,7.551939,169.10333
77.75894,11.70356,16.204252,16.766476,6.1964293,7.190204,142.18404
77.74777,11.716034,14.775292,15.386772,6.140101,7.112764,140.03877
77.736595,11.728509,13.346332,14.007069,6.083773,7.035323,137.98083
77.85933,11.752924,12.985467,13.690766,6.2139654,7.2106805,147.93906
77.98207,11.777341,12.624604,13.374464,6.344159,7.386038,157.8767
78.72192,11.819246,9.628351,10.428321,6.1214986,7.162426,161.19908
79.46176,11.861152,6.6320996,7.482177,5.8988376,6.9388146,164.14612
81.042366,11.894376,9.17191,10.106433,6.336083,7.5544915,215.26396
82.622955,11.927599,11.71172,12.730689,6.773329,8.170168,259.2681
84.574295,11.93949,11.93306,12.911781,6.827117,8.261723,272.7003
86.525635,11.951383,12.154399,13.092875,6.8809056,8.353277,281.22916
87.08989,11.955213,12.898198,13.951321,7.0852513,8.627996,294.94092
87.65414,11.959043,13.641995,14.809767,7.289596,8.902718,309.72754
87.18839,11.929998,17.082067,18.032087,7.5685186,9.17917,323.14807
86.72265,11.900953,20.522139,21.25441,7.8474417,9.455622,336.86102
86.30115,11.885725,20.02469,20.70502,7.856166,9.451604,335.2695
85.87965,11.870497,19.527243,20.155632,7.8648896,9.447587,333.96512
85.18671,11.832593,21.337662,21.907103,8.22032,9.808313,351.9633
84.49377,11.794688,23.148079,23.658573,8.575749,10.16904,369.1034
83.89519,11.781162,24.974287,25.590515,8.580652,10.23784,371.0209
83.29661,11.767636,26.800493,27.522457,8.585555,10.306639,373.1619
83.31084,11.691619,29.128012,29.5748,8.814847,10.47436,381.7039
83.32508,11.615602,31.455526,31.627148,9.044141,10.642081,390.29303
83.39889,11.616667,31.983616,32.2475,8.94922,10.533068,384.21252
83.472694,11.617734,32.51171,32.867855,8.854299,10.424055,377.6602
83.81842,11.504325,33.905098,34.24272,8.957917,10.447939,379.96112
84.164154,11.390918,35.29849,35.617588,9.061536,10.471823,381.5321
84.61291,11.369751,36.513596,36.92453,8.943552,10.329182,374.0604
85.061676,11.348586,37.728703,38.231472,8.825568,10.186539,366.34494
85.6929,11.12473,41.79435,42.191177,8.73353,9.922708,342.45502
86.32413,10.900876,45.86,46.150883,8.641491,9.658876,312.6934
86.583305,10.875664,45.903633,46.187862,8.451811,9.413002,292.41977
86.842476,10.8504505,45.947266,46.22485,8.262131,9.167127,272.37042
87.12644,10.82624,45.887115,46.19083,8.139019,9.016534,260.86337
87.41039,10.80203,45.82696,46.15682,8.015907,8.86594,248.37323
87.66684,10.763874,45.71499,46.075188,7.860808,8.6734915,232.36345
87.92328,10.7257185,45.60302,45.993553,7.7057076,8.481042,215.3257
87.78366,10.734616,45.810932,46.19706,7.5936832,8.360978,205.1896
87.64404,10.743514,46.018852,46.400562,7.4816594,8.240915,194.59793
87.13592,10.785257,46.73878,47.102215,7.3951945,8.144037,186.70305
86.627785,10.826999,47.458714,47.803864,7.308729,8.047158,178.67279
86.4647,10.826828,46.892433,47.215645,7.2087355,7.9239383,171.00919
86.30162,10.826656,46.326153,46.627434,7.1087413,7.800719,164.18597
86.58803,10.799725,45.367474,45.711872,7.0856023,7.7621174,162.9556
86.87445,10.772794,44.40879,44.796314,7.0624633,7.723516,161.53249
86.919815,10.779781,43.38483,43.750587,7.0803103,7.75163,165.33269
86.96519,10.786771,42.360867,42.704857,7.098157,7.779743,169.156
86.69411,10.844825,42.75032,43.011215,7.0813994,7.7887325,170.93376
86.42303,10.90288,43.139774,43.317574,7.064642,7.797722,172.81161
85.51946,11.024818,43.61514,43.760918,6.8784337,7.6211467,164.15428
84.6159,11.146756,44.090504,44.20426,6.692226,7.444572,152.96541
83.68026,11.27472,43.72393,43.85124,6.5333586,7.3038483,145.102
82.744606,11.402682,43.357353,43.498215,6.3744917,7.1631246,138.3251
82.30714,11.461691,41.94822,42.122402,6.2760344,7.055431,135.4886
81.86967,11.520698,40.539085,40.746593,6.1775765,6.9477363,131.13016
81.35879,11.560619,38.496574,38.679718,6.1572423,6.937577,131.22894
80.847916,11.600543,36.454063,36.612846,6.136908,6.9274173,130.35382
80.36323,11.644259,34.55776,34.694355,6.11418,6.9424014,130.76938
79.87853,11.687978,32.661457,32.775864,6.0914516,6.9573855,130.88432
79.53055,11.73095,31.618011,31.701168,6.2164865,7.115128,136.3343
79.182556,11.773922,30.574568,30.626472,6.341521,7.27287,142.42714
79.00036,11.7128105,30.44185,30.517426,6.529281,7.4539204,149.7797
78.81815,11.651699,30.309134,30.408379,6.7170424,7.634971,158.31929
79.60703,11.612244,30.997034,31.176048,6.8175755,7.7563953,171.03162
80.395905,11.572788,31.684935,31.94372,6.9181085,7.8778195,184.02974
80.55137,11.602493,32.536774,32.809505,6.917337,7.918921,187.45506
80.706825,11.632199,33.38861,33.67529,6.9165664,7.9600224,190.81676
80.821976,11.655523,33.780457,34.061016,6.8729963,7.918849,188.60983
80.937126,11.678846,34.1723,34.446743,6.8294263,7.877676,186.45859
79.55534,11.703443,33.271446,33.598583,6.7129245,7.732584,168.39787
78.17356,11.728038,32.3706,32.750423,6.5964227,7.5874925,151.74068
80.362915,11.6868105,29.991943,30.352064,6.55313,7.514207,165.12753
82.55227,11.645583,27.613287,27.953709,6.5098376,7.4409223,184.45972
82.92083,11.572505,27.143604,27.442034,6.7096696,7.6229773,198.62971
83.28938,11.499427,26.673923,26.930359,6.9095016,7.8050327,211.96457
83.21217,11.470915,25.758587,25.98959,6.968253,7.869765,216.92932
83.134964,11.442404,24.843252,25.04882,7.027004,7.9344974,221.66408
81.54336,11.329192,23.416971,23.545977,6.845994,7.6512613,196.18182
79.95175,11.21598,21.990696,22.043135,6.6649847,7.3680253,163.43762
80.31738,11.169876,21.44123,21.513615,6.5740128,7.2616844,164.47916
80.68302,11.123773,20.891768,20.984097,6.4830413,7.155343,165.36205
80.84748,11.101362,19.96564,20.049013,6.3886404,7.0517297,163.81586
81.011955,11.078953,19.039509,19.113928,6.2942395,6.9481163,162.22745
80.67924,11.102149,18.277683,18.396719,6.2033963,6.857236,154.3653
80.34653,11.125346,17.515856,17.67951,6.1125526,6.7663555,147.27615
80.81275,11.185316,17.837143,17.973707,6.0543933,6.766458,153.84334
81.27897,11.245287,18.15843,18.267902,5.9962335,6.76656,159.39047
82.52906,11.350553,16.942772,17.102087,6.0152173,6.8783603,178.48146
83.77915,11.455818,15.727112,15.936273,6.0342016,6.99016,193.3024
84.070076,11.596978,37.274975,27.628225,6.0657525,7.105388,195.91118
84.361,11.738139,58.822838,39.320175,6.0973034,7.2206173,205.50285
84.64973,11.823377,134.53772,110.09916,5.872341,6.9789524,182.67406
84.938446,11.908614,210.2526,180.87816,5.6473784,6.7372875,200.46004
84.87634,11.936268,254.27673,235.0567,5.73131,6.884371,200.05609
84.814224,11.963922,298.3009,289.23526,5.8152413,7.0314536,181.78586
83.62487,11.89353,162.47539,148.14236,6.4463935,7.688616,229.35678
82.43552,11.823136,26.64987,7.049505,7.0775447,8.345777,320.9595
81.05113,11.760206,27.224562,12.432212,7.250619,8.457446,298.9603
79.66675,11.697276,27.799252,17.814919,7.423693,8.569115,270.07068
79.40689,11.674699,15.5191145,10.741692,7.3441167,8.456947,243.33688
79.14703,11.652123,3.2389762,3.6684656,7.26454,8.344779,222.26123
78.5607,11.675898,4.7795787,5.1925573,7.152211,8.224711,210.08307
77.97436,11.699674,6.3201814,6.716649,7.039882,8.104644,197.35968
77.01319,11.741304,44.8489,45.31007,6.819884,7.8731623,170.12753
76.05202,11.782935,83.37762,83.903496,6.599884,7.64168,167.21115
76.89378,11.8227625,97.63272,78.18159,6.81743,7.955021,248.1762
77.73554,11.86259,111.887825,72.45967,7.0349755,8.268362,332.40482
77.12214,11.823203,60.14036,40.623966,7.438217,8.685782,311.6163
76.50874,11.783816,8.392906,8.788257,7.8414593,9.103203,244.00537
76.67589,11.763707,9.1987705,9.674986,7.762483,9.022537,238.72964
76.843025,11.743598,10.004635,10.561715,7.683507,8.941872,233.89592
76.611946,11.763227,10.146666,10.727942,7.3621225,8.570074,210.80598
76.38087,11.782858,10.288695,10.89417,7.040738,8.198277,188.87341
77.32613,11.749762,10.142742,10.668236,7.2100167,8.365661,202.24797
78.27141,11.716665,9.996788,10.442302,7.3792953,8.533043,216.04166
78.95993,11.581898,11.42137,11.78092,7.8665576,9.030889,247.13243
79.64845,11.447131,12.845951,13.119538,8.35382,9.528733,280.78268
78.16542,11.181967,13.043621,13.193057,8.793432,9.938446,299.3784
76.68238,10.916802,13.241289,13.266578,9.233044,10.348158,320.6599
74.818665,10.852524,12.801368,12.917955,9.127386,10.217468,319.9343
72.95496,10.788245,12.361448,12.569334,9.0217285,10.086779,327.47726
73.520226,10.69567,14.857685,15.029634,9.044565,10.082275,320.3803
74.08549,10.603095,17.35392,17.489935,9.067403,10.077773,314.28577
73.739815,10.643031,17.198053,17.399122,9.005026,10.029523,312.66333
73.39414,10.682967,17.042189,17.30831,8.942649,9.981273,311.3821
72.82971,10.614408,15.550525,15.7551,8.75183,9.759164,305.5567
72.26528,10.545848,14.058862,14.20189,8.561011,9.537056,300.10068
72.59716,10.480387,13.724844,13.855966,8.624325,9.575471,301.3553
72.92904,10.414925,13.390824,13.510039,8.687638,9.613887,302.6529
73.46569,10.3263445,14.037697,14.216371,8.641511,9.555963,295.8724
74.00234,10.237765,14.684567,14.922701,8.595383,9.498039,288.11508
73.7106,10.24125,14.504393,14.682454,8.5879345,9.479318,289.86667
73.41886,10.244734,14.324217,14.442208,8.580485,9.460596,290.92484
73.134384,10.199903,14.080163,14.221143,8.598751,9.471974,295.0034
72.849915,10.15507,13.83611,14.000077,8.617016,9.483353,298.97238
72.7283,10.1677685,14.1289015,14.328746,8.603459,9.478265,298.69925
72.60669,10.180468,14.421692,14.6574135,8.589903,9.473177,298.39413
74.34841,10.165326,15.64218,15.816696,8.623696,9.493838,284.58173
76.09013,10.150185,16.862669,16.975977,8.657488,9.514499,272.46985
75.63556,10.121985,18.36995,18.585875,8.565381,9.41832,268.04398
75.18099,10.093787,19.87723,20.195772,8.473273,9.32214,261.9167
76.06012,10.225579,21.281096,21.588655,8.45707,9.335763,260.93646
76.939255,10.357371,22.684961,22.981543,8.440866,9.349387,262.40982
78.05441,10.36523,23.75423,24.09069,8.399629,9.302579,264.60837
79.16957,10.373088,24.823503,25.199835,8.358391,9.255772,266.89825
79.21311,10.484374,25.832474,26.216198,8.245251,9.1452055,259.2028
79.25666,10.595659,26.841438,27.232561,8.132112,9.03464,251.15462
79.34215,10.678474,27.5865,28.02661,7.987543,8.898528,241.90523
79.427635,10.761289,28.33156,28.820658,7.8429747,8.762416,232.77147
79.582825,10.834175,29.69064,30.23557,7.714506,8.634199,224.14833
79.738014,10.907061,31.049719,31.650486,7.5860376,8.505981,216.63747
79.67445,10.9906225,31.334127,31.889767,7.407316,8.319017,204.36493
79.61089,11.074185,31.618534,32.12905,7.228595,8.132052,193.75522
80.74868,11.039226,32.16138,32.587982,7.202323,8.071214,201.96814
81.88646,11.004266,32.704224,33.04691,7.1760507,8.010375,206.75644
82.009705,11.021898,32.944237,33.490726,7.0843186,7.9237604,201.5404
82.13295,11.039531,33.184246,33.934544,6.992587,7.8371453,196.00317
81.77165,11.099764,32.305862,33.10308,6.87193,7.722155,187.84421
81.41035,11.159997,31.427483,32.271614,6.751274,7.6071653,179.51971
81.53919,11.186988,30.921328,31.675644,6.726521,7.590448,180.87172
81.66804,11.213979,30.41517,31.079674,6.701769,7.573731,182.24797
81.91802,11.239109,30.629911,31.244629,6.6408367,7.520456,181.2747
82.168,11.264238,30.844654,31.409582,6.579903,7.467181,180.25014
82.92331,11.253099,31.547525,32.05178,6.512596,7.3787246,177.74966
83.67862,11.241961,32.250397,32.693977,6.445288,7.2902675,173.14359
84.302284,11.187879,32.319405,32.733738,6.3621116,7.152519,166.6037
84.92595,11.133796,32.388416,32.773506,6.278935,7.0147715,159.0166
85.02113,11.080239,33.13754,33.57099,6.1611476,6.8620434,148.80124
85.116325,11.026683,33.886665,34.368473,6.04336,6.709316,138.37117
85.20756,11.023038,34.52781,35.057426,5.886705,6.5241995,126.0735
85.298775,11.019392,35.168957,35.746384,5.730049,6.339083,115.16218
85.64098,10.991091,36.2638,36.821297,5.601776,6.180172,106.33611
85.98319,10.962789,37.358646,37.896206,5.4735026,6.0212603,96.6619
86.94292,10.757355,40.059933,40.499382,5.5949574,6.0793133,90.64929
87.90266,10.55192,42.761215,43.102562,5.716411,6.137367,81.7193
87.94988,10.5656,42.636726,42.992317,5.563266,5.9662566,75.295555
87.99711,10.579282,42.512234,42.88207,5.41012,5.7951474,68.968445
87.66358,10.586357,41.007004,41.371807,5.281324,5.651135,66.37806
87.33005,10.5934305,39.501774,39.86155,5.152528,5.5071225,63.989452
86.91528,10.618911,36.90414,37.26918,5.14822,5.502137,70.040245
86.50052,10.644389,34.30651,34.67681,5.143913,5.497153,75.60214
86.15456,10.680424,32.38712,32.75937,5.290461,5.6670194,88.64685
85.8086,10.716457,30.467728,30.841932,5.43701,5.8368855,102.22548
85.4736,10.763504,29.586088,29.967402,5.5656114,5.9905696,111.68942
85.1386,10.810551,28.70445,29.09287,5.694213,6.1442537,120.121506
84.73732,10.856754,29.414183,29.798344,5.729535,6.1927676,120.56016
84.33603,10.902957,30.123909,30.50382,5.7648573,6.241281,120.311516
84.16624,10.96217,30.165268,30.560905,5.752981,6.240608,118.92338
83.99644,11.021382,30.206627,30.617994,5.741105,6.239936,117.5845
83.717094,11.098308,31.07202,31.509146,5.6100655,6.110159,107.88647
83.43777,11.175232,31.93741,32.400295,5.479025,5.980382,98.41443
83.2688,11.243133,31.858042,32.3554,5.50535,6.028071,99.7006
83.09984,11.311032,31.778675,32.3105,5.531676,6.0757604,101.25613
83.2255,11.370697,33.03763,33.588585,5.5733323,6.149638,101.99016
83.35117,11.430363,34.296585,34.866673,5.614989,6.223516,102.76148
83.37252,11.464349,35.65169,36.248634,5.3424826,5.917567,85.6823
83.393875,11.498335,37.0068,37.6306,5.069977,5.611618,71.04589
83.64761,11.5223055,36.46978,37.07868,5.031322,5.5664935,69.10584
83.901344,11.546275,35.93276,36.526756,4.992667,5.5213685,67.30711
83.81184,11.541614,33.286827,33.834244,5.0964947,5.6353307,74.445206
83.72233,11.53695,30.640892,31.141733,5.200322,5.749292,84.29989
83.56281,11.52468,30.429716,30.900785,5.197755,5.7419705,84.474884
83.4033,11.51241,30.218538,30.659836,5.1951876,5.734648,84.68662
83.20851,11.490865,28.793934,29.215664,5.1536593,5.675283,84.54091
83.01373,11.469319,27.369328,27.77149,5.112131,5.6159177,84.30884
83.04657,11.42374,26.372837,26.75626,5.3861036,5.9227624,102.2044
83.079414,11.37816,25.376345,25.74103,5.6600757,6.2296076,120.564125
83.10743,11.320042,25.721035,26.097824,5.8325486,6.4124165,130.05856
83.13544,11.261922,26.06573,26.454622,6.0050216,6.5952253,140.04128
83.12242,11.197254,27.39085,27.749737,6.115103,6.705238,143.9543
83.1094,11.132586,28.715973,29.044853,6.2251835,6.8152504,148.18675
83.38538,11.063906,30.37212,30.689474,6.270953,6.85336,148.32841
83.66138,10.995226,32.028267,32.3341,6.3167233,6.8914695,148.16133
83.6693,10.958428,34.197693,34.464577,6.210969,6.767038,137.51225
83.67722,10.921632,36.367123,36.59505,6.1052146,6.6426063,127.92523
83.5679,10.885649,37.8403,38.030304,5.887885,6.3935084,114.41602
83.45859,10.849667,39.31348,39.465557,5.670556,6.14441,100.693115
83.4778,10.862156,38.71428,38.84447,5.5899367,6.060742,97.7819
83.49701,10.874644,38.115074,38.22338,5.5093174,5.977074,94.96942
83.12235,10.910902,38.588264,38.67719,5.2607713,5.703637,81.82507
84.14139,11.814026,16.519146,18.423773,3.7367716,4.79363,53.3114
81.32242,11.650028,17.55001,18.523973,4.3149824,5.0307527,74.66839
78.50344,11.48603,18.580875,18.624176,4.8931937,5.2678757,79.0508
77.887375,11.432998,16.7752,16.911325,4.790123,5.1298723,73.77368
77.27131,11.379965,14.969523,15.198474,4.6870527,4.9918694,67.5972
77.34882,11.314269,15.021438,15.254014,4.6892304,4.9958763,68.541916
77.42633,11.248573,15.073353,15.309554,4.6914086,4.999883,69.525505
76.96673,11.140483,14.712903,14.883963,4.7771554,5.072145,67.89899
76.50713,11.032393,14.352453,14.458372,4.862902,5.1444063,65.40134
77.24501,10.976316,14.3906975,14.47599,4.9148674,5.2044725,73.933174
77.98288,10.92024,14.428941,14.493609,4.9668326,5.2645383,82.39153
78.45873,10.915922,14.133165,14.216628,5.084,5.4097877,90.11845
78.93459,10.911604,13.837391,13.939648,5.2011676,5.555037,99.33454
79.19238,10.945827,14.286309,14.38952,5.3835316,5.7647705,106.931145
79.45017,10.980049,14.7352295,14.839391,5.5658956,5.974503,113.508995
79.42265,11.029601,15.794802,15.897769,5.7179966,6.1394854,115.03847
79.39513,11.079152,16.854376,16.956146,5.8700976,6.304468,116.600174
79.93891,11.094005,18.319666,18.472881,5.9755716,6.42665,123.43542
80.482704,11.108856,19.784956,19.989618,6.0810466,6.5488315,130.57277
80.487206,11.188585,22.008846,22.248352,6.003851,6.509536,126.761566
80.49172,11.268314,24.232738,24.50709,5.926656,6.4702406,121.25124
80.69276,11.366769,25.821161,26.059212,5.886943,6.4362564,116.81168
80.89379,11.465224,27.409584,27.611332,5.8472304,6.4022727,113.12706
81.76528,11.517227,27.711267,27.889761,5.79447,6.353057,115.89723
82.63677,11.569231,28.012949,28.168192,5.741709,6.3038406,116.3502
83.225296,11.615048,28.019396,28.26812,5.8603864,6.4435077,124.5495
83.81381,11.660865,28.02584,28.368048,5.979064,6.583174,133.52022
84.09604,11.691955,27.416204,27.827929,6.112726,6.7449822,144.02162
84.378265,11.7230425,26.806566,27.287811,6.246389,6.9067903,154.7525
84.55599,11.742335,26.057293,26.592003,6.427565,7.1162195,168.44824
84.73373,11.761628,25.30802,25.896193,6.6087413,7.3256483,182.46875
85.00671,11.733178,25.119736,25.751139,6.782938,7.530136,194.9915
85.27968,11.704729,24.93145,25.606081,6.957134,7.7346244,207.74463
85.37406,11.720653,25.630484,26.35586,7.0643578,7.874338,214.27931
85.468445,11.736576,26.329521,27.105639,7.171581,8.014052,220.31432
85.97393,11.669401,26.494995,27.184103,7.3502326,8.184019,229.39348
86.47942,11.602227,26.660473,27.262566,7.5288844,8.353985,238.21751
87.14332,11.508274,27.545696,28.096466,7.6574244,8.475682,245.19774
87.80721,11.41432,28.430922,28.930365,7.785965,8.597379,252.26852
88.18825,11.317914,29.307724,29.78385,7.8816786,8.677707,257.42075
88.56928,11.221507,30.184528,30.637339,7.977392,8.758035,259.64737
88.56059,11.20767,31.419247,31.891628,7.9294233,8.7169485,255.00626
88.55192,11.193834,32.653965,33.14592,7.881454,8.675861,250.34811
88.14758,11.233144,33.86274,34.288853,7.7874217,8.575968,242.48192
87.743256,11.272454,35.07151,35.43179,7.6933894,8.476075,234.58978
87.53126,11.278107,35.911957,36.28611,7.55277,8.304022,220.90387
87.31926,11.283759,36.752407,37.14043,7.412151,8.1319685,207.43607
87.903465,11.196792,36.697067,37.122772,7.20901,7.8739533,184.95865
88.48767,11.109823,36.641724,37.10511,7.005869,7.6159377,164.9222
87.49229,10.78031,36.906887,37.141037,6.8980336,7.5373816,166.79303
86.4969,10.450796,37.17205,37.176964,6.790199,7.4588256,168.57144
85.38942,10.55754,36.154762,36.205444,6.604005,7.257503,166.40842
84.281944,10.664283,35.137474,35.233925,6.417811,7.056181,158.13933
84.22266,10.6772375,34.033325,34.148327,6.286867,6.9007215,151.80322
84.16337,10.690192,32.92918,33.062733,6.155924,6.7452626,145.55804
84.3848,10.712159,31.855644,31.973625,6.031014,6.6116714,140.63345
84.60624,10.734124,30.782112,30.884518,5.9061036,6.47808,136.15036
84.39583,10.817244,29.695896,29.82245,5.914717,6.5149655,139.04219
84.185425,10.900364,28.609684,28.760384,5.9233303,6.5518517,142.46211
83.83562,10.954941,27.252687,27.46022,6.02353,6.668402,150.53642
83.48582,11.009519,25.89569,26.160057,6.1237297,6.784953,158.36844
82.590485,11.062943,26.026817,26.112097,6.275603,6.980906,165.78937
81.69515,11.116366,26.157942,26.064137,6.4274755,7.1768594,171.4282
80.52673,11.0939245,27.016874,26.805481,6.59539,7.3374357,167.59024
79.35832,11.071483,27.875809,27.546825,6.763304,7.498012,159.29735
79.17676,11.04448,28.495588,28.398153,6.7043843,7.429988,152.8646
78.9952,11.01748,29.115368,29.249481,6.645465,7.3619633,146.62178
79.14504,11.033548,31.010494,31.171082,6.5314384,7.242393,142.48384
79.294876,11.049619,32.905617,33.09268,6.417412,7.1228223,135.9784
78.27405,11.105632,33.78381,33.96708,6.349034,7.0545306,124.045784
77.253204,11.161644,34.662006,34.841476,6.280657,6.986239,113.46107
77.082596,11.203069,34.57397,34.77657,6.1975765,6.921739,110.93018
76.91199,11.2444935,34.485935,34.711666,6.114496,6.8572392,108.34269
76.63322,11.33262,34.168903,34.5138,6.0470567,6.8226085,105.70942
76.35445,11.420747,33.851875,34.315933,5.979617,6.7879777,103.14018
77.06174,11.481341,32.99137,33.51325,5.968376,6.8097067,108.28511
77.769035,11.541934,32.130867,32.71056,5.9571357,6.8314357,112.79936
77.822365,11.556191,31.773888,32.30392,6.0685234,6.9467254,117.70555
77.87569,11.570448,31.41691,31.897274,6.1799107,7.0620146,122.69453
77.68672,11.576943,30.944485,31.46267,6.065502,6.96444,118.13548
77.49774,11.583439,30.472055,31.02806,5.9510937,6.8668647,113.694756
77.48592,11.597177,30.141262,30.77883,5.960015,6.875697,113.50603
77.47411,11.610914,29.810467,30.529594,5.968936,6.884529,113.295975
77.57101,11.572088,30.127428,30.67568,5.9673448,6.8325257,111.39017
77.66791,11.53326,30.444387,30.82177,5.9657536,6.780522,109.50079
78.58998,11.458724,31.316366,31.541565,5.9908586,6.769606,114.515144
79.51206,11.384186,32.18835,32.26136,6.015964,6.7586913,119.9157
79.74572,11.297564,32.638462,32.812572,6.094289,6.8019657,122.260475
79.97937,11.210941,33.088577,33.363792,6.172613,6.8452406,124.91096
79.559814,11.213202,32.760975,33.22722,6.192279,6.907322,125.93689
79.14026,11.215465,32.433372,33.090652,6.2119455,6.969403,126.39973
78.936554,11.263552,32.59293,33.20403,6.2701325,7.0778594,130.17691
78.73286,11.311639,32.752487,33.317406,6.3283195,7.1863155,134.24387
80.7659,11.24407,34.173878,34.553696,6.570536,7.401673,157.92424
82.79894,11.1765,35.595264,35.789986,6.8127522,7.6170297,180.50653
83.35033,11.110292,36.194565,36.474415,6.8674526,7.672998,185.43866
83.90171,11.044085,36.793865,37.158844,6.922154,7.728966,188.64072
83.09957,11.302198,38.104683,38.589314,6.4475102,7.1690955,145.56825
82.29744,11.560313,39.4155,40.019783,5.9728665,6.609224,114.36799
82.43535,11.553785,39.522964,40.148094,5.968456,6.594031,113.546425
82.57326,11.547258,39.630424,40.27641,5.964046,6.578838,112.3654
82.73509,11.557423,38.548573,39.176296,5.929205,6.530814,111.04333
82.89693,11.567587,37.466717,38.076183,5.894364,6.4827895,109.46291
82.84184,11.585689,37.303997,37.92501,5.915131,6.5200486,111.556915
82.786766,11.60379,37.141277,37.773838,5.9358993,6.5573077,113.530304
83.123985,11.499184,37.12161,37.562786,6.009185,6.5792522,114.15489
83.46121,11.394576,37.101936,37.351734,6.0824704,6.601197,115.83699
83.54519,11.358492,37.069965,37.320915,5.988792,6.516939,112.58834
83.629166,11.322409,37.038,37.2901,5.8951135,6.432682,109.366646
83.45021,11.342386,37.468857,37.708714,5.912434,6.4419227,108.79547
83.27125,11.362362,37.89972,38.12733,5.929754,6.4511633,108.48661
83.14558,11.336771,37.85718,38.039513,5.958879,6.4704695,109.8228
83.019905,11.311181,37.814644,37.9517,5.988004,6.489775,110.8479
82.87857,11.31985,37.96804,38.12388,5.897449,6.3982916,106.67456
82.737236,11.328519,38.121445,38.296062,5.8068943,6.3068085,102.526825
82.58054,11.349908,37.88392,38.0862,5.7672963,6.2631435,100.718994
82.42385,11.371298,37.646397,37.876343,5.727699,6.2194786,98.85782
82.42398,11.383276,36.65282,36.8997,5.7249246,6.215243,99.365074
82.4241,11.395254,35.659245,35.923054,5.7221503,6.2110066,99.9959
82.35023,11.412118,34.8778,35.131462,5.7999983,6.3030915,104.84252
82.27634,11.428982,34.096355,34.339867,5.8778467,6.395177,109.353455
82.16821,11.453072,34.095886,34.352436,5.888458,6.4176354,109.92931
82.06009,11.4771595,34.09541,34.365,5.8990693,6.4400945,110.50344
81.95105,11.521419,34.139736,34.41239,5.927781,6.484593,111.94912
81.84202,11.565678,34.184063,34.459778,5.9564934,6.529092,113.37286
81.77836,11.577396,34.65614,34.905224,6.0039916,6.58353,115.10008
81.7147,11.589114,35.128216,35.35067,6.0514894,6.637969,116.91059
81.71198,11.583627,35.54897,35.77179,6.192066,6.798059,123.599846
81.70926,11.578138,35.969723,36.19291,6.332643,6.9581485,130.36848
81.6751,11.561365,37.20118,37.410107,6.446913,7.085286,134.55539
81.64094,11.544593,38.432636,38.6273,6.561184,7.2124243,138.95204
81.7094,11.513619,39.730797,39.95346,6.6191616,7.272548,140.99219
81.77785,11.482645,41.028954,41.279617,6.67714,7.332672,143.12636
81.748436,11.440397,41.49605,41.752186,6.7352605,7.386707,145.47275
81.719025,11.39815,41.96315,42.224754,6.7933807,7.4407406,147.82503
81.86633,11.357556,42.13389,42.42377,6.819315,7.466678,149.67638
82.01364,11.316962,42.304623,42.62279,6.84525,7.4926157,151.57063
82.2369,11.276701,42.323143,42.643307,6.795128,7.4244704,148.66042
82.46016,11.23644,42.34166,42.66382,6.745005,7.3563256,145.64055
82.72717,11.192619,42.219185,42.555428,6.6554785,7.2586308,141.09572
82.99418,11.148797,42.09671,42.447033,6.5659513,7.160936,136.53741
83.10256,11.161333,43.209564,43.510735,6.5640616,7.1528006,133.99193
83.21095,11.173869,44.32242,44.574432,6.5621705,7.1446657,131.51051
83.194275,11.127503,45.307606,45.581173,6.6224785,7.2031465,132.92183
83.1776,11.081137,46.292797,46.587917,6.682787,7.2616277,134.66273
81.22141,11.206421,46.179802,46.395794,6.1814556,6.6754284,108.55597
79.26522,11.331706,46.066803,46.203667,5.6801243,6.08923,86.17455
79.87697,11.320465,45.07824,45.238724,5.583637,5.9788365,85.61802
80.488716,11.309224,44.089672,44.273785,5.4871507,5.8684435,82.538086
80.491234,11.342753,42.70196,42.929607,5.4609365,5.8427477,81.814835
80.49377,11.376282,41.314247,41.585434,5.434723,5.817052,80.90947
80.335945,11.387982,41.974274,42.2185,5.5706654,5.9726987,86.12777
80.17814,11.399682,42.6343,42.851566,5.706608,6.1283464,90.253204
79.92068,11.43168,44.224064,44.44796,5.8546014,6.293876,93.468445
79.66321,11.463677,45.81382,46.044353,6.002595,6.4594064,96.738
79.74053,11.464906,46.158306,46.379284,6.177687,6.655786,102.7364
79.817856,11.466132,46.502796,46.714207,6.3527794,6.8521657,109.83217
79.88086,11.488173,47.815025,48.013863,6.4733515,6.9974957,115.32748
79.94386,11.510214,49.127254,49.313515,6.593924,7.142825,120.97665
79.71519,11.564746,51.85001,52.03729,6.634808,7.2004395,120.73481
79.4865,11.61928,54.57276,54.76107,6.675693,7.2580533,120.74852
79.39634,11.683757,57.262337,57.481094,6.697954,7.29562,120.15298
79.30617,11.748233,59.951912,60.201122,6.720216,7.3331866,121.44572
79.63479,11.77456,62.410545,62.68554,6.6739855,7.2867627,119.37693
79.96341,11.800886,64.86918,65.16995,6.627755,7.240339,118.09028
80.49143,11.821105,65.61305,65.92842,6.441008,7.0344415,108.38504
81.01946,11.841322,66.35693,66.68688,6.2542615,6.828544,99.96781
81.24447,11.89266,64.519966,64.8402,6.071367,6.638795,96.14531
81.46947,11.943997,62.683002,62.993515,5.8884716,6.4490457,91.2586
81.44354,12.021652,60.260605,60.542667,5.932182,6.502879,92.53347
81.41761,12.099308,57.838203,58.091824,5.975892,6.556712,93.566666
81.37282,12.12257,56.988613,57.273346,6.148794,6.753936,100.65756
81.32803,12.145834,56.139023,56.454872,6.321696,6.9511595,108.677734
81.24822,12.186298,56.101547,56.43503,6.509286,7.193704,119.88596
81.1684,12.226763,56.06408,56.4152,6.6968765,7.4362493,132.51895
80.76036,12.2811985,56.649467,57.083317,6.937124,7.741317,151.48283
80.35232,12.335636,57.23486,57.751427,7.1773705,8.046384,174.45163
80.82595,12.346461,54.874504,55.390057,7.46522,8.388835,202.58556
81.299576,12.357286,52.514153,53.028687,7.7530684,8.731285,230.91183
81.64353,12.341689,53.55928,54.019344,7.987584,9.006431,252.85222
81.98748,12.32609,54.60441,55.010006,8.222098,9.281576,273.27298
82.042366,12.313262,56.4074,56.788242,8.30924,9.387453,281.06918
82.097244,12.300432,58.210384,58.566475,8.396382,9.493332,287.73343
82.142235,12.30199,59.564415,59.923244,8.409686,9.513892,287.74207
82.187225,12.303548,60.91845,61.28001,8.422991,9.534453,287.7417
81.86377,12.347347,61.846497,62.24738,8.420255,9.552553,289.9028
81.54031,12.391147,62.774536,63.214745,8.417519,9.570654,292.16098
81.086945,12.437697,62.84273,63.307312,8.258081,9.416029,285.3883
80.63357,12.484246,62.910923,63.39987,8.098644,9.261406,276.88715
83.240326,12.285908,63.75641,64.19712,8.192903,9.248892,262.4322
85.84708,12.087568,64.60189,64.99437,8.287162,9.236378,256.19315
85.66403,12.020782,64.87443,65.24567,8.14859,9.071555,244.50139
85.48099,11.953997,65.14696,65.49696,8.010019,8.906731,233.10863
85.278725,11.822865,63.864124,64.22084,8.256439,9.226682,254.76791
85.076454,11.691731,62.581295,62.944714,8.502859,9.546633,277.75647
84.83668,11.629174,62.878372,63.227722,8.400521,9.4077425,266.7258
84.59689,11.566617,63.175453,63.51073,8.298185,9.268852,256.0741
85.07917,11.633305,62.749176,63.144604,8.23076,9.22731,255.40997
85.56146,11.699992,62.322903,62.778473,8.163333,9.185768,255.07408
85.613556,11.651482,62.14135,62.627785,8.152522,9.135321,250.47173
85.66565,11.602969,61.9598,62.47709,8.141711,9.084872,245.83281
85.28662,11.565038,61.381844,61.863926,8.129299,9.072522,244.94884
84.907585,11.527107,60.803886,61.25076,8.116886,9.060171,244.32011
85.12959,11.549381,60.98605,61.45859,8.282406,9.248049,256.55966
85.35159,11.571655,61.168217,61.666428,8.4479265,9.435926,269.25638
84.52493,11.625433,61.279804,61.741493,8.470915,9.505054,274.7497
83.69827,11.67921,61.391396,61.816563,8.493902,9.5741825,281.4701
84.03693,11.733233,62.390903,62.836796,8.497918,9.589658,282.42938
84.37557,11.787259,63.39041,63.857037,8.501936,9.605131,283.4497
83.79842,11.828589,63.54409,64.01504,8.412939,9.518026,277.69888
83.221275,11.869921,63.69776,64.17304,8.323942,9.430922,271.82663
83.78022,11.967818,62.94704,63.4705,8.247556,9.396051,272.39468
84.339165,12.065715,62.196316,62.767956,8.171169,9.361182,273.1981
85.11691,12.117125,63.007854,63.61846,8.223829,9.471421,282.82816
85.89466,12.168536,63.819393,64.46896,8.27649,9.58166,290.96283
85.338715,12.287901,64.26722,65.01875,8.036138,9.404913,282.59085
84.782776,12.407268,64.71505,65.56854,7.795785,9.228166,274.4415
85.69424,12.461921,63.816734,64.8173,7.685925,9.168581,271.46298
86.605705,12.516575,62.91842,64.066055,7.5760646,9.108996,268.1478
86.52675,12.564987,61.640873,63.069267,7.5068703,9.125359,273.39304
86.44779,12.6134,60.363323,62.072483,7.4376755,9.141721,278.84738
86.161316,12.677732,59.3256,61.34183,7.384472,9.240783,292.53186
85.87484,12.742065,58.287872,60.611183,7.331268,9.339844,306.63495
85.55254,12.807327,58.321342,61.036392,7.2747226,9.397251,314.20157
85.23024,12.87259,58.35481,61.4616,7.2181773,9.454658,321.2015
84.99318,12.940774,58.220154,61.775158,7.1443524,9.494345,327.1234
84.75612,13.008959,58.085506,62.088715,7.070528,9.534031,332.84836
85.07001,13.061899,58.36029,62.422134,7.184331,9.71725,345.699
85.383896,13.114838,58.635086,62.75555,7.298135,9.900469,357.3096
84.863716,13.172427,59.624374,63.8394,7.3232408,10.007856,367.3311
84.34354,13.230015,60.613667,64.923256,7.348346,10.115243,377.56732
84.19869,13.277886,61.795025,66.366356,7.328427,10.178473,382.69485
84.05385,13.325759,62.976387,67.80945,7.3085074,10.241704,387.8452
83.66164,13.370427,64.8952,69.80465,7.3570604,10.392211,399.4237
83.26942,13.415097,66.81401,71.79985,7.405614,10.542719,410.79657
82.418594,13.470506,68.72296,74.000984,7.492948,10.74161,425.89975
81.567764,13.525912,70.63192,76.202126,7.580283,10.940501,439.7935
80.77046,13.599441,72.23639,78.063484,7.7277303,11.211945,454.8137
79.97317,13.672967,73.840866,79.924835,7.875177,11.483387,468.65018
79.0809,13.763259,74.46473,80.99901,7.8978972,11.6186495,477.19644
78.18863,13.853549,75.0886,82.07319,7.920617,11.753912,484.13116
81.78613,13.469482,69.47421,78.772606,7.401599,11.187485,450.49326
85.38364,13.085416,63.85982,75.47202,6.8825803,10.621058,402.6253
84.959366,13.224562,65.22457,77.30715,6.850151,10.669452,406.68604
84.5351,13.3637085,66.589325,79.14228,6.817723,10.717845,411.08627
85.15015,13.4606085,68.666664,81.065796,6.839972,10.828095,415.83237
85.7652,13.557508,70.743996,82.98932,6.8622212,10.938348,420.9108
86.10127,13.650219,73.65658,85.94236,6.799985,10.956037,421.28592
86.43734,13.74293,76.56917,88.8954,6.737748,10.973726,421.85455
86.54202,13.813461,79.437775,91.87719,6.620484,10.88896,417.6527
86.646706,13.883992,82.30638,94.859,6.50322,10.8041935,414.67737
85.74473,13.946506,84.65741,97.0508,6.404383,10.731087,413.1137
84.84276,14.00902,87.00844,99.2426,6.3055468,10.657979,411.26053
83.646774,14.041798,88.19032,99.785324,6.3388963,10.718686,418.1636
82.45079,14.074574,89.37221,100.32806,6.3722463,10.779394,427.49954
82.09889,14.079367,89.56351,99.771774,6.545285,10.976916,440.14456
81.747,14.084158,89.75482,99.215485,6.718323,11.174438,452.57266
82.20454,14.070779,90.85809,99.26066,7.0591946,11.571916,472.2678
82.66207,14.057401,91.96138,99.30583,7.4000664,11.969392,488.82596
83.737785,14.015411,93.83625,100.45412,7.6966186,12.261302,497.14304
84.8135,13.973423,95.711136,101.60238,7.9931703,12.553213,504.37653
85.49358,13.940655,96.70657,102.315575,8.070602,12.627757,505.40677
86.17367,13.907888,97.70201,103.028786,8.148035,12.702302,506.58365
86.09427,13.892311,98.373535,103.46111,8.191646,12.737949,508.16562
86.01486,13.876733,99.04507,103.89343,8.235256,12.773598,509.74982
85.12693,13.888905,98.38022,103.429306,8.1535845,12.707539,510.05496
84.239,13.901075,97.71538,102.965164,8.071913,12.6414795,510.33408
82.69934,13.939658,95.68916,101.26094,8.173299,12.754814,517.36304
81.1597,13.978241,93.66296,99.55671,8.274685,12.868147,521.891
80.511765,13.970184,92.38109,98.02342,8.382737,12.94889,525.1769
79.86384,13.962128,91.099236,96.490135,8.49079,13.029632,528.23846
80.80494,13.903516,90.95166,96.05503,8.485171,12.996718,525.3025
81.746056,13.844903,90.80408,95.61992,8.479553,12.963805,522.4886
83.124695,13.779287,90.49249,95.16113,8.404963,12.835972,516.6147
84.50335,13.713672,90.18091,94.702354,8.330372,12.708139,509.1272
85.27445,13.663007,89.583015,94.009995,8.324995,12.671523,505.4014
86.04556,13.612343,88.98512,93.317635,8.319618,12.634907,502.68225
86.4352,13.58254,88.81415,93.0263,8.453846,12.767971,506.40967
86.824844,13.552737,88.64317,92.73496,8.588073,12.901035,509.92203
86.9569,13.552021,89.178276,93.21073,8.496765,12.8254175,507.8631
87.08896,13.551304,89.71339,93.6865,8.4054575,12.749801,505.71097
87.042336,13.579653,89.09797,93.432915,8.255816,12.638319,502.2302
86.99571,13.608002,88.482544,93.17932,8.106175,12.526838,498.5518
87.16907,13.628072,87.852066,92.766716,8.013596,12.45416,495.6551
87.342415,13.648143,87.22158,92.35411,7.921016,12.38148,492.87366
87.625984,13.652848,87.25687,92.40913,7.702038,12.16686,485.56216
87.90956,13.657553,87.292145,92.46414,7.4830594,11.95224,478.2717
88.260475,13.641381,88.46165,93.45248,7.2081676,11.640152,467.42972
88.61139,13.625211,89.63115,94.44081,6.9332757,11.328065,455.83514
89.6826,13.669056,89.00188,93.9755,6.4874935,10.67556,422.09338
90.753815,13.712901,88.372604,93.51018,6.041711,10.023054,379.61148
90.90693,13.691889,87.31293,93.68147,5.6144295,9.484094,343.05807
91.060036,13.670875,86.25325,93.85277,5.187148,8.945133,308.522
91.34934,13.645926,85.48685,94.19292,4.902887,8.550536,280.76498
91.638664,13.620978,84.72045,94.53307,4.618626,8.155938,253.5328
91.805504,13.609673,83.8701,94.84679,4.3328614,7.73742,228.1277
91.97234,13.598365,83.01975,95.16051,4.0470963,7.3189025,204.10837
92.03413,13.595631,82.57638,95.59044,3.876248,7.0531387,186.71367
92.09592,13.5928955,82.13301,96.020386,3.7053988,6.787374,167.38774
91.92744,13.617836,81.04787,95.71396,3.6477582,6.6658564,157.1829
91.758965,13.642778,79.96272,95.407555,3.5901175,6.5443387,146.85222
91.49914,13.675727,79.14887,94.92561,3.5432181,6.494545,142.74344
91.23933,13.708676,78.33502,94.44369,3.4963186,6.444751,139.29716
90.995125,13.741459,77.254814,93.64373,3.422021,6.32804,131.49149
90.75092,13.774241,76.17461,92.843765,3.3477235,6.2113295,123.104774
90.53784,13.808944,76.24181,93.004135,3.2574792,6.1059346,117.14798
90.32476,13.843645,76.30903,93.16449,3.1672347,6.0005393,111.065186
90.25239,13.867067,76.88921,93.40973,3.1704946,6.0327253,114.35102
90.180016,13.89049,77.46939,93.65496,3.1737545,6.064911,117.67183
90.2534,13.905138,79.19475,95.56855,3.1063454,5.977382,113.389015
90.3268,13.919786,80.920105,97.48213,3.038936,5.8898535,109.0696
90.28739,13.935936,82.43986,99.354256,2.970912,5.777827,102.62548
90.247986,13.952085,83.9596,101.22638,2.902888,5.665801,96.68028
89.88036,13.996622,85.57643,102.78503,2.9011667,5.69131,99.286354
89.51273,14.041162,87.19325,104.34367,2.8994455,5.716819,101.73305
89.127,14.079929,89.0654,105.05404,2.9941266,5.8870287,113.14107
88.74126,14.118696,90.93755,105.7644,3.0888076,6.0572386,123.82336
88.52952,14.137547,91.62055,106.14562,3.1328964,6.161579,130.48802
88.31778,14.156396,92.30356,106.52683,3.1769855,6.265919,137.64566
88.28156,14.156464,92.37635,106.512535,3.1053638,6.206769,135.00325
88.24535,14.156531,92.449135,106.49825,3.0337422,6.1476183,132.59424
88.26347,14.158613,92.91497,106.04558,3.1057575,6.275634,142.32957
88.281586,14.160696,93.380806,105.5929,3.1777728,6.403649,152.52377
88.371735,14.166638,91.60933,104.51013,3.1629364,6.3983254,151.44968
88.46188,14.17258,89.83786,103.427345,3.1480994,6.393002,150.613
88.42367,14.207508,88.640465,102.346275,3.2004955,6.4568295,154.19835
88.385445,14.242435,87.44306,101.2652,3.2528918,6.520657,157.98743
88.55402,14.253566,86.31933,99.62053,3.3937685,6.7180424,171.87
88.72259,14.264696,85.195595,97.97587,3.5346458,6.9154277,185.43579
88.807014,14.275104,84.37612,97.07615,3.5332675,6.976712,190.87405
88.89145,14.285513,83.55666,96.17642,3.531889,7.0379972,196.19766
88.69513,14.307033,79.78037,93.69621,3.5339887,7.048115,193.51862
88.49881,14.328552,76.00408,91.215996,3.5360887,7.058233,190.2328
88.0241,14.375429,72.128235,87.80466,3.5452745,7.053622,186.75569
87.54939,14.422306,68.25239,84.39332,3.5544605,7.049011,184.4619
87.052216,14.431446,64.80642,81.10299,3.582822,7.0805607,184.88716
86.55504,14.440586,61.360455,77.81266,3.6111836,7.1121106,185.31236
84.960045,14.743791,62.62775,77.62826,3.764565,7.2921367,190.07881
83.36506,15.046993,63.895042,77.443855,3.9179463,7.472163,194.67169
83.256714,15.041641,64.112724,78.42592,4.024022,7.5628924,197.08263
83.14837,15.036289,64.3304,79.40798,4.130098,7.653621,199.53575
83.20774,15.034971,68.46247,84.292114,4.2280164,7.727438,202.98001
83.26712,15.033654,72.594536,89.176254,4.3259344,7.801255,207.68307
83.2745,15.068012,78.15252,96.57357,4.24649,7.666627,195.13011
83.28187,15.10237,83.71051,103.970894,4.167045,7.5319986,183.79185
82.53793,15.202236,91.00778,109.094215,4.609717,8.148524,226.9988
81.794,15.302104,98.30506,114.21755,5.052389,8.76505,273.70706
81.220764,15.366405,101.02638,115.401085,5.190655,9.058096,299.51413
80.64753,15.430705,103.74771,116.584625,5.328921,9.351144,326.11942
80.30805,15.411431,106.29561,117.29537,5.709162,9.899514,369.15945
79.968575,15.392158,108.843506,118.00611,6.089403,10.447885,410.44446
79.485535,15.391577,108.25826,116.39976,6.676022,11.013137,441.8857
79.0025,15.390994,107.67302,114.793396,7.26264,11.578388,469.4673
78.01651,15.438048,108.79165,115.15006,7.5435696,11.931992,488.3122
77.03052,15.485101,109.91028,115.50673,7.824499,12.285594,504.48978
77.01252,15.452115,110.016205,115.22863,7.5779376,12.136195,501.52115
76.994514,15.419129,110.12213,114.95053,7.331376,11.986795,498.4482
77.35828,15.389381,111.14817,115.774826,7.222955,11.868254,493.36862
77.72204,15.359633,112.1742,116.59912,7.114534,11.749713,488.05325
78.376205,15.285895,111.17716,115.75401,6.9866147,11.542656,478.00073
79.03036,15.212158,110.18011,114.90889,6.8586955,11.3356,466.94385
79.11754,15.193745,108.436775,113.72054,6.7343864,11.176406,459.1588
79.20473,15.17533,106.69346,112.53219,6.610076,11.017211,450.96866
79.165764,15.1630745,105.09796,111.290474,6.362621,10.744275,438.02536
79.12681,15.150818,103.502464,110.04876,6.115166,10.471339,423.7801
79.11902,15.1128845,101.164185,107.4956,6.1252284,10.465331,425.4071
79.11123,15.074952,98.825905,104.94242,6.1352906,10.459321,427.11377
79.08613,15.043014,98.03784,103.719696,6.096449,10.430583,427.55896
79.061035,15.011075,97.24976,102.496956,6.057607,10.401845,427.9229
79.424484,14.985585,95.49416,100.94119,5.941063,10.266244,419.58505
79.78794,14.960097,93.738556,99.38544,5.824519,10.130644,410.76965
80.4853,14.920428,91.70675,97.40997,5.826867,10.07328,403.72784
81.182655,14.880762,89.674934,95.434494,5.8292155,10.015918,396.69714
81.82139,14.823902,87.03449,92.88732,5.6984615,9.789092,378.77695
82.46012,14.767043,84.39404,90.34015,5.5677066,9.562266,360.03653
83.02941,14.699504,81.603226,87.66144,5.3693023,9.293702,341.07376
83.59872,14.631966,78.81241,84.98271,5.1708975,9.025138,324.09372
84.24648,14.555046,74.76205,80.95859,5.255197,9.0490265,325.4187
84.89426,14.478126,70.71168,76.934456,5.3394966,9.072915,327.72937
85.71054,14.390682,68.429146,74.235695,5.4488873,9.158572,334.82147
86.52682,14.30324,66.146614,71.53695,5.5582786,9.244229,339.7497
87.05126,14.258632,63.58245,69.25572,5.3458586,8.995253,321.2581
87.57571,14.214023,61.018284,66.974495,5.133438,8.746276,302.8819
87.87128,14.186786,58.701736,64.97268,4.9869514,8.583052,291.9228
88.16684,14.15955,56.385193,62.97087,4.840464,8.419829,281.54202
89.46191,14.439021,50.35357,57.00753,5.5079727,9.182163,322.21588
90.75698,14.7184925,44.32194,51.04419,6.1754813,9.944497,368.91418
89.981346,14.799826,46.62934,53.25274,6.4643555,10.322066,394.84702
89.20571,14.881158,48.93674,55.461285,6.753229,10.6996355,418.6808
88.52729,14.953548,52.1704,58.910854,6.82959,10.801186,423.97363
87.84888,15.02594,55.40406,62.36042,6.90595,10.902738,429.18533
87.30431,15.06142,58.345623,66.44001,6.679955,10.514641,405.2455
86.75976,15.096901,61.28719,70.51961,6.453959,10.126544,378.12402
86.148895,15.147694,64.39953,76.019196,5.872866,9.311862,315.71927
85.53803,15.198486,67.51187,81.51879,5.2917733,8.497179,250.43889
84.99529,15.239265,69.87253,84.96264,4.901347,8.029492,216.24911
84.452545,15.280044,72.23319,88.406494,4.510921,7.5618052,184.38431
83.98501,15.298411,73.63458,91.09396,4.1333785,7.0737367,151.20107
83.51748,15.316779,75.03597,93.78143,3.755836,6.585668,119.05844
83.14107,15.327724,75.189514,91.00438,4.0059433,6.974811,147.06316
82.764656,15.338672,75.34306,88.22735,4.2560506,7.3639545,177.98656
82.17047,15.355023,76.36904,87.750534,4.4326453,7.704304,205.22144
81.57629,15.371375,77.39501,87.27372,4.6092396,8.044654,233.89024
81.157814,15.363455,80.5607,89.220604,4.927655,8.498009,268.91406
80.73935,15.355534,83.726395,91.16749,5.2460704,8.951363,307.13077
80.24345,15.373975,86.274734,92.643524,5.604361,9.452976,351.1298
79.74755,15.392416,88.823074,94.119576,5.9626517,9.954589,392.28204
79.29355,15.4156275,90.7843,95.53289,6.1710424,10.233589,413.1737
78.83953,15.438839,92.74555,96.94622,6.379433,10.512589,431.43503
77.49774,15.497431,93.71346,97.92163,6.0816746,10.246547,418.1617
76.155945,15.55602,94.68138,98.89705,5.783916,9.980504,405.2346
75.41799,15.540456,92.259315,96.73855,5.7960377,9.908652,401.6115
74.680046,15.524893,89.83725,94.58005,5.808159,9.836802,396.66473
75.825455,15.402144,87.44719,91.98779,5.818973,9.736726,388.75153
76.97087,15.279396,85.05713,89.39554,5.8297873,9.636649,381.28882
77.311714,15.221022,82.405136,86.89668,5.6388702,9.39365,363.10574
77.65255,15.162648,79.75314,84.39782,5.4479537,9.150651,343.45798
76.46051,15.155072,77.23819,81.820076,5.461249,9.118694,344.5036
75.26846,15.147495,74.723236,79.24233,5.4745445,9.086736,343.24933
73.71751,15.106748,72.912865,77.33677,5.4402637,8.989421,337.97202
72.16656,15.066,71.1025,75.43121,5.405982,8.892107,334.38663
72.68209,14.988741,70.07983,74.322205,5.4743953,8.86617,330.0485
73.197624,14.911482,69.057144,73.2132,5.5428085,8.840233,327.07556
74.33816,14.806386,67.30727,71.652695,5.5517783,8.755124,318.72397
75.47869,14.70129,65.557396,70.092186,5.560748,8.670015,308.4502
76.14918,14.642203,59.84942,65.68487,5.490235,8.546329,290.94397
76.81966,14.583117,54.141453,61.277542,5.419722,8.422642,272.38495
77.19851,14.5842705,50.227444,58.07306,5.561962,8.621548,284.43097
77.57736,14.585425,46.313427,54.868572,5.7042027,8.820453,295.1052
77.55052,14.639157,46.462036,54.56816,6.0047097,9.264056,332.8491
77.523674,14.692888,46.61064,54.26775,6.305217,9.70766,366.64127
77.64735,14.741835,47.750526,55.159557,6.598599,10.087128,392.577
77.77101,14.790782,48.89041,56.05137,6.8919816,10.466597,416.21295
77.85471,14.963628,51.09661,57.969494,7.744113,11.547776,467.75552
77.938416,15.136475,53.302803,59.887615,8.596244,12.628955,507.46442
78.41767,15.163134,55.451675,62.11191,8.648937,12.6947,509.37854
78.896935,15.189792,57.60055,64.3362,8.701631,12.760445,510.9309
79.103004,15.207539,60.035915,66.72031,8.589203,12.600789,506.51334
79.30909,15.225285,62.471283,69.104416,8.476775,12.4411335,502.3434
79.19537,15.22032,65.15227,71.61725,8.331459,12.24429,497.18222
79.08166,15.215356,67.83326,74.13008,8.186143,12.047446,491.6539
78.66984,15.211336,70.111435,76.37952,7.9767623,11.825841,485.56152
78.258026,15.207316,72.3896,78.628944,7.7673817,11.604236,478.96655
78.25356,15.188309,72.665924,78.680984,7.5155263,11.317157,468.53412
78.24911,15.169301,72.94224,78.733025,7.2636704,11.030078,455.9135
78.8428,15.1364155,71.59673,77.39997,7.0656896,10.77153,440.23788
79.436485,15.103529,70.25123,76.06693,6.867708,10.512982,424.7463
80.14377,15.066373,69.10561,74.81416,6.7972074,10.401946,417.0658
80.85105,15.029215,67.96,73.5614,6.7267056,10.290911,409.27274
81.37289,15.009244,67.10675,72.70851,6.624853,10.147974,398.32462
81.89472,14.989271,66.25349,71.85563,6.5230002,10.005037,387.03586
82.51904,14.954592,65.80739,71.46839,6.427707,9.851202,373.16064
83.14336,14.919911,65.36129,71.08115,6.332414,9.697365,359.19855
83.69092,14.887934,65.10592,71.029854,6.2019987,9.498075,342.047
84.23849,14.855958,64.85055,70.97855,6.071583,9.298783,326.07394
84.67033,14.8155575,63.97487,70.2523,5.98028,9.148223,314.6864
85.10217,14.775157,63.099186,69.52603,5.888977,8.9976635,302.64023
85.55249,14.747911,62.649376,69.0058,5.8595257,8.945807,299.19278
86.0028,14.720666,62.199562,68.48557,5.830074,8.89395,294.81967
86.531,14.70231,62.03495,68.249886,5.8315997,8.885638,293.7157
87.05919,14.683954,61.87033,68.014206,5.8331256,8.877325,292.509
87.4584,14.670635,62.12028,68.26876,5.847595,8.8896675,292.98404
87.8576,14.657318,62.370235,68.523315,5.8620644,8.90201,292.48926
88.02561,14.650145,62.92756,69.12129,5.86799,8.914546,292.87112
88.193634,14.642971,63.484886,69.71927,5.873915,8.92708,293.3376
88.173645,14.645346,64.19649,70.46554,5.8613334,8.927538,293.8245
88.15366,14.647719,64.90809,71.211815,5.8487515,8.927996,294.3512
87.95662,14.658109,65.913536,72.13103,5.759769,8.859004,292.21545
87.75957,14.668498,66.918976,73.05023,5.6707864,8.790011,289.85464
87.53028,14.679981,67.08665,73.01458,5.629884,8.759014,288.8074
87.30098,14.691464,67.25432,72.978935,5.588981,8.728016,287.69992
87.37495,14.6760845,66.61534,72.20178,5.5544147,8.685545,285.5726
87.448906,14.660706,65.97636,71.42463,5.5198483,8.643074,283.4412
87.44557,14.648242,65.82509,71.233635,5.413533,8.515088,276.08585
87.44223,14.635779,65.67381,71.04263,5.307219,8.387103,268.92404
87.55841,14.604664,66.20144,71.738556,5.050399,8.052091,248.89687
87.67459,14.573548,66.72905,72.43448,4.793579,7.71708,227.00731
87.83312,14.545256,67.700554,73.764275,4.5432577,7.381092,204.64255
87.99165,14.516964,68.672066,75.09407,4.2929363,7.045104,182.54105
88.2195,14.488176,68.26704,75.5501,4.0792384,6.744804,161.54196
88.447334,14.459389,67.86201,76.00614,3.8655403,6.4445033,140.7405
88.76439,14.558871,64.66801,73.07879,4.0827556,6.790247,161.41277
89.08144,14.658352,61.47402,70.151436,4.299971,7.1359906,183.01369
88.68308,14.629964,60.306458,69.62337,4.204727,7.0116396,174.03079
88.28473,14.601577,59.1389,69.0953,4.1094837,6.887288,165.35172
87.99288,14.605357,59.248775,69.18089,4.1987753,7.009474,173.44229
87.70104,14.609138,59.35865,69.26649,4.288067,7.1316595,181.467
87.295135,14.597486,59.489796,69.201904,4.386687,7.236201,187.18062
86.88924,14.585833,59.62094,69.13733,4.485307,7.3407426,192.75772
86.412636,14.590296,59.649326,69.209526,4.466493,7.3085465,189.13148
85.936035,14.594761,59.677715,69.28173,4.4476795,7.2763505,184.26419
85.45944,14.611322,59.399094,69.18841,4.358635,7.163305,173.3897
84.98284,14.627882,59.12047,69.09508,4.2695904,7.05026,162.83862
84.44156,14.658527,59.03423,69.128746,4.147854,6.9105506,152.24913
83.90028,14.689172,58.947998,69.16241,4.0261173,6.770841,142.21872
83.54182,14.71068,58.756477,68.99084,3.928602,6.65306,134.60266
83.18336,14.732187,58.564957,68.81926,3.8310864,6.5352793,127.067795
83.0005,14.747773,58.436195,68.76989,3.7086658,6.381997,117.753044
82.817665,14.763357,58.307438,68.72051,3.5862453,6.2287154,108.14473
82.66701,14.764864,56.603985,67.57474,3.4133136,5.980606,94.79015
82.51636,14.766371,54.90053,66.428955,3.2403817,5.732497,82.58987
82.34254,14.766315,53.420673,64.68696,3.1586869,5.612335,78.43354
82.16872,14.766259,51.940807,62.94497,3.0769923,5.492173,74.39042
82.177246,14.748705,52.316925,61.92399,3.1516597,5.6059775,83.01677
82.18579,14.731151,52.693043,60.90301,3.2263267,5.719783,91.78788
82.52063,14.700525,53.01388,61.071884,3.2066085,5.7010784,92.097435
82.85548,14.669898,53.33473,61.24076,3.1868904,5.682375,92.206154
82.78003,14.675148,51.59806,60.416664,3.015304,5.467748,81.53435
82.70458,14.6804,49.86139,59.59257,2.8437173,5.2531214,70.47842
82.41967,14.693061,48.0273,57.711826,2.8184292,5.2079177,69.03278
82.13477,14.705722,46.193207,55.83109,2.7931411,5.1627135,67.19147
82.01597,14.700216,46.01927,55.173855,2.7980957,5.1911836,69.41443
81.89716,14.694709,45.84533,54.516624,2.8030503,5.2196536,71.72033
81.60038,14.695082,45.764153,54.366177,2.785254,5.2086487,71.78525
81.3036,14.695455,45.682972,54.215733,2.7674577,5.197644,71.69251
81.14484,14.6853075,43.856873,52.930477,2.6740324,5.0693083,66.61494
80.98608,14.67516,42.030773,51.64522,2.5806074,4.9409723,61.84472
80.95346,14.667833,40.769695,50.341984,2.5661023,4.9087777,60.80011
80.920845,14.660506,39.508614,49.038746,2.5515974,4.8765836,59.665848
80.95315,14.637204,39.305317,48.716007,2.5463924,4.8593254,59.26199
80.98545,14.613901,39.102016,48.393265,2.5411875,4.842067,58.879627
80.95689,14.587286,37.933628,47.641525,2.5272026,4.7999043,56.689312
80.92832,14.560669,36.765247,46.889786,2.513218,4.757741,54.526436
81.04402,14.5235405,34.028088,45.004776,2.4673078,4.6497865,49.359436
81.15971,14.486413,31.290934,43.119762,2.4213977,4.5418324,43.15399
81.51842,14.446907,27.40646,40.164387,2.3332489,4.3646903,33.811195
81.87711,14.4074,23.521982,37.209015,2.2451,4.1875486,24.022335
82.542114,14.362311,20.786444,34.63804,2.191478,4.0675974,15.577707
83.20712,14.317224,18.050905,32.067066,2.137856,3.9476464,7.8881307
84.563965,14.5512,20.068565,31.40803,2.3934298,4.285687,16.71677
85.9208,14.785176,22.086226,30.748997,2.6490033,4.6237264,31.77826
86.004295,14.734598,19.648214,28.358757,2.5478191,4.4733047,24.4285
86.087776,14.684022,17.210201,25.96852,2.4466352,4.3228827,18.038748
86.44813,14.647119,14.700825,23.886683,2.3464696,4.1955,13.2720585
86.80847,14.610216,12.191446,21.804846,2.246304,4.0681167,8.721992
86.6104,14.578692,67.81656,18.482,2.118359,3.8515759,109.21332
86.41232,14.547167,123.44167,15.159156,1.990414,3.635035,264.4936
85.913414,14.54289,160.42744,37.36199,1.9420745,3.5441241,306.3704
85.414505,14.538611,197.4132,59.564827,1.8937348,3.4532135,352.7015
84.83963,14.541637,226.1408,63.197163,1.8553411,3.4058402,424.9556
84.264755,14.544664,254.86838,66.8295,1.8169472,3.3584669,473.89423
83.67093,14.56286,301.86197,94.75265,1.7648884,3.2787874,509.63403
83.0771,14.581055,348.8556,122.6758,1.7128295,3.199108,535.9642
82.4966,14.59882,345.47678,175.00984,1.7242908,3.1992717,476.56863
81.916084,14.616585,342.09796,227.3439,1.7357523,3.1994355,366.1077
81.28541,14.64316,338.52722,279.23022,1.7795591,3.2485857,173.58537
80.65473,14.669736,334.95648,331.11658,1.8233659,3.297736,41.491802
80.04021,14.705034,332.94348,333.9727,1.8687971,3.365768,37.052925
79.425674,14.740334,330.9305,336.8288,1.9142282,3.4338002,34.225998
78.923935,14.765693,330.54324,340.4424,2.0051308,3.5775714,33.701153
78.422195,14.791053,330.15598,344.056,2.0960336,3.7213428,32.783527
78.02582,14.819342,330.86105,343.8236,2.1702578,3.8604887,35.00208
77.62943,14.84763,331.56613,343.59125,2.2444823,3.999634,37.585495
77.40967,14.85441,332.11798,343.61954,2.331434,4.147541,40.881752
77.1899,14.861193,332.66983,343.64783,2.4183857,4.295448,44.608128
76.896065,14.876138,334.11783,344.81668,2.4318821,4.3436246,47.06084
76.602234,14.891084,335.5658,345.98553,2.4453785,4.391801,49.591515
76.23592,14.904279,337.7497,348.0811,2.4538102,4.4340916,52.331467
75.86961,14.917474,339.9336,350.17664,2.462242,4.476382,54.794266
75.41554,14.938228,337.80182,349.75455,2.4058828,4.391812,51.37224
74.96148,14.958981,335.67004,349.33246,2.349524,4.307242,47.80249
74.63242,14.959155,335.24774,348.90405,2.332774,4.2739987,47.330173
74.30337,14.959331,334.8254,348.47568,2.3160243,4.240756,46.863327
74.07663,14.955182,333.96204,348.3594,2.2481735,4.1322784,43.694145
73.849884,14.951033,333.09866,348.24316,2.1803224,4.023801,40.72683
73.78721,14.930342,333.00494,342.80444,2.1629984,3.9647112,43.455593
73.724525,14.909652,332.91125,337.36572,2.1456742,3.9056213,46.276768
73.37012,14.912939,339.3066,301.6014,2.1459968,3.9765427,126.15492
73.015724,14.916226,345.702,265.83707,2.1463194,4.047465,281.43433
73.03979,14.901792,346.16336,252.4461,2.0235617,3.8730505,314.35046
73.06386,14.887357,346.6247,239.05511,1.9008039,3.698636,343.89026
73.44452,14.857612,349.42484,126.81892,1.8182935,3.5659528,530.7041
73.82519,14.8278675,352.225,14.5827055,1.7357829,3.43327,581.2661
74.42607,14.788095,345.71155,126.566025,1.6419263,3.1932247,518.3403
75.026955,14.748325,339.1981,238.54935,1.5480697,2.9531798,273.1666
75.56163,14.711358,342.2752,219.41635,1.6295874,3.052115,351.8456
76.096306,14.674392,345.3523,200.28339,1.7111049,3.1510496,415.24646
79.23649,14.803872,347.29144,102.02107,1.7423022,3.1968277,544.31274
82.376656,14.933353,349.23056,3.7587526,1.7734994,3.242606,582.80054
82.831154,14.9034815,350.16147,4.2528815,1.744403,3.1577744,582.075
83.28566,14.8736105,351.09235,4.747011,1.7153065,3.0729432,581.33765
83.811905,14.832438,350.669,4.9805098,1.6428055,2.933664,579.73645
84.33814,14.791267,350.2457,5.214009,1.5703044,2.794385,578.0006
84.81043,14.768552,346.0684,107.68112,1.5078973,2.6314752,533.74615
85.28272,14.745835,341.89108,210.14822,1.4454902,2.4685652,377.30893
85.832794,14.704545,340.16058,282.74484,1.4382442,2.402142,133.50398
86.382866,14.663256,338.43005,355.34146,1.4309981,2.335719,15.826376
86.67502,14.6601715,343.46283,253.26952,1.4044347,2.325177,241.60507
86.96716,14.657088,348.49564,151.1976,1.3778713,2.314635,491.72803
87.236595,14.642996,285.22983,80.66496,1.1997583,2.0928414,457.73172
87.50604,14.628903,221.96402,10.132308,1.0216454,1.871048,413.65338
87.76784,14.633695,282.43546,12.30389,0.9997167,1.7500225,502.14157
88.02963,14.638486,342.90686,14.4754715,0.977788,1.6289971,554.26556
88.28484,14.6321745,342.6523,87.701904,1.0103699,1.6569089,520.24493
88.54005,14.625865,342.39774,160.92833,1.0429518,1.6848207,449.31644
88.64092,14.640245,280.17435,86.41505,0.99427754,1.6583908,420.24826
88.74181,14.654626,217.95097,11.901751,0.94560325,1.6319606,385.57895
88.865845,14.666944,119.424225,20.985483,0.9764416,1.7277987,113.51939
88.98989,14.67926,20.897465,30.069218,1.00728,1.8236367,-19.405273
89.09008,14.692315,33.227196,40.27043,1.1387124,2.0275316,-14.988376
89.19026,14.70537,45.556927,50.47165,1.2701446,2.2314267,-9.476194
89.24856,14.722975,54.537395,58.102863,1.2957113,2.3364022,-5.100956
89.30684,14.740581,63.517864,65.73408,1.3212779,2.4413776,-3.9761016
89.47229,14.74008,87.69834,82.745,1.0513542,2.0421605,-7.6228704
89.63774,14.73958,111.87882,99.755936,0.7814305,1.6429437,-8.359887
89.82845,14.729094,100.472984,99.504906,0.75226575,1.5903126,-8.070397
90.019165,14.718609,89.067154,99.25386,0.72310114,1.5376817,-6.7130857
89.94592,14.720216,115.33122,112.31526,0.46064734,1.1704879,-10.928649
89.87267,14.721823,141.59528,125.37666,0.1981935,0.8032941,-15.356133
90.120804,14.69257,108.43039,115.29217,0.35389358,0.8706672,-11.082119
90.36893,14.663317,75.26548,105.20768,0.5095936,0.93804026,-1.7080848
90.6072,14.645261,72.97004,105.60877,0.41819504,0.7961635,-1.2726941
90.84547,14.627204,70.67461,106.00988,0.32679644,0.6542867,-0.708471
91.23979,14.609878,72.113846,98.208664,0.58093226,0.93576056,-6.4097075
91.63411,14.592549,73.553085,90.40744,0.83506817,1.2172344,-11.490331
91.47797,14.609172,78.113655,90.68937,1.3630708,1.9210879,-9.493684
91.321815,14.625793,82.674225,90.971275,1.8910737,2.6249413,-7.39777
91.07805,14.659646,78.09345,84.294975,2.4109783,3.4109948,-3.1858556
90.83429,14.693499,73.51269,77.618675,2.9308827,4.197048,13.70661
90.98941,14.702157,78.90236,81.485825,2.5200634,3.9069512,8.867349
91.14453,14.710815,84.29203,85.352974,2.1092443,3.6168544,8.489849
91.56115,14.7054825,93.04866,93.44231,1.9858094,3.462438,7.8505254
91.97776,14.700149,101.8053,101.531654,1.8623745,3.308022,9.794695
92.490005,14.685067,100.920204,102.81201,1.909679,3.3962371,11.494938
93.00225,14.669987,100.03512,104.09238,1.9569838,3.484452,14.007666
93.76389,14.946925,97.10728,101.11061,2.6271904,4.308306,29.177387
94.52554,15.223864,94.179436,98.12886,3.297397,5.132161,60.428265
94.19318,15.157137,93.33656,97.220436,3.4890437,5.3275504,71.01264
93.86081,15.09041,92.49368,96.31202,3.6806903,5.52294,81.59843
93.76833,15.097512,94.102005,97.498535,3.8988357,5.8341393,99.705376
93.675865,15.104615,95.71033,98.68504,4.1169806,6.145339,119.491165
93.5013,15.083446,95.79701,98.93213,4.2830243,6.3601665,131.82556
93.32672,15.062276,95.88369,99.17921,4.4490685,6.574994,145.12408
92.70868,15.086106,97.378174,100.693474,4.5190535,6.663621,151.76918
92.09063,15.109939,98.87265,102.20775,4.5890384,6.7522473,157.67485
91.72455,15.1329975,103.21048,106.68221,4.674555,6.9374475,171.5391
91.35846,15.156056,107.5483,111.15668,4.7600713,7.122647,184.70563
90.750786,15.197946,106.54261,112.062355,4.616674,7.0264416,178.24127
90.14312,15.239835,105.53692,112.96804,4.4732766,6.930236,170.67421
89.84151,15.2874565,102.31462,110.2626,4.453914,6.9003363,166.83113
89.5399,15.33508,99.09232,107.55715,4.434552,6.870437,164.77203
89.37519,15.406318,99.679634,107.21216,4.799227,7.3857727,197.4798
89.21048,15.477556,100.266945,106.86716,5.1639028,7.9011083,230.38426
89.23541,15.5123005,103.49875,109.15418,5.335656,8.18211,251.17491
89.26035,15.547045,106.730545,111.44119,5.50741,8.46311,273.73724
89.069824,15.565978,109.1405,114.15158,5.070039,8.009155,249.06548
88.8793,15.58491,111.55047,116.86195,4.6326675,7.5551996,222.9098
88.95476,15.577152,111.75858,118.32558,4.49948,7.350773,206.34892
89.03022,15.569394,111.96668,119.7892,4.3662915,7.146346,189.31248
89.057335,15.5904875,106.82108,115.36208,4.679335,7.4359264,203.3736
89.08444,15.611583,101.675476,110.934975,4.992379,7.725507,215.97707
89.28412,15.633007,104.90897,112.89762,5.2852564,8.143102,246.15324
89.48379,15.654432,108.14245,114.86025,5.5781336,8.560697,278.06473
89.65279,15.650714,110.11378,117.37254,5.547131,8.5245495,277.59598
89.821785,15.6469965,112.08509,119.88483,5.5161285,8.488401,276.08478
90.64174,15.620036,115.28447,123.263504,5.457182,8.449984,275.657
91.4617,15.593076,118.48385,126.64219,5.398235,8.411566,270.82446
91.83486,15.613909,119.90456,128.40965,5.3252115,8.347428,264.04294
92.20802,15.634743,121.32527,130.17712,5.2521887,8.28329,256.90372
92.496086,15.643462,121.36928,129.98328,5.4155364,8.488244,269.23917
92.78415,15.652182,121.41327,129.78944,5.578884,8.693198,281.652
92.70243,15.666225,121.3697,128.7966,5.6844583,8.867464,296.45956
92.62072,15.680271,121.326126,127.80376,5.790032,9.041731,310.4767
91.96593,15.695663,121.47413,128.43274,5.953249,9.234921,324.1642
91.311134,15.711057,121.62214,129.06174,6.116466,9.428111,338.09177
90.98449,15.733167,120.68348,127.3681,5.984379,9.324867,335.67252
90.65785,15.755276,119.74482,125.67449,5.8522916,9.2216215,332.8803
90.54642,15.770684,116.820404,121.3325,5.7110353,9.102114,328.52173
90.43499,15.786092,113.89598,116.9905,5.56978,8.982607,323.61432
90.38332,15.759534,115.825264,120.00588,5.567183,8.996599,323.84668
90.33166,15.732975,117.754555,123.02125,5.564586,9.0105915,323.81906
91.000275,15.62588,123.30509,128.75023,6.0642147,9.527562,353.16135
91.66889,15.518785,128.85562,134.4792,6.5638433,10.044534,382.96564
90.9648,15.593706,131.80206,136.26558,6.3890285,9.81197,373.17468
90.26071,15.668627,134.7485,138.05194,6.2142143,9.579408,364.28455
90.45695,15.676049,131.787,135.7626,5.9665003,9.283477,342.3761
90.653175,15.683473,128.8255,133.47327,5.718786,8.987548,320.8586
91.290634,15.666099,136.83241,141.34947,5.654994,8.953579,318.35428
91.92811,15.6487255,144.83932,149.22568,5.591203,8.919612,311.78296
93.042946,15.533783,156.64285,160.93823,4.5262294,7.451909,209.52998
94.157776,15.418841,168.4464,172.65077,3.4612556,5.984206,125.82893
94.431595,15.3744335,177.7434,181.81029,2.7902417,5.038935,79.05815
94.70541,15.330027,187.04036,190.96983,2.119228,4.0936637,44.838024
94.64761,15.323852,202.97327,205.45782,2.3132675,4.3013997,49.339058
94.58981,15.317675,218.90619,219.94585,2.5073068,4.5091357,61.85883
94.802734,15.30831,230.05928,232.76926,3.6382585,5.8106546,99.64495
95.015656,15.2989435,241.21239,245.59267,4.76921,7.112174,146.5746
95.06358,15.355815,249.91483,254.32776,5.468332,7.924277,185.97493
95.1115,15.412686,258.61725,263.06284,6.167454,8.736379,232.74048
94.34964,15.408273,256.88766,260.49106,6.2561507,8.775929,239.68549
93.58777,15.40386,255.15807,257.91925,6.3448477,8.815481,248.94714
93.17331,15.370231,250.90527,253.98872,6.3561735,8.834327,254.76613
92.75885,15.336602,246.65248,250.0582,6.3674994,8.853172,260.5091
92.09553,15.362332,243.44286,247.36273,6.2705383,8.792888,262.88815
91.432205,15.388062,240.23325,244.6673,6.173577,8.732604,265.4705
90.80711,15.431651,236.39096,240.78824,6.0426764,8.672586,272.1103
90.18202,15.47524,232.54866,236.9092,5.9117756,8.612569,278.6893
89.6217,15.576296,227.81432,232.83368,5.540435,8.339088,268.61084
89.061386,15.677351,223.07997,228.75818,5.1690946,8.065607,256.59174
88.11806,15.789926,217.8713,224.87086,4.7651486,7.7075887,233.83925
87.17473,15.9025,212.66266,220.98357,4.3612027,7.3495703,208.48967
86.43294,15.983329,203.71292,214.58617,4.101409,6.959057,171.20213
85.69114,16.06416,194.7632,208.18875,3.8416147,6.568544,134.28036
86.05755,16.000542,183.39813,195.87555,4.194726,6.8543177,154.60039
86.42396,15.936924,172.03308,183.56238,4.5478377,7.1400914,172.1678
87.174416,15.82912,166.8532,175.74016,5.2199316,8.025997,236.59811
87.92487,15.721316,161.67331,167.91792,5.892025,8.911903,301.6191
87.94892,15.714636,161.3444,167.95535,6.131636,9.245413,323.14548
87.97297,15.707954,161.01549,167.99278,6.371247,9.578921,344.83252
86.90478,15.882113,163.41063,170.73058,6.202986,9.542505,343.24078
85.83658,16.056274,165.80577,173.46835,6.034724,9.50609,338.84995
85.55835,16.172428,166.97078,174.56046,6.156142,9.718325,349.8913
85.28011,16.288582,168.13577,175.65254,6.2775593,9.930559,361.6463
85.15566,16.355566,169.04785,176.81253,6.3789454,10.100351,371.16367
85.03121,16.42255,169.95993,177.97252,6.4803305,10.270143,380.59534
84.7385,16.4898,171.42838,179.92302,6.340467,10.157543,372.5916
84.445786,16.557047,172.89682,181.87352,6.2006035,10.044944,364.6298
84.07135,16.586256,174.58798,183.43207,6.058894,9.910882,357.21808
83.696915,16.615465,176.27914,184.99063,5.9171844,9.776822,350.4047
83.60581,16.570253,177.16646,186.56274,5.787466,9.577792,336.58783
83.51472,16.525042,178.05377,188.13486,5.6577477,9.378762,322.3566
84.52637,16.348846,175.93068,184.69989,5.731229,9.270664,317.33884
85.538025,16.172651,173.80757,181.26491,5.8047104,9.162566,313.05106
85.92074,16.090155,172.84381,180.19936,5.6538777,8.931137,301.4167
86.30345,16.007658,171.88005,179.13383,5.5030456,8.699708,289.5602
86.44921,15.962584,171.2503,178.44118,5.2439075,8.359248,270.06635
86.59498,15.917512,170.62057,177.74854,4.984769,8.018789,249.30525
86.70998,15.859675,167.89554,175.23872,4.813425,7.7333055,228.5048
86.82498,15.80184,165.17049,172.72893,4.6420813,7.4478216,207.21677
86.73953,15.764967,160.17526,168.16225,4.593528,7.3148365,195.32404
86.65409,15.728095,155.18004,163.59557,4.544974,7.1818514,184.69936
86.27371,15.723683,151.19167,159.71336,4.485378,7.0874767,179.09818
85.89333,15.719273,147.20331,155.83118,4.4257812,6.993102,172.20862
85.36667,15.745156,142.77306,150.8582,4.5171895,7.140063,180.44139
84.840004,15.771041,138.34282,145.88524,4.608598,7.287023,186.86255
84.59441,15.829415,131.49205,139.54211,4.5383196,7.3055177,182.69926
84.34883,15.887791,124.64129,133.19899,4.4680414,7.3240113,179.10454
84.21246,15.967507,119.621376,128.20184,4.752673,7.775402,208.17807
84.076096,16.047224,114.60145,123.204704,5.0373044,8.226793,236.02997
84.563065,16.109858,116.15327,123.90195,5.554615,8.880421,279.65652
85.05003,16.17249,117.70509,124.59918,6.071926,9.534048,327.6254
86.184235,16.124334,119.962425,126.24883,6.0962806,9.466509,333.17297
87.31843,16.076178,122.21976,127.89848,6.1206355,9.39897,336.63898
88.54856,15.967592,126.48418,132.03532,5.698059,8.883051,309.34
89.77868,15.859006,130.7486,136.17218,5.2754827,8.367133,279.11237
89.84118,15.871679,128.38362,134.29369,5.5214496,8.672222,297.36597
89.90367,15.884353,126.01864,132.41519,5.767416,8.97731,316.06915
90.38133,15.887306,128.99928,134.41208,6.3423934,9.680658,361.7573
90.859,15.890259,131.97995,136.40898,6.917371,10.384006,404.95438
91.40963,15.90354,135.04704,140.03745,7.1938505,10.6852665,420.58786
91.96025,15.91682,138.11414,143.66591,7.470331,10.9865265,435.01877
92.59352,15.949182,140.77896,147.28441,7.3636084,10.885317,426.80182
93.22679,15.981544,143.4438,150.9029,7.2568865,10.784107,417.51447
93.614456,16.001934,143.25664,150.87778,7.1503034,10.647504,407.04297
94.00212,16.022322,143.06947,150.85266,7.0437207,10.5109005,396.23706
94.326294,15.998207,145.29703,152.29308,7.024911,10.526352,397.61194
94.650475,15.974091,147.52458,153.73349,7.006102,10.541803,398.68774
95.19169,15.9658575,150.26248,156.77513,6.843752,10.367284,384.25024
95.73291,15.957625,153.0004,159.81677,6.681402,10.192765,369.29477
96.07558,15.899011,156.54057,163.56068,6.3292694,9.69945,331.94553
96.41824,15.840397,160.08075,167.30458,5.977135,9.206134,294.24237
96.12714,15.80673,169.11858,175.82314,5.3281317,8.383321,240.96724
95.83604,15.773066,178.1564,184.3417,4.679128,7.560509,191.18001
95.43734,15.78029,177.4424,189.03433,4.104797,6.671065,129.5181
95.03865,15.787514,176.72841,193.72697,3.5304654,5.781621,83.296585
94.931564,15.823442,187.01225,203.2372,3.2723567,5.5125494,70.747795
94.82448,15.859372,197.29611,212.74747,3.0142481,5.243478,64.54347
94.958,15.878343,212.89426,226.19417,3.1483827,5.5629473,82.23207
95.09153,15.897315,228.49237,239.64088,3.2825172,5.882417,107.43633
94.29141,15.774796,239.6798,247.62843,4.612089,7.4633784,177.09941
93.49128,15.652276,250.86723,255.61598,5.9416604,9.04434,288.83893
92.95979,15.567662,249.5755,254.67337,5.795996,8.816256,273.6765
92.42831,15.483048,248.28375,253.73076,5.6503315,8.588171,258.40707
92.402374,15.44746,248.00352,253.4628,5.6162925,8.60746,262.455
92.37644,15.411872,247.72328,253.19487,5.582254,8.626749,266.4807
92.00826,15.402152,246.35223,252.25748,5.6119514,8.656326,270.16528
91.64009,15.392432,244.98117,251.32011,5.6416492,8.685904,273.835
91.00279,15.398638,245.83907,252.65355,5.5998282,8.610748,270.35498
90.36549,15.404843,246.69695,253.98701,5.5580072,8.535593,267.26123
89.85052,15.384658,246.61412,254.06827,5.5369196,8.439468,260.91177
89.335556,15.364471,246.53128,254.14954,5.515832,8.343345,254.05634
88.76447,15.381257,247.49178,255.80786,5.3429174,8.126173,238.30653
88.19339,15.398044,248.45227,257.4662,5.1700034,7.909002,221.92802
87.987175,15.41139,245.5508,254.45209,5.1197586,7.8206577,218.16875
87.78095,15.424737,242.6493,251.43794,5.069514,7.7323136,214.49101
88.07661,15.401231,238.08707,246.21587,4.897229,7.5166597,201.07712
88.37226,15.377727,233.52483,240.9938,4.7249446,7.3010054,186.20306
88.86965,15.351981,231.19528,237.56725,4.822403,7.4348974,197.33827
89.367035,15.326237,228.86575,234.14067,4.9198613,7.56879,209.37311
89.96422,15.314375,225.9828,232.29189,4.962687,7.600894,203.24599
90.561386,15.302514,223.09987,230.44312,5.0055127,7.6329975,197.485
90.46722,15.323251,223.23334,230.69562,4.9854274,7.608586,196.24881
90.37305,15.343987,223.3668,230.9481,4.9653416,7.584173,194.97586
89.90999,15.381383,224.72018,231.9339,4.9458647,7.635761,206.09758
89.44692,15.418779,226.07355,232.91966,4.9263883,7.6873474,217.12712
89.19469,15.49919,222.86607,230.87856,4.638762,7.453485,201.3591
88.94245,15.5796,219.65858,228.83745,4.3511353,7.219623,187.80304
88.94961,15.684916,213.77812,224.4557,4.1913767,7.051816,175.23662
88.95675,15.790233,207.89767,220.07394,4.031618,6.88401,162.39444
88.530426,15.83947,206.16861,218.45367,3.9582098,6.785846,156.41235
88.104095,15.888706,204.43956,216.83337,3.8848016,6.6876836,150.34137
87.58798,15.909431,201.0406,214.57716,3.7968876,6.51266,135.19362
87.07188,15.930156,197.64166,212.32097,3.7089734,6.337636,120.964455
86.59929,15.956977,193.9542,209.05917,3.7129855,6.290009,115.68952
86.12669,15.983799,190.26672,205.79738,3.7169976,6.242382,110.812454
85.779724,16.012735,186.5265,200.5921,3.9678476,6.5425854,130.39856
85.432755,16.04167,182.78625,195.38686,4.218697,6.8427887,150.91986
85.82249,15.987057,182.0763,192.18546,4.463164,7.289901,190.90099
86.21222,15.932445,181.36633,188.98405,4.7076306,7.7370133,232.79414
86.40869,15.931016,181.69566,187.94028,4.63028,7.789843,245.31284
86.605156,15.929585,182.02502,186.89648,4.55293,7.8426733,257.66846
86.47404,15.948792,182.80486,187.23643,4.2501173,7.48241,233.96259
86.34291,15.968001,183.5847,187.57637,3.9473054,7.122146,210.22772
86.251785,15.966463,186.26797,189.90388,3.759771,6.8694615,192.88655
86.16066,15.964926,188.95126,192.23138,3.5722365,6.6167765,175.4642
86.21349,15.934325,192.07712,195.88736,3.1593466,6.0427995,137.21109
86.26632,15.903725,195.20297,199.54333,2.7464566,5.4688225,106.78548
86.91497,15.756982,192.91072,199.27919,2.6610544,5.3659945,103.06242
87.56362,15.61024,190.6185,199.01505,2.575652,5.2631664,98.30787
87.71717,15.616733,188.9056,200.32019,2.2851985,4.7320504,67.49299
87.87073,15.623227,187.19269,201.62534,1.994745,4.200934,44.08224
88.209,15.603663,185.01414,202.02582,1.7723097,3.7955086,33.151855
88.54727,15.584099,182.83557,202.42632,1.5498741,3.390083,25.176043
88.88059,15.550102,177.95177,205.13716,1.2401831,2.7858167,19.536156
89.213905,15.516104,173.06795,207.84802,0.9304922,2.18155,17.158798
89.37184,15.499827,163.29094,222.40497,0.7491835,1.7147241,24.87605
89.529785,15.483551,153.51392,236.96191,0.56787467,1.2478982,31.731667
90.27098,15.385475,154.63896,225.0303,0.65327066,1.0738109,21.49239
91.01218,15.287397,155.764,213.09866,0.73866665,0.8997236,11.415162
91.31437,15.248127,116.77886,186.71365,0.71827555,0.93629515,17.770658
91.61656,15.208855,77.79371,160.32866,0.69788444,0.9728668,16.743284
91.76573,15.223146,95.76415,127.2369,1.1333869,1.5024307,-3.2778487
91.914894,15.237437,113.73458,94.14514,1.5688893,2.0319943,-14.045229
91.83109,15.271574,122.54073,112.10625,1.6326362,2.4437673,-9.134857
91.74729,15.305712,131.3469,130.06734,1.6963831,2.8555398,0.6664005
92.239,15.242385,147.87444,147.70006,1.5479431,2.8375916,4.742855
92.730705,15.179057,164.40198,165.33276,1.3995032,2.8196433,6.5643716
92.801674,15.175089,159.4144,171.85046,1.1402272,2.4056418,5.8223844
92.87265,15.171123,154.4268,178.36818,0.8809511,1.9916404,8.199377
92.69982,15.201015,184.63985,194.80902,0.59829736,1.5591174,-1.6364998
92.526985,15.23091,214.85292,211.24988,0.31564364,1.1265942,-2.5552764
92.62808,15.226412,212.67615,230.5371,0.4117535,1.0888556,-0.54409
92.729164,15.221913,210.49937,249.82434,0.50786334,1.051117,4.6853766
92.74079,15.2146635,271.0005,281.78595,0.7280913,1.3760422,-2.5661447
92.75242,15.207416,331.50162,313.74756,0.94831926,1.7009673,40.76148
92.72892,15.214344,261.8713,285.74017,1.3046148,2.429834,8.037488
92.70542,15.221272,192.24095,257.73276,1.6609104,3.1587002,33.919727
92.13927,15.286026,171.67506,146.44414,2.1016347,3.8869882,72.37824
91.57311,15.35078,151.10916,35.155506,2.5423589,4.6152763,333.49557
91.101295,15.407505,117.19552,21.757177,2.994685,5.299644,311.38455
90.629486,15.464231,83.28187,8.358852,3.4470108,5.9840117,296.96817
90.46004,15.499745,46.39718,11.175818,3.4627166,6.0770116,197.6416
90.29059,15.535261,9.512483,13.992784,3.4784222,6.1700115,132.28932
90.29715,15.555822,12.289266,17.463581,3.2825341,5.955609,117.97532
90.30371,15.576382,15.0660515,20.934378,3.0866458,5.7412057,103.69822
90.4147,15.576063,18.5076,24.558908,2.9020498,5.47818,88.22067
90.52568,15.575745,21.949152,28.18344,2.7174537,5.215155,73.77839
90.87107,15.544084,18.53779,26.951218,2.6420996,4.9948144,58.52238
91.21645,15.5124235,15.126429,25.718994,2.5667455,4.7744746,44.69329
91.572296,15.473183,27.412434,23.063004,2.548284,4.7204065,65.189316
91.92814,15.43394,39.698437,20.407011,2.5298226,4.6663384,91.32316
92.108665,15.408526,65.385315,17.918837,2.3893938,4.416375,134.36191
92.289185,15.383115,91.07218,15.430664,2.248965,4.1664114,185.26299
92.52766,15.327039,215.17047,185.73776,2.3226545,4.1079144,94.11236
92.76612,15.270962,339.26877,356.04486,2.3963442,4.0494175,14.730719
90.81213,15.418054,339.15945,352.32883,2.635681,4.2105055,24.932924
88.85814,15.565145,339.05014,348.61276,2.8750174,4.3715944,34.14605
88.63193,15.529537,337.20108,345.63928,2.8985066,4.362014,34.90364
88.405716,15.493931,335.35202,342.66577,2.921996,4.352434,35.79738
88.21623,15.447736,335.1988,342.0142,2.9155455,4.241338,33.219257
88.02676,15.40154,335.04553,341.3626,2.9090953,4.1302414,30.743656
87.90017,15.38906,340.05884,345.81094,2.7155702,3.868136,30.036041
87.77359,15.376581,345.0721,350.25928,2.5220451,3.6060302,29.780285
87.88921,15.370348,344.30286,350.45926,2.3283143,3.3372853,25.506681
88.004845,15.364116,343.53354,350.6592,2.1345835,3.0685403,21.49177
87.89948,15.359495,285.48898,237.10837,1.8208636,2.7077172,95.96368
87.79412,15.354876,227.44443,123.5575,1.5071439,2.3468943,203.19649
87.46833,15.364569,282.35144,150.79659,1.2195199,1.9274936,315.60886
87.14254,15.374261,337.25848,178.03568,0.93189573,1.5080931,404.47272
86.998856,15.367899,271.0735,143.39355,0.6814847,1.1719768,247.36398
86.85517,15.361535,204.88847,108.75143,0.4310736,0.8358604,79.60266
87.10268,15.361713,191.11293,128.10753,0.6169072,0.86446476,14.389529
87.35018,15.361892,177.33742,147.46362,0.80274075,0.8930692,-14.686159
87.58293,15.372467,184.31134,164.33075,1.0866653,1.3753847,-8.3324795
87.815674,15.383043,191.28526,181.19789,1.3705897,1.8577002,-5.4534564
87.38745,15.41149,190.5835,184.47063,1.6433452,2.4002948,0.30433592
86.95923,15.439939,189.8817,187.74336,1.9161011,2.9428895,7.3468747
86.900085,15.464681,183.69109,185.20789,2.054614,3.266776,12.9395
86.84095,15.489424,177.50049,182.67241,2.193127,3.590663,20.107922
86.74959,15.524748,179.24171,183.78712,2.2826617,3.7824647,25.127329
86.65823,15.560073,180.98294,184.90187,2.3721964,3.9742663,30.337168
86.948494,15.588583,171.40175,179.68965,2.393882,4.007158,30.833757
87.23875,15.617092,161.82054,174.47746,2.4155672,4.0400496,31.784246
87.41771,15.65975,161.30383,171.51001,2.8767536,4.6691127,51.141068
87.59668,15.702406,160.78714,168.54254,3.3379402,5.298176,75.82309
87.85751,15.742485,157.89156,166.35104,3.274926,5.2886186,76.531906
88.11835,15.782566,154.99599,164.15956,3.2119117,5.2790613,77.4219
88.81202,15.793782,156.33609,165.26392,3.5711455,5.740894,98.52407
89.50569,15.805,157.6762,166.36826,3.9303794,6.2027264,119.778175
90.07844,15.825762,160.85727,169.05986,4.0194426,6.407871,132.71126
90.65118,15.846524,164.03836,171.75146,4.1085057,6.613015,147.12312
90.52544,15.88988,169.4699,176.79462,4.086827,6.667906,152.05095
90.3997,15.933238,174.90143,181.83778,4.065148,6.7227964,159.00464
89.91869,16.005821,180.34114,189.42418,3.937883,6.585478,148.06909
89.43769,16.078403,185.78085,197.01054,3.8106172,6.448159,138.44926
89.18676,16.179169,189.30484,202.55415,3.6475694,6.2351613,123.81536
88.93583,16.279934,192.82884,208.09778,3.4845219,6.0221634,108.771965
88.75747,16.340925,200.64146,214.04333,3.667722,6.3854713,130.21724
88.5791,16.401915,208.45406,219.98889,3.8509223,6.74878,155.42885
87.77932,16.459454,212.0754,223.2759,4.0719423,7.1509147,186.8463
86.97955,16.51699,215.6967,226.56291,4.2929626,7.5530496,221.46742
85.97468,16.58289,217.50815,228.85771,4.1521883,7.334071,202.28563
84.9698,16.648787,219.31958,231.1525,4.011414,7.115093,184.09868
85.45084,16.582397,225.302,241.53,3.6011465,6.644454,148.0722
85.93189,16.516008,231.28442,251.9075,3.1908789,6.1738143,113.23097
85.90258,16.517282,231.45164,250.7727,2.8663676,5.7252736,97.61604
85.87327,16.518559,231.6189,249.63791,2.541856,5.2767324,83.28778
86.31195,16.48002,217.79607,236.85167,2.5198178,5.07152,63.51164
86.75063,16.441484,203.97325,224.0654,2.4977796,4.8663077,53.760128
86.449585,16.468542,200.01846,215.98282,3.0732765,5.7387924,88.02629
86.148544,16.495598,196.06366,207.90022,3.648774,6.611276,145.5461
85.47871,16.574759,199.30434,210.62273,4.220251,7.476969,204.48135
84.80887,16.653917,202.54504,213.34525,4.7917285,8.342661,262.80923
85.33471,16.681877,209.12381,219.4419,5.0419536,8.646514,288.12115
85.86055,16.709835,215.7026,225.53853,5.2921786,8.950368,314.3933
86.36699,16.694162,219.22304,227.66995,5.521076,9.223806,339.72955
86.87342,16.67849,222.74345,229.80138,5.7499743,9.497245,363.502
87.52073,16.617395,224.4151,231.10889,5.9857025,9.677659,373.42862
88.168045,16.556297,226.08675,232.41641,6.221431,9.858072,380.0998
88.75995,16.494041,228.16089,234.33,6.264313,9.84516,378.57117
89.351845,16.431784,230.23505,236.2436,6.3071957,9.832246,376.67163
89.78057,16.392712,229.56819,235.9071,6.0939527,9.553639,359.02118
90.2093,16.353638,228.90137,235.5706,5.8807096,9.275031,339.67206
90.39549,16.364077,227.79901,234.46309,5.8085427,9.211101,335.29102
90.58167,16.374516,226.69669,233.35558,5.736376,9.147169,330.96896
90.808304,16.40659,227.6046,233.85323,5.617841,9.082157,329.06793
91.034935,16.438663,228.51253,234.35089,5.4993057,9.017145,326.93277
91.13091,16.489355,227.33794,234.3205,4.994035,8.468888,286.8213
91.22689,16.540045,226.16333,234.29007,4.4887643,7.9206324,243.75763
91.0771,16.588509,220.97862,230.94803,4.0274754,7.3142586,196.47429
90.927315,16.63697,215.7939,227.60599,3.5661867,6.7078853,159.95271
90.71626,16.685215,213.97801,226.70804,3.3073804,6.3711205,142.72884
90.50521,16.73346,212.16211,225.81009,3.0485744,6.0343566,125.81476
90.3398,16.770655,204.40765,221.11996,2.9956493,5.786445,105.25793
90.174385,16.807852,196.65323,216.42982,2.9427242,5.538534,89.55374
90.199265,16.80208,191.25267,209.98654,3.0835102,5.5718813,92.640785
90.224144,16.796309,185.8521,203.54324,3.2242963,5.6052284,95.6461
90.445656,16.74777,180.88034,197.6425,3.3904762,5.7295976,101.71073
90.66716,16.699232,175.90858,191.74174,3.5566564,5.8539667,107.95179
90.775566,16.662172,174.69258,188.53482,3.7336838,6.233595,128.2843
90.883965,16.625113,173.47661,185.3279,3.910711,6.613222,153.03488
90.48223,16.666588,172.2137,183.21373,3.9531238,6.857223,172.44775
90.0805,16.708065,170.95079,181.09958,3.9955368,7.101223,194.53694
89.579254,16.762362,168.80455,178.62787,4.1366806,7.3721066,213.40424
89.07801,16.816658,166.65831,176.15616,4.2778244,7.6429906,231.32733
88.96252,16.80231,166.4002,175.11867,4.4745493,7.9197273,248.68721
88.847015,16.787964,166.1421,174.08118,4.6712747,8.196465,266.27753
88.80333,16.742758,167.22415,174.4016,4.8635993,8.405401,279.0627
88.75964,16.697552,168.30618,174.72203,5.0559235,8.614338,292.61243
88.69384,16.672443,168.92725,175.09476,5.1118,8.690687,298.28363
88.62804,16.647335,169.54831,175.46747,5.167677,8.767038,303.98837
87.69467,16.758614,168.87839,176.46425,4.860844,8.352092,275.30106
86.7613,16.86989,168.20844,177.46103,4.5540113,7.9371467,244.67647
86.50628,16.889769,168.26842,177.6105,4.6250057,8.031113,248.37022
86.25126,16.909647,168.3284,177.76,4.6959996,8.125079,252.02936
86.272545,16.899536,166.4238,175.96085,4.764717,8.170009,253.20467
86.29382,16.889425,164.51918,174.1617,4.833435,8.214939,254.56049
86.47535,16.831713,163.6417,172.43086,5.0340815,8.364205,263.32233
86.65687,16.774,162.7642,170.70001,5.2347283,8.513472,272.21225
86.66056,16.732939,163.50105,170.77617,5.317685,8.569485,276.06967
86.66426,16.691877,164.2379,170.85231,5.4006414,8.625499,280.08
86.589905,16.673086,163.92465,170.58041,5.4579,8.653341,280.35663
86.51555,16.654293,163.61139,170.30853,5.515158,8.681185,280.67752
86.97988,16.616364,160.35841,167.07986,5.605825,8.706963,282.1026
87.44422,16.578434,157.10545,163.8512,5.6964912,8.732739,283.07632
88.07681,16.547918,154.65506,161.16376,5.8075266,8.813258,288.14606
88.70941,16.517403,152.20467,158.47632,5.9185624,8.893776,292.99957
88.44123,16.533676,151.02075,157.39781,5.935757,8.937304,296.34714
88.173035,16.54995,149.83684,156.31927,5.9529514,8.980831,299.71826
87.2326,16.602156,153.01746,159.19438,5.8561,8.945065,298.86053
86.292145,16.654362,156.19807,162.06949,5.7592497,8.909299,296.33325
85.95475,16.703514,154.19838,161.46907,5.659084,8.859504,289.87192
85.61735,16.752668,152.19868,160.86864,5.5589185,8.809707,284.1077
85.93774,16.819592,151.74619,160.1556,5.7561817,9.144183,307.62552
86.258125,16.886515,151.2937,159.44254,5.9534445,9.478662,330.71347
86.678276,16.93493,150.19902,158.10745,6.2502527,9.877972,357.4832
87.09841,16.983345,149.10432,156.77235,6.5470605,10.277282,384.5767
86.75143,17.04614,148.76921,156.51834,6.758848,10.577887,403.20425
86.404434,17.108934,148.4341,156.26433,6.9706354,10.878491,419.9186
85.354225,17.203163,148.52548,156.29002,7.2380443,11.275801,438.44547
84.30401,17.29739,148.61688,156.31572,7.505452,11.673111,454.7371
82.80986,17.402586,149.5148,156.9823,7.764305,12.077483,471.43344
81.31571,17.507782,150.4127,157.64888,8.023157,12.481855,486.8907
79.93074,17.60424,150.95363,158.32195,8.450502,13.078899,508.45807
78.54576,17.700697,151.49457,158.99501,8.877848,13.675943,527.20575
77.56379,17.790648,151.76878,159.52258,9.215779,14.226463,541.7783
76.5818,17.880598,152.043,160.05017,9.553711,14.776983,554.0605
75.85077,17.996342,153.43231,161.11873,9.745653,15.168957,561.9846
75.11972,18.112085,154.82164,162.1873,9.937595,15.560928,569.0025
75.232185,18.176743,157.69206,164.71521,9.992264,15.704799,570.9412
75.34466,18.241402,160.56248,167.24315,10.046933,15.848668,572.7386
76.80444,18.17741,168.62227,174.29437,9.703555,15.311714,565.34094
78.26423,18.11342,176.68205,181.34561,9.360177,14.774759,557.0164
82.519424,17.765863,215.74315,225.00641,8.4899025,13.057252,507.91144
86.77461,17.418308,254.80426,268.66724,7.619628,11.339745,424.8177
88.90118,17.231123,277.71625,283.1433,7.560242,11.386441,449.56512
91.02775,17.043938,300.6282,297.61942,7.500857,11.433137,461.2096
91.65527,16.87605,289.50348,289.8294,6.132634,9.703842,359.13696
92.2828,16.708164,278.37872,282.03946,4.7644114,7.9745455,234.97931
93.831345,16.525692,268.7767,273.81686,5.00235,8.137633,228.23238
95.379875,16.34322,259.1747,265.5943,5.2402883,8.300721,223.38887
93.05999,16.378206,262.36932,267.76694,6.6959147,9.847365,336.33353
90.740105,16.41319,265.56393,269.93958,8.151541,11.394008,436.82565
89.006386,16.27479,265.74597,269.20905,8.578493,11.608267,448.52798
87.27267,16.13639,265.92798,268.4785,9.0054455,11.822526,455.56793
87.20461,15.969349,266.54764,268.48605,9.532573,12.13573,462.46164
87.13656,15.802307,267.16733,268.4936,10.0597,12.448932,469.6923
87.30688,15.6897955,267.4109,268.59778,10.148255,12.398502,464.98465
87.477196,15.577284,267.65448,268.70193,10.236809,12.348072,459.3467
87.25827,15.4797125,269.0899,270.1666,10.4106045,12.509326,463.7095
87.03934,15.382141,270.52536,271.63123,10.5844,12.67058,468.25446
87.01972,15.325762,273.84756,274.95895,10.541511,12.553126,460.394
87.00011,15.269382,277.16977,278.28668,10.498622,12.435672,452.01797
86.22417,15.283709,278.9333,280.14465,10.200352,12.033868,432.96948
85.448235,15.298035,280.69684,282.00262,9.9020815,11.632064,414.49863
84.149475,15.330131,281.43134,282.68878,9.878668,11.592002,415.88638
82.850716,15.3622265,282.16583,283.37494,9.855256,11.551939,415.8822
81.84765,15.394366,282.6842,283.81467,9.823313,11.525768,416.64795
80.84458,15.426507,283.20258,284.25443,9.791369,11.499598,417.8429
80.2097,15.484018,282.23126,283.31857,9.636175,11.356613,413.06265
79.57482,15.541532,281.26,282.38272,9.480981,11.21363,408.16254
78.95366,15.628333,279.57285,280.98138,8.989666,10.737518,384.28574
78.33249,15.715135,277.8857,279.58002,8.498349,10.261406,356.97287
78.98954,15.780155,271.92422,274.0385,7.866756,9.657258,321.87314
79.6466,15.845174,265.96277,268.497,7.2351627,9.053111,281.30023
79.38289,15.91981,261.36948,264.6494,6.835747,8.727881,258.2651
79.11919,15.994446,256.77615,260.80182,6.436331,8.402653,233.80173
79.11758,16.036997,253.93358,258.5972,6.1319723,8.094308,209.30957
79.11596,16.07955,251.09099,256.3926,5.827613,7.7859635,185.67584
79.534294,16.074057,248.54556,254.50372,5.3352966,7.2346835,149.6536
79.95262,16.068563,246.00014,252.6148,4.842981,6.6834044,123.55072
79.72489,16.09723,243.39415,250.37714,4.6240697,6.4448547,113.15749
79.49717,16.125898,240.78816,248.1395,4.405159,6.2063055,102.82393
78.96172,16.158398,241.02258,247.9997,4.725711,6.641846,122.16544
78.42627,16.190899,241.25699,247.85988,5.046263,7.0773864,143.1721
78.42669,16.182077,245.79938,252.73755,5.3763213,7.365769,155.49352
78.4271,16.173258,250.34177,257.6152,5.70638,7.6541514,170.00284
78.48503,16.18895,256.4928,263.96423,5.2045393,6.972441,129.49454
78.54296,16.204641,262.64383,270.3133,4.7026987,6.2907314,96.69078
79.20942,16.170856,260.4057,268.8829,4.268021,5.7014365,73.578026
79.875885,16.137072,258.16754,267.4525,3.8333433,5.1121416,54.32514
79.92398,16.099573,252.81245,261.78934,3.8896656,5.2070265,58.075554
79.972084,16.062073,247.45735,256.12616,3.9459872,5.301912,61.60409
79.64437,16.046288,246.54305,254.03603,4.4296746,6.0211926,91.11895
79.31666,16.0305,245.62872,251.94592,4.913362,6.740474,125.97201
78.92121,16.06741,252.00583,258.14084,5.7570863,7.873653,193.81781
78.52576,16.104319,258.38293,264.3358,6.600811,9.006833,284.1149
78.60191,16.059391,266.4009,270.84357,6.8893023,9.250839,306.23148
78.678055,16.014463,274.41885,277.35135,7.177794,9.494846,328.53015
78.92644,15.93534,274.57257,277.32397,7.2884026,9.479067,323.9882
79.17481,15.856218,274.72626,277.29663,7.399011,9.463287,319.07626
79.82659,15.773092,275.56717,277.90622,7.4134874,9.342086,306.85663
80.47838,15.689965,276.40808,278.5158,7.4279633,9.220885,294.1345
81.03725,15.657371,278.535,280.6476,7.223253,8.89962,267.7368
81.596115,15.624777,280.66196,282.77942,7.0185423,8.578354,242.02133
82.14944,15.598294,281.3558,283.55872,6.6767216,8.122286,209.18558
82.70277,15.571811,282.04968,284.338,6.334901,7.6662173,178.54697
83.21254,15.545992,280.7225,283.21475,6.0121827,7.2541556,155.83792
83.72231,15.520172,279.39532,282.09146,5.6894646,6.8420944,134.1614
84.077065,15.498124,276.642,279.49115,5.408222,6.465092,115.71999
84.43182,15.476078,273.88864,276.89084,5.1269794,6.0880895,97.99006
84.8511,15.4387455,269.51382,272.21307,5.1966777,6.1280966,98.73283
85.27037,15.401415,265.139,267.5353,5.266376,6.168103,98.730576
85.58904,15.353667,263.0184,265.02567,5.45475,6.3600993,106.191696
85.907715,15.305918,260.89786,262.51602,5.6431246,6.5520954,114.47519
85.90548,15.281145,260.08185,261.60196,5.641781,6.5497565,114.514366
85.90325,15.2563715,259.26584,260.6879,5.6404376,6.547417,114.56269
86.02877,15.247009,257.8643,259.22678,5.566461,6.4576335,109.49668
86.15429,15.237648,256.46274,257.76562,5.492485,6.36785,104.63668
86.24674,15.250974,254.30827,255.66878,5.453988,6.357133,103.80202
86.339195,15.264299,252.15385,253.57191,5.4154916,6.3464155,103.14679
86.536316,15.281553,248.51765,249.9565,5.3956976,6.3708577,104.17132
86.733444,15.298807,244.88142,246.34105,5.3759036,6.395299,105.38076
86.94727,15.337532,242.84012,244.69052,5.253432,6.390438,105.58536
87.1611,15.376255,240.7988,243.03998,5.1309605,6.3855767,106.05815
87.399445,15.445963,235.5054,238.37125,4.813757,6.151939,96.780495
87.63779,15.515669,230.21199,233.7025,4.4965534,5.918301,87.20416
88.34578,15.573234,225.7595,229.41864,4.3683195,5.8938317,86.93423
89.05377,15.630798,221.30704,225.1348,4.2400856,5.869362,87.676674
89.31103,15.650649,219.59756,223.98032,4.2728386,5.9374156,90.02882
89.56829,15.670499,217.88809,222.82584,4.305592,6.00547,92.18164
89.73516,15.612551,217.5519,222.9182,4.2198086,5.796103,81.83099
89.902016,15.554603,217.2157,223.01054,4.1340256,5.5867367,73.55148
90.27697,15.447,212.44518,217.68312,4.2454343,5.52192,68.46468
90.65191,15.339396,207.67465,212.35571,4.356843,5.4571037,62.81709
91.54524,15.317544,198.4494,202.90825,4.5892496,5.7293005,70.32541
92.438576,15.2956915,189.22412,193.4608,4.8216558,6.0014973,80.83908
92.93038,15.364978,188.1216,191.74805,5.3896556,6.732879,113.39044
93.42219,15.434265,187.01903,190.0353,5.9576554,7.464261,149.51598
93.62187,15.491677,191.5341,194.91104,6.297092,7.957082,174.91054
93.82156,15.549089,196.0492,199.78679,6.6365285,8.4499035,204.31703
94.26108,15.603726,201.02031,205.48947,6.500125,8.4291725,198.07578
94.70059,15.658363,205.99144,211.19214,6.363722,8.408442,194.2008
94.53075,15.744712,208.32129,214.423,6.0208173,8.168807,182.20212
94.3609,15.831062,210.65114,217.65387,5.677912,7.9291735,172.42503
92.68393,15.725526,205.72897,211.52397,6.6303244,8.9493885,257.12265
91.00696,15.619988,200.8068,205.39407,7.5827355,9.969604,337.94232
91.20741,15.762024,204.42824,210.24695,7.154604,9.70325,326.25372
91.40785,15.904059,208.04968,215.09984,6.7264724,9.436894,312.12567
91.5953,15.994809,213.30505,221.18196,6.3924656,9.159384,293.28293
91.78274,16.085558,218.56042,227.2641,6.0584583,8.881872,273.74124
91.95451,16.131681,220.64737,230.119,5.620327,8.396767,235.77316
92.1263,16.177807,222.73428,232.97392,5.182196,7.911661,198.93805
92.209625,16.183971,228.10735,236.82945,4.9540553,7.739989,195.20943
92.29296,16.190138,233.48042,240.68498,4.725914,7.568316,193.63274
92.272736,16.191639,232.36902,240.36516,4.6394234,7.4598637,184.29492
92.2525,16.193138,231.25763,240.04533,4.5529323,7.351411,175.26558
92.395966,16.182238,231.95795,240.82086,4.574348,7.338291,171.83981
92.53943,16.171337,232.65825,241.59637,4.595763,7.3251715,168.17572
92.70391,16.1708,232.82861,241.65584,4.5370693,7.239808,162.86848
92.86839,16.170265,232.99896,241.71529,4.4783745,7.1544437,157.61667
93.00514,16.164993,233.9273,242.82123,4.3905225,7.054205,151.82089
93.14189,16.159723,234.85565,243.92719,4.30267,6.953966,146.53818
93.246735,16.158855,232.74109,242.20444,4.2775435,6.8881164,140.07495
93.351585,16.15799,230.62654,240.48169,4.252417,6.822266,133.69487
93.36609,16.172974,228.48022,237.99245,4.217081,6.8250475,135.9126
93.3806,16.187958,226.33392,235.50322,4.181746,6.8278284,138.42146
93.428345,16.195768,227.52989,235.4718,4.3001847,7.03135,155.02464
93.47608,16.20358,228.72589,235.44037,4.418624,7.234873,173.28717
93.49443,16.235651,226.43901,233.84222,4.217051,7.036787,161.47488
93.51277,16.267723,224.15211,232.24408,4.015478,6.8387012,150.8323
93.36939,16.33451,222.04561,231.1231,3.6721656,6.5282917,139.2944
93.22602,16.4013,219.93913,230.00208,3.3288536,6.2178826,129.83331
92.84087,16.490013,212.93651,225.4005,3.0367064,5.8465357,112.9693
92.45573,16.578728,205.93388,220.79892,2.7445593,5.475189,97.1956
92.4364,16.588406,194.17467,210.95033,2.7782612,5.3142347,85.506035
92.41708,16.59808,182.41544,201.10175,2.8119628,5.153281,79.057846
92.46627,16.588137,176.53336,193.329,3.342594,5.814451,108.89204
92.515465,16.578194,170.65128,185.55627,3.8732252,6.4756207,138.69572
92.28633,16.6049,169.77429,183.06374,4.280657,7.1225853,175.80388
92.05719,16.631605,168.8973,180.57123,4.6880884,7.7695503,214.42314
91.59508,16.698074,171.51343,182.60165,4.710991,7.943168,230.95862
91.13296,16.764544,174.12956,184.63208,4.7338934,8.116787,248.45508
90.94179,16.820124,179.46747,189.82816,4.7580843,8.210474,258.4671
90.75062,16.875702,184.80537,195.02426,4.7822747,8.304163,267.9613
91.26932,16.808096,202.3832,211.6409,4.549156,7.955216,245.2106
91.78802,16.740488,219.96101,228.25752,4.3160377,7.60627,216.3825
92.8283,16.664845,221.63344,235.98369,3.8768241,6.8343673,141.30394
93.86858,16.5892,223.30585,243.70987,3.4376104,6.0624647,91.01149
94.36574,16.6244,221.36476,240.9619,3.3162537,6.1019435,99.52908
94.86288,16.659601,219.42368,238.21396,3.194897,6.1414227,108.34122
95.0785,16.637413,221.5902,236.36813,3.4722893,6.524549,129.65544
95.29412,16.615225,223.75673,234.52231,3.7496815,6.9076753,156.47704
95.98196,16.363823,244.6211,256.4578,3.0630758,5.5428495,89.65743
96.6698,16.112423,265.48547,278.39328,2.37647,4.178023,38.229027
97.032135,16.040081,272.61255,284.0844,2.597658,4.516886,45.694504
97.39447,15.96774,279.73962,289.77554,2.8188457,4.855749,55.27046
97.470345,15.893269,297.28925,305.69244,3.3517392,5.497216,70.49199
97.5462,15.818797,314.83887,321.60934,3.8846328,6.138684,89.45141
96.77337,15.771015,324.36792,329.90338,4.5220027,6.65574,101.481575
96.000534,15.723233,333.897,338.19742,5.159373,7.1727962,116.16591
94.659676,15.686584,333.44028,336.78754,6.069013,8.135179,157.02007
93.31881,15.649937,332.98352,335.37762,6.978653,9.097562,207.12701
92.19692,15.507838,334.4831,336.7125,7.0856214,9.077646,207.2115
91.07503,15.36574,335.98264,338.04736,7.1925898,9.057731,210.4788
90.915146,15.420383,335.24966,337.15396,6.5111074,8.341072,178.1327
90.755264,15.475026,334.51666,336.26056,5.8296237,7.624414,146.87769
91.132996,15.51517,328.3088,330.51227,5.9171057,7.7577085,150.05191
91.51072,15.555315,322.10098,324.764,6.004587,7.891004,156.93918
91.83558,15.486078,321.27057,323.406,6.2717466,8.1177225,166.59361
92.160446,15.416843,320.44012,322.04803,6.5389066,8.344442,177.78697
92.35679,15.332446,318.02246,319.64636,6.64508,8.383776,179.46773
92.55314,15.248051,315.6048,317.2447,6.7512527,8.423108,180.80566
90.642075,15.291121,312.95364,314.71057,6.936493,8.611204,199.35654
88.731,15.334191,310.30246,312.17642,7.121734,8.799299,223.46887
87.1048,15.299164,310.12067,311.6939,7.6940074,9.375334,272.10852
85.47859,15.264137,309.93884,311.2114,8.266281,9.951369,318.68848
84.29582,15.182558,310.33914,311.41104,8.698862,10.370389,348.01932
83.11304,15.10098,310.73947,311.61066,9.131443,10.789409,375.43695
81.206856,15.059069,309.70267,310.4641,9.250858,10.891591,383.7957
79.300674,15.0171585,308.66583,309.31757,9.370272,10.993772,390.21454
78.43442,15.006336,307.79724,308.38205,9.117095,10.674972,371.71884
77.56816,14.995515,306.92862,307.44653,8.863917,10.356172,351.45648
76.63737,15.031218,307.60492,308.2213,7.9678006,9.293411,277.3745
75.70657,15.066922,308.28125,308.9961,7.0716853,8.23065,209.42201
74.59325,15.109918,304.6301,305.64798,6.534611,7.6347876,171.20544
73.47993,15.152914,300.97894,302.29987,5.997538,7.038925,133.3496
73.249886,15.172653,301.32202,302.81232,5.805941,6.823477,121.21904
73.01985,15.192393,301.6651,303.3248,5.614344,6.608029,109.68785
72.97711,15.220493,300.92636,302.78198,5.392089,6.358515,96.8657
72.93437,15.248593,300.1876,302.2392,5.169833,6.109,84.34962
72.9116,15.270172,297.9585,300.33597,4.839537,5.744569,67.16336
72.888824,15.291752,295.7294,298.43277,4.509241,5.380137,52.11047
73.148865,15.29846,292.48648,295.5935,4.191884,5.0034513,40.43182
73.4089,15.305169,289.24356,292.75427,3.8745277,4.6267653,31.790112
74.20078,15.292155,281.78256,284.97864,4.075828,4.8722863,39.757668
74.992676,15.279141,274.32153,277.20297,4.2771287,5.117807,49.171307
76.24728,15.243837,272.0233,274.4587,4.741309,5.7267456,78.31984
77.50187,15.208534,269.72507,271.71445,5.2054896,6.3356853,110.35161
76.47214,15.257815,269.14166,272.03268,4.7257576,5.8735805,87.52825
75.442406,15.307095,268.55832,272.35092,4.246026,5.411476,65.51904
76.18522,15.245547,250.26779,252.67102,4.8322587,5.90803,85.98808
76.92803,15.184,231.97731,232.99113,5.4184914,6.4045835,104.20062
79.40763,15.212589,235.30258,237.18372,5.5807786,6.606849,115.98732
81.88724,15.241178,238.62787,241.37631,5.743066,6.809115,127.18476
79.943344,15.224122,247.81706,249.8293,5.7811604,6.698766,118.09585
77.99946,15.207066,257.00626,258.2823,5.819255,6.5884175,111.07537
78.65453,15.116961,260.8288,261.8874,5.938378,6.6761785,117.92144
79.3096,15.026856,264.65134,265.49246,6.0575004,6.7639394,124.81003
79.55938,14.954407,263.7156,264.52493,6.015718,6.6725526,120.45283
79.80915,14.881958,262.77988,263.5574,5.973935,6.5811663,116.157936
79.39151,14.83088,260.94556,261.64896,5.8510695,6.423001,107.97502
78.97387,14.779802,259.11127,259.7405,5.7282033,6.264835,100.01597
78.05061,14.805986,254.32079,254.87332,5.562534,6.0743027,89.56434
77.12735,14.832171,249.53033,250.00615,5.396864,5.8837714,80.13082
76.97806,14.835958,244.16295,244.68054,5.299368,5.7793117,74.82887
76.82878,14.8397455,238.79553,239.35495,5.2018714,5.674853,68.63347
76.002594,14.954073,231.4418,232.0505,5.3755584,5.9378824,78.02259
75.176414,15.068399,224.08806,224.74606,5.5492454,6.2009125,90.35235
75.04389,15.1827965,220.01933,220.67897,5.9559793,6.7669163,121.57733
74.91137,15.297194,215.9506,216.6119,6.362713,7.3329196,156.33505
76.2531,15.326084,214.64835,215.41367,6.70354,7.786018,184.7721
77.59482,15.354974,213.34612,214.21545,7.0443664,8.239117,215.7808
78.25587,15.346838,213.53667,214.41295,7.2918,8.537276,236.816
78.916916,15.338701,213.72722,214.61041,7.539233,8.835435,257.7477
77.91066,15.393561,211.4381,212.38882,7.637324,9.004288,272.4687
76.9044,15.448422,209.14896,210.16725,7.7354145,9.173139,286.67548
76.950775,15.553148,207.15923,208.61636,7.5383544,9.078782,279.67532
76.99714,15.657874,205.16946,207.06546,7.341295,8.984426,272.30188
77.49511,15.730353,199.80296,202.21222,7.163624,8.869448,261.0037
77.99308,15.802833,194.4365,197.359,6.985953,8.754472,249.83293
78.402466,15.83588,191.00586,194.10939,6.929526,8.731082,247.15913
78.81186,15.868927,187.57521,190.85977,6.8731,8.707691,244.60632
79.511185,15.880386,189.08334,193.24225,6.920925,8.794762,249.87059
80.2105,15.891846,190.5915,195.62473,6.9687505,8.881833,255.31345
80.396034,15.9399185,194.16243,199.32484,6.7707677,8.717664,245.2996
80.581566,15.987989,197.73335,203.02496,6.5727844,8.553494,235.75731
80.21951,15.99819,203.88972,207.70338,6.94821,9.0225525,273.51047
79.85745,16.008389,210.04611,212.3818,7.323636,9.491611,315.01022
80.995995,15.981057,209.02162,211.59892,7.402555,9.618629,321.11862
82.13454,15.953726,207.99713,210.81601,7.481475,9.745649,326.46616
83.71843,15.956334,209.06485,211.8981,7.705436,9.971271,337.98532
85.30232,15.958943,210.13255,212.98021,7.929398,10.196893,351.09174
86.66631,15.8927355,213.89099,216.25417,8.09978,10.408637,367.81155
88.030304,15.826528,217.64941,219.52814,8.270161,10.620382,384.5957
88.852554,15.804789,219.51233,221.6224,8.3837185,10.761044,390.1528
89.674805,15.783047,221.37523,223.71666,8.497276,10.901705,394.80536
90.22687,15.782284,225.23708,227.5382,8.393764,10.779071,388.44843
90.77892,15.781521,229.09892,231.35971,8.29025,10.656437,382.68808
93.49471,15.906172,228.08366,230.45851,8.730062,11.3845005,410.88538
96.2105,16.030823,227.06839,229.55731,9.169874,12.112563,434.72153
95.69983,16.073889,230.63402,233.23123,9.256047,12.16828,438.50705
95.18917,16.116955,234.19965,236.9052,9.34222,12.223994,442.49365
94.79035,16.146149,236.6329,239.65988,9.208201,12.116198,439.7853
94.39153,16.175344,239.06615,242.41457,9.0741825,12.0084,437.67587
93.9682,16.174746,241.76341,245.2503,9.062635,11.993297,439.47055
93.544876,16.174147,244.46066,248.08606,9.051088,11.978192,441.1412
93.08281,16.193611,247.92564,251.6861,8.8000555,11.726885,435.11557
92.62075,16.213074,251.39064,255.28615,8.549024,11.475576,426.83813
92.44259,16.213182,253.31226,257.0721,8.620596,11.476272,425.709
92.26443,16.213291,255.23389,258.85803,8.692168,11.476966,424.4694
91.2003,16.219986,260.01422,262.8737,9.148769,11.921595,447.30206
90.136185,16.22668,264.79456,266.88934,9.605371,12.366223,467.57028
89.21396,16.193085,265.1592,267.1502,9.717535,12.380936,468.69733
88.29173,16.159489,265.52383,267.4111,9.8296995,12.395648,469.32202
87.3475,16.119963,266.22482,268.06223,9.892467,12.431591,470.8042
86.40328,16.080439,266.9258,268.71335,9.955233,12.467533,471.85745
86.40403,16.029324,266.39807,267.80142,10.336317,12.891259,487.5307
86.40479,15.97821,265.8703,266.8895,10.7174015,13.314985,501.74686
85.875046,16.003967,265.698,266.80353,10.53513,13.109352,495.86493
85.3453,16.029724,265.52567,266.7176,10.352856,12.903719,490.06
85.0177,16.064024,263.28864,264.7815,10.058826,12.587204,480.2845
84.6901,16.09832,261.0516,262.8454,9.764797,12.270689,468.96042
83.69005,16.209795,261.16974,262.8948,9.812139,12.49217,481.89432
82.689995,16.32127,261.28784,262.9442,9.859479,12.713654,493.79465
82.23702,16.39256,257.55896,259.9344,9.587906,12.559049,490.68802
81.78405,16.463848,253.83011,256.92453,9.316333,12.404446,487.48038
80.98655,16.556595,254.1474,257.83386,9.1784725,12.316592,485.11514
80.18906,16.649343,254.46472,258.74323,9.040613,12.228739,482.63702
78.22557,16.783031,258.2962,262.2639,9.669814,12.978488,514.64
76.26209,16.916721,262.12772,265.78455,10.299015,13.728236,535.07935
76.12916,16.896837,263.37003,266.99786,9.91586,13.281188,524.7923
75.99622,16.876953,264.61237,268.21115,9.532705,12.83414,512.1793
74.95239,16.845274,267.55185,270.55063,9.869008,13.045838,516.73047
73.908554,16.813593,270.49133,272.89008,10.205311,13.257536,519.42694
73.762924,16.71014,271.22565,273.5494,9.623765,12.45359,494.00378
73.61731,16.60669,271.96,274.20874,9.042218,11.649645,457.3176
73.06599,16.553783,273.14658,275.30725,9.445585,12.069184,475.26773
72.51467,16.50088,274.33316,276.40576,9.848953,12.488723,490.65863
71.84449,16.47955,272.7121,274.48434,10.037759,12.702496,498.39407
71.17431,16.458221,271.09106,272.56293,10.226564,12.916268,504.89426
71.65283,16.329082,270.41452,271.74518,10.81987,13.592374,521.7763
72.131355,16.199945,269.73795,270.92746,11.413176,14.268479,536.52606
71.70534,16.131569,271.3113,272.37527,11.807894,14.716293,543.7456
71.27932,16.063192,272.8847,273.8231,12.202612,15.164108,550.2518
71.243416,15.875684,273.41174,274.3512,12.626367,15.606279,556.16473
71.20752,15.688174,273.9388,274.87936,13.050119,16.048449,561.2059
72.037796,15.545765,272.17157,273.12445,12.9646,15.926422,560.1152
72.86807,15.403355,270.40427,271.36957,12.879079,15.804395,558.95
72.57416,15.214294,273.2879,274.13196,13.187259,16.103867,562.35175
72.28024,15.025235,276.17154,276.89435,13.495437,16.40334,565.5016
72.82534,14.871384,276.36414,277.02643,13.498689,16.322342,564.51404
73.370445,14.717533,276.5567,277.1585,13.50194,16.241346,563.4156
74.08363,14.578659,277.59943,278.15833,13.552591,16.249624,563.5737
74.79682,14.439786,278.64212,279.15817,13.603245,16.257902,563.34717
75.57826,14.341351,278.78665,279.30634,13.597494,16.227701,562.7514
76.35971,14.242917,278.9312,279.4545,13.591745,16.1975,562.13776
76.518074,14.219164,277.74063,278.31592,13.5506,16.131477,561.3262
76.676445,14.195411,276.55005,277.17734,13.509456,16.065454,560.4937
76.91913,14.173679,275.69473,276.3581,13.433833,15.955447,559.00104
77.16182,14.151947,274.83945,275.53882,13.3582115,15.845441,557.4348
77.49809,14.135084,274.23282,274.9277,13.239483,15.675333,554.7867
77.834366,14.118221,273.62616,274.3166,13.120754,15.505226,551.89264
77.8092,14.137286,272.34222,273.0404,13.050693,15.408306,550.4183
77.784035,14.156349,271.05826,271.76422,12.980632,15.311384,548.80023
76.988396,14.23714,270.76135,271.36127,12.939192,15.280181,549.0789
76.19276,14.317932,270.46442,270.9583,12.897753,15.248977,549.1239
74.87853,14.507498,270.09207,270.56204,12.795639,15.197841,548.6941
73.56431,14.697062,269.71973,270.16577,12.693527,15.146703,547.7235
73.814285,14.78149,265.74417,266.2426,12.34821,14.732506,540.6471
74.06427,14.86592,261.76865,262.3195,12.002895,14.31831,533.0751
72.58928,15.125969,258.95035,259.70203,11.415962,13.666423,518.92975
71.114296,15.38602,256.13208,257.0846,10.829029,13.014536,501.89432
70.309326,15.519553,255.90723,257.05252,10.976397,13.259917,508.61447
69.50436,15.653087,255.68239,257.02048,11.123763,13.5053,515.12244
70.08143,15.715846,253.32736,254.76648,10.931812,13.326917,512.4704
70.6585,15.778605,250.97237,252.5125,10.739862,13.148534,509.8265
70.411736,15.883725,251.17458,252.80154,10.458036,12.868412,502.5885
70.16498,15.988844,251.37679,253.09058,10.176211,12.588289,495.03867
69.49039,16.05883,251.43321,253.10477,10.51519,13.070074,509.05734
68.81579,16.128815,251.48965,253.11896,10.854169,13.55186,521.5472
69.341194,16.107853,251.85748,253.65906,10.643474,13.33037,516.7321
69.8666,16.08689,252.2253,254.19919,10.432779,13.108879,511.7615
69.561325,16.115982,256.5638,258.48035,10.060435,12.65555,497.54272
69.25605,16.145075,260.90228,262.76154,9.688091,12.202222,481.33298
69.481964,16.145306,260.14597,262.04285,9.418332,11.988349,475.77454
69.707886,16.145538,259.38965,261.32422,9.148572,11.774476,469.3092
69.25479,16.108885,261.94412,263.7408,9.720317,12.355915,488.1898
68.801704,16.072231,264.4986,266.1574,10.292063,12.937353,502.1004
69.187416,15.942007,264.37158,265.78387,10.71237,13.337166,511.76624
69.573135,15.811781,264.24454,265.41034,11.132678,13.7369795,521.4395
69.76387,15.705127,264.19467,265.20685,11.550776,14.201721,531.9484
69.954605,15.598474,264.1448,265.0034,11.968874,14.666463,541.1763
70.741516,15.4358835,265.25244,265.9617,12.271602,14.966807,546.0809
71.528435,15.273292,266.36008,266.91998,12.57433,15.267153,550.39996
72.324104,15.165961,266.43503,267.03345,12.542727,15.226475,550.0704
73.11977,15.058631,266.50995,267.1469,12.511126,15.185799,549.9607
73.77349,14.841591,268.44458,269.01086,12.584883,15.150132,548.95465
74.427216,14.624549,270.3792,270.87485,12.658639,15.114467,547.596
75.17878,14.460288,270.7048,271.1816,12.438809,14.717962,539.632
75.93034,14.296028,271.0304,271.48843,12.21898,14.321458,529.72314
76.13549,14.185344,270.9207,271.41647,12.074188,14.082188,522.59454
76.340645,14.074659,270.81097,271.3445,11.929397,13.8429165,515.2355
76.354774,13.99579,270.69058,271.15826,11.826249,13.672842,509.85715
76.36891,13.916918,270.57016,270.97205,11.723103,13.502768,504.04678
76.77494,13.830331,270.0272,270.43152,11.536732,13.225002,493.70645
77.180984,13.743744,269.4842,269.89093,11.350362,12.947237,481.9583
76.860725,13.710772,268.30533,268.6787,11.186526,12.717576,472.5769
76.540474,13.677798,267.12643,267.4665,11.022691,12.487916,462.00302
76.73541,13.591053,266.34094,266.6335,10.970532,12.417735,458.47803
76.93034,13.504307,265.55545,265.80054,10.918373,12.347554,454.76334
77.39145,13.48906,263.71005,264.02362,10.807939,12.197379,446.94458
77.85255,13.473812,261.8647,262.24667,10.697504,12.047204,439.16934
77.89005,13.481358,259.99112,260.29868,10.805853,12.183448,448.32446
77.92754,13.488901,258.1175,258.35065,10.914203,12.319693,457.13394
77.30028,13.549144,257.17883,257.3738,10.898436,12.339102,459.55917
76.67301,13.6093855,256.24017,256.39697,10.8826685,12.35851,461.4964
74.540306,13.843524,255.17667,255.37364,10.766361,12.3018875,461.12042
72.40761,14.077663,254.11314,254.35031,10.650054,12.245266,465.98364
71.31777,14.285112,253.35785,253.6667,10.784122,12.495747,477.59448
70.22794,14.492561,252.60257,252.98312,10.91819,12.746226,487.40256
70.1371,14.58102,253.02618,253.35286,10.788229,12.589961,481.97394
70.046265,14.669481,253.44978,253.7226,10.658269,12.433696,476.39594
70.60661,14.615324,252.50703,252.75703,10.48768,12.192536,468.41342
71.16697,14.561168,251.56429,251.79149,10.31709,11.951379,460.25772
72.95854,14.363487,249.73604,249.99384,10.196844,11.718712,447.55682
74.75012,14.165806,247.90779,248.19617,10.076598,11.486045,427.45798
74.52931,14.289984,245.4167,245.68488,9.573785,10.88769,395.88098
74.308495,14.414161,242.92561,243.17355,9.070972,10.289336,360.08102
77.21867,14.270115,244.1111,244.48541,9.201007,10.374719,353.5196
80.12884,14.126068,245.29657,245.79729,9.331042,10.460102,354.95166
79.79592,14.265664,249.42418,250.07204,8.99738,10.111884,333.11218
79.463005,14.40526,253.5518,254.34677,8.663718,9.763665,311.71625
78.31188,14.559143,254.55766,255.27983,8.405649,9.500307,290.47504
77.16075,14.713026,255.56352,256.21286,8.147581,9.236948,271.34268
76.49699,14.820292,257.34778,258.1458,8.454713,9.702571,306.85126
75.83321,14.927558,259.13202,260.07877,8.761844,10.168195,343.04724
73.12952,14.962818,265.76614,266.69504,8.688691,10.080083,338.3695
70.425835,14.998078,272.4003,273.31128,8.615539,9.991972,338.8915
68.37247,15.122138,271.98578,272.64517,9.669169,11.380752,427.23608
66.31909,15.246199,271.57126,271.97906,10.7228,12.769531,479.4176
66.99164,15.098753,269.30316,269.684,11.116414,13.223321,495.9614
67.664185,14.951307,267.0351,267.38895,11.510028,13.677112,510.99393
69.43172,14.737274,264.3409,264.81042,11.535297,13.715782,514.9266
71.19926,14.52324,261.64676,262.23187,11.560566,13.754455,517.92413
72.176254,14.344714,262.39633,262.96143,11.670745,13.80691,518.53864
73.15325,14.166189,263.14587,263.69098,11.780924,13.8593645,519.446
74.4493,14.088291,263.4921,264.0393,11.753833,13.8006315,517.7207
75.74535,14.010394,263.8383,264.38763,11.726742,13.741899,515.80164
76.22387,13.990134,262.73495,263.2739,11.582421,13.509258,508.1939
76.702385,13.969876,261.6316,262.16016,11.4381,13.276617,500.58978
77.75159,13.871143,261.18732,261.66458,11.362709,13.1287365,495.4032
78.80078,13.77241,260.743,261.16898,11.287319,12.980856,488.98532
79.313774,13.671035,260.1732,260.59988,11.323824,12.988316,488.24588
79.82677,13.569658,259.60333,260.03076,11.360329,12.995775,486.94034
80.13571,13.515488,259.8008,260.17297,11.419885,13.055734,488.23038
80.44466,13.461317,259.99832,260.3152,11.479441,13.115691,489.45193
80.7142,13.422187,259.30157,259.6267,11.425954,13.032141,485.3216
80.98375,13.383057,258.6048,258.93823,11.372467,12.94859,481.24472
80.80766,13.393633,257.54062,257.8687,11.236309,12.766767,474.24774
80.63158,13.404209,256.4764,256.7992,11.10015,12.584943,466.77582
80.10432,13.467466,254.98625,255.27592,10.837935,12.250058,452.62192
79.57705,13.530725,253.49608,253.75266,10.575719,11.915174,436.6648
78.349205,13.649884,254.65141,254.89172,10.4794855,11.844616,434.95352
77.12135,13.769043,255.80676,256.03082,10.383252,11.774057,431.72668
75.13627,14.016366,253.7612,254.03233,9.770278,11.054685,394.21844
73.15118,14.263689,251.71565,252.03386,9.157304,10.335311,359.8222
72.92813,14.398708,245.1191,245.46811,8.793248,9.918902,338.70187
72.705086,14.53373,238.52255,238.90237,8.429193,9.502494,313.15363
72.15107,14.738858,233.53874,234.07169,7.85425,8.935648,272.8793
71.59706,14.943988,228.55493,229.24101,7.279309,8.368802,229.53523
71.011246,15.125226,225.53813,226.46382,6.8807693,8.032151,207.10852
70.42543,15.306464,222.52136,223.68663,6.48223,7.6955013,185.30779
70.75822,15.429549,217.40634,219.09547,6.09545,7.3876147,164.87776
71.09101,15.552633,212.2913,214.50432,5.708669,7.0797286,148.75752
71.76896,15.635159,206.3092,209.39825,5.5616846,7.114334,154.11917
72.446915,15.717685,200.3271,204.29216,5.4146996,7.14894,158.35435
72.934326,15.7797575,195.1959,199.73866,5.4937034,7.339828,167.48311
73.42174,15.841831,190.06473,195.18517,5.5727077,7.5307155,176.13211
74.23894,15.841888,186.25519,190.71654,5.947734,7.9281898,199.25313
75.05614,15.841946,182.44562,186.24792,6.3227606,8.325664,225.0808
76.12323,15.6608095,187.65674,190.34422,7.0958614,8.929632,264.60977
77.190315,15.4796715,192.86787,194.44052,7.8689623,9.5336,308.26437
77.3503,15.233132,198.05614,199.1586,7.884983,9.283569,289.79398
77.51029,14.986593,203.24445,203.87668,7.901005,9.03354,270.23166
77.96759,14.894576,202.40337,203.03082,7.3499155,8.3431015,219.12627
78.42489,14.802559,201.5623,202.18494,6.798827,7.6526637,174.90858
79.49069,14.769274,204.24345,204.94255,6.339979,7.1097827,143.27982
80.556496,14.73599,206.92462,207.70015,5.8811316,6.5669007,117.23267
81.325195,14.737982,211.14825,211.96954,5.6548004,6.3176336,106.95365
82.09389,14.739974,215.37192,216.23892,5.4284697,6.0683665,98.948746
82.81436,14.355142,161.43333,161.75644,3.4273922,3.7747524,9.322958
83.534836,13.970309,107.494736,107.27393,1.426315,1.4811381,-12.868218
84.24674,13.868588,158.397,158.6489,1.7019229,1.7778203,-6.564185
84.958664,13.766866,209.29926,210.02385,1.9775308,2.0745027,-6.6358104
85.148224,13.748112,203.9004,199.50662,3.2064161,3.4173598,4.921724
85.33779,13.729356,198.50154,188.98936,4.4353013,4.7602167,43.75073
85.88365,13.695813,174.54878,169.92009,5.3480735,5.794992,92.87934
86.42951,13.662269,150.59601,150.85081,6.2608447,6.829767,156.4804
86.845695,13.642285,245.2554,240.54932,7.1036525,7.8278737,198.19221
87.26188,13.622301,339.91483,330.2478,7.9464593,8.82598,271.05228
86.923584,13.663208,340.26566,335.62167,8.640333,9.685889,305.52893
86.5853,13.704115,340.61652,340.99548,9.334207,10.5458,336.21555
86.16609,13.705282,338.42966,338.84042,9.171543,10.338487,326.4695
85.74689,13.706449,336.24283,336.6854,9.00888,10.131174,316.53476
85.73228,13.737912,336.10416,336.3931,8.578711,9.6111765,288.47943
85.71766,13.769375,335.96548,336.10083,8.1485405,9.091179,259.49097
85.07259,13.900483,335.096,335.2153,7.5250874,8.390373,222.12538
84.427536,14.031593,334.22656,334.32974,6.901634,7.6895666,181.41815
84.00521,14.153957,327.72232,327.95392,6.6171703,7.3891883,163.31654
83.58289,14.276323,321.21808,321.57812,6.3327065,7.0888104,145.43329
84.642914,14.200551,313.4133,313.90317,6.9866495,7.8820114,190.99022
85.702934,14.12478,305.6085,306.2282,7.6405935,8.675213,235.56538
86.19561,14.111849,303.19507,303.79367,8.1379795,9.282917,274.70352
86.688286,14.098918,300.78165,301.35916,8.635365,9.89062,311.76624
88.06628,14.019459,298.81348,299.4178,8.988338,10.347425,332.32562
89.44427,13.94,296.84528,297.47644,9.3413105,10.80423,351.12677
86.87192,14.075529,298.2232,298.76456,9.71684,11.317565,391.30652
84.29956,14.21106,299.60117,300.0527,10.092369,11.8309,420.75742
81.723854,14.324943,301.62378,302.09317,9.149721,10.6336355,365.37067
79.14815,14.438827,303.6464,304.13367,8.207073,9.43637,288.32385
78.2872,14.487804,297.21414,297.86157,7.365026,8.433634,222.55635
77.42626,14.536784,290.78192,291.5895,6.522979,7.4308963,159.40501
76.91486,14.585823,283.94858,284.93228,5.9604483,6.7766247,126.07204
76.40346,14.634861,277.1153,278.2751,5.397917,6.1223526,94.525734
76.225006,14.681764,269.94696,271.38675,5.0486007,5.730786,77.68547
76.04656,14.728665,262.7786,264.49838,4.6992846,5.339219,60.5289
75.79059,14.786322,257.20078,259.4733,4.4471283,5.087711,49.444927
75.534615,14.843977,251.62292,254.4482,4.1949725,4.8362026,39.45177
75.70176,14.890721,245.92482,249.68799,4.075526,4.811082,39.817326
75.8689,14.937466,240.2267,244.92778,3.9560807,4.7859607,39.944145
76.37333,14.987466,234.8323,240.39752,4.003886,4.9515557,45.89773
76.87776,15.037466,229.43787,235.86725,4.0516915,5.117151,51.770702
77.88976,15.10379,229.43721,235.63719,4.4477906,5.802908,84.15879
78.90176,15.1701145,229.43652,235.4071,4.84389,6.488665,116.965164
78.54212,15.276807,231.69125,238.27019,4.9919643,6.8643565,134.73795
78.18249,15.383497,233.94597,241.13327,5.1400385,7.2400484,154.30214
78.18851,15.418415,235.87434,242.48943,5.304838,7.4903746,170.43852
78.19454,15.453332,237.80272,243.84561,5.469637,7.740701,188.57156
78.55972,15.380578,245.16074,251.01279,5.4826026,7.7020197,190.34135
78.924904,15.307824,252.51875,258.17993,5.4955673,7.6633387,193.70267
79.07438,15.253423,253.82314,258.439,5.530151,7.63302,194.4152
79.22386,15.199022,255.12752,258.698,5.564735,7.6027007,194.79439
79.20258,15.148968,254.97029,258.36713,5.4851937,7.3695755,175.84792
79.181305,15.098914,254.81306,258.03622,5.405653,7.1364512,159.17845
78.8405,15.063064,253.25685,256.42612,5.321544,6.974414,148.32072
78.4997,15.027211,251.70065,254.81601,5.2374353,6.812376,138.31828
79.08198,14.997568,248.59279,251.70665,5.1359887,6.646965,129.61713
79.66426,14.967926,245.48492,248.59729,5.034542,6.481555,122.28817
80.80391,14.93189,241.3955,244.03436,5.128182,6.4473305,121.88968
81.943565,14.895853,237.30605,239.47145,5.2218227,6.413107,118.73052
82.63968,14.838144,234.13594,235.82932,5.4056,6.527129,122.38492
83.33579,14.7804365,230.96582,232.18718,5.589378,6.641151,128.5471
83.83187,14.702703,231.44327,232.50447,5.8404975,6.8449936,139.23808
84.32796,14.62497,231.92075,232.82176,6.091617,7.0488358,150.07948
84.60168,14.594807,233.0198,233.81862,6.214646,7.1754684,156.60286
84.875404,14.564643,234.11887,234.81549,6.3376746,7.302101,162.83354
84.80726,14.561329,232.89682,233.57489,6.246485,7.2062025,158.43092
84.73911,14.558014,231.67476,232.33429,6.155296,7.110304,153.99106
84.80538,14.55963,232.11887,232.6361,6.140235,7.0893984,153.04704
84.87164,14.561246,232.56299,232.93793,6.125174,7.0684924,152.11986
85.29051,14.578179,231.04355,231.45169,6.206589,7.1822233,158.64471
85.70938,14.595113,229.52415,229.96544,6.288004,7.2959538,165.48761
85.86714,14.663079,224.20807,224.85104,6.0707283,7.1308174,160.2769
86.0249,14.731046,218.892,219.73663,5.853453,6.9656806,153.20572
86.11972,14.839651,215.28204,216.74881,5.6981106,6.9692492,154.589
86.21453,14.948256,211.67209,213.76097,5.5427675,6.972818,156.3403
86.10222,15.048426,208.46107,211.88611,5.147613,6.77729,146.02248
85.98991,15.148597,205.25005,210.01125,4.752458,6.5817623,136.34676
85.779236,15.2371025,195.34187,202.89647,4.279064,6.133024,107.265205
85.56856,15.325609,185.43369,195.7817,3.8056703,5.684286,83.739105
85.73362,15.3929825,175.2253,184.23802,4.1156363,6.1309476,111.70496
85.89868,15.460354,165.01689,172.69435,4.4256024,6.577609,138.1687
86.41581,15.530931,162.29123,169.00325,4.8352284,7.206377,183.24927
86.932945,15.601508,159.56557,165.31215,5.2448545,7.835145,229.33278
86.20612,15.70784,160.1344,166.40666,5.453133,8.195495,250.78802
85.479294,15.814172,160.70323,167.5012,5.6614122,8.555843,272.26276
84.3993,15.914957,163.18109,169.98634,5.719933,8.732347,280.29422
83.31929,16.01574,165.65895,172.47148,5.7784543,8.908849,289.9724
83.702415,16.02446,167.26045,172.75232,6.313249,9.523087,330.98508
84.08554,16.03318,168.86194,173.03316,6.848044,10.137325,373.1631
82.808914,16.143402,171.63188,176.2681,7.053472,10.605332,401.86517
81.532295,16.253626,174.40182,179.50305,7.258899,11.073339,429.47403
81.97252,16.31513,177.80756,183.59644,7.429587,11.266797,436.45532
82.41275,16.376635,181.21327,187.68983,7.600274,11.460255,443.43625
81.9621,16.444445,186.16454,192.13185,7.561075,11.534772,449.5175
81.51144,16.512255,191.1158,196.57387,7.521875,11.60929,455.7825
80.274185,16.475283,196.64737,201.70663,7.224226,11.025192,425.9199
79.03693,16.43831,202.17896,206.83937,6.9265776,10.441096,394.71582
78.72066,16.394682,201.43234,205.94981,6.725438,10.106628,372.42795
78.40438,16.35105,200.68576,205.06027,6.5242996,9.772161,349.03555
79.23944,16.25373,197.9985,202.02533,6.6889367,9.801811,346.64154
80.07451,16.15641,195.31123,198.99039,6.8535743,9.831464,344.75735
79.88456,16.08745,197.59258,201.42918,6.7639008,9.589833,327.0408
79.69462,16.01849,199.87389,203.868,6.6742268,9.348203,308.39047
79.51626,15.932666,200.84764,204.83995,6.677709,9.254331,300.34253
79.33789,15.846843,201.82138,205.8119,6.6811914,9.160457,291.73044
79.20868,15.815507,201.09091,204.97325,6.664472,9.131376,289.1999
79.07946,15.784173,200.36044,204.1346,6.647754,9.102297,286.6415
78.63797,15.815022,200.21333,203.8718,6.6590753,9.169825,293.16092
78.19648,15.845873,200.06622,203.60898,6.670397,9.237352,299.71094
78.03805,15.885198,199.8035,203.68828,6.3010902,8.912296,277.92032
77.879616,15.924524,199.54077,203.76755,5.9317837,8.587241,257.11984
78.308754,15.964092,196.0707,201.28592,5.4136887,8.044069,219.89035
78.73789,16.003662,192.60063,198.80429,4.8955936,7.500898,186.13953
79.72328,16.020111,186.2554,192.83519,4.6323895,7.1741834,167.95782
80.70868,16.03656,179.91019,186.86607,4.369185,6.847469,149.07007
81.712296,16.062206,174.1801,181.24857,4.113067,6.605086,138.4703
82.71592,16.08785,168.45001,175.63109,3.8569498,6.362703,129.85214
83.72664,16.112013,162.34264,170.09302,3.614848,6.098299,116.256
84.737366,16.136177,156.23528,164.55495,3.3727455,5.8338947,105.596344
85.7612,16.130747,148.01959,157.61816,3.2588387,5.644102,95.1863
86.78505,16.125315,139.8039,150.6814,3.1449318,5.4543095,87.344734
87.52499,16.119164,132.29439,143.6596,3.2968576,5.5963106,87.69164
88.26493,16.11301,124.78489,136.6378,3.4487834,5.738312,88.44679
88.500656,16.138672,122.25715,134.22153,3.7003093,6.0696454,104.785194
88.73638,16.164333,119.72941,131.80524,3.951835,6.400979,124.94497
88.20759,16.228256,120.79754,132.83594,4.2291417,6.840634,152.33263
87.678795,16.29218,121.86568,133.86664,4.5064487,7.2802887,179.40819
86.47235,16.407312,123.43492,135.80771,4.7398076,7.751388,204.92262
85.26591,16.522444,125.004166,137.74876,4.9731665,8.222487,232.46727
84.00849,16.687653,126.6677,139.09416,5.2462745,8.776032,264.77075
82.75108,16.852861,128.33124,140.43953,5.5193825,9.3295765,300.1005
81.39045,17.03915,130.4146,141.50586,5.9007654,9.983191,345.13345
80.029816,17.225441,132.49796,142.57217,6.282148,10.636804,390.87683
78.8597,17.353157,132.78899,141.70563,6.5554156,11.054755,419.8238
77.68958,17.480873,133.08003,140.83907,6.828683,11.472707,446.92932
76.761055,17.555313,131.21565,138.09561,7.091439,11.81473,468.76385
75.83252,17.629753,129.35126,135.35216,7.3541946,12.156754,487.1152
75.03447,17.666794,127.95143,133.18288,7.8247776,12.702193,508.95203
74.23642,17.703835,126.55159,131.0136,8.2953615,13.247633,528.72253
73.543884,17.816153,126.72385,130.48491,8.442461,13.507857,538.18787
72.85136,17.92847,126.896095,129.95622,8.589562,13.768082,546.4527
74.413,17.818777,125.96295,129.15976,8.713406,13.896518,545.6463
75.97464,17.709084,125.02981,128.36333,8.83725,14.024956,544.8012
76.6962,17.874977,122.975105,126.696785,8.833297,13.952869,541.2617
77.417755,18.040869,120.9204,125.03026,8.829344,13.880782,538.1245
77.50793,18.031738,121.82926,125.9814,8.890038,13.969335,540.1079
77.59811,18.022606,122.738106,126.93253,8.95073,14.057888,542.03925
77.2508,18.017109,123.49667,127.48235,9.111171,14.265864,546.9643
76.90349,18.01161,124.25523,128.03217,9.271611,14.473842,551.71
77.1608,17.931602,124.48043,128.32866,9.259673,14.376487,549.4094
77.41811,17.851593,124.70562,128.62514,9.247735,14.279132,546.91846
77.71911,17.783401,124.03097,127.9462,9.138791,14.043057,541.1866
78.020096,17.71521,123.356316,127.26725,9.029846,13.806983,535.37787
78.2899,17.66475,122.10456,125.97593,9.017351,13.74477,534.09534
78.55971,17.614288,120.852806,124.6846,9.004856,13.682556,532.80176
78.37,17.588408,118.97347,122.84086,9.189088,13.885499,538.3457
78.1803,17.562527,117.094154,120.997116,9.373319,14.088443,543.41003
78.26724,17.533916,115.40932,119.09353,9.552623,14.296496,548.4827
78.35418,17.505306,113.72447,117.18993,9.731926,14.504551,553.21155
78.70721,17.473858,112.512115,115.82814,9.570816,14.252028,548.24036
79.06022,17.44241,111.29974,114.46634,9.409706,13.999507,542.83136
79.42768,17.422688,111.12269,114.262985,9.379064,13.943451,541.38104
79.795135,17.402964,110.94562,114.05963,9.348422,13.887393,539.7949
80.062164,17.385002,111.67995,114.59148,9.134387,13.596721,532.4162
80.329185,17.367043,112.414276,115.123314,8.920352,13.306048,524.15753
80.53086,17.364714,114.887085,117.439995,8.406721,12.629265,501.00565
80.73254,17.362387,117.35991,119.756676,7.8930917,11.95248,471.92215
81.57505,17.29711,120.462494,122.93647,6.84201,10.7059145,405.91827
82.41756,17.231833,123.565094,126.11627,5.7909293,9.459349,322.10077
83.33311,17.151972,124.74508,128.67265,5.0112953,8.41959,257.6769
84.24865,17.07211,125.92509,131.22905,4.231662,7.379832,189.36835
84.583786,17.04946,117.89791,125.645424,4.2469544,7.2852974,173.35945
84.91892,17.026808,109.87074,120.06179,4.2622476,7.1907635,156.84131
85.51971,16.97649,110.12106,120.98369,3.5288877,6.27375,103.87479
86.12049,16.926172,110.37139,121.90558,2.7955284,5.3567367,68.66545
86.67149,16.8749,103.81179,117.511475,2.7928379,5.167074,55.36461
87.2225,16.823631,97.25219,113.11738,2.7901475,4.9774117,43.43722
87.34949,16.829338,92.3658,106.512985,3.5710013,5.911944,83.85747
87.47648,16.835047,87.47941,99.90859,4.351855,6.846476,143.21196
87.15044,16.923782,90.88298,100.87033,4.9270663,7.8387303,212.91026
86.82441,17.01252,94.28656,101.83206,5.5022774,8.830985,282.4125
86.80838,17.06207,106.471245,109.728615,4.94553,8.353075,264.14334
86.79235,17.111624,118.655945,117.62515,4.3887835,7.875165,244.87929
87.74277,17.000608,149.27463,143.36752,3.360182,6.2548423,159.72772
88.69319,16.889595,179.89331,169.10988,2.3315809,4.634519,92.08345
89.2135,16.810217,188.88199,181.31955,2.0627303,4.256018,72.27513
89.73381,16.730839,197.87068,193.52924,1.7938797,3.877517,56.18282
90.03518,16.628986,237.64784,224.60953,1.444026,3.3432853,71.55241
90.33655,16.527134,277.42502,255.68983,1.0941724,2.809054,76.706055
90.49408,16.457838,260.73596,260.9731,0.94580954,2.4914396,31.871841
90.65162,16.388542,244.04692,266.25644,0.7974467,2.1738253,10.85659
89.84832,16.635056,192.76201,211.33206,1.2181654,2.7744167,19.551031
89.04503,16.881569,141.47713,156.40771,1.6388842,3.375008,26.70758
88.91835,16.893448,138.82945,163.22011,1.4702858,2.9719982,20.481543
88.79168,16.905327,136.18178,170.03247,1.3016875,2.568988,18.130241
89.1388,16.880531,137.44742,170.41042,1.1847941,2.3210099,14.915811
89.48593,16.855736,138.71306,170.78836,1.0679009,2.0730317,11.700667
89.34747,16.872023,149.28787,171.70638,1.5768572,2.8854496,17.891685
89.209015,16.88831,159.86267,172.6244,2.0858133,3.6978672,31.75738
88.90078,16.893764,177.7268,185.39735,2.357234,4.2594633,50.218624
88.592545,16.899221,195.59093,198.17029,2.6286547,4.8210597,72.6012
88.25641,16.907675,200.24794,203.02548,2.775586,5.0567617,80.03309
87.92028,16.916128,204.90497,207.88065,2.922517,5.292464,87.47565
87.955246,16.921957,206.71303,210.50616,3.0253892,5.471511,94.39388
87.99021,16.927784,208.5211,213.13164,3.1282618,5.650558,102.292564
88.45921,16.92812,211.9585,216.51584,3.286114,5.892965,118.05125
88.92821,16.928453,215.39589,219.90002,3.4439664,6.1353726,133.36627
89.51736,16.912737,221.156,226.0827,3.3403487,6.037553,130.5109
90.10651,16.89702,226.91612,232.26537,3.2367318,5.939734,125.73333
90.63825,16.861477,234.13446,239.21106,3.3629127,6.0616693,130.27852
91.17,16.825932,241.35278,246.15678,3.4890935,6.1836047,135.48923
92.15674,16.776283,240.16502,245.89659,3.3479111,5.902175,116.58828
93.14348,16.726635,238.97725,245.63643,3.2067285,5.6207447,101.07986
93.70179,16.692991,240.43152,245.82498,3.543564,6.0378103,116.363266
94.26009,16.65935,241.8858,246.01352,3.8803997,6.454876,135.14386
93.776726,16.61387,242.27122,246.23015,3.636057,6.1239944,122.98365
93.29336,16.56839,242.65665,246.44676,3.3917143,5.7931128,112.55418
92.363,16.543388,235.87888,239.43185,3.6472728,6.028248,117.03935
91.43263,16.518387,229.10115,232.41695,3.9028318,6.263383,124.43584
87.470314,16.559362,213.13564,219.5886,3.1880465,5.249842,71.52269
83.507996,16.600338,197.17014,206.76025,2.4732614,4.2363014,37.41791
80.9119,16.669434,195.09521,205.51134,2.3621643,4.1717367,43.89782
78.3158,16.73853,193.02031,204.26244,2.2510672,4.107171,51.83414
79.54861,16.762766,193.08522,202.99219,2.6888752,4.7459044,66.0991
80.78142,16.787,193.15013,201.72192,3.1266835,5.3846374,85.50934
83.37897,16.759731,182.20152,192.95016,3.0600588,5.1695857,70.24298
85.97652,16.732458,171.25293,184.17842,2.9934342,4.954534,61.85772
87.11832,16.7399,167.29987,177.96967,3.3505461,5.4801726,88.03847
88.26011,16.747341,163.3468,171.76094,3.7076578,6.0058117,115.83182
87.99935,16.777048,164.14815,171.72064,3.7615623,6.138489,123.787285
87.73859,16.806753,164.9495,171.68036,3.8154671,6.2711654,132.0422
87.223404,16.833805,164.38074,171.64442,3.9650145,6.4710045,141.88683
86.70822,16.860857,163.81197,171.6085,4.1145616,6.6708436,151.10837
86.30032,16.886522,163.8127,171.24908,4.374738,7.055056,174.34369
85.89242,16.912188,163.81343,170.88963,4.6349154,7.439268,197.4258
85.66708,16.957544,168.12608,174.15683,4.886318,7.8360143,224.45947
85.44174,17.002903,172.43874,177.42403,5.1377215,8.232761,251.80817
86.19582,17.03579,180.52089,185.7882,5.4810033,8.725849,284.20023
86.94992,17.068674,188.60304,194.15236,5.8242855,9.218936,317.07025
88.809296,16.84205,191.91391,198.48833,5.629773,8.863056,297.16522
90.66867,16.615429,195.22476,202.8243,5.435261,8.5071745,267.69595
90.525894,16.59255,203.90942,211.80804,5.08528,8.064595,242.41872
90.38312,16.569672,212.59409,220.7918,4.7352986,7.622016,209.61111
90.54481,16.510862,219.64375,227.51118,4.4550385,7.2992454,185.54842
90.70649,16.452051,226.6934,234.23058,4.174778,6.976475,165.02852
90.88106,16.415352,230.5234,237.46938,4.063302,6.839126,158.39098
91.055626,16.378653,234.35338,240.70816,3.9518266,6.701778,153.25923
91.45648,16.310797,235.56485,241.70287,3.9694877,6.6132092,145.20055
91.85735,16.242945,236.7763,242.69757,3.9871492,6.524641,137.60811
91.96941,16.170639,237.39032,242.70824,4.0525546,6.4359736,128.49562
92.08148,16.098333,238.0043,242.71895,4.1179595,6.347306,119.497574
92.03716,16.014303,238.12906,242.61755,4.1879516,6.227019,107.94091
91.99285,15.930275,238.25383,242.51616,4.2579436,6.1067324,97.042015
91.88655,15.863626,238.60263,242.5834,4.4253483,6.1232386,94.84743
91.780266,15.796977,238.95143,242.65063,4.5927534,6.1397448,94.28599
91.44662,15.75992,237.89178,241.35606,4.702037,6.174229,95.55622
91.11297,15.722863,236.83214,240.06148,4.811321,6.2087135,96.90373
90.74942,15.699092,235.7253,238.79767,4.677376,6.0218315,90.87969
90.38586,15.675321,234.61845,237.53386,4.543431,5.8349495,84.87134
89.98851,15.682992,231.73572,234.47777,4.5651994,5.8518105,85.030235
89.59118,15.690664,228.853,231.42169,4.586968,5.868672,85.27254
89.26446,15.71999,224.22989,226.81377,4.6634855,6.022807,91.35343
88.93773,15.749315,219.6068,222.20586,4.740003,6.1769423,99.605064
88.574394,15.80763,215.49919,218.30075,4.9117713,6.5153394,119.939285
88.21106,15.865943,211.3916,214.39563,5.08354,6.853736,146.0091
87.18991,15.960961,202.78825,207.50938,4.616155,6.46814,125.00382
86.16876,16.055979,194.18492,200.62312,4.1487703,6.0825443,103.2701
85.647354,16.15298,186.66486,193.45815,3.9718,6.007838,102.98289
85.12595,16.249983,179.1448,186.29318,3.7948298,5.933131,102.442635
85.76506,16.329176,171.13988,177.33665,4.418723,6.772263,152.85614
86.40416,16.408367,163.13495,168.38016,5.042616,7.611394,208.72565
87.11578,16.47584,162.04593,166.59793,5.712923,8.506389,267.99698
87.8274,16.543314,160.95692,164.8157,6.3832297,9.4013815,329.1334
87.69192,16.597784,159.15099,163.79138,6.4568124,9.522719,334.97348
87.55644,16.652252,157.34505,162.76707,6.530395,9.644057,340.57678
86.89172,16.749537,159.50513,166.09277,6.48757,9.680061,337.70428
86.22701,16.846823,161.66518,169.41847,6.4447455,9.716064,334.07962
85.56052,16.958704,166.39772,173.66711,6.605814,10.000656,351.47147
84.89402,17.070587,171.13025,177.91574,6.7668834,10.285247,370.41562
84.39346,17.159403,171.97815,178.44133,7.158551,10.843529,405.88107
83.892914,17.248217,172.82607,178.9669,7.550219,11.401811,436.85043
83.33359,17.349339,175.28928,180.61812,8.128108,12.211419,477.06018
82.77427,17.45046,177.75249,182.2693,8.7059965,13.0210285,508.31396
82.46737,17.467955,180.83813,185.71124,9.100494,13.569926,524.95355
82.16046,17.48545,183.92375,189.1532,9.494993,14.118825,538.7831
81.171394,17.450037,193.46439,198.2334,9.689276,14.269583,542.70575
80.18232,17.414623,203.00502,207.31363,9.883558,14.420339,547.5878
83.25598,16.933899,201.07086,204.20026,9.804537,13.939431,533.3956
86.32965,16.453176,199.13669,201.08687,9.725515,13.458525,517.2546
87.73046,16.305882,190.89151,193.71935,9.314445,12.662729,484.5312
89.13127,16.158587,182.64635,186.3518,8.903374,11.866934,445.75177
90.80328,16.054815,181.34016,185.06628,9.152825,12.100835,453.6126
92.47531,15.951044,180.03397,183.78073,9.402276,12.334737,460.65744
93.63067,15.904228,177.26347,180.28645,9.111006,12.032695,447.99722
94.78604,15.857411,174.49297,176.79218,8.8197365,11.730653,435.58917
94.74219,15.935892,172.38786,174.59074,9.376697,12.368495,464.1108
94.698326,16.01437,170.28276,172.38931,9.933656,13.006337,488.40503
93.04975,16.151363,175.40889,177.31638,11.142959,14.571597,536.04675
91.40118,16.288357,180.53502,182.24345,12.3522625,16.136858,563.1107
91.13727,16.398563,186.54709,188.19952,11.857892,15.582862,556.2111
90.87336,16.50877,192.55914,194.15561,11.363522,15.028866,547.26746
90.75323,16.527384,195.07602,197.14572,10.990187,14.631439,539.05707
90.6331,16.545998,197.5929,200.13586,10.616852,14.234013,529.7576
90.866394,16.55213,204.17274,206.85324,10.49959,14.14229,526.3795
91.099686,16.558262,210.75256,213.57063,10.382328,14.050567,522.6628
90.81466,16.548843,215.52562,218.84329,9.882318,13.518685,507.5202
90.529625,16.539425,220.29868,224.11597,9.382307,12.986804,491.27213
90.09371,16.5139,221.03554,225.06448,9.087332,12.631714,480.32004
89.6578,16.488377,221.7724,226.013,8.792357,12.276622,468.51874
88.45668,16.51806,221.74341,225.85538,8.615406,12.055897,461.79572
87.25555,16.547747,221.7144,225.69775,8.438454,11.835172,453.81015
86.612915,16.587133,220.09865,223.91284,8.566964,12.073479,465.02182
85.97029,16.626518,218.48286,222.1279,8.695474,12.311786,476.41742
84.91368,16.712442,215.98029,220.04076,8.726916,12.460901,483.52283
83.85706,16.798367,213.4777,217.95361,8.758359,12.610017,490.97415
82.801796,16.88926,212.11008,216.793,8.658007,12.542237,491.0166
81.74654,16.98015,210.74243,215.6324,8.557654,12.474459,491.37393
81.298965,17.040453,209.38254,214.82474,8.50211,12.486706,492.44278
80.851395,17.100756,208.02264,214.0171,8.446564,12.498954,493.15588
80.82818,17.123196,208.96121,214.88618,8.362838,12.440032,491.7523
80.80497,17.145638,209.89977,215.75528,8.279111,12.381111,490.3886
81.319595,17.133535,210.84355,216.72722,8.0309105,12.063351,476.4368
81.83422,17.121433,211.78732,217.69914,7.7827096,11.745589,461.4134
82.27866,17.071602,212.84563,218.30775,7.992562,11.894094,468.0335
82.72311,17.021769,213.90393,218.91635,8.2024145,12.042601,473.2443
83.546265,16.939177,214.69249,219.99022,7.918626,11.669065,453.8645
84.36943,16.856585,215.48106,221.06409,7.634836,11.295531,434.20734
84.82359,16.81831,214.0471,219.95287,7.252461,10.832586,410.19022
85.277756,16.780033,212.61311,218.84164,6.870085,10.369643,385.4423
85.55056,16.731102,214.75868,220.88658,6.5687847,9.964253,365.3944
85.82337,16.682173,216.90424,222.93149,6.2674837,9.558863,344.20493
86.36911,16.602757,221.00676,226.3014,6.2441044,9.485113,347.55063
86.91485,16.52334,225.1093,229.6713,6.2207246,9.411363,349.3598
87.48733,16.42205,229.53625,233.83191,6.2697105,9.3390045,343.7314
88.0598,16.320763,233.96324,237.99251,6.318697,9.266646,337.13644
91.07016,15.999242,239.24304,243.5634,5.9384284,8.623062,270.49817
94.08051,15.677721,244.52284,249.13431,5.5581594,7.979477,188.25304
93.67323,15.634992,248.85315,253.43927,5.5593033,7.8919854,181.12083
93.265945,15.592261,253.18347,257.74426,5.5604467,7.8044944,174.27675
91.913734,15.544422,257.93298,261.4338,5.9469094,8.130646,199.56744
90.56153,15.496582,262.68253,265.12335,6.333371,8.456797,229.10243
88.017136,15.4185095,265.0588,266.82556,6.821988,8.681575,253.30359
85.47274,15.340437,267.43506,268.5278,7.3106055,8.906354,267.31973
85.23974,15.188898,269.28012,270.26733,7.664752,9.172203,284.24738
85.00673,15.037361,271.1252,272.00687,8.018899,9.438051,300.66693
85.328476,14.949914,270.5099,271.36768,8.251027,9.651607,313.40475
85.65023,14.862468,269.89456,270.72852,8.483154,9.865161,324.74313
85.94872,14.841834,267.1393,267.9295,8.512752,9.891145,326.50644
86.24721,14.821201,264.38403,265.1305,8.542348,9.917127,327.6395
86.232765,14.829016,261.57767,262.2892,8.541569,9.901417,326.77478
86.21832,14.836829,258.7713,259.44794,8.540789,9.885708,325.76154
85.94931,14.881916,254.81755,255.55592,8.48099,9.82293,322.97406
85.6803,14.927002,250.8638,251.66393,8.42119,9.760154,319.42087
85.65108,14.941968,248.38895,249.26425,8.305156,9.629117,311.41318
85.62186,14.956933,245.9141,246.86458,8.189121,9.498078,303.13187
85.237976,15.015278,241.94685,242.8775,8.230263,9.586152,309.24918
84.85409,15.073623,237.97963,238.89046,8.271403,9.674225,314.92514
85.09413,15.158516,234.64447,235.60791,8.3854265,9.92555,332.5055
85.33417,15.243409,231.30933,232.32538,8.49945,10.176876,350.33334
84.059525,15.394823,227.11617,228.50737,8.177394,9.939105,334.24
82.78489,15.546238,222.92299,224.68939,7.8553367,9.701336,319.27725
82.2368,15.662708,222.21075,224.5341,7.7452326,9.79097,330.22888
81.68872,15.779178,221.49854,224.37881,7.635128,9.880605,342.42212
81.30434,15.817586,223.44374,226.20276,7.989813,10.31729,373.8006
80.91996,15.855994,225.38896,228.02672,8.344498,10.753975,402.47787
81.68511,15.885965,225.51733,229.06258,8.0317955,10.558926,390.1317
82.45026,15.915937,225.64572,230.09848,7.7190943,10.363877,378.38297
82.74013,15.988493,222.61223,227.65904,7.213964,9.956308,353.77664
83.03,16.061049,219.57874,225.21962,6.7088346,9.54874,328.1119
83.25907,16.105917,222.25398,227.81503,6.6361794,9.467945,325.60794
83.488144,16.150784,224.92924,230.41043,6.563524,9.387149,323.53595
83.68926,16.151201,227.03728,232.25322,6.5713544,9.48878,336.16336
83.89039,16.151619,229.1453,234.09602,6.5791845,9.59041,348.38928
84.00588,16.173002,227.40987,232.27838,6.87724,9.945034,367.48456
84.121376,16.194384,225.67444,230.46074,7.1752973,10.299659,385.80536
84.144844,16.136217,226.63399,230.9815,7.563841,10.594715,400.0743
84.16832,16.07805,227.59354,231.5023,7.9523845,10.889771,414.24362
84.29627,16.077656,228.56563,232.28345,7.7565045,10.7398,409.07275
84.42423,16.077261,229.53775,233.06462,7.560624,10.58983,404.39752
83.99468,16.093586,232.39624,236.3144,7.6304693,10.65059,407.98248
83.56514,16.109911,235.25475,239.56422,7.700314,10.711351,411.09613
83.19404,16.073359,238.54265,242.43317,7.6323605,10.569151,405.7009
82.82294,16.036804,241.83055,245.3021,7.5644073,10.426952,400.0362
81.18239,16.017378,247.51714,249.92519,8.600709,11.091474,423.56393
79.54183,15.997949,253.20372,254.54826,9.637012,11.755997,451.0809
80.07128,15.921868,255.40875,256.6267,9.946048,12.081758,465.12024
80.60074,15.845788,257.61377,258.70517,10.255086,12.407518,477.5261
81.56621,15.727871,259.29034,260.15836,10.257668,12.282563,468.15134
82.53168,15.609955,260.9669,261.61157,10.260248,12.157607,457.73035
83.30914,15.5032,262.18173,262.89166,10.188337,12.013426,448.39218
84.08662,15.396444,263.39658,264.17175,10.116426,11.869244,437.84702
84.689445,15.295617,265.68784,266.4548,9.977638,11.64247,421.88522
85.29228,15.194791,267.97906,268.73788,9.838849,11.415697,406.80643
85.615906,15.125856,269.0626,269.74728,9.712253,11.183415,393.06256
85.93953,15.056923,270.14612,270.75668,9.585655,10.951134,378.90225
85.9449,14.991287,270.25986,270.81744,9.383321,10.635506,360.99042
85.95028,14.9256525,270.37357,270.87817,9.180987,10.319879,342.28647
85.95587,14.879754,269.87344,270.42093,8.968096,10.023272,324.67538
85.96147,14.833856,269.37326,269.96368,8.755205,9.726665,306.5487
85.62994,14.841223,268.50067,269.05405,8.599151,9.527881,296.07977
85.2984,14.84859,267.62805,268.1444,8.443096,9.329097,284.5431
84.917015,14.880443,267.0506,267.55814,8.348422,9.220734,277.7741
84.53564,14.912296,266.4731,266.97183,8.253749,9.112371,270.32928
83.957405,14.954082,266.01724,266.49423,8.124531,8.977861,260.84543
83.37917,14.995867,265.56134,266.01663,7.9953136,8.84335,250.82207
82.44099,15.096287,265.38516,265.859,7.895917,8.780646,247.5551
81.5028,15.196706,265.20895,265.7014,7.79652,8.71794,245.32985
80.64788,15.342673,265.8518,266.4228,7.22013,8.126549,204.39279
79.79295,15.488641,266.49466,267.14417,6.643739,7.535158,166.4122
79.23853,15.62312,263.31354,264.17908,5.7194495,6.499617,107.266464
78.68411,15.7576,260.1324,261.214,4.79516,5.4640765,66.58638
78.671524,15.846007,249.51149,250.76855,4.4756827,5.1257052,54.374783
78.658936,15.934415,238.89061,240.32312,4.1562057,4.7873344,42.725754
78.90074,16.009764,228.77911,230.75858,4.0839086,4.815515,43.48028
79.14255,16.085114,218.66762,221.19402,4.0116115,4.8436947,43.653214
79.72575,16.16384,211.50308,214.48224,4.1279984,5.149739,55.8887
80.30895,16.242563,204.33853,207.77045,4.2443852,5.455783,69.28401
81.38321,16.295004,198.99629,203.17238,4.262565,5.607699,75.50935
82.45747,16.347443,193.65405,198.57431,4.280745,5.759615,81.5252
83.172295,16.401306,190.74385,195.78008,4.4244833,6.0495677,96.42891
83.887115,16.45517,187.83368,192.98581,4.5682216,6.3395205,112.45414
84.31478,16.4976,186.7989,191.0619,4.8257446,6.7182717,135.91312
84.74245,16.540031,185.76411,189.13799,5.083268,7.0970225,162.009
85.697556,16.54877,185.63795,188.1217,5.441126,7.515833,191.6518
86.65266,16.557508,185.5118,187.10542,5.798984,7.9346423,220.56096
87.411766,16.520004,187.40945,188.61237,5.894566,8.0135,225.62202
88.17087,16.4825,189.30713,190.11931,5.9901485,8.092359,230.67712
87.708176,16.468231,191.68085,192.55487,5.667088,7.7188005,210.48021
87.24548,16.453962,194.0546,194.99043,5.3440275,7.345243,186.5888
86.7729,16.448755,199.24875,200.62001,4.9252744,6.9189405,159.32343
86.30033,16.44355,204.4429,206.24959,4.5065217,6.4926376,129.75734
88.86578,16.198078,216.7398,217.85806,3.98616,6.130051,120.09028
91.43124,15.952607,229.03673,229.4665,3.4657984,5.7674646,117.0965
92.00774,15.906699,232.32898,234.01889,3.115825,5.282841,96.71927
92.58423,15.860792,235.62123,238.57129,2.765852,4.7982173,80.73983
93.25833,15.793697,239.35547,244.82234,2.4348986,4.2701983,60.497875
93.93243,15.7266035,243.08972,251.07341,2.1039455,3.742179,42.45613
94.238144,15.684635,246.98766,257.90417,1.849049,3.2749462,27.251514
94.54387,15.642667,250.88557,264.73495,1.5941526,2.8077135,17.659037
94.36346,15.616518,252.69295,271.6444,1.3665761,2.3980322,10.762436
94.183044,15.590369,254.5003,278.55383,1.1389996,1.9883511,3.9331563
94.02213,15.563567,223.4466,257.65408,0.92093694,1.3245592,0.006452978
93.86122,15.536764,192.39287,236.75435,0.7028744,0.6607674,-6.3075414
94.30477,15.519938,178.99442,195.08696,0.90929407,0.8659961,-17.527895
94.74833,15.503113,165.59598,153.41957,1.1157136,1.0712249,-35.72848
94.08652,15.536312,162.39615,151.8872,1.1209755,1.3275449,-29.619976
93.42471,15.569512,159.19633,150.35486,1.1262372,1.5838652,-23.009867
93.29428,15.602966,157.74693,152.8181,1.348977,2.0338452,-15.132827
93.16384,15.63642,156.29753,155.28136,1.5717168,2.483825,-6.222253
93.34091,15.674761,156.81044,158.41795,1.8578353,2.960523,3.004854
93.517975,15.7131,157.32336,161.55457,2.143954,3.4372206,15.532481
93.850204,15.7453575,162.9622,167.41577,2.5847385,4.039246,34.767258
94.182434,15.777615,168.60104,173.277,3.025523,4.6412716,53.945667
94.02917,15.789863,170.79839,176.36107,3.2293727,4.859937,59.73123
93.87589,15.802111,172.99573,179.44518,3.4332223,5.0786023,64.868324
92.53898,15.816949,172.9839,179.24628,3.6040583,5.264188,71.56995
91.20208,15.831787,172.97208,179.04738,3.7748942,5.4497733,78.902115
89.9239,15.850634,172.09688,177.11234,4.1815906,5.9438376,101.15481
88.64571,15.86948,171.22166,175.1773,4.588287,6.4379015,129.59952
88.179985,15.885947,163.46535,167.12268,5.09693,7.0212603,168.89711
87.714264,15.902415,155.70901,159.06807,5.605573,7.604619,207.85678
87.86832,15.900553,151.06174,154.3862,6.5331316,8.648087,271.98618
88.02237,15.898692,146.41447,149.70435,7.4606895,9.691553,342.60797
88.613525,15.85291,147.33278,149.92467,8.298186,10.630906,394.87833
89.20468,15.807129,148.2511,150.145,9.135685,11.570261,438.49918
88.64201,15.7142315,145.85678,147.19937,9.874037,12.31489,465.35248
88.07935,15.621334,143.46248,144.25374,10.61239,13.059518,489.21103
88.65245,15.67232,141.94873,142.76834,11.09465,13.779113,511.23645
89.22555,15.723304,140.43498,141.28293,11.576911,14.498708,529.9057
90.49435,15.754001,137.27785,138.28331,11.805475,14.847204,537.17865
91.763145,15.7846985,134.12074,135.28368,12.03404,15.195703,542.9632
92.81632,15.788756,130.52512,131.90405,12.338729,15.67216,549.3524
93.86951,15.792812,126.92948,128.52444,12.643418,16.148617,554.5447
93.08935,15.9237385,127.94233,129.36548,13.329133,17.079557,567.68475
92.3092,16.054665,128.95518,130.20651,14.014849,18.010496,576.9563
91.354164,16.305296,136.62018,138.18823,13.945736,18.108902,579.5903
90.39914,16.555925,144.28514,146.16995,13.876624,18.20731,581.39746
90.588394,16.677536,154.04625,155.98114,13.295196,17.583426,577.1875
90.77765,16.799147,163.80736,165.79236,12.713765,16.959543,572.3227
91.12084,16.8293,159.49637,161.7735,12.252961,16.308943,564.88324
91.46403,16.859453,155.1854,157.75464,11.792158,15.658344,555.73486
92.718636,16.885277,169.0886,173.45561,10.422181,14.240323,530.4329
93.97324,16.911102,182.99176,189.1566,9.052205,12.822302,482.36188
94.13379,16.906946,191.55904,197.4572,8.518441,12.269852,461.31714
94.29434,16.902788,200.12631,205.75778,7.9846773,11.717401,437.1343
93.218544,16.80033,212.57957,217.53198,8.157797,11.687471,434.08115
92.142746,16.69787,225.03284,229.30615,8.330916,11.657542,436.32935
88.15852,16.59066,226.90565,230.21451,8.033401,11.10536,421.7627
84.1743,16.483454,228.77847,231.12283,7.735883,10.553178,398.74017
85.38299,16.415915,223.27242,225.70131,7.583741,10.407859,384.5443
86.59167,16.34838,217.76636,220.27977,7.431599,10.262541,375.68027
86.720825,16.346357,209.12067,211.80818,7.5884604,10.403008,375.50424
86.849976,16.344334,200.47496,203.33656,7.745322,10.543476,378.42673
87.17784,16.30264,198.10464,200.43134,8.517441,11.256997,411.50458
87.505714,16.260948,195.73433,197.52612,9.289559,11.970518,446.86533
87.218895,16.202333,193.11172,194.97542,9.531682,12.20692,458.97876
86.93208,16.143717,190.48912,192.42471,9.773805,12.443323,470.47974
87.480446,16.189735,186.7188,188.31569,10.104407,12.914125,489.77948
88.02882,16.235754,182.94849,184.2067,10.43501,13.384926,506.738
88.45653,16.3159,179.20076,180.76974,10.61793,13.759617,519.4799
88.88424,16.396048,175.45303,177.3328,10.800851,14.134309,530.0445
89.50206,16.477388,174.34537,176.20868,11.374211,14.865324,544.4596
90.11988,16.55873,173.2377,175.08456,11.947572,15.596339,555.69434
90.1821,16.60353,175.3799,177.12924,12.135218,15.878017,559.8347
90.244316,16.648329,177.5221,179.17393,12.322865,16.159695,563.60944
90.28157,16.569593,180.9702,182.58252,11.833805,15.620974,557.25854
90.318825,16.490858,184.41833,185.99113,11.344745,15.082253,549.3131
88.32435,16.568996,186.00761,188.40634,10.946276,14.526914,538.3518
86.32987,16.647135,187.59686,190.82156,10.547808,13.971575,525.0041
84.27451,16.786171,189.78888,192.92793,10.339047,13.877423,524.9448
82.219154,16.925207,191.98087,195.03429,10.130286,13.783272,526.06665
80.76901,16.943308,196.28145,199.15152,10.831104,14.58837,545.6165
79.31888,16.961409,200.58205,203.26874,11.531921,15.393471,557.7889
78.49371,17.005224,201.42422,203.9459,11.681349,15.583169,560.3517
77.66856,17.049042,202.26642,204.62306,11.830775,15.772867,562.9491
77.49446,17.102423,202.25806,204.83018,11.329637,15.271128,556.74677
77.320366,17.155802,202.24968,205.03726,10.828498,14.76939,550.16925
76.87295,17.212204,201.13994,204.1525,10.974004,14.968401,553.1751
76.42553,17.268606,200.0302,203.26768,11.119508,15.167412,556.1636
76.496864,17.203299,201.05727,203.67987,11.520825,15.558053,561.2495
76.5682,17.13799,202.0843,204.09204,11.922144,15.948696,566.01746
76.62334,17.01624,202.0969,203.86533,12.6599245,16.75186,574.19574
76.67848,16.894487,202.10951,203.63861,13.397704,17.555021,579.94666
78.00647,16.66255,201.34767,202.66734,14.098564,18.331347,584.48804
79.33445,16.430609,200.58583,201.69608,14.799422,19.10767,587.80444
80.052704,16.32197,202.8294,203.97299,15.147626,19.539324,589.26294
80.77097,16.213327,205.07295,206.24991,15.495831,19.970976,590.6333
82.81227,16.071444,205.8703,206.9556,15.254626,19.605158,589.04297
84.85357,15.929559,206.66762,207.66129,15.013423,19.239336,587.4904
84.742325,15.9407015,209.52734,210.56345,15.20207,19.483627,588.48846
84.631065,15.951843,212.38705,213.46562,15.390718,19.727917,589.3998
84.74076,15.946493,212.78807,213.78345,15.551725,19.962017,590.2608
84.85045,15.941142,213.18912,214.10127,15.71273,20.196115,591.0727
84.74886,15.891227,215.89584,216.77956,16.083027,20.67078,592.4821
84.64727,15.841312,218.60257,219.45782,16.453321,21.145447,593.66437
84.05834,15.824816,220.72586,221.56212,16.517603,21.238081,593.9269
83.46941,15.808319,222.84915,223.66643,16.581886,21.330717,594.19763
82.86342,15.774215,223.45648,224.22035,16.532593,21.235725,594.023
82.25742,15.740109,224.06378,224.77428,16.483301,21.140732,593.86194
81.61673,15.725701,225.03336,225.73767,16.300861,20.872744,593.22974
80.97604,15.711294,226.00293,226.70105,16.118423,20.604753,592.5422
81.74152,15.603129,227.36244,228.07866,16.106602,20.513556,592.09454
82.507,15.494966,228.72195,229.45627,16.09478,20.422358,591.6189
82.58746,15.495165,229.524,230.25891,15.826715,20.036766,590.38745
82.66792,15.495365,230.32603,231.06157,15.55865,19.651176,589.0128
82.14198,15.590298,231.07326,231.9129,15.222178,19.219862,587.33606
81.61606,15.685232,231.82048,232.76422,14.885706,18.788548,585.4846
81.39767,15.8014765,231.42192,232.48633,14.065386,17.754297,579.7049
81.179276,15.917721,231.02336,232.20844,13.245067,16.720047,571.8133
80.75879,16.03756,230.62086,231.89796,12.597944,15.958368,564.5343
80.3383,16.157398,230.21837,231.58748,11.950824,15.1966915,554.55457
80.09434,16.23457,229.25484,230.84752,11.377604,14.530901,543.58044
79.85038,16.31174,228.29134,230.10756,10.804383,13.86511,530.186
79.75922,16.397514,226.53262,228.7605,10.382179,13.459485,521.1847
79.66805,16.483288,224.77391,227.41344,9.959975,13.053859,510.64008
79.179924,16.565657,225.79228,228.80815,9.6606245,12.869093,507.04193
78.691795,16.648027,226.81064,230.20285,9.361274,12.684326,503.27148
78.5957,16.702925,226.64653,230.26382,9.309542,12.726933,505.5652
78.49962,16.75782,226.48239,230.3248,9.257811,12.76954,507.8026
79.32914,16.694681,227.88135,231.17052,9.605531,13.129473,518.001
80.15867,16.631544,229.28027,232.01624,9.95325,13.489404,526.96
82.25451,16.482397,230.64793,233.12878,9.876011,13.149109,511.65912
84.35035,16.333248,232.01558,234.24133,9.798773,12.808814,495.24545
84.22576,16.308592,232.1993,234.41466,9.513887,12.421421,481.42453
84.101166,16.283936,232.38301,234.58798,9.229003,12.034028,466.1136
84.733894,16.238644,233.00278,235.3059,9.092944,11.863232,457.42902
85.36661,16.19335,233.62251,236.02382,8.956884,11.692436,448.5427
85.01039,16.181305,233.41684,235.61627,8.897579,11.533881,440.83102
84.654175,16.16926,233.21115,235.20874,8.838276,11.375328,432.85168
84.28588,16.137758,234.40475,236.2445,8.791268,11.297042,430.0054
83.91759,16.106256,235.59836,237.28024,8.744261,11.218757,427.13538
83.38801,16.059597,237.39157,238.84073,8.732461,11.126949,422.98358
82.85841,16.012938,239.18478,240.4012,8.72066,11.035143,418.43536
82.66274,15.920073,240.37642,241.5743,9.1331005,11.423039,436.09137
82.467064,15.827209,241.56804,242.74739,9.54554,11.810936,453.3762
83.82681,15.678745,236.11008,237.362,9.432159,11.869472,457.4425
85.18657,15.530281,230.6521,231.97664,9.318777,11.928008,460.49432
85.0655,15.507166,233.00993,234.33519,9.570696,12.127272,467.6998
84.94442,15.484053,235.36777,236.69374,9.822615,12.326537,474.53174
83.88852,15.398071,239.95618,241.20088,9.806879,12.148285,466.38254
82.83261,15.31209,244.54459,245.70802,9.791144,11.970033,457.71588
82.23648,15.212835,245.93184,246.92932,10.051738,12.22322,470.08255
81.64034,15.11358,247.31912,248.15062,10.312333,12.476408,481.19638
82.02385,14.998558,247.2182,247.90192,10.339293,12.422489,477.68903
82.40736,14.883534,247.1173,247.65321,10.366251,12.36857,473.92795
83.088394,14.769722,246.94637,247.46468,10.37577,12.293784,467.35187
83.76943,14.655909,246.77542,247.27612,10.385288,12.219,460.3027
84.33108,14.563563,247.66096,248.19128,10.276146,12.025186,448.6071
84.89272,14.471219,248.5465,249.10645,10.167004,11.831372,436.1348
85.201,14.402062,248.64871,249.20245,10.048816,11.630235,423.9402
85.50927,14.332906,248.75095,249.2985,9.930629,11.429098,411.1455
85.62636,14.307736,248.4929,249.06079,9.914394,11.393035,408.5176
85.74345,14.282565,248.2349,248.82307,9.898159,11.356971,405.9419
85.482056,14.300329,248.76077,249.36902,9.794587,11.233031,399.46484
85.22067,14.318091,249.28665,249.91495,9.691015,11.109091,392.8223
84.65186,14.40417,249.85043,250.46239,9.542684,10.956166,385.90393
84.08305,14.490249,250.4142,251.00984,9.394352,10.803242,378.49097
83.080315,14.629479,250.37161,250.92944,9.063272,10.462866,361.32404
82.07757,14.76871,250.329,250.84901,8.732195,10.122492,344.17828
81.59647,14.901351,247.69676,248.33902,8.073181,9.439408,303.43033
81.11537,15.03399,245.06454,245.82903,7.414167,8.756326,253.90099
81.22443,15.1559925,243.40097,244.3361,7.100769,8.548969,240.29694
81.33348,15.277995,241.7374,242.84319,6.7873707,8.341611,228.62161
81.31953,15.36521,241.05873,242.6578,6.45853,8.0933485,212.03128
81.30557,15.452423,240.3801,242.47243,6.129689,7.845086,195.01862
81.67535,15.474276,241.5776,243.80818,5.9834065,7.6991076,186.0259
82.04512,15.496128,242.77513,245.14392,5.837124,7.553129,178.34685
83.10644,15.484748,241.99922,244.49344,5.7706933,7.543359,181.36365
84.16775,15.473369,241.2233,243.84294,5.7042637,7.5335884,185.43713
84.41968,15.486191,239.49464,242.4679,5.688171,7.564377,188.85878
84.6716,15.499013,237.76602,241.09286,5.6720786,7.5951653,192.55116
84.7642,15.533951,239.80797,244.131,5.3222814,7.2912188,172.05096
84.856804,15.568888,241.8499,247.16911,4.9724846,6.987272,153.27246
84.98785,15.592359,238.88213,245.0029,4.7560453,6.784934,140.43526
85.11889,15.6158285,235.91434,242.8367,4.539606,6.582596,128.13799
85.17573,15.652834,233.5163,240.41167,4.4302893,6.543378,129.03694
85.23257,15.689839,231.11826,237.98663,4.320972,6.50416,129.98637
85.18969,15.72512,228.05371,234.95895,4.3760395,6.6283245,138.94803
85.14681,15.760401,224.98914,231.93129,4.431108,6.7524896,148.33205
84.87765,15.807704,227.65094,234.58813,4.687552,7.080132,170.32974
84.608475,15.855008,230.31276,237.245,4.943996,7.407775,192.8839
83.90502,15.853826,238.50517,246.22084,4.8907065,7.31105,181.7744
83.20156,15.852644,246.69759,255.1967,4.837418,7.214325,172.24901
82.09121,15.716035,258.99503,265.5973,5.113271,7.407446,187.27515
80.98085,15.579424,271.29248,275.99786,5.389125,7.600568,205.05183
80.598564,15.460667,273.21307,276.71487,5.599788,7.563394,195.27151
80.216286,15.341909,275.13367,277.4319,5.810452,7.526221,187.51385
80.517876,15.188421,276.31516,278.16742,5.995634,7.468197,178.36987
80.819466,15.034933,277.49667,278.90292,6.180816,7.4101734,170.26022
81.20219,14.950282,280.22925,281.56332,5.9191904,7.0015383,148.50787
81.5849,14.865632,282.96182,284.22372,5.657565,6.592903,127.675415
81.84251,14.814856,282.28973,283.54575,5.1974506,5.9803433,99.25186
82.1001,14.764079,281.61768,282.86777,4.737336,5.367783,69.686386
82.23165,14.729873,280.37286,281.50418,4.4234548,4.9623375,51.711853
82.3632,14.695665,279.12805,280.1406,4.109574,4.5568914,36.03652
82.42228,14.674281,276.5247,277.4174,3.7795355,4.1522536,22.139273
82.48135,14.652897,273.92133,274.69418,3.4494972,3.7476158,11.064826
82.660286,14.639652,271.61694,272.2126,3.356084,3.6339595,8.817838
82.83922,14.626408,269.3126,269.73105,3.262671,3.5203032,7.0851016
82.78712,14.628226,266.32144,266.6653,3.0754592,3.3076084,3.7814286
82.73501,14.630046,263.3303,263.59958,2.8882475,3.0949137,0.5922228
82.82945,14.633484,258.18823,258.33,2.817095,3.0194511,0.6711293
82.9239,14.636923,253.0462,253.0604,2.7459428,2.9439883,-0.001363645
82.6081,14.671371,248.06322,247.96724,2.7708592,2.9780912,0.21085617
82.2923,14.70582,243.08023,242.8741,2.795776,3.012194,0.052457657
81.49466,14.749489,239.77165,239.66103,2.8496485,3.0987806,0.48646238
80.697014,14.793155,236.46306,236.44795,2.903521,3.1853673,2.2025409
80.74373,14.84777,232.48044,232.5618,2.6827345,2.9637866,1.1187519
80.79045,14.902385,228.4978,228.67566,2.4619482,2.7422063,0.08068005
81.32359,14.95515,222.77197,223.39116,2.2530954,2.568819,0.12034081
81.856735,15.007915,217.04616,218.10664,2.0442426,2.3954318,0.9790873
82.46082,15.067618,203.58458,206.43481,2.0446563,2.4781804,3.531842
83.06492,15.127323,190.123,194.76299,2.0450702,2.5609286,3.6039982
83.91239,15.145061,191.863,195.78444,2.2644427,2.923906,6.073295
84.759865,15.162799,193.603,196.80591,2.4838154,3.2868838,8.699506
85.871864,15.084948,190.25081,194.05873,2.674352,3.4320343,7.823835
86.983864,15.007097,186.8986,191.31155,2.8648887,3.5771847,6.6083984
87.64008,14.901135,186.46141,190.12291,3.288777,3.9618742,16.185719
88.29631,14.795174,186.02423,188.93425,3.712666,4.346564,26.340124
88.58479,14.728044,191.12767,193.26407,3.84189,4.5083575,30.711542
88.873276,14.660915,196.23114,197.59389,3.9711137,4.670151,35.124542
88.449455,14.705455,192.36,193.66231,3.9388268,4.592356,32.991783
88.025635,14.749993,188.48886,189.73074,3.9065397,4.5145617,31.004606
87.58605,14.824127,184.19093,185.03477,3.8272538,4.398501,27.039864
87.14648,14.898262,179.89302,180.33879,3.7479677,4.2824397,22.911983
86.99378,14.95462,182.48918,182.77078,3.754891,4.353123,25.341984
86.84109,15.010981,185.08537,185.2028,3.7618148,4.423807,27.932667
86.68751,15.04684,190.16084,190.38586,3.7222328,4.412523,28.147717
86.53391,15.082699,195.23631,195.56894,3.6826503,4.401238,28.519838
87.014404,15.07981,203.24953,203.64737,3.6825163,4.4501286,31.346947
87.494896,15.0769205,211.26273,211.72578,3.6823823,4.499018,36.169918
90.31812,15.014105,222.46558,221.25093,2.9846072,3.6375873,19.99327
93.14134,14.951288,233.6684,230.77606,2.2868319,2.7761562,1.7882688
93.07177,14.936828,248.67015,246.23457,2.2805989,2.7644253,6.7083216
93.0022,14.922367,263.67188,261.69305,2.274366,2.7526941,5.6201596
92.60885,14.901342,268.79047,267.55737,2.5060794,2.887748,4.632422
92.21549,14.880318,273.90906,273.42166,2.7377932,3.0228019,4.8034706
91.45923,14.862986,276.27097,275.89932,2.626239,2.8696244,2.05032
90.702965,14.845655,278.63287,278.37698,2.514685,2.7164469,0.048494946
90.43766,14.855211,279.88177,279.62735,2.6679218,2.9061794,1.9620309
90.17236,14.864767,281.1307,280.87772,2.8211586,3.0959122,4.3600564
89.8788,14.877806,281.90295,281.76633,2.77051,3.0411637,3.9724844
89.58523,14.890846,282.67517,282.65494,2.7198615,2.9864154,4.0003467
89.578384,14.887182,285.85367,285.62338,2.6986058,2.973691,5.2278323
89.57154,14.883518,289.03217,288.59183,2.6773498,2.9609666,6.2227397
89.828575,14.86273,292.10434,291.91074,2.5530772,2.828289,5.7421603
90.08562,14.841943,295.17654,295.22964,2.4288049,2.6956115,5.576294
90.146194,14.819185,301.49634,301.53098,2.4354675,2.6791391,8.038619
90.20679,14.796428,307.8162,307.8323,2.4421303,2.6626668,9.977147
90.030075,14.808983,308.65173,308.71283,2.334948,2.5350688,8.379493
89.85337,14.821537,309.4873,309.5933,2.2277658,2.407471,6.848373
89.745705,14.834521,307.97916,308.07785,2.3995187,2.5873568,7.6933937
89.63805,14.847507,306.47095,306.5624,2.5712717,2.7672427,8.645562
89.43847,14.869463,314.06375,314.27438,2.599152,2.8064282,9.749752
89.23889,14.891418,321.65656,321.98636,2.6270325,2.8456135,9.674369
88.86258,14.951361,321.53284,322.0263,2.9245274,3.21896,12.78711
88.48627,15.011302,321.40912,322.06625,3.222022,3.5923064,16.70924
87.95973,15.063716,326.06046,326.83295,3.5348265,3.996846,23.031921
87.433205,15.11613,330.71182,331.59964,3.8476305,4.4013853,31.672417
86.72106,15.158041,337.45032,338.4463,4.2417803,4.901352,46.77444
86.00893,15.199951,344.1888,345.29294,4.63593,5.4013186,65.71218
85.33,15.191739,349.51672,350.4684,4.9589868,5.7686057,82.35667
84.65108,15.183527,354.84467,355.64386,5.282043,6.1358924,100.01622
84.274284,15.133712,277.38205,238.03973,5.377782,6.1942477,225.54895
83.89751,15.083897,199.91943,120.435616,5.4735208,6.2526026,303.85202
82.613205,15.060411,228.80261,169.3124,5.2415323,5.944585,237.45953
81.3289,15.036926,257.6858,218.18915,5.0095434,5.636567,162.28206
79.65652,15.060963,291.1162,271.51715,4.7290254,5.3297615,99.42146
77.98412,15.084998,324.54657,324.84515,4.4485073,5.0229554,52.889633
77.02108,15.108582,337.22534,337.52966,4.24244,4.803096,52.40278
76.05803,15.132165,349.9041,350.21417,4.036373,4.583236,53.453373
77.15244,15.121383,349.33762,349.74496,3.7393599,4.228886,44.308876
78.24686,15.1105995,348.7711,349.27576,3.4423466,3.874536,37.93335
78.69033,15.08478,344.86194,345.3816,3.3888896,3.7860565,34.589905
79.133804,15.058961,340.95276,341.48746,3.3354325,3.6975772,31.18531
79.34766,15.027531,335.289,335.77722,3.2599733,3.6001394,26.814184
79.56151,14.9961,329.6252,330.06696,3.1845138,3.5027013,22.606651
79.518936,14.981634,325.9385,326.35257,3.1447663,3.4449286,19.853659
79.47636,14.967167,322.25177,322.6382,3.1050186,3.3871555,17.579035
80.89701,14.887972,322.40875,322.72388,3.3754382,3.6941795,20.74545
82.31766,14.808777,322.5657,322.80954,3.6458583,4.0012035,24.89134
81.749344,14.782136,323.58194,323.8002,3.3812742,3.6847324,20.96863
81.18103,14.755493,324.59818,324.7908,3.1166904,3.3682613,17.896545
80.80612,14.731657,317.48047,317.70322,2.924045,3.146391,12.176441
80.43121,14.707822,310.36273,310.6156,2.7313998,2.9245207,7.2545657
80.434746,14.664681,304.40356,304.5967,2.6197624,2.798061,3.5828125
80.43828,14.621542,298.4444,298.57782,2.5081248,2.6716008,0.294386
79.94379,14.607773,291.54938,291.7636,2.355686,2.505118,-4.778106
79.44929,14.594004,284.6544,284.94934,2.2032473,2.3386352,-7.043613
79.8882,14.585673,272.6043,272.90564,2.2674546,2.4072294,-5.3955965
80.32712,14.577342,260.55423,260.86194,2.331662,2.4758239,-5.0149355
81.57035,14.547609,254.76234,254.99512,2.6546407,2.8179305,-2.8565674
82.8136,14.517878,248.97046,249.1283,2.9776196,3.160037,2.2581673
84.56055,14.417343,245.08313,245.15526,3.2601523,3.452073,6.968241
86.30751,14.31681,241.19579,241.18224,3.5426848,3.744109,18.145075
87.175545,14.256846,238.75192,238.69757,3.5300827,3.7350605,20.166075
88.04358,14.196882,236.30803,236.21294,3.5174804,3.7260122,21.4054
87.648705,14.266228,232.8313,232.76013,3.5596552,3.7968729,22.365026
87.25383,14.335575,229.35454,229.30733,3.6018302,3.8677337,22.956001
85.849266,14.451425,231.00609,230.91415,3.6729293,3.98482,24.545433
84.4447,14.567274,232.65765,232.52098,3.7440288,4.101906,26.137247
84.70437,14.565477,236.00948,235.81737,3.75777,4.1045303,26.538776
84.96404,14.563681,239.36128,239.11374,3.7715116,4.107154,26.29303
85.50033,14.56307,241.45807,241.3385,3.8287988,4.1559515,27.962181
86.03661,14.56246,243.55484,243.56328,3.8860865,4.204749,29.869884
85.41353,14.650049,248.30396,248.36223,4.0068245,4.365654,33.58099
84.79044,14.737637,253.05304,253.1612,4.1275625,4.526559,38.363567
85.563095,14.677401,262.15167,262.12274,4.1679387,4.553027,40.78649
86.33574,14.617164,271.25027,271.08432,4.208316,4.5794954,43.18261
86.529655,14.58569,275.59335,275.57605,3.7830768,4.08999,28.841093
86.723564,14.554216,279.9364,280.0678,3.357838,3.6004853,14.471807
86.17272,14.576076,278.97382,279.31125,3.1702373,3.403699,7.9019957
85.62188,14.597935,278.01123,278.5547,2.9826365,3.2069125,3.8639896
85.111244,14.641179,277.21866,277.69745,2.833484,3.051224,1.5094231
84.6006,14.684425,276.42615,276.8402,2.6843312,2.8955355,0.030935867
83.995834,14.7242365,277.719,278.10632,2.488168,2.6802661,-2.1870654
83.391075,14.764049,279.01187,279.3724,2.2920046,2.4649968,-4.0130215
82.74428,14.812203,278.47446,278.82764,2.3762133,2.5626972,-3.7987125
82.097466,14.860358,277.93707,278.28287,2.460422,2.660398,-3.6181328
81.511765,14.880084,278.7629,279.1266,2.3707182,2.5612512,-4.746588
80.92606,14.899808,279.58875,279.97034,2.2810147,2.4621046,-5.329071
80.81153,14.893389,277.26758,277.45682,2.2403536,2.4148223,-5.5526943
80.697,14.8869705,274.94638,274.9433,2.199693,2.36754,-5.748343
80.66413,14.886118,271.49936,271.4054,2.1017132,2.2678294,-5.4786887
80.63127,14.885264,268.05234,267.8675,2.0037332,2.1681192,-4.931306
80.485344,14.900648,263.8117,263.7727,1.8995701,2.0817482,-4.2132297
80.339424,14.916033,259.57108,259.67792,1.7954068,1.9953774,-3.51101
81.868195,14.789259,225.93265,226.55908,1.7889147,1.9616599,-2.6226873
83.396965,14.662486,192.29424,193.44025,1.7824227,1.9279426,-2.055362
83.78034,14.7367735,196.12228,196.96498,2.050715,2.236262,-2.9362822
84.16372,14.811059,199.95032,200.48969,2.3190074,2.5445814,-3.2365158
84.507515,14.860658,204.56494,205.20259,2.5221612,2.7730112,-2.775127
84.85131,14.9102545,209.17955,209.9155,2.7253146,3.001441,-1.1577333
84.79429,14.967621,216.45601,217.11882,2.8237622,3.0912263,-0.4236048
84.737274,15.024988,223.73245,224.32213,2.9222093,3.181012,1.3650625
84.54661,14.912625,240.44385,240.64586,3.3514745,3.6283417,10.73975
84.35594,14.800262,257.15527,256.9696,3.78074,4.075671,24.820745
85.21038,14.714237,267.16998,267.2233,4.0369344,4.343664,34.42072
86.06481,14.628212,277.18472,277.47702,4.2931294,4.611657,44.006916
84.61423,14.626984,282.75418,282.99338,4.6892333,5.063114,58.70984
83.16364,14.625756,288.3237,288.50974,5.085337,5.5145707,74.57582
83.77018,14.462568,290.09143,290.22647,5.6015472,6.0803804,97.67994
84.37672,14.299381,291.85922,291.94324,6.1177573,6.6461897,124.966385
84.546394,14.209636,292.83923,292.9676,6.284589,6.826226,133.70044
84.71607,14.11989,293.81927,293.99194,6.451421,7.006263,142.7892
84.47923,14.104777,294.86658,294.9481,6.8090515,7.419985,165.42259
84.24241,14.0896635,295.91394,295.90427,7.1666813,7.8337073,188.5273
83.285484,14.08198,293.69995,293.75293,7.484051,8.172329,206.82039
82.32857,14.074294,291.48596,291.60156,7.801421,8.51095,224.65598
82.1378,14.077609,289.86295,290.0117,8.186726,8.973591,253.4594
81.94704,14.080926,288.23993,288.42178,8.572032,9.436232,283.51575
81.96511,14.047456,290.43112,290.64484,8.6611395,9.54401,289.47064
81.98318,14.013984,292.62234,292.8679,8.750248,9.65179,295.4258
80.65186,14.13459,300.2286,300.53848,8.439068,9.3002825,270.27716
79.32054,14.2551985,307.83487,308.2091,8.127887,8.948775,246.466
78.29697,14.322134,314.7339,315.11588,7.618513,8.368227,212.65459
77.2734,14.389069,321.6329,322.0227,7.1091394,7.7876782,182.85428
76.832535,14.402682,322.54865,322.98798,6.484429,7.060714,142.83015
76.39167,14.416298,323.4644,323.95325,5.859718,6.33375,107.603874
77.420876,14.349917,320.69196,321.0931,5.2569904,5.643882,78.20951
78.45008,14.283539,317.91953,318.23297,4.6542635,4.954014,52.560276
78.98567,14.253633,311.5961,311.8516,4.1737456,4.426983,31.710941
79.521255,14.223724,305.2727,305.47018,3.6932275,3.8999515,16.357927
79.460815,14.223231,295.52304,295.64838,3.237754,3.4090867,6.1647162
79.400375,14.222737,285.77344,285.82654,2.782281,2.9182222,-3.747048
79.25971,14.248554,271.39575,271.41995,2.901601,3.0538325,-1.8524482
79.11905,14.27437,257.01807,257.0133,3.0209212,3.1894433,2.037991
79.02803,14.345807,251.4588,251.4594,3.3558931,3.5632474,7.536675
78.937004,14.417243,245.89957,245.90549,3.6908643,3.9370518,15.082254
79.04923,14.476503,241.22089,241.3037,3.8588088,4.13226,21.34864
79.16147,14.535764,236.5422,236.7019,4.026753,4.3274674,28.64042
79.580925,14.634378,232.79924,232.99216,4.221489,4.578186,38.688976
80.00039,14.732995,229.05629,229.2824,4.416225,4.8289046,46.971558
80.65742,14.873288,229.63109,229.96663,4.6254153,5.1374254,59.20221
81.314445,15.01358,230.2059,230.65088,4.834605,5.4459467,71.27404
82.65774,14.857222,230.40819,230.61552,4.6588626,5.159846,59.175823
84.00104,14.700863,230.61049,230.58015,4.483119,4.8737445,47.300262
84.18762,14.821927,234.34192,234.45146,4.8499107,5.3421497,65.3273
84.374214,14.942989,238.07335,238.32275,5.216702,5.810555,84.908394
85.24701,14.992948,241.3118,241.74184,5.238251,5.8977947,87.27665
86.1198,15.042904,244.55026,245.16092,5.2597995,5.9850345,88.67285
86.78006,14.929982,247.64378,248.24207,5.550288,6.317275,102.065926
87.440315,14.81706,250.73732,251.32321,5.8407764,6.6495166,115.51524
86.586426,14.823911,253.3445,253.72725,5.5358286,6.2092476,97.01183
85.73253,14.830759,255.95168,256.13126,5.2308807,5.7689786,81.01198
84.02065,14.724998,255.8257,255.94238,5.1571746,5.638646,80.57078
82.30877,14.619235,255.69972,255.75351,5.083469,5.508314,77.507256
80.498276,14.531108,245.40262,245.3643,4.7257485,5.107626,59.86212
78.68778,14.44298,235.10548,234.9751,4.3680286,4.7069383,41.054466
80.903435,14.417121,225.65846,225.64227,5.2496157,5.6880198,81.322876
83.11908,14.391263,216.21143,216.30945,6.1312037,6.6691008,128.90749
84.28258,14.371934,213.34581,213.55002,7.0553718,7.783814,189.53688
85.446075,14.352607,210.48016,210.79059,7.97954,8.898528,259.90454
85.75191,14.447775,218.46223,218.79768,8.9320965,10.11974,337.41998
86.05774,14.542942,226.4443,226.8048,9.884653,11.340952,411.19012
86.39026,14.566728,226.17891,226.48395,9.899424,11.37403,412.7206
86.72278,14.590511,225.9135,226.1631,9.914193,11.407107,414.03967
86.80672,14.5840225,222.53767,222.84444,9.897685,11.3772,412.29633
86.89067,14.577532,219.16183,219.52577,9.881175,11.347293,410.62207
86.05964,14.704813,219.6261,219.95906,10.157313,11.779624,437.91684
85.228615,14.832092,220.09038,220.39236,10.433451,12.211953,461.2149
85.051186,14.951676,222.75163,223.04575,10.39797,12.225639,462.27045
84.87376,15.071262,225.41289,225.69914,10.362489,12.239326,463.69168
85.00417,15.12116,223.72255,223.90385,10.425394,12.333131,468.11227
85.134575,15.171058,222.03221,222.10858,10.488299,12.426936,472.51602
85.666985,15.186472,220.24673,220.48714,10.488253,12.505823,475.5796
86.199394,15.201884,218.46127,218.8657,10.488207,12.58471,478.19324
85.85962,15.275184,215.33766,215.83823,10.168105,12.226846,463.40842
85.519844,15.348483,212.21407,212.81078,9.848004,11.868982,445.84705
86.043144,15.482561,211.36201,211.9361,9.789287,11.916261,448.26712
86.566444,15.616638,210.50998,211.06143,9.730568,11.963539,450.47757
87.02808,15.57079,210.35713,211.1353,9.760816,11.999163,451.1809
87.48973,15.524943,210.2043,211.20917,9.791063,12.034785,451.89658
87.5443,15.548437,210.30664,211.23148,9.450901,11.578211,427.4342
87.59886,15.57193,210.40898,211.25378,9.110739,11.121637,401.1506
88.1478,15.578678,209.3406,210.0202,8.732391,10.609293,368.84692
88.69673,15.585426,208.27222,208.78659,8.354044,10.096949,338.5916
89.55307,15.538749,204.26396,205.06622,8.179988,9.891495,324.82343
90.40941,15.492072,200.2557,201.34586,8.005933,9.686041,310.0766
90.484764,15.535503,203.46973,204.62384,7.79817,9.522655,302.83234
90.560135,15.578936,206.68376,207.90184,7.5904074,9.359267,296.02203
91.17544,15.623854,209.30193,210.96242,7.280266,9.068709,273.703
91.79074,15.668773,211.9201,214.02298,6.9701247,8.7781515,247.56784
93.83592,15.668738,207.90155,210.55756,7.749913,10.032213,324.9518
95.88111,15.668704,203.883,207.09212,8.529701,11.286276,392.68274
95.72135,15.700436,205.07631,207.71992,8.868816,11.632946,412.34842
95.561584,15.732167,206.26959,208.3477,9.2079315,11.979614,429.8795
95.51215,15.733338,203.35341,205.54471,8.838293,11.490627,404.4958
95.46272,15.734507,200.43724,202.74173,8.468654,11.001639,375.9457
95.043144,15.776398,198.8442,201.44588,8.158805,10.676725,360.01624
94.623566,15.818289,197.25114,200.15004,7.848956,10.3518095,343.39102
94.546326,15.8321905,197.85153,200.85736,7.5773582,10.081339,328.1064
94.46909,15.846093,198.4519,201.56467,7.30576,9.810868,312.6924
94.16685,15.894464,200.02846,203.29562,7.4515586,10.051597,332.07318
93.8646,15.942834,201.60501,205.02658,7.597357,10.292324,350.1045
93.74572,16.007816,207.3858,210.77899,8.115361,10.92947,387.49332
93.62682,16.072798,213.16661,216.5314,8.633365,11.566615,420.08157
93.22657,16.145195,218.50323,221.33382,9.069804,12.142471,449.13657
92.82632,16.21759,223.83983,226.13623,9.506244,12.7183275,475.72955
92.509895,16.230982,225.49939,227.73158,9.750641,12.989292,485.82452
92.19348,16.244375,227.15898,229.32697,9.995037,13.260258,495.23196
92.03562,16.243275,228.61046,230.64316,10.156332,13.463054,502.1378
91.87776,16.242174,230.06197,231.95935,10.317628,13.665851,508.86252
91.497604,16.255888,232.21344,234.22714,10.4106655,13.809451,513.76514
91.117455,16.2696,234.36491,236.49495,10.503704,13.9530525,518.6748
90.90257,16.272936,237.10512,239.35345,10.344007,13.756795,514.1626
90.6877,16.276272,239.84532,242.21196,10.184309,13.560537,509.57962
91.11477,16.210585,243.29341,245.72508,9.796999,13.066685,495.35306
91.54184,16.144897,246.7415,249.23819,9.409689,12.572832,478.54794
91.712234,16.122896,248.20102,250.68123,8.904504,12.002724,459.05038
91.88262,16.100895,249.66054,252.12428,8.399319,11.432614,435.54453
91.920166,16.115526,249.56406,252.12311,7.951342,10.979146,415.9482
91.9577,16.130157,249.4676,252.12193,7.503366,10.525678,392.68515
91.97896,16.128548,249.66371,252.79996,7.1725693,10.137331,368.32935
92.000206,16.12694,249.85986,253.478,6.841772,9.748984,342.19485
92.76342,16.020811,252.58707,256.30396,6.2143025,8.786452,257.42667
93.526634,15.914683,255.31427,259.1299,5.586832,7.82392,175.99272
94.32819,15.796319,260.63654,264.77148,5.1470575,7.0533214,126.7972
95.12975,15.677956,265.9588,270.4131,4.707283,6.282723,90.002396
95.549095,15.603796,260.33914,265.75192,4.3622622,5.7975626,73.006096
95.96845,15.529635,254.71951,261.09076,4.017242,5.3124022,58.394142
95.59245,15.553979,214.99626,212.10188,4.2809787,5.672419,65.774445
95.21645,15.578322,175.27304,163.11299,4.544716,6.032437,111.12388
94.21611,15.598414,147.14742,134.89345,5.4465814,7.111513,171.79335
93.21577,15.618506,119.02179,106.67391,6.348447,8.19059,245.91273
92.07041,15.602581,74.698975,69.23166,7.207941,9.13511,277.84033
90.925064,15.586657,30.376143,31.789402,8.067435,10.079628,348.42438
90.73533,15.527965,31.31629,32.54613,8.460229,10.497123,374.6859
90.5456,15.469273,32.256435,33.302856,8.853022,10.914618,395.92065
90.35834,15.350152,30.583397,31.460587,9.128149,11.091782,402.9339
90.17107,15.231031,28.91036,29.618313,9.4032755,11.268946,406.5876
89.69371,14.985405,24.036064,24.79887,9.338521,11.150056,401.5238
89.216354,14.739778,19.161768,19.979427,9.273766,11.031165,395.06708
88.117905,14.682527,18.313013,19.04098,9.199866,10.893765,381.00436
87.019455,14.625276,17.46426,18.102533,9.125968,10.756368,366.39792
85.359184,14.651181,19.2775,19.849033,9.075469,10.65947,352.52548
83.69891,14.677087,21.090742,21.595533,9.024971,10.5625725,342.06625
83.20783,14.668435,20.181393,20.738565,8.880531,10.41664,333.36005
82.71674,14.659783,19.272043,19.881598,8.736093,10.270708,324.92203
83.188644,14.631256,17.517624,18.238869,8.162615,9.560113,288.17365
83.660545,14.60273,15.763205,16.596136,7.589137,8.849516,254.41939
84.6702,14.519929,14.386438,15.125613,7.486313,8.659138,247.13834
85.67985,14.437127,13.009673,13.655091,7.3834887,8.468759,235.00194
86.60544,14.314877,11.004361,11.49458,7.574568,8.654665,244.85379
87.53103,14.192627,8.99905,9.33407,7.765648,8.840572,256.50214
86.14202,14.28094,8.628217,8.912514,7.977199,9.106908,271.73175
84.753006,14.369252,8.257382,8.490957,8.18875,9.373245,281.43283
82.545654,14.506972,6.051846,6.397445,7.994046,9.218566,274.24445
80.338295,14.6446905,3.8463094,4.303934,7.799342,9.063888,264.84692
79.14135,14.711502,166.16022,141.7491,7.6695123,8.938403,321.20477
77.944405,14.778314,328.47412,279.19427,7.5396824,8.812919,434.337
79.18021,14.650694,340.92188,316.57904,7.759327,8.977576,362.41315
80.416016,14.523074,353.3696,353.96384,7.978972,9.142234,274.46268
81.1762,14.449202,352.3145,352.82092,7.9188724,9.032548,267.18582
81.93639,14.37533,351.25937,351.678,7.858773,8.92286,260.19904
81.17482,14.445898,349.96527,350.44537,7.782663,8.878128,257.32407
80.413246,14.516465,348.6711,349.21274,7.706552,8.833396,255.1837
79.539444,14.563958,346.47964,347.07837,7.927044,9.096423,269.75986
78.66563,14.61145,344.28815,344.94403,8.147535,9.35945,285.0026
79.9704,14.442413,343.58374,344.1377,8.50832,9.709779,302.93472
81.27516,14.273377,342.87933,343.3314,8.869105,10.060106,321.61456
82.183846,14.220759,343.5613,343.9843,9.064889,10.327743,336.47217
83.09252,14.168142,344.2433,344.63727,9.260673,10.595378,349.85742
82.39871,14.190739,342.64124,343.0024,9.417078,10.812279,365.24002
81.704895,14.213335,341.03915,341.36758,9.573483,11.029178,380.607
79.95256,14.274339,338.57608,338.9208,9.475593,10.928153,381.48376
78.20022,14.335341,336.11298,336.47403,9.3777,10.827127,379.8923
76.74132,14.340554,335.7708,336.12433,9.267926,10.659626,371.22864
75.28242,14.345768,335.42862,335.77466,9.158153,10.492125,359.91388
75.22541,14.31054,336.2548,336.6146,8.978698,10.238513,344.47726
75.168396,14.275313,337.08096,337.4545,8.799243,9.984901,328.78217
75.77717,14.225125,338.1651,338.46707,8.657302,9.796122,318.01974
76.38594,14.174937,339.24924,339.47964,8.515363,9.607344,307.1732
74.80228,14.165628,339.04883,339.31177,8.330796,9.366118,293.6555
73.21861,14.156318,338.8484,339.14392,8.146231,9.124895,279.85812
70.73577,14.161693,336.40866,336.67203,7.599357,8.488681,247.77411
68.25294,14.167067,333.969,334.2001,7.0524836,7.8524656,221.18045
68.17239,14.213444,329.98743,330.25034,6.808835,7.5997143,204.58467
68.091866,14.25982,326.00592,326.30054,6.565186,7.3469625,186.5399
67.433426,14.445319,327.11105,327.26157,6.7195024,7.530172,200.89217
66.77498,14.630818,328.21622,328.22263,6.873818,7.713382,214.29326
67.053314,14.616541,323.6284,323.7282,6.860018,7.673625,205.4323
67.33165,14.602264,319.04062,319.2338,6.846217,7.633868,195.93675
69.64988,14.335189,316.62036,316.7355,7.0891366,7.8406024,197.6175
71.96812,14.068112,314.20013,314.23724,7.3320565,8.047338,202.25888
72.81078,13.989147,311.05063,311.04132,7.108598,7.7795997,182.22882
73.65346,13.910184,307.9011,307.84537,6.8851395,7.5118623,163.99443
74.97186,13.851217,304.9875,304.8856,6.635442,7.2229705,145.52502
76.290276,13.79225,302.07388,301.92584,6.385744,6.934079,130.46512
75.83726,13.871926,298.2305,298.076,6.022797,6.5476184,110.98143
75.38425,13.951603,294.3871,294.22617,5.6598496,6.161158,94.63701
74.04614,14.027493,290.4645,290.42563,5.670382,6.1705127,90.89121
72.708046,14.103383,286.54187,286.6251,5.680914,6.179868,88.31513
72.69685,14.124908,285.1632,285.31644,5.7543445,6.256164,91.13072
72.68565,14.146434,283.78452,284.00784,5.8277755,6.3324604,93.7464
74.790955,14.094417,285.4877,285.6589,5.7903175,6.2774324,96.14538
76.896255,14.042399,287.1909,287.31,5.75286,6.222405,99.96131
77.3687,14.055295,290.86658,291.06796,5.5474668,5.9954934,91.239975
77.84113,14.06819,294.5423,294.82593,5.3420734,5.7685814,82.15924
77.74681,14.143012,297.0346,297.2826,5.224264,5.6466017,76.535126
77.65248,14.217834,299.52692,299.73926,5.106455,5.5246224,71.03573
78.05344,14.234589,301.5357,301.71213,5.3156466,5.7631717,80.86183
78.454384,14.251343,303.5445,303.685,5.5248384,6.001721,90.74467
78.41915,14.271322,303.75824,303.86255,5.5820413,6.0775156,94.033394
78.38392,14.291301,303.97195,304.04007,5.6392446,6.1533103,97.16945
78.97326,14.286187,304.56158,304.62686,5.702789,6.2289205,101.02322
79.5626,14.281074,305.15118,305.21365,5.7663326,6.3045306,104.98195
79.27317,14.320358,305.61075,305.819,5.679201,6.229701,100.877945
78.98374,14.359644,306.0703,306.4244,5.592069,6.154872,96.84196
77.7478,14.462119,305.11374,305.52783,5.5307393,6.108399,93.35166
76.51185,14.564596,304.15717,304.63123,5.4694104,6.0619264,88.735214
75.80343,14.594999,303.078,303.5096,5.4951115,6.086493,87.65322
75.095,14.625403,301.99884,302.38797,5.5208125,6.111059,87.00065
74.784004,14.631132,301.16046,301.47928,5.5218453,6.1183352,86.99706
74.47301,14.636861,300.32205,300.57056,5.5228786,6.1256113,86.77122
74.106186,14.654626,299.08057,299.36206,5.360408,5.9414907,78.21904
73.739365,14.672391,297.8391,298.15356,5.197937,5.757371,70.489395
73.8028,14.694361,293.15488,293.49356,5.0174146,5.549756,62.56793
73.86624,14.71633,288.47064,288.83356,4.836892,5.3421407,54.836075
74.694984,14.715854,281.8207,282.19662,5.2407393,5.815514,76.21182
75.52373,14.715379,275.17075,275.5597,5.644586,6.2888865,99.19451
78.1577,14.478235,269.47968,269.87985,5.916165,6.5105224,115.97669
80.79167,14.241089,263.7886,264.2,6.1877437,6.7321577,133.17386
82.32935,14.201085,258.74588,259.21588,6.2307143,6.806577,139.39049
83.86704,14.161082,253.70316,254.23177,6.2736864,6.880997,140.98853
84.98569,14.234835,255.931,256.40576,6.720047,7.440681,170.7403
86.10434,14.308587,258.15884,258.5797,7.166409,8.000365,203.28766
86.24111,14.477185,266.6079,267.03122,7.046303,7.95479,201.25142
86.377884,14.645782,275.05698,275.4827,6.9261975,7.9092145,198.84055
86.09398,14.663855,278.49878,278.96417,7.155188,8.237845,218.4517
85.81008,14.681926,281.94058,282.44568,7.3841786,8.566476,238.14944
86.19744,14.634767,282.66098,283.21436,7.6428995,8.881875,256.12283
86.58479,14.587605,283.3814,283.98303,7.9016204,9.197273,275.08563
86.15656,14.544775,287.33603,287.8929,8.08566,9.351808,284.10123
85.728325,14.501944,291.29065,291.80283,8.269699,9.506342,293.82904
85.29428,14.523653,292.30792,292.8732,8.153633,9.3464775,283.35956
84.86023,14.545363,293.32523,293.9435,8.037566,9.186614,272.41962
85.38136,14.447305,292.88297,293.42358,7.963761,9.049928,262.25943
85.9025,14.349247,292.44067,292.90363,7.889955,8.913242,252.34572
85.65116,14.3199005,293.5227,293.98163,7.7310524,8.713711,240.39995
85.399826,14.290555,294.6047,295.05966,7.5721507,8.51418,228.11005
85.71685,14.254485,293.60004,294.01413,7.400967,8.304448,215.98573
86.03388,14.218414,292.59543,292.9686,7.2297845,8.094717,204.40283
85.471924,14.256328,290.52185,290.86264,6.8581953,7.6603727,181.09679
84.90997,14.294241,288.4483,288.75665,6.4866066,7.2260294,158.22823
84.273735,14.339359,285.1684,285.48245,6.365381,7.091413,152.22061
83.63751,14.384478,281.8885,282.20822,6.2441554,6.9567966,145.67265
83.83849,14.396499,278.87225,279.24066,6.344671,7.0694194,151.90689
84.039474,14.408519,275.856,276.27307,6.4451857,7.182043,157.901
84.27438,14.437318,271.89825,272.36432,6.261837,6.9788465,146.63585
84.509285,14.466115,267.9405,268.4556,6.0784883,6.77565,134.45198
84.54474,14.559647,263.27203,263.88336,5.7948227,6.4969287,119.380646
84.580185,14.653178,258.60355,259.3111,5.511157,6.2182074,105.9305
84.58132,14.767151,252.45218,253.50267,5.2917075,6.0633817,97.24931
84.58246,14.881124,246.30083,247.69426,5.0722585,5.9085565,89.36474
84.472435,15.001373,240.54982,242.82353,4.9071484,5.955948,91.416245
84.36241,15.121623,234.79878,237.9528,4.7420382,6.0033393,93.62458
84.23049,15.254112,229.60442,233.77612,4.527988,6.0446367,96.05437
84.098564,15.3866,224.41003,229.59946,4.313938,6.085934,102.46373
84.32527,15.487928,216.94572,223.84929,3.9305563,5.8575187,90.88476
84.55198,15.589257,209.4814,218.09912,3.5471745,5.6291037,79.39636
84.42862,15.672721,200.68178,210.86603,3.5702865,5.7414145,84.0326
84.30527,15.756186,191.88214,203.63292,3.593398,5.853725,90.26039
83.58417,15.847228,185.66174,196.8507,3.9484136,6.332085,119.28765
82.863075,15.93827,179.44133,190.06844,4.303429,6.810445,145.4762
82.45236,15.984224,177.75386,185.37431,5.161476,7.8119864,205.1367
82.04164,16.030178,176.06638,180.68018,6.0195227,8.813528,275.28278
81.51299,16.088915,174.5337,179.70663,6.0626545,8.930068,281.7249
80.984344,16.147652,173.00104,178.73308,6.1057863,9.046606,288.0371
81.8135,16.190683,171.03076,176.91869,5.9153643,8.901967,281.69315
82.64265,16.233715,169.06047,175.10428,5.7249413,8.757328,275.10757
83.28053,16.253262,171.69766,178.02475,5.381046,8.429107,256.81638
83.91843,16.27281,174.33484,180.94522,5.0371504,8.100885,240.31952
83.310555,16.284275,183.65125,190.60542,5.4033628,8.441792,255.0313
82.70268,16.295738,192.96765,200.26562,5.769575,8.782696,269.94992
85.3999,15.609401,191.85246,195.77371,5.8767724,7.9473357,215.22368
88.09712,14.923062,190.73724,191.28178,5.983969,7.1119757,165.9704
89.23567,14.906554,182.23355,182.84131,6.5748158,7.8372316,208.8846
90.37423,14.890046,173.72986,174.40083,7.165663,8.562488,247.12808
90.07476,14.854397,167.27913,168.00697,7.7456765,9.22457,293.0742
89.77528,14.818749,160.82841,161.61311,8.32569,9.886654,338.51926
90.08593,14.975403,158.74286,160.07492,8.088327,9.847649,340.52533
90.39658,15.132056,156.6573,158.53676,7.8509645,9.808642,342.0868
90.947044,15.3095255,158.13916,161.40236,7.234592,9.315091,304.54553
91.497505,15.486993,159.62103,164.26796,6.6182194,8.821542,269.2902
92.27873,15.547103,168.94269,175.31367,5.610769,7.68436,185.29343
93.05996,15.607211,178.26436,186.3594,4.6033177,6.5471783,114.98665
93.71694,15.576492,187.42654,196.33032,3.878771,5.7361827,73.627594
94.37392,15.5457735,196.58875,206.30127,3.1542244,4.9251876,48.875042
94.75909,15.529343,196.34604,207.39041,2.8634179,4.5573683,39.19827
95.14426,15.512912,196.10329,208.47958,2.5726116,4.189548,30.494871
95.36577,15.51961,197.3209,209.47704,2.4982667,4.15047,29.910727
95.58728,15.526309,198.53851,210.47446,2.4239218,4.111391,29.51189
95.747314,15.532599,193.55348,207.85385,2.3382187,3.9598286,25.223595
95.90735,15.538889,188.56844,205.23322,2.2525156,3.8082664,21.85841
96.03849,15.537852,198.73087,213.95316,2.1707313,3.7884595,22.33392
96.16963,15.536815,208.89326,222.67311,2.088947,3.768653,24.90943
96.251434,15.534775,218.42676,230.63881,2.1973684,3.9441357,32.68476
96.33324,15.532736,227.96025,238.60454,2.3057897,4.1196184,41.75407
96.28234,15.551391,232.59045,242.49847,2.3616097,4.2655783,50.340954
96.231445,15.5700445,237.22067,246.39238,2.4174297,4.4115386,59.299107
96.10058,15.599092,241.41731,250.13512,2.5233262,4.5783653,66.69099
95.96971,15.628137,245.61395,253.87785,2.6292224,4.745192,75.50625
95.85802,15.665716,247.18639,256.64133,2.460526,4.585185,72.0395
95.746315,15.703295,248.75883,259.40482,2.2918296,4.425179,67.52687
95.664795,15.735726,246.06914,258.0016,2.270144,4.451852,67.95901
95.583275,15.768159,243.37943,256.5984,2.2484581,4.478524,67.973274
95.50655,15.801456,243.82732,256.40994,2.2222135,4.433002,67.292366
95.42983,15.834754,244.27524,256.2215,2.1959689,4.387479,66.68635
95.29672,15.886712,238.99875,252.24532,2.229211,4.532072,70.79965
95.16361,15.93867,233.72229,248.26915,2.2624533,4.676666,74.477295
94.95505,15.990794,229.68785,244.91653,2.4692442,4.996487,82.693436
94.74649,16.04292,225.65346,241.56393,2.676035,5.3163085,91.60743
94.73188,16.068222,234.9476,248.6255,3.1156454,5.9533916,117.6868
94.71726,16.093527,244.24176,255.68707,3.5552561,6.590475,150.41283
94.6473,16.100584,252.11768,263.39462,3.766873,6.730087,150.21742
94.57733,16.107643,259.9936,271.10217,3.9784899,6.8696985,148.09563
94.55422,16.061941,262.90918,274.39282,3.928774,6.686806,134.59834
94.53111,16.01624,265.82474,277.68344,3.8790584,6.503914,120.802666
94.45773,16.01488,264.92712,274.87857,4.1157646,6.888938,145.20236
94.38435,16.01352,264.02948,272.0737,4.3524714,7.2739615,172.86617
94.40215,16.015879,265.34927,272.39987,4.3864374,7.392171,185.69228
94.41995,16.018236,266.66907,272.72604,4.4204035,7.5103807,199.12694
94.34512,16.111069,268.34952,274.98468,3.584979,6.1340423,122.33656
94.270294,16.203901,270.02994,277.2433,2.7495546,4.7577033,62.60514
94.148636,16.195377,270.80765,278.3615,2.5957828,4.5885706,58.250465
94.02697,16.186853,271.58533,279.47974,2.4420109,4.4194384,53.917236
94.194695,16.159819,267.8074,277.66476,2.2485185,4.098212,41.206608
94.36243,16.132786,264.02954,275.8498,2.0550263,3.7769854,31.634794
94.47132,16.096323,261.58105,274.096,2.0657022,3.71058,28.930347
94.58023,16.059862,259.13254,272.34222,2.076378,3.644175,26.506008
94.71652,16.02362,251.46706,265.3242,2.2134762,3.6867926,28.377518
94.85282,15.987379,243.80159,258.30615,2.3505743,3.72941,30.163157
94.85598,15.952422,244.61977,256.38995,2.663627,4.174678,41.966095
94.85913,15.917463,245.43794,254.4738,2.9766793,4.6199455,54.80112
94.830925,15.911292,249.75543,258.8534,2.83232,4.505275,52.688854
94.802704,15.905121,254.0729,263.23297,2.6879606,4.390604,50.056423
94.78084,15.9172125,253.51198,264.1494,2.5398092,4.150562,41.424393
94.758965,15.929304,252.95107,265.06586,2.3916576,3.9105203,34.440395
94.664566,15.925849,244.62085,257.28748,2.457968,3.870431,34.273254
94.57017,15.922394,236.29062,249.50906,2.5242784,3.8303416,32.28656
94.326065,15.916629,235.36057,246.32884,2.5580208,3.9478445,36.563927
94.08197,15.910865,234.43051,243.1486,2.5917628,4.0653477,40.800632
93.74383,15.917945,230.47224,238.97762,2.5908775,4.105347,41.101818
93.405685,15.925025,226.51399,234.80663,2.589992,4.1453466,40.964462
92.914024,15.961253,224.75742,232.46475,2.7661738,4.483401,51.046978
92.42236,15.99748,223.00082,230.12288,2.9423552,4.821454,62.019966
92.13135,16.072096,218.0779,226.50728,2.8396533,4.790516,60.451233
91.840324,16.146708,213.15495,222.89166,2.7369509,4.7595773,59.084267
92.04951,16.209467,207.75816,218.04219,2.894459,5.0190973,65.8234
92.25869,16.272223,202.36139,213.1927,3.0519671,5.2786183,74.968666
92.352036,16.332066,197.90152,209.76405,3.2307882,5.5414925,84.13941
92.44538,16.391907,193.44165,206.33537,3.4096086,5.804366,96.30094
92.24739,16.450129,192.15065,204.56891,3.673613,6.1651826,116.0979
92.04939,16.508348,190.85963,202.80241,3.937617,6.5259986,137.59575
91.62258,16.566528,188.42271,199.94771,4.1094785,6.7715206,154.98634
91.19576,16.624708,185.9858,197.093,4.28134,7.017042,171.06389
90.83238,16.677708,186.12706,196.19612,4.4473786,7.313119,193.13188
90.469,16.730707,186.26833,195.29924,4.613417,7.609195,216.62067
90.08703,16.79366,185.57603,194.99771,4.596378,7.643615,221.34738
89.70506,16.856611,184.88374,194.69618,4.579339,7.678034,225.44989
89.76127,16.88663,180.57968,189.40443,4.804367,7.9704823,244.73923
89.81748,16.916647,176.27567,184.1127,5.0293946,8.26293,260.34628
90.275246,16.929535,172.72327,179.76918,5.0905657,8.38853,266.6207
90.73302,16.942423,169.17088,175.42564,5.151737,8.514131,274.36215
90.61622,16.975882,167.84142,173.99228,4.9884353,8.363913,267.94943
90.49942,17.009338,166.51193,172.5589,4.825134,8.213693,261.66882
90.348465,16.989748,172.79376,178.47066,4.677215,8.090972,261.07224
90.1975,16.970158,179.07559,184.3824,4.5292974,7.968251,260.8647
89.77891,16.978695,180.29077,186.64934,4.5749416,8.04346,265.20322
89.36032,16.987234,181.50594,188.91628,4.620586,8.118669,268.68503
88.216324,17.233906,187.31265,195.55635,4.8530245,8.368048,276.87976
87.072334,17.480577,193.11935,202.1964,5.0854635,8.617425,279.13663
87.718056,17.316738,200.00307,208.56317,5.3081484,8.7802725,293.42047
88.363785,17.152897,206.88678,214.92995,5.5308332,8.94312,306.64862
88.56744,17.150375,210.21608,217.933,5.745776,9.248158,329.22614
88.77109,17.147856,213.54536,220.93602,5.9607196,9.553196,351.31357
89.80378,16.809042,223.86224,229.4942,6.872381,10.100968,372.708
90.83648,16.470228,234.17915,238.05241,7.7840424,10.648741,393.72177
91.156235,16.456459,229.71779,233.71384,7.2414374,10.190146,372.76855
91.476,16.442692,225.25644,229.37527,6.6988335,9.731552,350.0963
91.45179,16.423775,227.17273,231.69794,6.88151,9.850756,352.85965
91.42759,16.40486,229.08904,234.0206,7.0641856,9.969958,355.42722
89.05763,16.346722,234.91516,238.58777,7.2001114,9.757301,345.0928
86.687675,16.288582,240.74127,243.15495,7.336037,9.544645,327.6051
86.447296,16.181492,239.39186,241.47382,7.4918585,9.63971,331.84302
86.206924,16.074402,238.04243,239.79268,7.64768,9.734776,336.4525
85.39236,16.054996,237.7062,239.32967,7.7432203,9.785868,338.8825
84.5778,16.035593,237.36996,238.86665,7.838761,9.83696,339.8438
84.92135,16.008247,236.28378,237.6135,7.896464,9.882733,342.4195
85.2649,15.980904,235.19759,236.36034,7.9541664,9.928507,345.5251
85.162704,15.980879,234.01721,235.22935,7.941197,9.892525,341.76733
85.0605,15.980856,232.83684,234.09836,7.9282274,9.856543,337.8628
85.34877,16.022667,230.36798,231.96628,7.5703406,9.589827,321.96707
85.63704,16.064478,227.89914,229.8342,7.212454,9.3231125,308.57986
85.54436,16.147802,224.22261,226.61426,7.045954,9.279281,306.88538
85.451675,16.231127,220.54607,223.3943,6.8794546,9.235448,304.9838
85.000336,16.330017,218.80406,222.10857,6.905415,9.468637,320.99307
84.54899,16.428907,217.06204,220.82285,6.9313745,9.701826,337.56918
84.32397,16.49622,219.0895,222.53061,7.208973,10.042456,360.73608
84.09893,16.56353,221.11697,224.2384,7.4865704,10.383086,384.5612
84.478745,16.580292,222.44278,225.83707,7.550562,10.537422,393.70267
84.85856,16.597054,223.76855,227.43571,7.6145525,10.691757,402.54428
85.271034,16.599117,221.51505,225.61227,7.391084,10.41777,384.41562
85.6835,16.601183,219.26154,223.78885,7.167615,10.143784,367.4131
85.32019,16.647251,217.15237,221.88184,6.822451,9.863724,353.88013
84.95689,16.69332,215.04323,219.97481,6.477288,9.583664,339.09955
83.99456,16.792505,212.53593,217.77303,6.3757243,9.572671,338.40646
83.032234,16.891693,210.02866,215.57124,6.274161,9.561677,338.3075
81.87412,16.966417,213.03784,221.72993,5.9369864,9.067438,296.0078
80.71601,17.041142,216.04704,227.88861,5.5998116,8.5732,251.53558
79.62796,17.076931,216.91695,228.77652,5.136825,8.078255,220.88512
78.53991,17.112722,217.78683,229.66443,4.673838,7.5833087,192.02898
79.034454,17.081055,217.70508,228.0684,4.935983,7.980638,224.14746
79.529,17.049387,217.62332,226.47237,5.198128,8.377968,257.8474
80.135605,17.005007,221.24846,229.61502,5.340789,8.492802,267.55826
80.74221,16.960625,224.87361,232.75766,5.4834495,8.607637,276.8284
80.89565,16.919344,230.66464,237.80672,5.5822673,8.718616,287.9039
81.0491,16.878061,236.45567,242.85574,5.6810856,8.829592,299.93253
79.410385,16.871798,237.43835,242.67693,6.7508364,10.0856495,386.40848
77.77166,16.865532,238.42105,242.49811,7.8205867,11.341706,457.5765
77.09073,16.732405,239.09586,242.74222,8.118039,11.504234,465.71332
76.409805,16.599277,239.77063,242.98631,8.41549,11.666762,473.81946
78.15354,16.43683,236.31755,238.9542,8.665872,11.587785,460.09802
79.89728,16.274384,232.86447,234.92206,8.916251,11.508808,448.60312
79.747345,16.106459,234.79582,236.56618,9.413504,11.8971615,463.45413
79.59741,15.938532,236.72716,238.2103,9.910755,12.285515,477.72058
80.297356,15.713405,238.41537,239.67532,10.350321,12.67077,490.62512
80.99731,15.488278,240.1036,241.14035,10.7898855,13.056024,503.14722
81.535164,15.332323,241.27484,242.24464,10.934984,13.141313,505.38873
82.07303,15.176368,242.44606,243.34894,11.080083,13.226602,506.87955
82.468956,15.105059,244.37871,245.18709,11.275016,13.449816,512.95984
82.86488,15.033749,246.31136,247.02525,11.46995,13.67303,518.20215
82.818,15.003845,245.19258,245.82399,11.402393,13.556655,514.9872
82.77112,14.973942,244.07379,244.62273,11.334838,13.440279,511.6039
82.45429,14.991054,242.87048,243.43367,11.502097,13.691866,519.62427
82.137474,15.008165,241.6672,242.24463,11.669355,13.943454,526.6971
81.663475,15.099018,243.50163,244.21254,11.761777,14.143596,531.93115
81.189476,15.189871,245.33607,246.18045,11.854199,14.343739,536.70416
80.94709,15.3218775,245.06232,245.81493,11.591143,14.089108,532.24554
80.704704,15.453884,244.78853,245.4494,11.328086,13.834477,527.5308
79.993256,15.632442,244.1808,245.0398,11.019268,13.563422,521.5732
79.28181,15.811002,243.57307,244.63022,10.710451,13.292367,516.0352
78.82854,15.928077,241.16153,242.56418,10.139828,12.66802,496.63486
78.37526,16.045153,238.74998,240.49815,9.569205,12.0436735,472.83408
78.196785,16.173283,234.28584,236.7338,9.285946,11.916858,468.96527
78.0183,16.301413,229.82167,232.96945,9.0026865,11.790042,465.32843
77.64307,16.42176,228.65921,232.38882,8.724151,11.695857,463.9094
77.26784,16.542107,227.49673,231.80818,8.445615,11.601674,463.02707
76.583664,16.66013,228.83022,233.75107,8.320645,11.629321,466.85794
75.89949,16.77815,230.16367,235.69395,8.195676,11.656968,470.2007
76.13559,16.812496,230.31436,236.49446,7.5824623,10.9687195,432.63144
76.37167,16.846838,230.46504,237.29498,6.9692497,10.280471,390.9756
76.81878,16.86148,231.80977,238.87038,6.615211,9.885945,364.70856
77.26588,16.876123,233.1545,240.44577,6.261172,9.49142,337.85107
77.390686,16.8612,234.91148,242.2814,6.147644,9.335341,326.29498
77.51551,16.84628,236.66847,244.11705,6.0341153,9.179264,314.39313
77.685585,16.806364,238.85605,245.70032,6.2629175,9.405294,331.62494
77.85566,16.766449,241.04366,247.28362,6.49172,9.631323,348.6256
77.762115,16.696558,241.57358,247.06866,6.869191,9.967855,371.60178
77.668564,16.626665,242.10349,246.85376,7.246662,10.304386,393.28342
78.294495,16.337473,243.84073,247.1649,8.34623,11.053473,428.16864
78.92041,16.048279,245.57796,247.47606,9.445797,11.80256,458.34583
80.76075,15.807007,247.52078,249.07378,9.228787,11.316429,427.97766
82.601074,15.565735,249.46358,250.67148,9.011779,10.830297,393.7637
85.10174,15.477966,248.37523,249.37921,8.422196,10.013046,341.73892
87.60239,15.390199,247.28688,248.08691,7.832613,9.195795,286.43646
90.64751,15.350414,245.12575,246.15315,7.190181,8.579371,230.85077
93.692635,15.310632,242.9646,244.21939,6.5477486,7.962949,166.64555
93.8516,15.438753,241.02951,242.36525,6.189751,7.662129,150.01404
94.01057,15.5668745,239.09438,240.51108,5.831754,7.3613095,135.61093
95.123245,15.564314,233.54285,235.52911,5.8152704,7.48551,139.57861
96.23593,15.561754,227.99132,230.54713,5.798787,7.60971,144.50996
95.48902,15.672488,229.37656,231.77467,6.2915726,8.199135,178.51476
94.74213,15.783223,230.76178,233.00221,6.784359,8.788559,221.58636
94.41098,15.855485,228.64641,230.91039,6.737333,8.908378,238.67635
94.079834,15.927745,226.53102,228.81859,6.690306,9.028196,258.26654
93.445175,16.024792,230.70142,232.79576,7.711784,10.223411,350.5476
92.810524,16.12184,234.87181,236.77295,8.733262,11.418625,418.6723
92.94752,16.125244,235.1857,237.1423,8.629196,11.393151,419.69376
93.0845,16.128649,235.49957,237.51166,8.525129,11.367677,420.93097
92.969696,16.163692,235.43805,237.8218,8.352237,11.235303,416.70636
92.85488,16.198734,235.37648,238.13191,8.179345,11.102928,412.25165
93.082405,16.19537,237.01123,239.93799,8.01909,10.925932,402.19543
93.30992,16.192003,238.64595,241.74406,7.8588343,10.748935,390.93826
93.17303,16.213518,239.16681,242.70541,7.986891,10.960507,403.2841
93.03614,16.235033,239.68765,243.66676,8.114948,11.172081,414.97128
92.37246,16.288666,239.6062,243.58,8.120631,11.219711,421.61603
91.708786,16.342299,239.52473,243.49323,8.126313,11.267343,426.59506
90.94689,16.391827,237.4715,241.43881,8.057308,11.260786,430.19293
90.185005,16.441353,235.41829,239.38443,7.9883037,11.254229,432.87436
89.53916,16.498652,234.81992,238.60599,8.190236,11.546163,447.3147
88.89332,16.55595,234.22156,237.82755,8.392167,11.838097,460.1766
88.61607,16.566559,233.4254,236.66219,8.728467,12.291226,477.75937
88.33884,16.57717,232.62926,235.49684,9.064768,12.744356,494.0801
87.534584,16.555216,231.96777,234.88934,9.097296,12.730277,494.41547
86.73034,16.53326,231.30627,234.28186,9.129825,12.716198,494.25873
87.70082,16.409822,231.39874,234.28462,9.146568,12.560625,485.9197
88.671295,16.286383,231.4912,234.28738,9.163312,12.405051,477.43857
90.35762,16.060732,232.83179,235.0991,9.569209,12.492378,472.6503
92.04394,15.83508,234.17238,235.91083,9.975106,12.579706,465.14478
91.50113,15.816666,237.94893,239.87596,9.626715,12.161177,450.58963
90.958305,15.798252,241.72548,243.84113,9.278323,11.742647,436.06726
90.66793,15.7620125,241.45706,243.43344,8.933014,11.21674,411.0917
90.377556,15.725773,241.18866,243.02576,8.587706,10.690831,381.1045
91.03814,15.606766,243.72581,245.49197,8.882884,10.92247,389.2267
91.698715,15.48776,246.26299,247.95819,9.178062,11.154109,395.16937
90.29022,15.540736,247.05565,248.6762,9.0208235,10.996974,394.6771
88.88173,15.593713,247.84833,249.39418,8.8635845,10.839837,391.8622
88.78392,15.597719,248.02795,249.47662,9.36485,11.497923,427.6739
88.68611,15.601725,248.20758,249.55904,9.866115,12.156009,458.9711
88.09896,15.599021,250.4788,251.78091,10.341608,12.717029,480.47977
87.5118,15.596317,252.75005,254.0028,10.817102,13.278048,498.55783
87.49618,15.609985,254.27974,255.53668,10.596001,13.023077,491.21655
87.48054,15.623654,255.80945,257.07056,10.3749,12.768105,483.0609
88.77205,15.543323,255.96512,257.1688,9.978556,12.160565,455.9378
90.06356,15.462989,256.12082,257.26706,9.5822115,11.553026,421.80215
89.952934,15.453134,259.06934,260.0415,9.879584,11.906327,438.37814
89.8423,15.443278,262.01788,262.81592,10.176957,12.259629,453.5519
90.1863,15.411452,264.75073,265.48727,10.480189,12.5862465,463.41205
90.530304,15.379625,267.48358,268.15866,10.783421,12.912865,473.20386
90.62014,15.367893,270.02112,270.7155,10.80132,12.923512,471.91205
90.70998,15.35616,272.55865,273.27237,10.819219,12.93416,470.4156
90.28531,15.34638,274.9098,275.56076,10.692963,12.77197,463.4698
89.860634,15.336598,277.26096,277.84915,10.566707,12.609781,456.6503
89.36178,15.368604,277.48428,278.13037,10.63268,12.661359,459.41785
88.86292,15.400607,277.7076,278.4116,10.698653,12.712937,461.89542
88.55984,15.384425,278.14944,278.87073,10.572154,12.522255,453.842
88.25676,15.368242,278.59128,279.32986,10.445654,12.331574,445.05887
88.05797,15.403934,278.7415,279.54364,10.267765,12.088625,433.4404
87.859184,15.439626,278.8917,279.7574,10.089876,11.845676,421.6502
87.7263,15.461536,278.93634,279.8118,10.162408,11.956659,427.4994
87.59342,15.483446,278.981,279.8662,10.234939,12.067641,433.32172
87.58521,15.472385,277.88644,278.68616,10.158408,11.95677,428.75568
87.577,15.461324,276.7919,277.5061,10.081879,11.845899,424.24826
87.309296,15.505817,277.7079,278.51535,10.123281,11.924935,428.09283
87.04159,15.55031,278.6238,279.5246,10.164682,12.003972,432.05713
86.42496,15.640154,279.72238,280.60617,9.964155,11.787167,423.7228
85.808334,15.729998,280.82095,281.68774,9.763627,11.570359,415.1813
86.00162,15.812736,279.6561,280.54138,9.660889,11.515863,414.2445
86.19489,15.895474,278.49118,279.39502,9.55815,11.461367,413.76886
86.322105,15.962905,279.4586,280.58923,9.117317,11.006297,392.81628
86.44932,16.030334,280.42603,281.78345,8.676483,10.551227,368.01874
86.49112,16.088253,285.05356,286.50784,7.801944,9.560583,303.2977
86.53291,16.146173,289.6811,291.23224,6.9274044,8.56994,235.26497
87.55174,16.117449,291.29364,293.13986,5.9384365,7.3523827,159.6972
88.57056,16.088726,292.90622,295.04742,4.9494686,6.134826,94.704834
88.940025,16.055878,296.4765,298.77966,4.2416563,5.2046313,55.590164
89.309494,16.023031,300.0468,302.51187,3.533844,4.2744374,30.395834
89.477036,16.01415,299.98712,303.38687,3.0819476,3.7197027,16.620846
89.64457,16.005274,299.92743,304.26187,2.6300507,3.1649683,5.7177143
89.90968,16.00382,301.5257,307.7278,2.3110635,2.7905478,0.6400086
90.1748,16.00237,303.12393,311.1938,1.9920762,2.416127,-3.4402847
90.45028,15.98476,287.45312,292.77225,1.7770443,2.095271,-6.409645
90.72575,15.96715,271.78232,274.35068,1.5620123,1.7744153,-7.1081023
91.11956,15.929666,262.20987,263.97482,1.5838522,1.7735829,-6.453924
91.51336,15.892182,252.63737,253.59892,1.6056921,1.7727506,-6.212426
91.76073,15.850348,240.89456,241.01709,1.2856145,1.4124317,-9.254487
92.00809,15.808516,229.15176,228.43526,0.9655369,1.0521127,-14.882343
91.988914,15.778037,209.40419,208.61786,1.2756357,1.3764741,-16.411242
91.96974,15.747559,189.65662,188.80048,1.5857344,1.7008356,-16.599207
91.84466,15.729051,177.789,177.39682,1.9424899,2.09374,-14.87721
91.71959,15.710541,165.92139,165.99316,2.2992454,2.4866445,-12.779859
90.731964,16.035349,157.67569,161.51175,2.7970228,3.4836164,7.8263016
89.74435,16.360155,149.43,157.03033,3.2948008,4.4805884,39.893295
89.3019,16.460018,146.39088,154.03413,3.6963885,5.1356087,63.402973
88.85945,16.55988,143.35176,151.03792,4.0979767,5.7906294,91.37332
88.53944,16.626047,141.5541,148.94362,4.325319,6.206174,114.353935
88.21942,16.692217,139.75642,146.84933,4.552661,6.621719,136.90175
87.4375,16.763933,137.26572,144.2421,4.909523,7.1197066,164.18976
86.65559,16.83565,134.77501,141.63486,5.2663856,7.6176944,191.53195
87.338005,16.829945,133.11336,138.99477,5.93784,8.299833,237.21681
88.020424,16.82424,131.45169,136.35469,6.6092944,8.981974,287.6456
89.75536,16.727392,135.44315,139.12584,6.78414,9.024946,295.75705
91.49031,16.630545,139.43459,141.89702,6.958986,9.067919,294.52545
91.61472,16.520443,138.24628,140.24127,7.222489,9.198501,303.63907
91.739136,16.41034,137.05797,138.58553,7.485991,9.329083,311.60437
91.84806,16.20609,138.64844,139.91277,8.201313,9.958211,352.0131
91.95697,16.00184,140.23894,141.23999,8.916635,10.5873375,386.472
90.57053,15.625972,135.64607,136.07732,9.08585,10.600469,384.15878
89.1841,15.250102,131.05322,130.91464,9.255064,10.613599,376.40765
88.87648,14.995214,113.91463,114.099335,9.177551,10.467366,349.73492
88.56888,14.740326,96.776024,97.284035,9.100039,10.321135,320.49738
89.34464,15.246308,95.33789,96.14512,10.097627,11.88707,405.08075
90.120415,15.752289,93.89976,95.00621,11.095215,13.453005,473.74426
91.704,15.85061,95.86576,97.417946,11.000366,13.396682,471.00394
93.28759,15.948931,97.83176,99.82969,10.905517,13.340358,468.66293
93.55175,16.042442,108.98501,111.91158,10.16779,12.5265665,449.5802
93.8159,16.135952,120.13826,123.99348,9.430064,11.712776,428.93005
93.91831,16.188747,135.85396,140.0331,8.223258,10.198358,356.84302
94.02071,16.24154,151.56966,156.07272,7.0164514,8.683939,245.27426
93.04334,16.29647,164.19691,169.01297,6.3664002,7.853873,192.74832
92.06597,16.351404,176.82417,181.95323,5.716349,7.023806,142.35704
91.5418,16.351461,181.43013,186.85237,5.2232065,6.5055065,119.86979
91.01764,16.351519,186.03607,191.7515,4.730064,5.9872074,95.72315
90.749825,16.296707,190.15152,194.91455,4.4296412,5.5350547,75.44514
90.481995,16.241896,194.26694,198.0776,4.1292186,5.0829024,57.573364
90.446365,16.199842,172.82748,174.02583,3.9992957,4.7986903,50.98674
90.410736,16.15779,151.38802,149.97408,3.8693728,4.5144777,35.277172
90.15197,16.162745,138.22134,127.66941,4.7814403,5.6747203,83.67211
89.8932,16.167698,125.05468,105.36475,5.693508,6.834963,169.19649
89.67392,16.227219,84.76916,75.50432,6.6681094,8.16641,236.1148
89.45464,16.28674,44.48364,45.643875,7.6427116,9.497859,311.48
89.514114,16.249647,30.583445,31.722921,9.090053,11.26468,410.0204
89.57358,16.212555,16.683252,17.801964,10.537394,13.031501,463.7422
89.21387,16.206934,15.313451,11.437084,11.258277,13.929932,495.5056
88.85416,16.201315,13.943649,5.0722055,11.979161,14.828363,521.9463
87.31288,16.274847,97.279724,78.53329,12.760943,15.9127,564.3383
85.771614,16.34838,180.61578,151.99437,13.5427265,16.997038,583.6978
86.380196,16.2921,179.29572,165.64749,14.207018,17.870785,583.48816
86.988785,16.235825,177.97566,179.3006,14.871307,18.744532,582.8213
89.251976,15.92048,217.483,209.01627,14.81912,18.802937,586.7091
91.51516,15.605136,256.99036,238.73189,14.766934,18.861343,588.4455
90.97553,15.525491,271.4623,238.11679,14.75183,18.790121,592.02
90.4359,15.445846,285.93427,237.50168,14.736727,18.718903,594.6027
89.24272,15.420695,315.1409,291.681,14.579376,18.480743,588.8474
88.049545,15.395546,344.34753,345.86038,14.422027,18.242584,574.68097
86.741844,15.309483,348.75897,335.12668,13.969705,17.586926,578.8237
85.43414,15.223419,353.1704,324.393,13.517383,16.931269,582.11945
85.19182,15.309179,353.85522,335.04825,12.906238,16.134096,569.52325
84.9495,15.394938,354.54007,345.7035,12.295094,15.336926,548.9699
86.050964,15.333067,351.5413,347.59644,12.076558,15.05104,535.0765
87.152435,15.271196,348.54254,349.4894,11.858024,14.765152,517.057
83.83842,15.448675,347.58038,348.56906,11.521802,14.394443,519.45953
80.52441,15.626153,346.6182,347.64874,11.185579,14.023733,517.33594
80.00523,15.636149,344.8075,346.02933,10.946046,13.698423,509.064
79.48606,15.646146,342.99683,344.40988,10.706512,13.373114,499.74133
80.03947,15.603667,340.4653,341.90448,10.371633,12.908085,484.43475
80.59287,15.561188,337.9338,339.39908,10.036752,12.443057,465.46274
80.78834,15.545452,333.91162,335.4367,9.865177,12.19629,454.98767
80.983795,15.529717,329.8894,331.47433,9.693601,11.949523,443.95743
81.77391,15.446109,328.69577,330.1814,9.693778,11.889172,439.2147
82.564026,15.362502,327.50214,328.8885,9.693954,11.82882,434.28516
82.18419,15.421168,326.8259,328.17746,9.104311,11.161605,403.4329
81.804344,15.479835,326.14966,327.4664,8.5146675,10.49439,367.91006
81.667755,15.53671,322.0408,323.80527,7.9862676,9.958374,336.0669
81.53117,15.593584,317.932,320.14413,7.457868,9.422359,300.9936
82.49377,15.589966,314.9439,317.3057,7.375298,9.337822,292.54388
83.45636,15.586348,311.9558,314.46722,7.2927284,9.253284,285.44553
84.20706,15.588425,309.08566,311.7979,7.2017913,9.170058,279.5772
84.957756,15.590501,306.2155,309.12857,7.110854,9.086832,272.59473
85.37935,15.572013,305.5285,308.67368,7.1394744,9.151964,275.30856
85.80093,15.553524,304.84146,308.21878,7.1680946,9.217096,277.88855
86.02648,15.58452,306.2962,309.52472,7.0918784,9.201013,277.47964
86.25204,15.615516,307.75095,310.8307,7.015663,9.18493,276.92316
86.49715,15.60122,309.11234,312.0498,7.1367865,9.316295,283.3244
86.74226,15.586925,310.4737,313.26895,7.257909,9.447659,289.61862
86.74055,15.6276045,311.59378,314.5577,7.1956725,9.456996,291.4228
86.73884,15.668284,312.71387,315.84644,7.1334357,9.466334,293.3681
87.800125,15.63985,314.7654,317.92813,7.133064,9.431883,277.94324
88.86141,15.611417,316.81693,320.00983,7.1326933,9.397431,263.70645
89.53501,15.592402,318.77298,321.7803,7.100201,9.302053,249.46735
90.20861,15.573389,320.72903,323.55075,7.067708,9.206675,235.64851
90.75407,15.518936,320.8306,323.482,6.9339547,8.99354,217.90486
91.29951,15.464484,320.9322,323.4132,6.8002005,8.780404,202.68983
90.31285,15.458477,320.3455,322.65698,6.8743377,8.806924,209.3679
89.32619,15.45247,319.75876,321.90076,6.948475,8.833443,217.93388
89.224174,15.44654,318.10657,320.48566,6.7528377,8.6317425,207.91237
89.12216,15.440609,316.45438,319.07053,6.5571995,8.430044,198.6314
88.95288,15.50158,315.90286,317.63242,7.31673,8.942057,225.7815
88.78361,15.5625515,315.35135,316.19424,8.07626,9.454068,259.07602
89.39228,15.524176,315.68015,316.49408,8.143412,9.511338,258.19858
90.00096,15.4858,316.0089,316.7939,8.210564,9.568608,257.53445
89.65162,15.481862,317.87738,318.5769,8.375502,9.76495,272.11053
89.302284,15.477925,319.74585,320.35992,8.540441,9.96129,286.84393
87.65439,15.543884,318.7573,319.33755,8.711813,10.182524,310.2621
86.0065,15.609843,317.7687,318.3152,8.883185,10.403758,335.72052
87.39371,15.489091,317.79327,318.36688,8.916803,10.413812,326.33167
88.78091,15.3683405,317.8178,318.41855,8.950422,10.423865,320.8952
89.02077,15.358522,320.64798,321.42535,8.917107,10.40529,316.829
89.260635,15.348703,323.47815,324.43216,8.883792,10.386714,312.4909
88.495056,15.38393,325.11688,325.92215,8.680383,10.1070595,298.56277
87.72949,15.419156,326.75558,327.41214,8.4769745,9.827404,285.98932
87.87541,15.395154,328.12256,328.85132,8.391791,9.730953,278.2588
88.02134,15.371151,329.4896,330.2905,8.306607,9.634501,270.11
87.98105,15.381441,331.14505,331.91245,8.157902,9.4453945,257.4028
87.94075,15.39173,332.8005,333.5344,8.009195,9.256288,245.0749
87.905075,15.405406,334.20523,334.9228,7.790651,9.010546,229.99754
87.86939,15.419081,335.61,336.3112,7.5721064,8.764805,215.89212
87.19176,15.444658,335.68295,336.34546,7.3819575,8.498979,207.11682
86.514114,15.470235,335.7559,336.37976,7.191808,8.233152,195.75966
86.186195,15.479724,334.5954,335.23447,7.098587,8.129975,191.71434
85.858284,15.489211,333.4349,334.0892,7.0053654,8.026798,187.08105
85.0391,15.53174,333.3429,334.00638,6.8817286,7.890036,180.95253
84.21991,15.57427,333.25085,333.92358,6.7580914,7.7532735,173.44385
84.64395,15.563648,333.5308,334.20013,6.759746,7.7526736,172.77766
85.06799,15.553026,333.81073,334.47668,6.7614017,7.7520742,172.25012
85.34161,15.520825,335.16507,335.78998,6.7853155,7.756711,172.0635
85.615234,15.488624,336.51938,337.10324,6.8092303,7.761348,171.58437
85.74668,15.441003,336.17014,336.6997,6.759798,7.6876416,166.84755
85.87812,15.393382,335.8209,336.29617,6.7103653,7.613935,162.09468
85.14554,15.42871,337.56213,337.92593,6.412674,7.2823057,144.93471
84.41295,15.464037,339.30338,339.55573,6.114982,6.9506764,127.95171
83.44082,15.496196,339.3866,339.74872,5.8575277,6.647734,113.109146
82.46868,15.528355,339.46985,339.94174,5.6000733,6.344792,99.32803
81.38041,15.545794,339.47064,339.8784,5.279619,5.9654875,83.58467
80.29213,15.563233,339.4714,339.815,4.959166,5.586183,69.649635
79.97508,15.575997,341.76874,342.08148,4.4974055,5.0506473,53.445477
79.658035,15.588762,344.06604,344.34793,4.035645,4.5151114,41.678913
79.67868,15.589108,344.74002,345.0916,3.6558187,4.0640554,34.01723
79.699326,15.589454,345.414,345.8353,3.2759924,3.6129992,28.56874
79.59647,15.564583,340.2406,340.7424,2.7394693,2.9870162,19.285702
79.493614,15.539714,335.06723,335.6495,2.202946,2.3610334,11.083352
79.63256,15.499433,326.40463,326.7353,1.8037646,1.914836,4.419456
79.7715,15.45915,317.74203,317.82108,1.404583,1.4686387,-2.785007
79.9075,15.410733,285.4766,285.26135,1.0671589,1.1105353,-3.826826
80.04351,15.362315,253.21115,252.70161,0.7297349,0.7524315,1.8746827
81.69759,14.916032,173.1032,172.93404,1.0445694,1.091032,-6.249113
83.35168,14.469747,92.995224,93.16646,1.3594038,1.4296324,-11.1519165
83.25972,14.506155,104.27754,104.46969,1.7775428,1.8869146,-8.414552
83.16775,14.5425625,115.55985,115.77291,2.1956816,2.3441968,-7.0450106
82.95391,14.582211,118.839294,119.09247,2.568372,2.7533193,-5.4460926
82.74007,14.6218605,122.11875,122.412025,2.9410622,3.1624417,-1.5430005
83.1331,14.632946,123.30131,123.66774,3.3651876,3.6388156,3.2687569
83.52614,14.644033,124.48386,124.92345,3.789313,4.1151896,14.9272
84.37089,14.638192,120.33973,120.87413,4.205935,4.610854,29.895224
85.21564,14.632352,116.19559,116.824814,4.622557,5.1065183,47.051785
86.21676,14.624869,116.71061,117.380325,4.9964952,5.6532826,72.8695
87.21789,14.617388,117.22564,117.93583,5.370433,6.200046,105.92904
88.27886,14.594023,125.48604,126.208954,5.8563824,6.764196,149.84862
89.33984,14.570659,133.74643,134.48209,6.3423314,7.3283453,186.664
89.297066,14.629364,148.45215,149.2069,5.93784,6.7975693,151.2917
89.25429,14.688069,163.15787,163.93169,5.533349,6.2667933,115.85289
88.303,14.73756,177.08578,177.75706,5.658338,6.392306,122.21785
87.35172,14.787052,191.0137,191.58244,5.783327,6.5178185,130.06357
86.32091,14.698011,213.20914,213.45346,5.124354,5.712532,82.05277
85.2901,14.608972,235.40457,235.3245,4.46538,4.907245,50.92774
84.21997,14.577473,230.2279,230.0739,3.8852236,4.223914,28.772676
83.14985,14.545974,225.05122,224.82332,3.3050668,3.5405831,7.3191075
82.30163,14.507067,210.70036,210.59149,2.9536867,3.1506405,2.6402702
81.45341,14.468161,196.3495,196.35968,2.6023068,2.7606976,-0.3247255
80.960495,14.403015,171.15175,171.24008,2.6618595,2.8187747,-2.5254316
80.467575,14.337871,145.95398,146.12048,2.7214117,2.876852,-7.8277307
80.360214,14.282142,133.53825,133.7761,2.8936381,3.0694132,-4.619174
80.25285,14.226414,121.12253,121.4317,3.0658643,3.2619743,-0.3212911
79.838745,14.263033,114.84531,115.05798,3.4649992,3.7133455,6.792903
79.42464,14.299652,108.568085,108.684265,3.864134,4.1647167,14.7914295
79.21148,14.35198,103.830055,104.186584,4.105402,4.453447,21.224197
78.998314,14.404307,99.09202,99.688896,4.3466697,4.742177,27.009094
78.476685,14.430023,96.56987,97.0614,4.5218606,4.917659,31.09183
77.95506,14.455739,94.047714,94.43391,4.697051,5.093141,35.091805
79.01725,14.378711,85.99222,86.25843,4.4820905,4.8346424,26.627562
80.07944,14.301681,77.93673,78.08295,4.267129,4.5761437,14.258063
80.79842,14.274092,64.26484,64.33723,4.3743706,4.695329,13.620051
81.5174,14.246504,50.59294,50.591507,4.4816117,4.814515,21.861002
81.498,14.283381,43.532425,43.548817,4.735779,5.1082654,34.55182
81.4786,14.320258,36.47191,36.506123,4.989946,5.4020157,46.505
81.48317,14.35465,31.277962,31.266727,5.2276683,5.6812353,59.8747
81.48774,14.389042,26.084017,26.02733,5.4653907,5.960454,76.84404
81.11852,14.435598,26.125065,26.068659,5.534563,6.057963,81.44264
80.7493,14.482155,26.166115,26.10999,5.6037354,6.155471,85.86668
80.19353,14.541179,56.78316,56.74483,5.509277,6.0671215,65.15577
79.63775,14.600203,87.40021,87.379684,5.4148183,5.978772,60.59154
79.24052,14.649814,110.40808,115.381645,5.2366366,5.78311,62.55335
78.843285,14.699426,133.41597,143.3836,5.0584545,5.5874476,65.301796
81.0546,14.316883,172.51503,177.5247,3.6402652,3.9410048,15.085745
83.26592,13.93434,211.61407,211.66579,2.2220755,2.294562,-3.070181
81.888306,13.967241,150.87085,151.26294,2.5161388,2.6007936,-8.337057
80.51069,14.000142,90.12758,90.860085,2.810202,2.907025,-0.748098
79.63439,14.033758,60.777626,56.386677,3.5285282,3.703256,1.2399894
78.7581,14.067372,31.427664,21.91326,4.246855,4.499487,43.348515
78.34751,14.100201,190.20824,185.63667,4.9905667,5.356848,64.32073
77.93693,14.13303,348.98883,349.36008,5.734279,6.2142096,118.2716
81.40247,14.054473,346.888,347.38315,7.275238,8.089362,214.23451
84.86802,13.975915,344.78714,345.40625,8.816197,9.964515,308.42963
87.287506,13.795427,347.80704,348.5482,11.304272,13.329967,466.09756
89.70699,13.61494,350.82697,351.69016,13.792346,16.69542,553.04816
88.64632,13.579282,347.76013,348.45746,14.291421,17.320038,563.01385
87.58563,13.543623,344.69333,345.22476,14.790497,17.944656,571.1365
86.04843,13.578776,345.19223,345.81522,14.759885,17.92836,571.55225
84.51123,13.613929,345.6911,346.4057,14.729275,17.912064,571.8598
82.852905,13.765234,348.6167,349.3082,14.249422,17.292215,564.82654
81.19459,13.916537,351.5423,352.2107,13.769568,16.672365,556.7503
79.939835,14.038598,349.19263,349.85577,13.229829,15.946886,547.6046
78.685074,14.160659,346.843,347.50082,12.690089,15.221406,536.16266
80.36932,14.023218,345.05032,345.64807,12.555069,14.934456,527.6555
82.05357,13.885779,343.2577,343.7953,12.420049,14.647508,517.09735
82.48945,13.854649,342.77124,343.4115,12.198328,14.365494,509.26483
82.925316,13.823518,342.28482,343.02774,11.976606,14.083481,500.90164
80.73226,14.004456,337.94955,338.70404,11.781042,13.87189,500.73703
78.5392,14.185394,333.61432,334.38034,11.585478,13.660299,498.6526
76.17229,14.370112,332.27036,332.97827,11.8400345,14.095211,513.8545
73.80538,14.554831,330.9264,331.57617,12.09459,14.530123,523.4064
77.827805,14.244965,334.54025,335.08917,12.366177,14.747082,528.39777
81.85023,13.9351,338.15408,338.60217,12.637764,14.96404,526.4337
79.57468,14.106165,337.90933,338.48,11.973184,14.1736555,511.99878
77.299126,14.277229,337.66458,338.35782,11.308604,13.383271,492.57117
74.60603,14.445229,336.0417,336.72668,11.495121,13.702187,501.42886
71.91294,14.613227,334.41876,335.0956,11.681639,14.021101,507.39044
71.12153,14.74166,334.46524,335.22458,11.530207,13.903124,504.79773
70.33011,14.870094,334.5117,335.35358,11.378776,13.785146,501.99973
72.06848,14.764319,335.29745,336.03796,11.510426,13.877933,505.0176
73.80686,14.6585455,336.08325,336.72238,11.6420765,13.970719,509.51126
75.29377,14.529528,338.37057,338.90344,11.42263,13.62526,500.84683
76.780685,14.400509,340.6579,341.08456,11.203183,13.279802,490.5457
75.98967,14.50699,340.55957,341.03683,10.519108,12.444631,461.9792
75.198654,14.613471,340.46124,340.98914,9.835032,11.609459,427.8229
73.9633,14.680243,338.1401,338.71127,9.688174,11.4148655,417.0109
72.72794,14.747012,335.81897,336.43344,9.541317,11.220272,403.3357
72.54883,14.7481,335.31915,335.92163,9.415166,11.064042,394.7643
72.36971,14.7491865,334.81937,335.40982,9.289013,10.907812,385.92172
72.04296,14.806236,332.63654,333.21854,9.146349,10.763897,377.65405
71.7162,14.863285,330.45364,331.02725,9.003684,10.619982,369.64853
71.85863,14.81585,326.50613,326.9937,9.974157,11.6682005,420.0268
72.00105,14.768416,322.55862,322.9602,10.944632,12.71642,461.97748
71.30333,14.78976,323.1256,323.54028,11.012973,12.822128,466.35257
70.605606,14.811103,323.6926,324.12036,11.081313,12.927837,469.7532
70.794586,14.761527,323.79565,324.19244,11.026132,12.831948,465.76517
70.983574,14.711951,323.89874,324.26453,10.97095,12.736059,461.55322
70.86489,14.680993,323.9678,324.34674,10.860871,12.581701,455.0118
70.74621,14.650035,324.03687,324.429,10.7507925,12.427344,448.2537
70.39699,14.656486,323.49445,323.89032,10.584952,12.207048,438.80676
70.047775,14.662936,322.95206,323.35165,10.419111,11.9867525,428.75705
70.217606,14.66572,321.66028,322.04996,10.25007,11.768011,419.10272
70.387436,14.668506,320.36853,320.7483,10.081028,11.549271,408.66165
69.95174,14.7502165,319.48395,319.92285,9.912879,11.35273,399.3514
69.51604,14.83193,318.59933,319.0974,9.74473,11.156187,389.6103
69.50685,14.856067,316.91647,317.4619,9.525344,10.8770485,374.5025
69.497665,14.880205,315.23358,315.82642,9.305959,10.59791,358.58423
69.94753,14.874895,312.36145,313.0114,9.123369,10.333546,340.8442
70.39739,14.869585,309.48932,310.1964,8.94078,10.069181,321.8209
71.36573,14.783833,305.5254,306.10596,8.653894,9.68508,292.52777
72.33406,14.698079,301.56143,302.01547,8.367009,9.300977,263.89734
72.98651,14.707437,296.7795,297.15015,8.215684,9.127208,251.1916
73.63897,14.716793,291.99762,292.28482,8.064359,8.953439,237.99707
74.84351,14.716429,287.66772,287.9401,8.092242,8.994919,240.70862
76.04806,14.716064,283.33783,283.59537,8.120127,9.036399,246.68211
76.86033,14.752892,284.49338,284.77414,8.1308365,9.039021,248.97586
77.67259,14.789717,285.6489,285.95288,8.141546,9.041641,251.42859
79.833115,14.715746,285.7132,285.90573,8.015842,8.914447,251.2578
81.99364,14.641775,285.77747,285.85855,7.890138,8.787252,245.85202
81.02869,14.783114,283.94562,284.1211,7.845542,8.784507,246.93022
80.063736,14.924452,282.1137,282.3836,7.8009467,8.78176,247.12924
78.84417,15.030668,280.339,280.74023,7.452804,8.423902,223.96237
77.62461,15.136886,278.5642,279.09686,7.104662,8.066043,198.7959
78.03241,15.2164545,274.38995,275.08255,6.798262,7.750797,180.32343
78.4402,15.296023,270.21567,271.06824,6.4918623,7.4355507,161.22069
78.74498,15.354838,265.6855,266.86356,6.2187724,7.150664,142.61899
79.04975,15.413652,261.1553,262.65884,5.9456825,6.865778,126.60152
78.92341,15.506155,258.1491,260.1982,5.859437,6.8900514,126.49873
78.797066,15.598657,255.14293,257.73758,5.7731915,6.914325,126.91256
78.71449,15.685318,256.13004,258.965,5.9357142,7.334899,153.12134
78.63192,15.771979,257.11713,260.19244,6.098237,7.7554727,184.80511
78.79688,15.838861,261.84418,265.19006,6.478471,8.333207,229.92384
78.96186,15.9057455,266.5712,270.18762,6.8587046,8.91094,275.73248
78.28229,15.9503,272.91968,275.75574,7.5700808,9.657626,329.22787
77.60272,15.994857,279.2682,281.32385,8.281457,10.404312,374.25958
78.43699,15.828027,280.89297,282.49792,8.803658,10.861657,400.45618
79.271255,15.661197,282.5178,283.67197,9.325858,11.319001,421.94815
79.94548,15.537726,280.7831,281.78134,9.396583,11.271259,415.93008
80.619705,15.414255,279.0485,279.8907,9.467306,11.223516,409.19785
81.20673,15.153961,277.99472,278.88095,9.770621,11.6867695,433.29596
81.79376,14.893666,276.94098,277.87122,10.073937,12.150021,455.16928
82.134636,14.756294,277.41846,278.361,10.229901,12.2813,459.24142
82.47551,14.61892,277.89594,278.85077,10.385866,12.412578,463.01898
82.6613,14.568443,277.14197,278.16336,10.29581,12.2700815,455.88666
82.84709,14.517964,276.38797,277.47595,10.205754,12.127586,448.48355
83.54784,14.44051,276.63513,277.61307,10.235791,12.106772,444.72562
84.24857,14.363053,276.8823,277.75018,10.265827,12.0859585,440.36707
84.541565,14.3531885,278.3376,279.12457,10.238126,12.030101,435.8863
84.83455,14.343323,279.79288,280.49893,10.210426,11.974242,431.72855
84.77418,14.292247,281.16043,282.10477,10.287205,12.080319,435.60583
84.71382,14.241171,282.52798,283.71063,10.363984,12.186398,439.33508
83.519005,14.205609,285.76276,286.70776,10.46687,12.277753,445.63535
82.324196,14.170048,288.99753,289.70486,10.5697565,12.36911,450.79688
81.19223,14.127455,290.92108,291.49942,10.598179,12.377821,452.0372
80.06026,14.084863,292.84467,293.29398,10.626601,12.386532,452.73523
79.33083,14.0507145,292.66638,293.07346,10.645262,12.378188,452.41183
78.6014,14.016564,292.4881,292.85294,10.663922,12.369844,452.52258
78.27918,13.956229,292.1457,292.5127,10.50801,12.129034,439.9475
77.95696,13.895894,291.80328,292.17252,10.352097,11.888224,426.748
78.14445,13.852288,291.24167,291.5763,10.200267,11.66496,413.44107
78.331924,13.8086815,290.68008,290.9801,10.048437,11.441696,399.4007
77.914734,13.845706,289.04285,289.3661,9.9326315,11.312132,393.01822
77.49754,13.882731,287.40558,287.75204,9.816827,11.182568,386.81595
76.06936,13.969007,287.9161,288.2012,9.778502,11.172415,390.58487
74.64116,14.055282,288.42664,288.6504,9.740177,11.162262,393.8911
73.599205,14.133297,290.41156,290.6217,9.271988,10.590284,361.00842
72.55725,14.211314,292.39648,292.593,8.803799,10.018307,322.63577
72.36935,14.254272,294.2764,294.47412,8.323903,9.448156,282.61163
72.18144,14.297232,296.1563,296.35526,7.8440056,8.878008,246.19736
71.94774,14.339083,296.66803,297.02,7.0833874,7.9954205,190.7755
71.714035,14.380934,297.17975,297.6847,6.3227687,7.1128335,137.223
71.486626,14.472912,293.0168,293.92743,5.777071,6.5347977,104.47437
71.25922,14.564891,288.8539,290.1702,5.2313724,5.9567623,75.46753
71.22628,14.646602,285.74634,287.49622,4.797403,5.4684076,54.01219
71.19334,14.7283125,282.6388,284.82224,4.363433,4.9800534,35.84459
71.20572,14.777837,276.24133,278.99924,3.9259808,4.466978,24.656305
71.21809,14.827363,269.8439,273.17624,3.4885287,3.9539025,16.619083
71.83,14.855964,260.46835,263.3114,3.8661084,4.365238,22.232206
72.441925,14.884565,251.09282,253.44656,4.243688,4.776574,30.858736
73.25181,14.907464,246.93138,249.12608,4.6678777,5.3298244,50.657608
74.06169,14.930363,242.76996,244.8056,5.0920663,5.8830743,74.929886
74.53482,14.9687395,243.69745,245.7906,5.4087877,6.3915825,99.843285
75.00795,15.007117,244.62494,246.7756,5.7255096,6.900091,125.74481
75.2635,15.059106,245.6661,247.86577,5.803908,7.1656423,142.16275
75.51905,15.111094,246.7073,248.95596,5.882306,7.431193,160.65436
75.98629,15.157829,247.06506,249.35814,6.170759,7.9035273,195.27928
76.45353,15.204562,247.4228,249.76031,6.4592133,8.37586,233.91562
76.730675,15.148796,242.83342,244.79726,6.6213784,8.209265,213.26688
77.00782,15.093028,238.24405,239.8342,6.783544,8.04267,195.35219
78.26074,15.215678,248.3418,250.25769,7.1028366,8.503451,230.31207
79.51367,15.338328,258.4395,260.68118,7.4221296,8.964232,269.03568
78.050156,15.388115,270.3299,272.36475,7.6977663,9.21078,282.92343
76.58664,15.437901,282.22028,284.04834,7.9734025,9.457328,289.90057
76.42609,15.382891,286.6753,288.2354,8.106832,9.558961,294.57706
76.265526,15.327881,291.13034,292.4225,8.240261,9.660594,299.17828
76.50721,15.254763,292.7585,293.83862,8.410723,9.782699,306.15497
76.748886,15.1816435,294.3867,295.25476,8.581185,9.904805,313.37006
76.90136,15.086786,294.72235,295.65378,8.508027,9.769423,303.26993
77.05384,14.991927,295.058,296.0528,8.434868,9.634042,293.2844
77.475624,14.912961,294.83087,295.6394,8.40191,9.533984,286.78354
77.8974,14.833995,294.60373,295.226,8.368951,9.433925,279.62616
78.27719,14.764057,294.46918,295.00974,8.389559,9.423026,278.71844
78.656975,14.694119,294.33463,294.7935,8.410166,9.412126,278.1008
78.4825,14.63177,295.10892,295.59497,8.291715,9.243109,265.38083
78.30801,14.569422,295.8832,296.39648,8.173264,9.074092,252.78983
77.7894,14.537799,296.4261,296.85925,7.916884,8.756201,231.42055
77.27078,14.506179,296.96893,297.322,7.6605043,8.43831,210.01556
77.10649,14.492216,296.85358,297.16763,7.406039,8.13945,191.99596
76.94219,14.478254,296.73825,297.0133,7.1515746,7.840592,174.49464
76.46602,14.487685,295.54312,295.81235,6.870329,7.516508,155.63348
75.989845,14.497114,294.348,294.61136,6.589083,7.1924243,136.9007
75.26064,14.517222,293.35815,293.58612,6.5590243,7.162176,134.05576
74.53143,14.537331,292.36835,292.56085,6.528965,7.1319284,131.9548
73.75868,14.600791,292.446,292.61093,6.388622,6.9938793,124.3625
72.98594,14.664252,292.52368,292.661,6.2482786,6.8558307,116.15881
72.41339,14.755783,291.5396,291.67877,5.9294405,6.5191813,98.418175
71.84084,14.847315,290.55554,290.69656,5.610602,6.182532,80.96647
71.85984,14.9178295,292.5591,292.78513,4.864666,5.3538556,48.002327
71.87884,14.988346,294.56268,294.87372,4.1187305,4.525179,26.944742
71.81305,15.040241,293.73483,294.12662,3.7563484,4.1207542,22.788483
71.74726,15.092135,292.90698,293.37952,3.3939655,3.7163289,19.492424
71.742386,15.146266,283.98682,284.55304,2.89469,3.1543596,12.169108
71.73752,15.200396,275.06665,275.7266,2.3954144,2.5923903,7.915094
71.94548,15.260609,259.13675,260.1307,2.221529,2.3942435,8.289702
72.15344,15.320822,243.20686,244.53482,2.0476437,2.1960971,11.784428
72.72127,15.374325,234.47769,235.8898,2.0229018,2.1794326,10.774549
73.2891,15.42783,225.74854,227.2448,1.99816,2.162768,7.7205405
74.13916,15.479581,216.10257,217.63954,2.117023,2.3544445,8.547382
74.98922,15.531332,206.45659,208.03432,2.2358859,2.5461211,8.260282
76.39809,15.569699,197.89804,201.2945,2.2454264,2.6783972,7.560153
77.806946,15.608067,189.3395,194.55467,2.2549672,2.810673,9.560365
79.038734,15.656707,185.0184,191.1623,2.330527,3.0537024,13.77403
80.27052,15.705346,180.69731,187.76991,2.406087,3.2967312,17.873425
81.728134,15.759893,176.38892,185.00264,2.5529852,3.6404595,23.162851
83.18575,15.814439,172.08049,182.23538,2.6998835,3.9841876,29.483692
81.20102,15.797705,167.0058,173.92723,3.2170503,4.6607757,47.94084
79.21629,15.780969,161.9311,165.61908,3.7342176,5.3373637,76.3554
80.61484,15.820975,162.57193,167.61288,3.6510308,5.4439697,83.53963
82.01338,15.860982,163.21275,169.60669,3.5678442,5.550575,88.12894
83.383484,15.8892975,161.5333,169.64536,3.5124943,5.5888734,89.14
84.75358,15.917612,159.85384,169.68402,3.4571445,5.627171,90.00402
86.05975,15.923741,161.65149,172.53691,3.326878,5.4913993,84.30344
87.36592,15.929872,163.44913,175.38979,3.1966121,5.355627,81.56326
88.22443,15.950902,165.33875,177.91383,3.2380216,5.377879,84.013565
89.082924,15.971934,167.22836,180.43787,3.279431,5.400131,84.91455
89.85593,15.976869,172.33801,187.69788,2.7562745,4.755658,58.901707
90.62892,15.981802,177.44768,194.95787,2.233118,4.1111846,36.325447
91.03943,15.971887,180.74156,201.55147,2.0848715,3.7503953,26.203775
91.449936,15.961972,184.03548,208.14508,1.936625,3.3896058,20.779377
91.48529,15.964871,189.1594,213.33324,1.9128833,3.2663147,18.388184
91.52065,15.96777,194.28331,218.52144,1.8891417,3.143024,16.849463
91.458984,15.971779,203.80516,225.46088,1.8157276,3.1077254,18.309486
91.397316,15.97579,213.327,232.40033,1.7423133,3.0724268,20.188328
91.465065,15.967773,221.36763,238.46266,1.6661551,3.0057878,22.07726
91.53282,15.959758,229.40825,244.52496,1.5899969,2.9391487,22.223726
91.71279,15.949818,231.04832,244.36775,1.7195727,3.144813,25.28495
91.89275,15.939877,232.6884,244.21054,1.8491488,3.3504772,29.060827
91.9463,15.940736,232.74272,243.52867,1.872409,3.494112,33.68793
91.99983,15.941593,232.79703,242.8468,1.8956693,3.6377466,40.20857
91.982025,15.95034,229.86542,240.67035,1.7634772,3.5016043,37.809372
91.96422,15.959086,226.93378,238.4939,1.631285,3.365462,34.847157
92.00473,15.970305,225.93553,237.18474,1.5836573,3.3490639,35.31929
92.04525,15.9815235,224.93727,235.87558,1.5360295,3.3326657,35.880432
91.90699,16.005714,212.90706,233.42435,1.1550049,2.799961,23.96438
91.76874,16.029903,200.87685,230.97311,0.77398026,2.2672567,18.850075
91.90064,16.020163,162.58365,212.0942,0.91191834,1.7407819,16.951563
92.032555,16.01042,124.29041,193.21529,1.0498564,1.2143071,18.343998
92.34463,15.993746,125.65491,170.41983,1.4448898,1.8910855,9.601643
92.65671,15.977071,127.01941,147.62437,1.8399233,2.567864,-1.6065491
92.20449,16.056503,131.8693,149.29138,2.1443725,3.3437958,10.90416
91.75227,16.135937,136.7192,150.9584,2.4488215,4.1197276,33.044514
91.79881,16.186493,136.2292,151.57837,2.6361532,4.597745,50.394123
91.84534,16.237051,135.73921,152.19835,2.823485,5.0757623,70.943596
91.23982,16.31181,134.89888,151.62975,3.073773,5.4921737,87.078384
90.6343,16.38657,134.05855,151.06116,3.324061,5.9085855,103.55243
89.4392,16.477919,135.69296,152.47171,3.6433167,6.416546,129.17245
88.24411,16.569263,137.32741,153.88226,3.9625723,6.924506,159.35924
86.367874,16.6547,141.84782,156.53658,4.265408,7.451317,196.44208
84.49163,16.740133,146.36826,159.19089,4.568243,7.978128,231.86597
82.18641,16.834097,150.29596,162.3942,4.91514,8.478611,257.70605
79.88118,16.92806,154.22365,165.59749,5.2620373,8.979093,285.18042
78.98704,16.980127,158.27365,168.36275,5.537898,9.35994,314.11404
78.09289,17.032196,162.32365,171.12802,5.8137593,9.740787,341.26654
79.697105,17.266626,165.21385,173.35713,6.5171347,10.479616,382.8526
81.301315,17.501055,168.10403,175.58623,7.22051,11.218447,423.1548
81.37975,17.502893,170.27217,177.11482,7.309924,11.371316,433.59225
81.45819,17.50473,172.44029,178.6434,7.3993387,11.524184,443.5937
82.0483,17.49703,175.15651,181.2574,7.4329176,11.559584,446.03226
82.638405,17.489332,177.87274,183.8714,7.4664965,11.594984,448.31937
83.56485,17.424946,180.24683,186.57594,7.1730585,11.1834955,425.9935
84.49129,17.360561,182.62093,189.28046,6.8796206,10.772006,401.3577
85.12926,17.285286,186.79541,193.8864,6.647638,10.443566,382.02774
85.76721,17.210009,190.96991,198.49232,6.415654,10.115128,362.70325
86.535576,17.13568,194.15036,201.77586,6.3558517,9.99238,356.59686
87.30393,17.061352,197.3308,205.05937,6.296048,9.869633,351.15985
88.50406,16.990517,202.4521,209.85153,6.424757,9.968253,361.23398
89.70418,16.919682,207.57341,214.64369,6.5534663,10.0668745,370.09094
90.74297,16.840288,209.23303,215.6989,6.6896806,10.146965,372.5969
91.78176,16.760895,210.89268,216.75414,6.825895,10.227055,374.7267
92.302025,16.733679,213.59557,219.4778,7.0903726,10.546359,390.45242
92.82229,16.706467,216.29846,222.20149,7.35485,10.865663,405.38867
93.32264,16.711279,217.69406,223.51457,7.573159,11.109352,415.0379
93.82298,16.716091,219.08966,224.82768,7.791469,11.353041,422.83887
93.780754,16.76556,221.0518,226.53624,7.752372,11.386724,427.54056
93.738525,16.81503,223.01395,228.24478,7.7132754,11.420409,432.2591
92.50314,16.936827,224.05698,229.24976,7.318317,11.138581,429.78857
91.26778,17.058624,225.1,230.25475,6.9233594,10.856752,424.12814
90.99429,17.1038,222.30502,227.84282,6.749961,10.705669,417.1166
90.72082,17.148973,219.51006,225.43091,6.576563,10.554586,410.098
89.79557,17.215319,219.46675,226.54395,6.0273266,9.977573,385.7803
88.87032,17.281664,219.42348,227.657,5.478091,9.40056,355.94873
88.14256,17.30943,216.81285,226.33385,5.064974,8.842373,315.75882
87.4148,17.337193,214.20222,225.01073,4.6518574,8.284185,271.74243
87.29923,17.322409,206.07668,219.66885,4.093612,7.4272947,198.13231
87.183655,17.307625,197.9511,214.32697,3.5353665,6.570405,136.76575
87.55886,17.264538,183.93285,202.02243,3.6125288,6.3575253,123.75592
87.934074,17.221449,169.9146,189.7179,3.6896906,6.144645,117.20007
88.62335,17.182276,163.06989,179.64285,4.2082596,6.788368,151.07368
89.31263,17.1431,156.22516,169.56783,4.726828,7.4320903,186.24525
89.28379,17.207396,156.3866,168.22835,4.8773694,7.8885612,219.10222
89.25495,17.271687,156.54803,166.88887,5.02791,8.345033,254.61067
88.863365,17.350193,158.71313,169.13622,5.098559,8.51793,266.86746
88.47177,17.428698,160.87825,171.38356,5.169207,8.690828,278.46918
87.67221,17.506807,166.74173,178.0782,5.1205997,8.705964,278.75732
86.87264,17.584917,172.6052,184.77286,5.071993,8.721102,276.29636
85.46596,17.664799,181.95801,194.98172,4.9625373,8.676053,270.02686
84.059265,17.74468,191.31085,205.19058,4.8530817,8.631006,271.43234
83.26161,17.766602,195.59732,209.73395,4.776997,8.503458,263.54742
82.46397,17.788525,199.88377,214.2773,4.700912,8.37591,253.99318
82.593544,17.735806,201.60722,215.23878,4.7488027,8.45498,262.05875
82.72313,17.683084,203.33069,216.20026,4.7966933,8.534049,270.15588
82.86167,17.802525,204.90346,218.47375,4.0801735,7.27827,177.10144
83.00021,17.921967,206.4762,220.74727,3.3636544,6.0224905,105.15969
82.607895,17.850464,208.80008,220.79805,3.5947437,6.3698144,124.25415
82.21557,17.778961,211.12396,220.84883,3.8258336,6.717138,148.04153
82.35691,17.72589,215.46964,223.92079,3.9580348,6.966022,169.14055
82.498245,17.672817,219.8153,226.99278,4.0902357,7.2149057,193.41847
82.66116,17.595953,227.5748,234.27776,3.9882896,7.1030564,189.98683
82.82409,17.519087,235.33427,241.56273,3.8863437,6.991207,188.43066
82.69769,17.451092,238.51628,244.9445,3.9146261,6.9697495,185.57877
82.571304,17.383099,241.6983,248.32631,3.9429088,6.9482913,182.16176
81.942795,17.311014,240.81877,247.05466,4.0743966,6.974196,180.10944
81.314285,17.238932,239.93925,245.78299,4.205885,7.0001,176.66013
81.39567,17.1274,234.82668,240.76083,4.271046,6.834117,156.42822
81.47704,17.015867,229.71408,235.7387,4.336207,6.6681333,139.50473
82.0715,16.911692,222.48483,228.51784,4.45572,6.6625037,134.40714
82.66597,16.807516,215.2556,221.29701,4.5752325,6.6568737,130.4621
84.08798,16.757555,211.6645,216.66742,5.0039797,7.1299834,160.28831
85.51001,16.707594,208.07341,212.03781,5.4327273,7.603093,192.97166
87.82318,16.539995,208.0624,210.6801,6.4345446,8.430682,247.59322
90.136345,16.372396,208.05136,209.32239,7.4363627,9.25827,288.33438
89.856255,16.120522,212.0911,212.9528,8.208154,9.833628,317.23123
89.576164,15.8686495,216.1308,216.58325,8.979946,10.408985,344.87677
87.95589,15.965709,213.3901,214.17543,8.586531,10.111895,333.20517
86.33562,16.062767,210.64944,211.76761,8.193114,9.814804,317.86322
85.268074,16.343151,205.59128,208.07922,7.681094,9.719059,314.6328
84.20053,16.623531,200.53313,204.39085,7.169075,9.623316,312.7252
83.315674,16.830221,197.85097,203.23701,6.6838126,9.3370495,296.24487
82.43081,17.03691,195.16881,202.08318,6.1985517,9.050783,281.64108
82.48693,17.119684,194.45221,202.74702,5.795574,8.679373,256.42523
82.54305,17.202457,193.7356,203.41087,5.3925967,8.307962,233.58432
82.64082,17.26902,194.32474,204.98674,5.4310718,8.366918,234.8665
82.738594,17.335585,194.91388,206.5626,5.4695463,8.425873,236.11098
82.73587,17.362173,194.11597,206.3018,5.4052405,8.452691,239.12704
82.73314,17.38876,193.31804,206.041,5.340934,8.47951,242.1042
82.7975,17.431562,192.73425,204.9397,5.4916844,8.696161,257.04074
82.86187,17.474365,192.15044,203.8384,5.642434,8.912813,272.53726
83.47509,17.460579,190.18933,201.6672,5.5860014,8.812604,265.48615
84.08831,17.44679,188.22824,199.49602,5.529569,8.712396,258.18704
83.992516,17.544676,193.5964,203.7109,6.036065,9.426491,308.92142
83.89673,17.642561,198.96458,207.92578,6.5425606,10.140587,358.94876
84.03399,17.635855,204.65814,212.89807,6.56366,10.102422,359.70575
84.171265,17.62915,210.35167,217.87033,6.5847607,10.064257,362.17212
84.02575,17.625607,209.29445,216.01495,6.6181993,10.198353,373.6404
83.88024,17.622063,208.23721,214.15958,6.6516385,10.33245,384.70605
84.07323,17.610529,211.46182,217.00421,7.2959175,11.010343,418.6209
84.26622,17.598991,214.68646,219.84883,7.9401984,11.688236,450.3105
84.30907,17.55662,220.17278,224.75664,8.301478,12.058865,469.01187
84.351906,17.514248,225.6591,229.66443,8.662759,12.429494,486.67166
85.33175,17.340122,226.226,229.77698,9.104816,12.904875,499.9819
86.31159,17.165995,226.79292,229.88951,9.546874,13.380256,512.1752
86.153465,17.046297,227.45168,230.1966,9.43604,13.007484,500.03278
85.99534,16.926598,228.11043,230.50368,9.325206,12.634712,486.85098
86.19318,16.833246,225.7533,228.32771,9.260825,12.460516,478.36688
86.391014,16.739895,223.39618,226.15173,9.196443,12.28632,469.18695
86.74309,16.655622,222.53961,224.95105,9.363477,12.329508,469.10013
87.09515,16.57135,221.68307,223.75034,9.53051,12.372696,468.863
87.2764,16.534832,221.99777,224.00673,9.406982,12.173689,459.56796
87.45764,16.498316,222.31247,224.26312,9.283454,11.974683,449.96912
87.33454,16.468271,223.29062,225.16434,9.26828,11.892595,446.24783
87.21145,16.438227,224.26874,226.0655,9.253108,11.810509,442.47653
87.857025,16.416224,223.49971,225.18297,9.1591215,11.677997,434.90186
88.5026,16.394224,222.73068,224.30043,9.065135,11.5454855,427.18713
87.95508,16.379873,222.12692,223.92445,8.984594,11.387101,418.35205
87.40755,16.365522,221.52315,223.5485,8.904054,11.228717,408.9038
88.09665,16.306238,219.74509,221.5132,8.83948,11.0879,399.32596
88.78574,16.246956,217.96704,219.47795,8.774906,10.947084,389.25522
88.920616,16.220627,215.9847,217.44667,8.796327,10.943142,387.1082
89.05549,16.194298,214.00233,215.4154,8.817747,10.9391985,385.09494
88.87703,16.204874,212.21767,213.73534,8.598033,10.698505,371.39737
88.69858,16.21545,210.43297,212.05528,8.37832,10.457811,357.62012
88.611275,16.284712,208.9476,211.08627,7.8790903,9.996748,334.41412
88.52397,16.353973,207.46222,210.1173,7.379861,9.5356865,310.46545
88.55226,16.401754,206.87067,209.94838,7.000377,9.22309,297.00626
88.58055,16.449537,206.27911,209.77945,6.620894,8.910494,282.1335
88.36677,16.51413,203.97168,208.18275,6.30588,8.660529,267.1669
88.15299,16.578722,201.66425,206.58606,5.990865,8.410565,252.20743
87.75392,16.64507,197.90749,204.06546,5.8290157,8.410338,251.65971
87.35485,16.711416,194.1507,201.54483,5.667166,8.410113,251.38089
86.79594,16.792551,188.52554,197.35565,5.502605,8.260978,236.29344
86.23702,16.873688,182.90042,193.16644,5.338043,8.111843,222.91554
85.82524,16.934652,179.84224,190.7037,5.441836,8.221854,224.90332
85.41347,16.995619,176.78406,188.241,5.5456285,8.331864,228.8916
85.264854,17.038313,174.88841,186.85579,5.6054153,8.358258,228.89795
85.11623,17.081007,172.99275,185.47061,5.665202,8.384652,228.76558
84.79031,17.12951,175.38934,188.22514,5.645418,8.391253,227.29361
84.4644,17.178013,177.78593,190.9797,5.625634,8.397855,225.80371
84.067955,17.197994,180.656,193.62172,5.5066276,8.283465,219.44363
83.671524,17.217974,183.52608,196.26376,5.3876204,8.169074,213.95384
83.15711,17.2269,186.3085,199.02295,5.1175466,7.895404,199.52429
82.6427,17.235826,189.09093,201.78218,4.8474727,7.621733,185.34886
82.30075,17.23497,190.64613,202.83041,4.854879,7.6722965,190.65903
81.9588,17.23411,192.20132,203.87866,4.862286,7.72286,196.08893
81.93355,17.220253,194.73192,206.44373,4.7828655,7.615066,188.80183
81.908295,17.206394,197.26248,209.00879,4.703446,7.5072722,181.29684
81.97048,17.174545,195.61098,206.89667,4.5021534,7.230658,165.95567
82.03267,17.142696,193.95946,204.78455,4.300861,6.9540434,150.43672
81.8628,17.184227,200.04417,209.18156,4.750855,7.405078,178.02238
81.69293,17.225756,206.12892,213.57861,5.200849,7.8561125,211.27951
81.83571,17.192795,206.05486,213.17975,4.9105787,7.4537263,184.70305
81.978485,17.159834,205.98079,212.78088,4.6203084,7.0513406,159.0912
82.73501,17.12807,204.75194,210.73825,4.6269903,7.0385513,158.16354
83.49153,17.096308,203.5231,208.6956,4.6336718,7.025762,157.61691
84.51529,17.032118,200.9206,205.98204,4.9039273,7.19336,165.5935
85.53905,16.96793,198.3181,203.26846,5.174182,7.360957,174.65588
85.914314,16.916292,198.62032,203.26016,5.3548265,7.461752,179.7917
86.28957,16.864655,198.92253,203.25185,5.535471,7.5625463,186.15416
86.64165,16.68872,200.41682,203.60233,6.155252,7.9821672,210.25833
86.99371,16.512787,201.91116,203.9528,6.775032,8.401788,233.26518
88.37306,16.231236,203.86264,205.21223,7.337003,8.75789,255.77586
89.7524,15.949684,205.81416,206.47166,7.8989735,9.113992,271.60577
89.441605,15.817417,197.87804,198.43683,7.776707,8.8908825,257.6571
89.1308,15.685151,189.94193,190.402,7.654441,8.667773,246.72751
88.86694,15.816337,185.98415,186.37657,8.459851,9.588441,295.3189
88.603096,15.947524,182.02637,182.35117,9.265262,10.5091095,349.8664
89.7425,16.016264,183.38684,183.67818,9.592421,11.117535,385.9251
90.881905,16.085003,184.74733,185.00517,9.919581,11.725961,420.026
90.95598,16.224586,179.27026,179.85707,9.604423,11.612749,418.47168
91.030045,16.36417,173.79321,174.70894,9.289265,11.499537,419.67175
90.87018,16.654757,174.04733,175.5777,9.526522,12.051763,449.58334
90.710304,16.945343,174.30145,176.44647,9.763779,12.603988,475.18216
91.04372,16.948637,177.76842,179.98613,9.338563,12.118986,453.2755
91.37712,16.951931,181.23537,183.52577,8.913347,11.633985,427.2813
91.49016,17.004179,180.97575,183.89143,8.4738,11.240377,407.5176
91.60319,17.056427,180.71614,184.25711,8.034251,10.84677,387.02423
91.169106,17.146526,176.74939,181.42064,7.536814,10.455139,368.0672
90.73503,17.236624,172.78262,178.58418,7.0393767,10.063508,346.15533
90.73373,17.291647,169.36053,174.85927,7.270802,10.366702,369.50983
90.732414,17.346674,165.93845,171.13437,7.5022273,10.669896,393.02377
90.86804,17.365805,167.65123,172.15808,8.033826,11.330766,430.10336
91.00367,17.384935,169.36403,173.18181,8.565424,11.991633,461.73688
90.0809,17.44421,167.93663,172.29765,8.7140665,12.274133,474.26016
89.158134,17.503483,166.50923,171.41351,8.86271,12.556632,485.87463
88.80414,17.553217,169.64478,174.30623,9.021846,12.822116,495.3888
88.45014,17.602953,172.78032,177.19894,9.180984,13.087601,504.2728
88.754364,17.538883,173.68843,177.78325,9.5075655,13.42913,514.4665
89.05858,17.474813,174.59654,178.36755,9.834147,13.770657,523.4781
89.487656,17.445345,176.03897,179.76665,9.799934,13.636829,518.2794
89.91674,17.415876,177.4814,181.16576,9.765721,13.503003,512.7142
90.10358,17.406368,179.92662,183.4675,9.675836,13.3695135,507.4095
90.290405,17.396858,182.37186,185.76923,9.585949,13.236024,501.7436
90.501976,17.39076,180.99902,184.54994,9.5975275,13.294658,504.57565
90.71354,17.384665,179.62622,183.33063,9.609106,13.353291,507.17514
90.70953,17.393476,182.49484,186.23697,9.61213,13.280736,502.60373
90.70553,17.40229,185.3635,189.14333,9.615153,13.20818,497.85065
88.03013,17.236862,204.15297,207.05997,10.109257,13.526097,505.0511
85.35472,17.071436,222.94246,224.97662,10.603358,13.844014,520.9332
85.68372,16.882856,223.14003,225.05232,10.499027,13.497916,509.9917
86.012726,16.694275,223.3376,225.12799,10.394696,13.151819,498.01218
85.81871,16.533966,224.72403,226.52646,10.387298,12.986159,492.20084
85.624695,16.373657,226.11043,227.9249,10.379899,12.8205,485.8538
86.47195,16.280285,228.92252,230.59488,10.348682,12.711788,479.1095
87.31919,16.186913,231.73462,233.26488,10.317467,12.603076,472.3527
87.7183,16.130806,234.767,236.38405,10.171336,12.336342,460.06064
88.11741,16.074701,237.79935,239.50323,10.025206,12.069608,446.95297
88.135216,16.03832,239.31064,240.90388,9.671641,11.577043,424.29263
88.15303,16.00194,240.82191,242.30453,9.318077,11.084477,398.86804
87.958626,15.980438,241.95917,243.41843,9.051828,10.706199,377.55872
87.76421,15.958938,243.09642,244.5323,8.785579,10.327922,355.16876
87.75167,15.938716,243.51765,244.78342,8.651208,10.122528,343.44098
87.73913,15.918495,243.93887,245.0345,8.516836,9.917134,330.97324
87.70432,15.919366,245.67642,246.69542,8.493503,9.887315,329.71613
87.66952,15.920238,247.41396,248.35634,8.470169,9.857495,328.39145
87.66473,15.891084,248.41277,249.26596,8.458441,9.821166,326.20682
87.659935,15.861932,249.41158,250.17558,8.446713,9.784838,323.99646
87.58832,15.87058,251.6014,252.45331,8.389089,9.738081,321.34244
87.51671,15.87923,253.79124,254.73103,8.331465,9.691325,318.44897
87.47375,15.932606,258.82635,259.9456,8.026085,9.398661,298.0123
87.430786,15.985983,263.86145,265.16013,7.7207055,9.105996,275.31494
86.90271,16.081951,269.7826,271.34418,7.2413163,8.640425,242.62428
86.37463,16.177917,275.7037,277.5282,6.761927,8.174852,210.2514
85.96349,16.205479,277.89215,280.2121,5.912409,7.2036457,150.112
85.55235,16.233038,280.08057,282.89603,5.0628905,6.2324376,101.460175
85.55403,16.241606,277.26895,280.7401,4.3459973,5.372563,63.27784
85.55571,16.250174,274.45734,278.5842,3.629104,4.512688,33.70077
85.839264,16.25204,268.484,273.11566,3.1403384,3.938108,18.866306
86.12281,16.25391,262.51068,267.6471,2.651573,3.363527,7.6046095
86.38226,16.276539,258.65363,264.22968,2.4273844,3.1255758,3.9113114
86.64172,16.299168,254.79659,260.81232,2.203196,2.8876243,3.0488737
86.65576,16.317717,241.24112,257.37775,1.9449862,2.593595,-0.81727993
86.6698,16.336266,227.68564,253.94316,1.6867762,2.2995658,-0.00280718
86.62988,16.355122,219.2688,245.23994,1.6501873,2.1773086,-0.412061
86.589966,16.37398,210.85197,236.53673,1.6135982,2.0550513,-0.19607146
86.807434,16.402927,206.23233,226.43956,1.6701409,2.175279,0.72451645
87.024895,16.431875,201.61266,216.34239,1.7266836,2.295506,0.790172
87.25049,16.446432,197.17067,209.93867,1.7522064,2.4179735,2.320116
87.476074,16.460989,192.72867,203.53493,1.7777294,2.540441,4.064354
88.12817,16.465708,182.53638,195.4185,1.7669142,2.587744,5.8373656
88.78027,16.470425,172.34407,187.3021,1.7560993,2.6350467,6.9080358
89.24722,16.486876,174.07831,187.75499,1.6062609,2.6092305,7.984258
89.71418,16.503326,175.81255,188.20789,1.4564223,2.5834146,9.368603
89.99215,16.518114,172.44092,187.97815,1.3194978,2.4523435,10.0437765
90.27012,16.532902,169.0693,187.74841,1.1825734,2.321272,10.722262
89.124,16.238766,156.74675,187.28268,1.1114992,1.7634803,5.1854663
87.977875,15.944629,144.42418,186.81697,1.040425,1.2056886,1.8330158
87.93839,15.929899,104.96849,136.30235,1.2656462,1.506542,2.1765912
87.8989,15.915171,65.51281,85.78775,1.4908676,1.8073955,-9.149548
88.01686,15.888527,56.936,76.66915,1.5068104,1.8843372,-9.461124
88.1348,15.861881,48.35919,67.55055,1.5227534,1.9612789,-12.459313
88.445305,15.828358,53.83051,63.14145,1.5317496,2.0383847,-13.470778
88.75579,15.794833,59.301823,58.73235,1.5407459,2.1154907,-13.005938
88.849464,15.802567,63.696373,63.821568,1.5989655,2.277463,-10.470987
88.94314,15.810299,68.09093,68.91078,1.6571852,2.4394352,-9.613576
88.894966,15.821036,69.14507,71.19919,1.7674367,2.6357615,-7.835085
88.846794,15.831773,70.19923,73.487595,1.8776885,2.832088,-6.3149276
88.54739,15.857046,73.674934,77.13697,1.9995399,2.9575913,-6.5634365
88.248,15.8823185,77.150635,80.78635,2.121391,3.083095,-6.313958
88.65041,15.894719,80.83785,84.60463,2.2400203,3.2496321,-6.4804745
89.05283,15.907121,84.525055,88.42292,2.3586495,3.4161692,-5.9280467
89.43626,15.932736,85.70015,90.11859,2.4113681,3.5637388,-3.8813574
89.81969,15.95835,86.87524,91.81426,2.4640868,3.7113082,-1.1207209
90.023544,15.973755,88.329506,93.56579,2.5140967,3.8315682,1.3937199
90.2274,15.989161,89.78377,95.317314,2.5641062,3.9518282,4.2836766
90.398415,15.995982,92.25521,97.87844,2.631065,4.072669,7.7321243
90.56943,16.002804,94.72665,100.439575,2.6980233,4.1935105,11.627923
90.674644,16.015339,94.864944,101.46705,2.660416,4.1703625,11.480888
90.77986,16.027874,95.003235,102.49454,2.6228085,4.147215,11.380993
90.78361,16.045515,93.5346,102.00154,2.5517519,4.070636,9.69214
90.78736,16.063158,92.06595,101.508545,2.480695,3.9940574,8.210086
90.78878,16.078627,88.2304,98.47527,2.4842227,3.9944499,8.190073
90.79021,16.094095,84.394844,95.44201,2.48775,3.994842,8.047285
90.86051,16.104654,81.47664,92.07846,2.639784,4.1844935,12.040808
90.93081,16.11521,78.55843,88.714935,2.7918184,4.3741455,17.188967
91.01203,16.125042,78.20223,87.03464,3.0048914,4.6872272,28.313314
91.09326,16.13487,77.84603,85.35433,3.2179644,5.000309,42.347736
91.19636,16.130814,77.951935,84.6564,3.2554574,5.073053,46.695675
91.29947,16.126757,78.057846,83.95847,3.2929506,5.1457963,51.469204
91.41302,16.117754,78.75599,83.95412,3.3275678,5.1745663,53.780884
91.526566,16.108751,79.454124,83.94975,3.362185,5.203336,56.16322
91.55449,16.094625,80.20839,84.53645,3.562487,5.411627,67.7948
91.582405,16.0805,80.962654,85.12316,3.762789,5.619918,80.03302
91.39036,16.075138,80.92045,84.97786,4.0717483,5.941736,102.30779
91.1983,16.069777,80.87824,84.83255,4.380707,6.2635546,124.98014
91.055305,16.049519,80.30652,83.82544,4.65284,6.53987,143.11076
90.91231,16.02926,79.734795,82.81833,4.9249735,6.816184,160.59924
90.88669,16.001316,80.378845,82.94603,4.9682856,6.827632,160.80211
90.86106,15.9733715,81.02289,83.07373,5.0115986,6.8390794,161.03215
90.93665,15.950784,81.829544,83.805244,4.8395996,6.5953,144.88959
91.01225,15.928196,82.6362,84.53676,4.6676006,6.351521,128.59483
90.99086,15.905383,82.75583,84.55688,4.634362,6.2336216,120.57118
86.21068,16.305317,79.36516,79.64892,5.3184404,6.110228,90.108345
86.134315,16.268253,78.084435,78.4117,5.298522,6.069641,87.49926
86.00421,16.236515,78.104294,78.47154,5.516213,6.3184543,100.11248
85.874115,16.204777,78.12415,78.53139,5.7339034,6.567267,112.95286
85.79484,16.12986,78.828094,79.20885,5.876724,6.6785226,116.80314
85.71557,16.054945,79.532036,79.88629,6.0195436,6.789778,120.88314
85.033646,16.068825,80.176476,80.51853,5.896218,6.6676607,111.912285
84.35173,16.082703,80.820915,81.15076,5.772892,6.5455427,103.456215
83.53453,16.173943,79.90681,80.29493,5.60902,6.41725,95.682045
82.71733,16.26518,78.99269,79.4391,5.4451494,6.288958,87.58195
82.59072,16.249533,77.95962,78.35321,5.5927296,6.4268413,95.18324
82.46411,16.233887,76.926544,77.26731,5.7403097,6.564724,102.10972
81.37064,16.230394,76.18229,76.33135,5.8145647,6.6425676,102.11689
80.277176,16.226902,75.438034,75.39539,5.88882,6.7204113,106.37107
79.77988,16.29619,74.51518,74.576935,5.907787,6.8046923,113.42736
79.28258,16.365479,73.592316,73.75848,5.9267545,6.888974,121.25773
79.450195,16.387276,74.26956,74.458664,6.092232,7.100962,135.19868
79.617805,16.409075,74.94681,75.15885,6.2577105,7.3129497,149.41338
79.4427,16.36758,76.36407,76.57269,6.3672767,7.3972416,154.12122
79.26761,16.326088,77.78132,77.986534,6.476844,7.481533,158.60931
79.09802,16.346325,77.6486,77.87969,6.2682495,7.264324,144.87805
78.92844,16.36656,77.515884,77.77285,6.0596557,7.0471153,130.93509
79.01548,16.425863,76.475494,77.01878,6.078348,7.141214,138.30203
79.10252,16.485168,75.435104,76.264725,6.0970407,7.2353125,145.72037
79.08521,16.490181,74.34302,75.06032,6.233068,7.38246,156.66661
79.06791,16.495192,73.25093,73.85591,6.369095,7.5296073,168.48154
78.86374,16.473318,72.102615,72.62212,6.468186,7.6193647,176.16539
78.65956,16.451443,70.95429,71.38833,6.567276,7.7091227,183.33917
78.381386,16.48026,70.40024,70.89736,6.6010804,7.7960954,190.81792
78.10321,16.509077,69.84619,70.406395,6.6348844,7.883067,198.43619
78.328026,16.541967,69.93504,70.56557,6.592166,7.876626,198.17928
78.55284,16.57486,70.023895,70.724724,6.549447,7.8701844,198.07085
79.04449,16.617107,70.56866,71.31015,6.3987613,7.785226,193.10135
79.53612,16.659355,71.11342,71.89557,6.2480745,7.700267,186.97084
79.84011,16.669151,70.90611,71.77906,6.573639,8.08399,213.75804
80.144104,16.678947,70.69881,71.662544,6.8992033,8.467712,242.93016
80.13054,16.654621,70.12148,71.10645,7.04236,8.593019,252.16199
80.11698,16.630293,69.54417,70.55036,7.185517,8.718325,262.22455
79.742035,16.703524,69.9272,71.25181,7.156162,8.809069,270.31897
79.36708,16.776754,70.310234,71.953255,7.1268053,8.899815,278.88364
80.23769,16.686472,72.00506,73.151985,7.5677533,9.274002,306.1004
81.10831,16.596191,73.69988,74.35072,8.0087,9.6481905,331.7589
80.622925,16.627363,73.731895,74.458435,7.6903305,9.3356905,309.8291
80.13754,16.658537,73.763916,74.56615,7.3719597,9.02319,286.82004
80.068794,16.673927,75.02816,75.90944,7.5281615,9.217805,301.47983
80.00005,16.689322,76.29242,77.25273,7.6843634,9.412419,315.9798
80.42948,16.519993,72.36703,73.33366,8.045271,9.68077,334.41785
80.85891,16.350664,68.44164,69.41458,8.406178,9.949119,350.30734
81.496056,16.399015,68.24851,69.169655,8.321008,9.920399,347.51978
82.133194,16.447367,68.05538,68.92473,8.235835,9.891678,344.8236
82.47445,16.55287,66.476036,67.62281,7.7646217,9.517573,322.2613
82.815704,16.658373,64.8967,66.320885,7.2934093,9.143469,297.7444
83.334694,16.687885,65.457016,67.09707,6.950238,8.791058,270.937
83.85368,16.717398,66.017334,67.873245,6.607068,8.438648,244.34352
85.21082,16.757854,69.84324,71.841995,6.492806,8.437978,251.4694
86.56796,16.798313,73.66914,75.810745,6.3785434,8.437307,253.16548
87.965675,16.832779,76.9179,79.06748,6.684961,8.871975,279.05032
89.36339,16.867247,80.16666,82.32421,6.991378,9.306643,297.21
90.07013,16.866129,82.01691,84.185646,6.999315,9.317196,293.921
90.77686,16.865011,83.86715,86.04708,7.007252,9.327748,293.9737
91.05237,16.871239,83.96949,86.22655,6.8184843,9.120001,285.19684
91.32786,16.877468,84.07182,86.40602,6.629717,8.912255,276.73755
91.27439,16.917017,84.70389,87.376854,6.457247,8.762083,270.9059
91.220924,16.956566,85.33596,88.34768,6.2847767,8.611912,264.304
90.60276,16.933754,87.67993,90.11046,6.570406,8.878554,274.63116
89.9846,16.910944,90.02391,91.87322,6.856035,9.145197,285.26547
89.21526,16.90477,88.90361,90.52731,7.3428383,9.63043,308.03595
88.44592,16.898598,87.78331,89.181404,7.8296413,10.115663,336.31653
87.9085,16.918163,86.23742,87.745766,7.703426,10.03325,334.77435
87.371086,16.93773,84.69153,86.310135,7.57721,9.950838,333.5628
87.65802,16.931358,84.214836,85.7967,7.207299,9.534306,312.8873
87.944954,16.924986,83.73815,85.28327,6.8373876,9.117774,289.91025
88.37538,16.940811,82.67152,84.654594,6.5288033,8.83407,274.20105
88.80581,16.956638,81.60489,84.025925,6.2202196,8.550365,261.26907
89.041466,16.9756,80.77253,83.52144,6.3384705,8.706675,269.74023
89.27712,16.99456,79.94017,83.01695,6.4567213,8.862983,277.96732
89.40909,17.022943,78.69305,81.90696,6.8011107,9.303886,301.7133
89.54105,17.051323,77.445915,80.796974,7.1454997,9.744793,324.70618
90.29784,17.04213,78.518295,81.53047,7.50786,10.177311,342.47226
91.05463,17.032936,79.59066,82.26398,7.8702207,10.60983,359.83203
91.776955,17.027014,81.53734,84.33072,7.758998,10.506547,351.91785
92.499275,17.021091,83.48401,86.39747,7.6477747,10.403265,346.12164
93.02829,17.032562,87.45361,90.54694,7.3631625,10.128407,335.14767
93.557304,17.044035,91.42323,94.69642,7.078551,9.853547,322.99936
93.837776,17.068941,93.99759,97.63449,7.006184,9.847951,323.51987
94.11825,17.093847,96.57194,100.57258,6.933818,9.842354,324.54462
94.20242,17.134043,99.0759,103.31387,6.9156003,9.900604,329.84824
94.286606,17.17424,101.57987,106.055176,6.897382,9.958856,335.3875
93.92844,17.267097,102.909744,107.4049,7.0571675,10.319843,359.27036
93.57027,17.359955,104.23962,108.75464,7.216954,10.68083,382.29718
93.223656,17.479445,106.349655,110.91896,7.3150487,10.972866,401.4118
92.877045,17.598934,108.45969,113.08328,7.413143,11.264902,418.76508
92.73479,17.72035,110.169464,115.3146,7.8105755,11.827504,443.9534
92.59254,17.841766,111.87926,117.545906,8.208009,12.390105,466.76892
93.846146,17.979902,114.88497,120.76254,8.127899,12.482903,472.95123
95.09976,18.118038,117.890686,123.97917,8.047791,12.575699,478.5578
94.43351,18.296436,124.98121,130.73767,8.448384,13.171135,503.8301
93.76726,18.474833,132.07173,137.49617,8.848977,13.766571,523.9878
94.502914,18.465237,135.4483,140.67018,8.792025,13.703142,523.57947
95.238556,18.455639,138.82486,143.84418,8.735073,13.639715,522.61523
95.3062,18.438574,139.19756,144.61937,8.8267,13.6961565,523.0959
95.37384,18.421509,139.57025,145.39455,8.918327,13.7526,523.5544
95.57607,18.404888,155.96393,161.69102,9.737371,14.826146,547.77655
95.77831,18.388266,172.35759,177.98749,10.5564165,15.899692,562.4483
95.377335,18.301752,173.40543,178.61575,9.555537,14.567391,542.21643
94.976364,18.215237,174.45326,179.24402,8.55466,13.235092,510.13956
94.87897,18.192207,178.21083,184.59732,8.340633,12.739483,486.9338
94.78158,18.169176,181.96841,189.95062,8.126609,12.243875,459.9244
94.49396,18.19136,186.17273,194.55478,7.5405383,11.731348,439.70386
94.20634,18.213545,190.37704,199.15892,6.954468,11.218821,416.77914
93.52285,18.225311,199.9764,207.97273,7.2088633,11.476495,427.89932
92.839355,18.237078,209.57573,216.78651,7.4632587,11.734171,438.31912
90.443695,18.068958,214.90146,220.10574,7.653814,11.672575,439.23776
88.048035,17.900839,220.22717,223.425,7.8443685,11.610979,442.61716
86.27508,17.800236,219.87634,223.3335,7.853576,11.576332,446.11377
84.50213,17.699633,219.52548,223.24202,7.862785,11.541684,448.31845
84.93231,17.65686,220.22598,223.58057,8.023952,11.721152,455.44662
85.362495,17.614088,220.92645,223.91911,8.185118,11.900622,462.28305
85.33426,17.654026,220.54451,223.72578,7.987034,11.779034,458.71286
85.30602,17.693962,220.16257,223.53247,7.7889504,11.657445,455.2112
84.922134,17.747252,218.58989,222.28577,7.6115794,11.508944,449.7312
84.538246,17.80054,217.0172,221.03903,7.4342093,11.360442,443.44955
83.77523,17.874931,213.09055,218.79552,7.0040107,10.926525,420.76813
83.012215,17.949324,209.16386,216.55197,6.573813,10.492609,395.86288
82.08431,18.013706,205.22914,213.94391,6.201335,10.113397,372.6442
81.15642,18.078087,201.2944,211.33583,5.828856,9.734184,347.35052
80.760605,18.12383,197.17917,208.66602,5.580911,9.391005,321.98874
80.364784,18.169577,193.06395,205.99622,5.332966,9.047825,296.89905
80.977486,18.129217,187.8503,201.52792,5.183704,8.714311,270.17056
81.59019,18.088858,182.63667,197.05963,5.0344424,8.380796,243.74028
82.22139,18.05555,177.89629,192.71295,5.1408634,8.381179,238.80821
82.8526,18.022245,173.1559,188.36626,5.247285,8.38156,234.30911
82.72384,18.072586,175.1134,190.02751,5.279987,8.517182,244.79333
82.59508,18.122929,177.0709,191.68875,5.3126893,8.652804,255.44093
82.40574,18.16824,184.04855,198.14375,5.303136,8.785833,269.1137
82.21641,18.213552,191.0262,204.59872,5.2935824,8.918862,283.492
82.35188,18.201536,197.97908,211.33481,5.1772404,8.811749,281.24677
82.48736,18.189522,204.93192,218.07092,5.0608983,8.704637,276.7241
82.63587,18.161161,208.5436,221.23654,4.841784,8.514115,268.56476
82.784386,18.132803,212.15526,224.40216,4.62267,8.323593,260.5437
82.95233,18.106394,213.86594,225.0341,4.654192,8.39395,270.1982
83.120285,18.079987,215.5766,225.66606,4.6857133,8.464308,280.00314
83.04119,17.938488,220.64207,229.17853,5.122471,9.008444,321.21524
82.96209,17.79699,225.70753,232.69101,5.559229,9.552579,361.74194
83.237564,17.676369,229.04811,235.38481,5.434189,9.265982,346.83438
83.51303,17.555746,232.38866,238.0786,5.309149,8.979386,330.9959
84.03984,17.415054,234.01527,239.63853,5.2871323,8.7810955,315.9569
84.56666,17.27436,235.64185,241.19847,5.265116,8.582806,300.32724
85.14931,17.147945,234.86235,241.04996,4.987879,8.106062,262.10843
85.73196,17.021532,234.08281,240.90146,4.7106414,7.629318,223.82504
86.23329,16.926508,232.09406,239.6923,4.4859567,7.22665,190.50377
86.73462,16.831482,230.10529,238.48317,4.2612724,6.8239827,155.62923
86.959496,16.768486,228.81508,236.80586,4.4320984,6.9079456,157.9807
87.18437,16.705488,227.52489,235.12856,4.602924,6.9919095,160.70914
87.37447,16.659147,225.7165,232.62857,4.728649,7.066621,165.23944
87.56456,16.612806,223.90813,230.12856,4.8543735,7.141332,170.23628
88.10996,16.567171,221.71645,227.51837,4.9543777,7.2199287,175.21733
88.655365,16.521536,219.52478,224.90816,5.0543814,7.2985253,179.23048
89.371284,16.511574,220.43092,225.23578,5.3234763,7.614182,200.66473
90.087204,16.50161,221.33704,225.56339,5.5925713,7.929839,221.70647
90.75496,16.459557,222.93536,226.8714,5.8735337,8.2101145,236.37508
91.42272,16.417501,224.5337,228.17943,6.154496,8.490391,248.08495
91.78604,16.351843,225.61256,228.65283,6.3974657,8.604355,246.88016
92.14936,16.286184,226.69142,229.12622,6.640436,8.718321,246.40178
92.046364,16.252308,225.79414,228.2234,6.5954103,8.619572,238.72128
91.94337,16.218431,224.89687,227.32057,6.550385,8.5208235,230.99538
91.53051,16.273264,224.28621,227.03029,6.4037457,8.513,240.17448
91.11765,16.328098,223.67552,226.73996,6.257107,8.505176,250.34181
90.501495,16.442505,221.64508,225.46513,5.8693595,8.28151,247.46613
89.88533,16.556911,219.61465,224.19028,5.4816117,8.057844,240.72078
89.10719,16.662695,217.57162,223.03351,5.2432146,7.940155,239.09123
88.32905,16.768476,215.5286,221.87672,5.004818,7.8224654,234.52075
87.4756,16.859726,210.43924,218.38231,4.8421497,7.6844373,217.60246
86.62214,16.950972,205.34988,214.88791,4.679482,7.5464087,198.88005
86.26196,17.009783,200.94951,211.06479,4.5221763,7.3389244,180.10335
85.901794,17.068594,196.54912,207.24168,4.3648705,7.13144,164.72525
86.066864,17.07855,191.27231,201.98563,4.410496,7.159015,167.02332
86.23194,17.088505,185.99548,196.72957,4.456122,7.1865897,170.65054
86.73024,17.091013,182.4927,191.87712,4.612312,7.4241166,192.20775
87.22853,17.093523,178.98994,187.02467,4.7685018,7.661643,213.40955
87.18795,17.142794,178.59798,186.49794,4.8081994,7.7883015,223.04025
87.14737,17.192064,178.206,185.97122,4.8478966,7.9149604,232.76749
86.71264,17.26031,179.6598,187.23631,4.754871,7.8699303,230.36006
86.27791,17.328556,181.11357,188.5014,4.661845,7.8249,227.85744
85.711395,17.377151,185.90942,193.594,4.6602945,7.912592,233.17538
85.14488,17.425749,190.70526,198.6866,4.658744,8.000283,239.33186
84.345535,17.475027,194.60242,203.83197,4.6016936,7.934023,231.26369
83.54618,17.524305,198.49956,208.97733,4.5446434,7.867763,223.7657
83.244316,17.525139,204.63237,214.75702,4.543502,7.9003763,228.618
82.94247,17.52597,210.76521,220.5367,4.5423603,7.9329896,234.05733
83.54322,17.61763,210.696,220.65169,4.4515157,7.642435,208.97389
84.14398,17.70929,210.62679,220.76668,4.360671,7.3518806,184.34032
84.16534,17.70499,213.57463,223.45755,4.2506757,7.187431,174.35127
84.18669,17.700691,216.52249,226.14847,4.140681,7.0229816,164.12634
84.86586,17.631977,219.07936,227.92119,4.219443,7.068834,169.82637
85.54503,17.563263,221.63625,229.69391,4.298205,7.114687,175.91963
85.65532,17.504387,227.04265,235.1421,4.232988,6.9770927,166.93208
85.76561,17.445509,232.44905,240.59029,4.167771,6.839499,158.53452
85.5617,17.36671,235.29037,243.41562,4.1220555,6.6503534,143.33366
85.35779,17.287912,238.13171,246.24095,4.07634,6.461208,128.25461
85.45225,17.201664,239.17618,246.40562,4.2366896,6.4778666,126.97052
85.546715,17.115414,240.22067,246.57028,4.3970385,6.4945254,125.51989
85.85922,17.021612,241.08783,247.21436,4.432842,6.3742995,114.63214
86.17173,16.927809,241.95497,247.85846,4.4686446,6.254074,104.30435
86.4102,16.88392,240.63414,246.30052,4.4304447,6.1148634,96.760414
86.648674,16.84003,239.31332,244.74257,4.392245,5.9756527,89.16209
87.2537,16.772274,238.20425,242.45543,4.5737166,6.068546,92.99852
87.85872,16.704515,237.09523,240.1683,4.7551885,6.1614394,97.57794
87.75218,16.62648,235.85063,238.2521,4.91865,6.1870675,100.118225
87.645645,16.548445,234.60603,236.33589,5.082112,6.212696,102.77071
87.35751,16.48811,232.92117,234.2263,5.2799487,6.317874,110.83456
87.06938,16.427774,231.23631,232.11671,5.477785,6.4230523,119.08164
87.284645,16.404255,228.95169,229.80882,5.631988,6.6251473,130.52829
87.499916,16.380733,226.66707,227.50093,5.7861905,6.827243,143.49568
87.67472,16.43232,224.69507,225.89536,5.8073,7.0138173,156.10645
87.84952,16.483908,222.72305,224.28978,5.82841,7.2003922,168.09023
87.49967,16.600761,220.44278,222.64081,5.841505,7.469578,185.58875
87.14982,16.717615,218.16254,220.99182,5.8545995,7.7387633,203.91599
86.5054,16.840164,216.26315,219.97389,5.7865233,7.940031,217.86926
85.86098,16.962715,214.36378,218.95596,5.718447,8.141298,232.2773
85.20096,17.12263,208.50458,214.82076,5.496483,8.140429,228.63037
84.54094,17.282545,202.64539,210.68556,5.274519,8.139559,226.94061
84.517555,17.356434,192.82155,201.66347,5.4537163,8.322215,233.72267
84.49418,17.430323,182.99773,192.64136,5.6329136,8.504871,241.33992
84.98445,17.44362,177.55345,185.62117,6.2997212,9.269537,288.9299
85.47473,17.456919,172.10915,178.60097,6.966529,10.034204,340.33368
86.065544,17.530487,170.78166,176.71347,7.139101,10.358616,366.0528
86.656364,17.604055,169.4542,174.82599,7.311674,10.683028,390.03442
86.99714,17.677353,169.31123,174.836,7.2965455,10.739452,393.54938
87.33791,17.750652,169.16827,174.84601,7.2814164,10.7958765,396.96832
86.921906,17.811451,172.73997,178.56377,7.2595906,10.855647,399.2147
86.5059,17.87225,176.31165,182.28152,7.237766,10.915417,402.5156
85.2558,17.966326,182.02658,189.03825,6.922842,10.609158,383.05228
84.00571,18.060402,187.74155,195.79497,6.6079187,10.3028965,368.14026
84.02581,17.999283,196.55768,206.92236,5.7909718,9.197281,298.54233
84.04592,17.938166,205.37386,218.04977,4.974024,8.091664,223.99182
84.59256,17.870436,206.67056,217.43765,5.079321,8.264347,241.93286
85.1392,17.802708,207.9673,216.82553,5.1846175,8.437029,260.48355
85.14254,17.839895,215.84406,224.42422,4.8613405,8.004237,236.24179
85.145874,17.877087,223.72083,232.02292,4.5380635,7.5714464,210.05402
85.72341,17.806334,220.27377,228.81618,4.332335,7.2508335,185.97343
86.30095,17.735582,216.82674,225.60942,4.126606,6.930221,163.22304
87.098366,17.654968,212.17093,220.96666,4.297723,7.1114826,174.35982
87.89578,17.574354,207.51512,216.32387,4.4688387,7.292744,186.6054
88.46288,17.533457,210.17082,218.83723,4.694086,7.5115337,200.77673
89.02999,17.492558,212.82654,221.3506,4.9193335,7.730323,215.09279
89.68943,17.43283,217.74823,225.70055,5.1165347,7.8581123,221.5616
90.34887,17.373104,222.66994,230.0505,5.3137355,7.985902,224.37291
90.61373,17.316198,224.54288,231.45975,5.426552,8.040382,225.83289
90.87859,17.25929,226.41583,232.86899,5.5393686,8.094863,226.65318
90.81318,17.253956,225.61557,231.6765,5.7929997,8.332914,244.68295
90.747765,17.24862,224.81532,230.48402,6.046631,8.570966,261.20953
91.02403,17.190561,225.67181,230.51556,6.363655,8.782453,270.26965
91.30031,17.132505,226.52832,230.5471,6.6806793,8.99394,279.19543
91.279564,17.06939,227.27957,230.79845,6.898278,9.057143,278.99405
91.258835,17.006273,228.03082,231.04977,7.115877,9.120345,279.3517
90.9725,16.980755,230.02568,233.13396,6.892273,8.85134,262.8681
90.68617,16.955238,232.02052,235.21814,6.668669,8.582335,246.27614
90.70209,16.94104,232.34523,235.23642,6.7215858,8.6188,248.93425
90.71801,16.926842,232.66992,235.25471,6.7745028,8.655265,251.60402
90.23662,16.957155,230.89255,234.33138,6.483094,8.410815,239.14131
89.75523,16.987467,229.11514,233.40805,6.191685,8.166366,225.66856
89.22071,17.072886,226.71931,231.59373,6.192461,8.406434,249.26282
88.686195,17.158304,224.32347,229.77942,6.193236,8.6465025,271.83313
87.82894,17.258472,221.14015,226.9928,6.1691775,8.720049,276.4962
86.971695,17.358639,217.9568,224.20619,6.145119,8.793596,277.91168
86.12685,17.443392,216.27316,222.93883,5.838371,8.52665,258.57986
85.282005,17.528145,214.58951,221.67146,5.5316224,8.259704,240.15875
84.41346,17.615185,210.96774,218.8299,5.4029284,8.212134,235.42146
83.54492,17.702223,207.34596,215.98833,5.274235,8.164565,233.58722
83.0095,17.790388,209.66557,219.48064,5.2441535,8.197599,235.18733
82.47407,17.87855,211.98515,222.97293,5.2140727,8.230634,236.30435
82.41232,17.93898,213.44049,224.73381,4.999204,8.029928,224.32942
82.35058,17.999409,214.89581,226.4947,4.784335,7.8292227,212.2879
82.2376,18.034985,213.87521,225.05162,4.801071,7.927649,222.1508
82.124626,18.07056,212.85461,223.60855,4.8178067,8.026075,232.41135
82.49687,18.060892,215.03276,225.51257,4.759737,7.940354,227.34999
82.86911,18.051222,217.2109,227.41661,4.7016673,7.8546324,222.29247
83.284386,18.015404,222.90787,233.03395,4.539389,7.61294,206.61975
83.69966,17.979588,228.60484,238.65132,4.3771114,7.3712473,189.28076
84.088356,17.918734,235.46774,245.58073,4.2369156,7.1030526,167.54823
84.47705,17.85788,242.33066,252.51013,4.0967197,6.834858,149.6923
84.64902,17.799244,248.28073,258.93304,3.87543,6.5091414,128.15678
84.820984,17.740608,254.23077,265.35596,3.6541405,6.1834254,108.47536
84.75023,17.701635,258.43802,269.40326,3.5422292,6.0376234,102.25066
84.679474,17.662666,262.64526,273.45056,3.430318,5.891822,96.49409
83.42449,17.645746,267.8593,276.12723,3.8717031,6.058303,96.61525
82.169495,17.628824,273.07333,278.8039,4.3130875,6.2247844,99.603455
82.12361,17.518377,272.76727,277.70245,4.5888042,6.424605,107.37216
82.077736,17.407932,272.46124,276.601,4.8645205,6.6244254,116.535675
82.30074,17.315723,270.65512,274.21832,4.8832455,6.5512934,113.180626
82.52374,17.223515,268.849,271.8356,4.9019704,6.4781613,110.00267
82.453026,17.14992,267.44772,270.26105,5.091461,6.6203914,116.228935
82.3823,17.076324,266.04645,268.68646,5.2809515,6.7626204,122.590546
82.37723,17.023245,266.97687,269.28583,5.4929066,6.9185247,130.45244
82.37215,16.970167,267.90732,269.88516,5.704861,7.07443,138.76051
82.66646,16.91497,268.09802,269.89465,5.6777606,6.970244,132.28722
82.96076,16.859776,268.28873,269.90417,5.6506596,6.8660574,126.524124
83.608665,16.826166,265.49365,267.08716,5.498213,6.641042,115.86644
84.25657,16.792555,262.69858,264.2701,5.345766,6.4160275,107.218094
85.06188,16.764774,259.61584,260.9968,5.3408475,6.334385,105.16085
85.8672,16.736992,256.5331,257.72348,5.335929,6.2527432,100.751526
85.77271,16.70957,254.18922,255.23198,5.3049126,6.143146,95.90126
85.67822,16.682146,251.84534,252.74048,5.273896,6.033549,91.81083
85.240295,16.66603,253.02078,253.9426,5.4292393,6.2000594,98.90947
84.80236,16.649916,254.19624,255.14471,5.5845823,6.36657,106.034004
84.50445,16.605913,254.37993,255.25801,5.629674,6.410525,107.75252
84.20654,16.56191,254.56364,255.37132,5.674765,6.45448,109.606606
83.89466,16.546547,255.24727,256.01093,5.657754,6.429155,108.2907
83.58277,16.531187,255.93092,256.6505,5.6407433,6.4038296,106.614746
83.14508,16.55696,258.12012,258.86288,5.5946913,6.367098,103.74764
82.70739,16.582733,260.30933,261.0753,5.548639,6.3303666,100.818146
82.52026,16.623884,259.8474,260.76645,5.2345676,5.9895387,86.941345
82.333145,16.665037,259.38553,260.45764,4.9204965,5.6487117,74.72553
82.336624,16.726555,255.27182,256.9329,4.403633,5.102905,56.25766
82.340096,16.788073,251.15811,253.40814,3.8867702,4.557099,41.329624
82.3232,16.834284,243.9142,247.39577,3.470175,4.1247044,28.819324
82.306305,16.880493,236.67029,241.38339,3.0535793,3.6923106,19.170969
82.39482,16.91616,224.98291,230.63707,2.8764496,3.5107734,14.75959
82.48334,16.95183,213.29555,219.89076,2.6993196,3.3292363,11.82905
82.79953,16.974163,201.91928,209.69339,2.6215801,3.26491,10.885227
83.115715,16.996496,190.54303,199.49602,2.5438404,3.2005835,12.938547
83.57672,17.025455,185.46613,193.47282,2.7503066,3.5025454,16.591356
84.037735,17.054413,180.3892,187.44958,2.956773,3.8045068,21.30865
84.43528,17.07111,176.97842,182.91478,3.1872454,4.156222,28.004889
84.83283,17.087805,173.56761,178.37994,3.4177184,4.507937,38.407356
85.01126,17.104725,170.79759,174.86821,3.787085,4.9578533,53.262672
85.18969,17.121643,168.02756,171.35649,4.156452,5.407769,73.05678
85.89364,17.111961,171.98792,174.40067,4.4250317,5.7452106,89.81879
86.59758,17.102278,175.94827,177.44482,4.693611,6.082652,108.77924
86.51636,17.146616,175.82834,177.76227,4.710911,6.2645135,119.57851
86.435135,17.190956,175.7084,178.07973,4.7282104,6.4463754,130.6936
86.27947,17.237242,172.00314,175.08694,4.7050195,6.5207934,135.54259
86.12381,17.283525,168.29788,172.09415,4.6818285,6.595211,140.1286
86.1854,17.275139,163.96416,167.57132,5.1728625,7.224366,179.00601
86.24699,17.26675,159.63042,163.0485,5.663896,7.8535213,216.31581
85.95932,17.321918,161.62508,164.9186,5.9061036,8.1656065,232.73434
85.67166,17.377087,163.61974,166.7887,6.148311,8.477692,249.0485
85.99848,17.410831,164.31291,167.39818,6.1863284,8.589285,256.9995
86.325294,17.444576,165.00609,168.00764,6.224346,8.700878,265.32886
86.35532,17.48044,164.85019,167.93745,6.187582,8.727473,267.6184
86.38534,17.516304,164.6943,167.86725,6.1508183,8.75407,269.88306
86.55825,17.538033,164.74362,167.85541,6.190691,8.833284,275.73004
86.73115,17.559765,164.79297,167.84357,6.230563,8.912498,281.66153
87.14803,17.560036,167.40675,170.01706,6.1282754,8.806353,276.60925
87.56491,17.56031,170.02054,172.19055,6.025987,8.700206,271.93567
87.88232,17.546074,173.401,175.68544,6.0482755,8.750788,275.3948
88.19974,17.531837,176.78146,179.18034,6.0705643,8.801371,278.34167
88.350105,17.520735,175.43042,178.65213,5.6605062,8.30611,248.20544
88.50047,17.509632,174.07938,178.12393,5.250448,7.810848,219.35318
89.150566,17.502346,172.20692,176.18192,4.978052,7.4917974,201.45421
89.80065,17.49506,170.33446,174.2399,4.705656,7.1727467,184.6375
90.179085,17.51044,168.57866,172.72998,4.6120543,7.092291,180.11519
90.55752,17.525822,166.82285,171.22006,4.5184536,7.0118356,175.87354
90.921616,17.513132,169.97537,174.6686,4.2035537,6.6618314,161.73163
91.28571,17.500444,173.12791,178.11714,3.8886542,6.311827,146.81526
91.73848,17.490677,173.35056,179.57242,3.3603494,5.64298,113.84071
92.191246,17.480911,173.57318,181.02768,2.8320444,4.9741335,85.163506
92.71517,17.451727,183.15326,189.1245,2.3924973,4.3557515,63.083828
93.23911,17.422543,192.73335,197.22131,1.9529502,3.7373698,45.131676
93.62729,17.378468,205.55908,210.25388,1.8451048,3.4658442,31.342693
94.01547,17.33439,218.38478,223.28647,1.7372594,3.1943185,21.096207
94.20838,17.279455,237.0672,240.04588,1.9537501,3.3144948,23.58453
94.4013,17.224518,255.74963,256.80533,2.1702406,3.434671,23.320343
94.098,17.168781,265.86353,268.13895,2.5097828,3.8270833,25.528585
93.7947,17.113045,275.97745,279.47256,2.8493247,4.219496,28.9339
93.32439,17.102448,281.43515,284.01648,3.05986,4.469289,34.978745
92.85407,17.091852,286.89285,288.56042,3.2703953,4.7190814,41.642494
92.31679,17.10757,284.08066,287.40228,3.0256665,4.4976606,36.653004
91.779495,17.123291,281.2685,286.2441,2.7809374,4.276241,29.998495
91.71119,17.145735,275.76675,284.49948,2.3560023,3.7833781,14.561499
91.64289,17.168179,270.26495,282.75482,1.9310672,3.2905152,7.2460647
91.60611,17.182905,265.29144,277.6102,2.082678,3.4439793,9.337499
91.56932,17.197632,260.31787,272.4656,2.2342887,3.597443,11.870135
91.40807,17.195105,264.2308,274.20792,2.2541769,3.6331463,12.790901
91.24682,17.19258,268.1437,275.95026,2.2740653,3.6688497,14.68991
90.96188,17.17258,272.35727,278.12137,2.4659562,3.8190243,17.978716
90.676956,17.152582,276.57083,280.29248,2.6578472,3.969199,21.15013
90.19711,17.108416,278.6673,281.8761,2.8442857,4.037641,20.267887
89.71727,17.06425,280.76376,283.45972,3.0307245,4.1060834,21.256353
89.88386,16.954752,286.76462,288.7183,3.1524365,4.0987506,21.913439
90.05045,16.845257,292.76544,293.9769,3.2741482,4.091418,23.230349
91.24086,16.770983,281.20224,282.29022,4.0568156,4.871205,40.769905
92.431274,16.69671,269.63907,270.6035,4.839483,5.650991,61.70202
89.30842,16.564665,276.31848,277.01044,5.210459,5.9296618,79.81024
86.18558,16.432621,282.99786,283.4174,5.581435,6.208332,100.20663
86.013374,16.270372,282.37552,282.73425,5.576167,6.1304164,96.15039
85.84118,16.108124,281.7532,282.05112,5.570898,6.0525007,92.51201
85.68412,16.027002,282.2358,282.5241,5.303156,5.746301,80.32239
85.52706,15.945879,282.71838,282.9971,5.035414,5.4401007,68.31033
85.99697,15.975931,285.35233,285.69803,4.760345,5.1484723,55.95286
86.46687,16.005985,287.98633,288.399,4.4852753,4.856844,45.01305
86.212814,15.979555,293.02036,293.35083,4.546348,4.896929,46.59933
85.958755,15.953125,298.05444,298.30264,4.6074204,4.937013,47.913578
84.293495,15.898788,297.95154,298.1376,4.737809,5.083877,54.09342
82.62824,15.844452,297.84863,297.97253,4.8681974,5.2307415,57.39882
81.29095,15.808897,292.3123,292.56543,4.8752956,5.2107654,54.254333
79.95366,15.773343,286.7759,287.15833,4.8823934,5.1907887,51.322662
78.67923,15.689601,280.69327,281.0439,4.840086,5.124164,49.631348
77.404816,15.605859,274.61063,274.92947,4.7977786,5.0575395,46.858307
77.044,15.530954,269.5444,269.71613,5.0215087,5.3058476,55.054176
76.683174,15.456048,264.4782,264.50278,5.245239,5.5541553,62.584267
78.228294,15.39587,263.43088,263.44705,5.375773,5.7034726,72.02235
79.7734,15.335693,262.38358,262.39136,5.5063066,5.85279,79.37469
80.62217,15.307932,264.17953,264.2469,5.4154496,5.758742,77.97667
81.47094,15.280169,265.9755,266.10242,5.3245926,5.6646943,77.1948
79.823105,15.381104,264.07123,264.21835,5.2942657,5.657075,72.68636
78.17528,15.482042,262.16693,262.33432,5.263939,5.649455,70.20518
77.994804,15.558386,259.9805,260.0377,5.2221766,5.605413,68.09508
77.81434,15.634729,257.79404,257.74106,5.1804147,5.5613704,66.082115
77.320786,15.722835,255.69199,255.74716,4.8925476,5.26158,54.135323
76.82723,15.810941,253.58994,253.75327,4.6046805,4.961789,42.638927
76.44752,15.900712,242.29231,242.64622,3.8513267,4.1367726,21.787449
76.0678,15.990481,230.99467,231.53918,3.097973,3.3117557,12.141484
76.41189,16.059307,215.11139,215.7666,3.191063,3.4052908,14.02943
76.755974,16.128134,199.22812,199.99399,3.2841527,3.4988263,19.031958
77.15849,16.19348,196.01605,196.83977,3.4518964,3.6949725,22.606533
77.561005,16.258823,192.80399,193.68556,3.61964,3.8911185,25.021643
78.025894,16.34199,188.6152,189.41304,3.9989715,4.336474,33.2511
78.490776,16.425158,184.42645,185.14055,4.378303,4.7818294,48.501816
78.75881,16.517944,185.9592,186.76205,5.150468,5.753529,84.69761
79.02685,16.610731,187.49196,188.38356,5.922632,6.7252293,131.63895
79.045105,16.61415,193.09242,193.8198,6.686073,7.6403418,182.23529
79.06336,16.617565,198.69289,199.25604,7.4495144,8.555454,243.21992
79.10877,16.585735,202.40288,203.00763,7.4391384,8.502552,240.24721
79.15419,16.553904,206.11287,206.75922,7.428762,8.449648,237.17918
79.126915,16.566584,206.27226,206.79778,7.265277,8.268448,225.63031
79.09964,16.579266,206.43166,206.83638,7.101793,8.087248,214.5353
80.20976,16.416101,209.88686,210.15512,6.9530272,7.873889,199.0862
81.31989,16.252935,213.34204,213.47388,6.804262,7.66053,182.4984
82.87372,16.08333,211.70631,211.77107,6.01012,6.648192,125.26262
84.42754,15.913724,210.07062,210.06828,5.2159767,5.635854,75.465034
84.8678,15.783813,217.68126,217.7051,5.1091805,5.500908,70.09721
85.30805,15.653904,225.2919,225.34193,5.002384,5.3659625,62.829464
85.3995,15.607493,231.22906,231.31638,5.0244384,5.386792,63.305935
85.49095,15.561083,237.16623,237.29082,5.0464926,5.4076223,62.78526
85.14433,15.571518,244.45724,244.60054,4.7721934,5.1022153,51.68399
84.797714,15.581953,251.74829,251.91025,4.497894,4.7968082,43.334892
84.671974,15.584498,256.9219,257.05627,4.401424,4.668872,40.643116
84.54623,15.587043,262.09555,262.2023,4.3049536,4.5409355,37.883068
84.058426,15.531808,269.01807,269.14844,4.3522005,4.5995064,40.64747
83.570625,15.476573,275.94058,276.0946,4.3994474,4.6580772,41.004505
81.34242,15.549017,276.268,276.35938,4.2993765,4.5534916,36.34659
79.11422,15.62146,276.59537,276.6241,4.199305,4.4489055,31.517622
78.67941,15.583815,272.8612,272.8354,4.393347,4.6350746,36.006084
78.244606,15.54617,269.12704,269.04663,4.5873885,4.821244,41.316105
78.83995,15.45247,266.35446,266.26642,4.8114924,5.0646386,49.942024
79.4353,15.358772,263.58188,263.48618,5.035596,5.308034,59.39109
78.662895,15.359006,261.5296,261.46622,4.939754,5.2152457,55.706055
77.89049,15.35924,259.47733,259.44626,4.8439116,5.122457,51.853653
77.32896,15.427648,255.62236,255.5921,4.8010015,5.0808825,48.290432
76.767426,15.496057,251.76736,251.73796,4.758092,5.039308,44.474846
76.05233,15.568119,248.70294,248.65936,4.7466407,5.031588,41.566616
75.33724,15.640181,245.63852,245.58075,4.735189,5.023868,39.16801
75.21345,15.693919,243.1467,243.11317,4.7287154,5.019062,39.822533
75.08965,15.747657,240.6549,240.64557,4.7222424,5.0142565,41.120293
75.44276,15.775452,239.22884,239.21985,4.5536933,4.831511,37.06454
75.79585,15.8032465,237.80275,237.79411,4.385144,4.6487656,32.551304
75.666336,15.856991,233.26997,233.26215,4.172295,4.423215,27.9205
75.53682,15.910737,228.7372,228.73018,3.9594464,4.197664,24.460413
75.50573,15.959139,221.05624,221.15198,3.6720152,3.8936296,19.733631
75.47464,16.007542,213.37527,213.57378,3.3845837,3.589595,18.029716
75.516884,16.063805,204.6838,204.912,3.424297,3.633961,21.926956
75.55912,16.12007,195.99234,196.25024,3.4640105,3.678327,25.411976
76.281075,16.07085,192.21144,192.29932,3.6649773,3.886706,27.309776
77.00301,16.02163,188.43056,188.34839,3.8659446,4.095085,28.533043
79.6645,15.851297,184.81845,184.71889,3.9642048,4.19183,23.47764
82.32597,15.680965,181.20634,181.08937,4.0624657,4.288575,21.42448
83.70761,15.585658,180.8547,180.74283,4.0475626,4.2742386,19.764877
85.08926,15.490351,180.50308,180.3963,4.03266,4.259902,19.518505
85.01001,15.529345,177.06393,177.01021,3.8865426,4.10747,14.354062
84.93076,15.568339,173.62477,173.62411,3.7404246,3.955038,11.026103
85.19252,15.605033,172.24718,172.22882,3.495584,3.6974247,5.48185
85.45428,15.6417265,170.86958,170.83353,3.2507434,3.4398117,1.4351584
86.2712,15.564336,183.48215,183.2128,2.6280847,2.7783828,-5.323717
87.08813,15.486945,196.09471,195.59207,2.0054257,2.1169536,-10.497821
87.84414,15.385802,220.5223,219.44046,1.5456302,1.6247106,-13.253457
88.60016,15.284658,244.94989,243.28885,1.0858345,1.1324675,-14.495028
86.4577,15.32277,173.42339,173.77147,1.0474164,1.0796819,-8.82737
84.31524,15.360881,101.89689,104.25407,1.0089984,1.0268962,-6.645117
84.518326,15.353236,75.50972,76.90695,1.4335144,1.4685589,-9.657672
84.72141,15.345592,49.122562,49.559826,1.8580304,1.9102216,-23.29781
84.35242,15.391246,37.621967,38.00146,2.0701191,2.145784,-19.354538
83.98343,15.4369,26.121374,26.443102,2.282208,2.3813462,-14.7580385
85.5882,15.241318,26.603102,26.939644,2.7676544,2.901144,-10.756239
87.19298,15.045735,27.08483,27.436186,3.2531009,3.4209418,-7.0150156
86.72718,15.037942,22.060349,22.37873,3.6237767,3.81944,3.9027166
86.26139,15.030148,17.035868,17.321274,3.9944522,4.217938,17.029547
86.06639,15.035075,18.862606,19.186619,4.218003,4.451378,24.568844
85.8714,15.040002,20.689346,21.051964,4.4415536,4.6848183,31.772015
86.24981,15.004549,100.5766,100.90584,4.538906,4.785353,31.152637
86.62821,14.969095,180.46384,180.75974,4.636259,4.8858886,43.711617
87.425896,14.925133,261.8856,262.16495,4.975861,5.256738,58.63292
88.22358,14.881167,343.30734,343.57016,5.3154635,5.6275887,61.45767
88.05701,14.903372,340.07767,340.29428,5.6682496,6.011049,74.48482
87.890434,14.925574,336.848,337.01843,6.0210357,6.394509,90.84089
87.198,15.031588,334.70493,334.82138,6.1758947,6.56579,102.12569
86.50556,15.137601,332.56186,332.62433,6.3307533,6.737072,111.820045
84.93504,15.304705,327.8225,327.88226,6.6667924,7.141466,135.32213
83.364525,15.471809,323.08316,323.14017,7.0028305,7.5458612,158.92876
81.58112,15.589639,321.00427,321.05624,7.4421225,8.055094,185.26266
79.79772,15.707469,318.92535,318.97232,7.8814144,8.564326,214.22664
78.591675,15.806527,319.0303,319.15082,7.817231,8.493953,208.93295
77.38563,15.905585,319.13525,319.32935,7.7530484,8.423579,202.99477
77.07192,15.946388,319.33423,319.5501,7.445148,8.078765,181.7352
76.75821,15.98719,319.53317,319.7709,7.1372476,7.73395,161.42062
76.78369,16.027245,318.96808,319.2175,6.9930243,7.578912,152.6804
76.80917,16.067297,318.40295,318.66412,6.8488007,7.423874,144.02716
76.769424,16.095486,318.24332,318.5395,6.7807674,7.34774,139.68716
76.729675,16.123674,318.08365,318.41486,6.7127337,7.271607,135.55833
76.92237,16.127954,317.8436,318.15396,6.4767637,7.008303,122.554756
77.11507,16.132236,317.60355,317.89304,6.240794,6.7449994,109.99241
77.80991,16.09924,315.8089,316.11047,6.0810213,6.5621753,100.158424
78.50476,16.06624,314.01422,314.32794,5.9212484,6.3793507,91.41937
78.753914,16.08483,313.41608,313.68253,5.803339,6.243668,85.38441
79.003075,16.10342,312.8179,313.0371,5.6854296,6.107986,79.4544
79.7939,16.068117,311.61374,311.76147,5.8328466,6.2767873,87.62313
80.584724,16.032814,310.40958,310.4858,5.980264,6.4455886,96.73245
80.30782,16.069313,310.78677,310.77008,5.821059,6.2809734,89.10091
80.03094,16.105814,311.164,311.05438,5.6618543,6.1163583,81.58673
79.57372,16.142704,310.8372,310.7486,5.631241,6.0836816,79.57122
79.11649,16.179596,310.5104,310.44284,5.6006274,6.051005,77.21797
78.99633,16.195204,310.3774,310.36462,5.66245,6.1152287,79.900604
78.87617,16.21081,310.24442,310.28644,5.724272,6.179452,82.5914
79.10918,16.190197,310.74738,310.844,5.6222143,6.0592284,77.01652
79.34219,16.169586,311.25037,311.40158,5.5201573,5.939005,71.78857
80.3414,15.915038,308.7232,308.8835,5.194496,5.57165,60.172592
81.3406,15.660488,306.19604,306.3655,4.868836,5.2042947,51.590336
81.035995,15.673156,307.8963,308.06482,5.044513,5.4079723,58.756542
80.73139,15.685822,309.59656,309.76413,5.220191,5.61165,64.93326
81.81938,15.643701,310.24023,310.47006,5.3518047,5.752571,71.7873
82.90737,15.60158,310.88388,311.176,5.483418,5.8934917,77.56175
84.53254,15.498482,312.758,313.05145,5.562904,5.9728017,80.96087
86.15771,15.395383,314.6321,314.92694,5.642389,6.0521116,83.98888
86.11985,15.390474,317.6387,317.87674,5.7102532,6.127937,86.18902
86.081985,15.385566,320.64532,320.82657,5.778118,6.203762,88.532845
85.50975,15.412123,324.10522,324.2508,5.873676,6.314361,92.62602
84.937515,15.438681,327.56512,327.67505,5.969234,6.424959,96.70653
84.15093,15.478192,329.34106,329.4866,5.551976,5.963228,76.606316
83.36434,15.517703,331.117,331.2982,5.1347184,5.5014977,60.0524
83.03953,15.524733,328.68613,328.86783,4.5803885,4.8860846,42.170063
82.71472,15.531762,326.25522,326.43747,4.026059,4.270672,27.838764
82.449486,15.56886,321.4222,321.62048,3.6722171,3.8857877,18.29501
82.18426,15.605957,316.5892,316.80347,3.3183753,3.5009038,12.300631
82.16349,15.623821,312.1819,312.34155,3.3992944,3.5807207,11.626968
82.142715,15.641686,307.7746,307.87958,3.480213,3.6605375,11.993073
82.764244,15.599011,303.29315,303.41278,3.9071279,4.119481,21.472054
83.38578,15.556335,298.81168,298.94598,4.334043,4.578425,34.749756
83.9767,15.515178,297.3597,297.48453,4.393237,4.6579247,38.350067
84.567635,15.474019,295.90775,296.02307,4.452431,4.7374244,41.748775
84.28487,15.515305,293.6721,293.7807,4.291989,4.562029,35.63376
84.0021,15.55659,291.43643,291.53833,4.131546,4.386633,30.01014
84.13788,15.565305,291.0557,291.17566,4.306861,4.579443,36.60079
84.27367,15.5740185,290.67496,290.813,4.4821754,4.7722535,43.194283
84.18116,15.597,294.4218,294.5601,4.5354166,4.834288,45.095703
84.08864,15.619982,298.16867,298.30722,4.5886574,4.8963227,46.773872
83.80241,15.655265,300.23724,300.39548,4.5765777,4.8915195,46.07312
83.516174,15.690549,302.30582,302.48376,4.5644975,4.886716,45.31635
82.352165,15.788516,303.3272,303.45807,4.6349115,4.980828,46.691086
81.188156,15.886485,304.3486,304.4324,4.705325,5.07494,47.243122
80.32451,15.941634,304.06192,304.2141,4.5199,4.8723674,38.690758
79.46085,15.996783,303.77527,303.99585,4.3344746,4.6697946,31.792656
79.5839,16.000029,301.38928,301.62576,4.4128847,4.7515736,33.92837
79.70695,16.003277,299.00333,299.25568,4.4912953,4.833352,36.2708
79.99984,15.962117,299.73178,299.93604,4.057806,4.3453994,26.708704
80.29274,15.92096,300.4602,300.6164,3.6243165,3.857447,16.51976
80.736244,15.877165,296.90833,297.0386,3.2831671,3.47792,9.668311
81.17974,15.83337,293.35645,293.4608,2.9420178,3.0983932,3.3254592
81.59868,15.787177,288.38547,288.4609,2.9202247,3.0704503,1.7293401
82.01762,15.740984,283.4145,283.46106,2.8984318,3.0425072,0.7788177
82.35921,15.712562,280.0966,280.1098,3.1908753,3.3599575,4.7332916
82.7008,15.684139,276.77866,276.7585,3.483318,3.6774073,10.579271
82.72794,15.660403,275.87946,275.87875,3.5929701,3.7997057,13.907516
82.75508,15.636668,274.98026,274.999,3.7026224,3.9220042,17.342323
82.972275,15.674517,245.25151,245.281,3.668501,3.8830996,17.264984
83.189476,15.712365,215.52277,215.56303,3.6343796,3.8441951,9.490955
81.93454,15.807331,220.17053,220.26344,4.144677,4.4216537,28.047453
80.67961,15.902297,224.81828,224.96384,4.6549745,4.9991117,49.8186
80.3243,15.967577,230.52466,230.68306,4.859116,5.228083,58.091026
79.96901,16.032858,236.23103,236.40231,5.063258,5.4570537,66.079735
80.07558,16.082417,243.00327,243.17218,5.2250648,5.618576,71.46701
80.18215,16.131975,249.77548,249.94208,5.3868713,5.780099,75.34325
80.825096,16.070894,253.47948,253.6887,5.455888,5.842085,78.080925
81.46803,16.009813,257.1835,257.43533,5.5249047,5.9040713,82.48929
81.438484,15.934278,255.76683,255.96234,5.6198263,5.996498,86.18644
81.408936,15.858741,254.35017,254.48936,5.714748,6.088925,89.92265
82.23555,15.775294,254.21266,254.33032,5.719896,6.0944347,92.80905
83.06217,15.691847,254.07516,254.1713,5.725044,6.099944,94.04293
82.837555,15.659238,256.9131,257.03806,5.6692104,6.0384135,91.75608
82.61294,15.626628,259.751,259.90482,5.6133776,5.976883,89.40883
82.541504,15.608359,263.00555,263.218,5.811635,6.193386,97.98861
82.47007,15.590092,266.2601,266.5312,6.009893,6.409889,107.52535
81.98023,15.568141,266.78113,267.04175,6.157618,6.5597444,113.027664
81.49039,15.546189,267.30212,267.5523,6.305344,6.709599,118.24533
81.0301,15.487326,267.73682,267.90765,6.463536,6.887036,125.70798
80.56982,15.42846,268.1715,268.263,6.6217275,7.064472,133.65431
80.24433,15.478383,267.39832,267.515,6.405982,6.8486853,122.70437
79.91885,15.528307,266.6251,266.76703,6.190236,6.6328983,111.83533
80.276115,15.648392,266.32617,266.4903,6.084476,6.534866,107.049034
80.63337,15.768477,266.02725,266.21356,5.978716,6.436833,102.513695
80.52754,15.912494,261.503,261.69507,5.7154875,6.1553555,89.57532
80.421715,16.056513,256.97873,257.17657,5.4522586,5.8738775,78.06758
79.693306,16.153364,258.0499,258.34305,5.6158085,6.0906014,84.68133
78.9649,16.250217,259.1211,259.50955,5.7793584,6.3073254,92.182236
77.87277,16.37988,258.67307,259.0664,5.6541386,6.1984534,87.36129
76.78064,16.509546,258.22507,258.62326,5.528919,6.089581,83.105484
77.38635,16.507057,254.05128,254.42134,5.509407,6.076302,83.82436
77.992065,16.504568,249.8775,250.21944,5.4898944,6.063022,85.47974
77.86195,16.613722,244.07512,244.51698,5.419211,5.9814363,84.94937
77.73184,16.722874,238.27275,238.81454,5.3485274,5.89985,85.48879
78.4593,16.763647,235.72672,236.31046,5.422273,6.0166106,91.29088
79.18676,16.80442,233.1807,233.80637,5.496019,6.133372,98.317055
80.28306,16.747839,233.54793,233.93973,5.695798,6.394179,109.907455
81.37937,16.691261,233.91515,234.07312,5.895577,6.6549864,123.76
81.72112,16.67836,233.58755,233.74432,6.1962676,7.020168,143.74583
82.06288,16.66546,233.25996,233.41554,6.4969587,7.3853493,165.99973
81.27303,16.573065,244.97542,245.2783,6.9227,7.854427,191.34444
80.483185,16.480669,256.69086,257.14108,7.348441,8.323505,221.56065
79.31027,16.491428,263.96207,264.38516,6.8449993,7.665203,170.18062
78.13737,16.50219,271.2333,271.62927,6.3415575,7.0069013,125.607216
77.71237,16.306566,279.16132,279.51028,6.6789846,7.3304906,144.69707
77.28738,16.11094,287.08936,287.39127,7.016411,7.6540794,164.03049
76.91166,15.938592,281.09045,281.42725,7.048832,7.7152715,167.83405
76.53595,15.766242,275.09155,275.46317,7.0812535,7.7764626,171.33649
75.84235,15.640837,275.4035,275.79672,7.1784596,7.8505177,172.0714
75.14874,15.515431,275.71545,276.13025,7.2756667,7.924573,173.02469
76.393654,15.343435,275.2225,275.56137,7.4372144,8.070434,185.90976
77.63857,15.171438,274.72952,274.9925,7.598762,8.216294,198.59802
78.63253,15.04209,278.65488,278.89816,7.6397643,8.24676,202.35803
79.626495,14.912744,282.58017,282.80377,7.680768,8.277227,204.94675
81.36725,14.704336,289.1546,289.28104,7.7716146,8.365554,210.82765
83.108,14.495928,295.729,295.7583,7.8624625,8.453881,217.01093
83.31215,14.353212,296.69153,296.68842,7.680305,8.242198,206.53433
83.5163,14.210497,297.65405,297.61853,7.498148,8.030514,195.14543
80.72288,14.360867,297.46854,297.5121,7.447477,7.989423,186.13116
77.92945,14.511238,297.283,297.40567,7.396806,7.948331,178.28809
77.34506,14.3866005,298.55762,298.7655,7.4126124,7.9216495,174.16792
76.76066,14.261963,299.83224,300.12537,7.428419,7.894968,171.01273
78.87942,14.041105,303.10016,303.31808,7.517295,7.9900074,182.88593
80.99817,13.820249,306.36807,306.51077,7.6061707,8.085047,195.62144
78.633415,14.052102,308.9058,308.98642,7.8157806,8.392201,208.9007
76.26867,14.283956,311.44354,311.46207,8.025391,8.699356,226.26013
72.7656,14.418574,308.38055,308.4937,8.252642,8.912333,237.53278
69.26254,14.553192,305.31757,305.52533,8.479894,9.12531,261.37543
69.18089,14.507282,302.8608,303.0463,8.422215,9.050165,257.2492
69.09924,14.461372,300.40402,300.56726,8.364538,8.97502,253.19427
71.53439,14.202106,298.18607,298.38727,8.559246,9.185589,252.33942
73.969536,13.942841,295.96814,296.20728,8.753956,9.396159,263.54935
72.16676,14.129564,293.36603,293.54782,8.775951,9.479724,271.46555
70.36399,14.316288,290.76392,290.8884,8.797948,9.563288,287.40558
73.31783,14.17237,288.3875,288.45618,9.0473175,9.838763,295.52505
76.27168,14.028453,286.0111,286.02396,9.296688,10.11424,311.3134
79.35319,13.938045,282.41754,282.50095,9.569111,10.457552,330.7078
82.43469,13.847636,278.8239,278.978,9.841534,10.800864,358.52997
83.98148,13.77733,282.63684,282.86838,10.261566,11.340406,385.56998
85.52828,13.707025,286.44977,286.75873,10.681598,11.87995,410.3848
84.48267,13.915765,295.23706,295.64633,10.499397,11.699274,399.95673
83.43706,14.124505,304.02432,304.53394,10.317195,11.518599,391.18738
81.22921,14.42584,310.2736,310.8354,10.080883,11.23998,381.14877
79.02136,14.727177,316.52292,317.1368,9.844569,10.961359,369.27014
77.13145,14.892246,320.54462,321.0426,9.377903,10.400855,335.35947
75.24152,15.057315,324.56638,324.94836,8.911238,9.840349,297.94037
74.53078,15.110794,323.85794,324.23672,8.679537,9.544011,277.35303
73.82003,15.164273,323.14948,323.5251,8.447836,9.247674,257.56882
76.29549,15.002964,321.06937,321.51926,8.47695,9.245946,257.5237
78.77094,14.841655,318.98923,319.51343,8.506064,9.244216,256.97946
81.090965,14.724626,319.1897,319.59506,8.607953,9.365633,266.11295
83.41098,14.6075945,319.39017,319.67667,8.709843,9.48705,276.62448
83.11373,14.626152,321.2982,321.5288,8.778565,9.574447,281.3215
82.81648,14.644708,323.20624,323.38098,8.847288,9.661842,286.0621
80.263145,14.898973,324.51733,324.65335,8.72489,9.544748,278.07828
77.70981,15.153238,325.82846,325.92575,8.60249,9.427653,269.94968
78.365974,15.080192,325.84253,325.9618,8.400693,9.17626,254.56432
79.02214,15.007144,325.8566,325.99783,8.198895,8.924866,239.42847
79.08126,15.015913,323.69003,323.82114,7.9994326,8.702464,226.1242
79.14038,15.024683,321.5235,321.64444,7.7999706,8.480062,212.9731
79.32627,14.969619,319.62006,319.75674,7.7176795,8.375522,206.64095
79.51216,14.914555,317.7166,317.86908,7.6353893,8.270982,200.48425
79.2794,14.926237,316.18774,316.41187,7.490157,8.089765,189.0283
79.04665,14.937921,314.6589,314.95465,7.3449254,7.9085464,177.52336
79.0544,14.90729,315.08112,315.197,7.0186915,7.5460706,158.39923
79.06214,14.876658,315.50333,315.4393,6.692459,7.1835947,140.12308
77.49443,15.030086,314.00754,313.93127,6.5014997,6.999838,128.53468
75.92672,15.183513,312.51178,312.42325,6.31054,6.816081,117.54975
74.19082,15.263551,308.95706,308.98264,6.3694777,6.8667283,117.35162
72.45492,15.343591,305.4024,305.542,6.428415,6.917376,113.30783
71.37742,15.382024,304.0383,304.19418,6.230993,6.7013416,98.435135
70.29993,15.420458,302.67422,302.8463,6.03357,6.4853067,86.52451
69.88113,15.470701,301.90424,302.12012,5.828915,6.2610946,75.563156
69.462326,15.520945,301.13425,301.39386,5.6242604,6.036883,65.29133
69.60976,15.551772,300.69775,300.9325,5.449469,5.836689,57.08874
69.757195,15.582598,300.26132,300.4711,5.274678,5.6364946,49.337753
70.08366,15.579904,297.66602,297.86578,5.0000196,5.338053,38.327774
70.41011,15.57721,295.0707,295.26053,4.7253613,5.039612,29.877945
70.874886,15.650012,291.33203,291.59705,4.570817,4.882673,25.172178
71.33965,15.722812,287.59332,287.93356,4.4162726,4.7257338,21.656916
71.7456,15.752742,286.10654,286.4261,4.2268844,4.5157404,19.45169
72.15153,15.782671,284.61972,284.9186,4.037496,4.3057475,16.941637
72.87734,15.803725,283.4779,283.72897,3.7415273,3.9757032,14.458936
73.60316,15.824778,282.33606,282.5393,3.4455588,3.6456592,13.131245
74.10763,15.815659,277.8027,277.89532,3.2016926,3.3828518,12.051071
74.6121,15.80654,273.26932,273.25134,2.9578261,3.1200442,11.439201
74.60757,15.813916,274.1644,274.10986,2.471898,2.6011424,10.270914
74.603035,15.821293,275.05948,274.96838,1.98597,2.0822403,10.405726
74.657005,15.830407,265.56808,265.40372,1.59207,1.6606615,10.599795
74.710976,15.839521,256.07672,255.839,1.1981697,1.2390827,12.398039
74.68109,15.849555,228.08978,227.99246,1.047303,1.0820469,8.606355
74.6512,15.859589,200.10286,200.14594,0.8964363,0.92501116,-6.5393286
74.73384,15.873732,184.68414,184.76262,1.1922274,1.240868,-10.177896
74.816475,15.887876,169.26546,169.3793,1.4880183,1.556725,-10.602005
75.05617,15.922102,165.07484,165.31499,1.8879366,1.9894786,-9.673803
75.29586,15.956329,160.88423,161.25066,2.2878547,2.4222322,-9.721967
75.35832,16.010603,158.68542,159.03923,2.6696408,2.849421,-7.654979
75.42079,16.064873,156.4866,156.82782,3.051427,3.27661,-1.1715618
75.00167,16.152235,158.34383,158.72318,3.2640147,3.5318263,5.742657
74.58256,16.239597,160.20105,160.61853,3.4766023,3.7870429,13.502634
74.52747,16.315456,157.92632,158.46347,3.570606,3.9124606,16.185083
74.47238,16.391314,155.6516,156.30843,3.6646094,4.037878,19.250343
75.35898,16.383621,155.28804,155.83849,3.621227,3.9864943,17.830875
76.245575,16.375929,154.9245,155.36855,3.5778446,3.93511,16.790825
76.4677,16.416004,154.93744,155.31154,3.471707,3.8224757,14.567003
76.689804,16.456078,154.95038,155.25453,3.36557,3.7098413,12.306777
76.803444,16.507286,150.09102,150.40717,3.36101,3.7170029,12.218984
76.91709,16.558493,145.23169,145.5598,3.3564498,3.7241645,13.256463
77.32079,16.555986,142.30602,142.627,3.3724864,3.7475111,13.7435255
77.7245,16.55348,139.38036,139.6942,3.3885229,3.7708576,14.105599
77.72483,16.591785,127.56717,128.03175,3.4478204,3.8432612,17.143696
77.72517,16.63009,115.75398,116.3693,3.5071175,3.9156647,19.451248
77.15853,16.724026,110.88921,111.69829,3.6266599,4.104087,27.700546
76.591896,16.817963,106.02445,107.02728,3.746202,4.292509,35.762077
76.36257,16.857115,105.601524,106.63633,4.410968,5.0908937,55.729134
76.133255,16.896267,105.178604,106.24536,5.075734,5.889278,84.163895
76.91881,16.823563,104.27344,105.06018,5.4473925,6.3331366,100.42331
77.70436,16.750858,103.368286,103.875,5.8190513,6.7769947,118.66255
77.96841,16.749083,103.830574,104.40889,5.9574504,6.939597,126.42886
78.23245,16.747309,104.29286,104.942795,6.0958495,7.1021996,134.18979
78.36322,16.764694,101.73707,102.505615,6.2382245,7.28818,143.80182
78.49398,16.782082,99.181274,100.06844,6.3806005,7.4741607,154.31528
79.12995,16.736908,100.17346,100.99081,6.465863,7.5540524,157.35063
79.76592,16.691736,101.16564,101.91317,6.551126,7.633943,160.79828
80.61755,16.660059,102.5764,103.483696,6.3862033,7.432079,147.59514
81.46919,16.628384,103.98717,105.05422,6.2212806,7.230214,134.91505
82.26752,16.614998,103.89602,105.29137,5.8660617,6.7911425,110.211494
83.06584,16.601614,103.80488,105.528496,5.510843,6.3520703,87.60202
83.87429,16.668947,104.10944,106.81937,5.110354,5.9484773,69.46248
84.68275,16.73628,104.41402,108.11024,4.709865,5.544884,51.377357
85.77912,16.778889,104.26179,109.18415,4.3433022,5.2617197,39.621
86.875496,16.821499,104.10956,110.25805,3.9767394,4.978555,29.632944
86.30731,16.946991,103.8166,109.83829,3.8421752,4.9318247,27.400387
85.739136,17.072483,103.52362,109.41851,3.7076106,4.8850946,25.674677
85.24999,17.120798,105.25974,110.57948,3.6720107,4.9357104,28.43918
84.76085,17.169113,106.99585,111.740456,3.6364112,4.986326,32.938026
84.74001,17.175047,104.70079,109.045074,3.7522407,5.1260676,36.56929
84.71917,17.180983,102.40573,106.34968,3.8680704,5.2658095,41.131874
84.376915,17.182732,98.24217,102.00047,3.9416776,5.3237457,42.53994
84.03466,17.184483,94.07862,97.65127,4.015285,5.3816824,44.205956
83.67706,17.21546,92.17795,95.54037,4.0566854,5.4678893,48.89044
83.31947,17.24644,90.27728,93.42947,4.098086,5.5540967,53.706512
83.39603,17.231833,89.29484,92.56242,4.1092157,5.544058,53.052116
83.47259,17.217228,88.31239,91.695366,4.120345,5.534019,52.36873
83.98728,17.182093,86.40021,89.84215,4.126897,5.490534,51.2149
84.50197,17.146957,84.48802,87.98892,4.133449,5.4470477,50.492584
84.40665,17.141539,83.68645,87.22347,4.0361176,5.3278975,44.75846
84.31133,17.136122,82.884865,86.45803,3.9387863,5.208748,39.24319
84.28272,17.13883,81.30665,85.14117,3.7514694,4.9803,30.183199
84.25412,17.141539,79.728424,83.8243,3.564152,4.751852,23.784626
81.460335,16.896238,75.123665,77.68767,3.577064,4.5138936,11.475931
78.66656,16.65094,70.518906,71.55103,3.589976,4.2759347,10.334007
78.41094,16.601507,68.87424,69.8196,3.468186,4.0754013,8.655366
78.155334,16.552076,67.22957,68.08817,3.3463957,3.874868,6.7548714
77.88699,16.507158,67.647766,68.36878,3.2187445,3.6959047,5.7409487
77.618645,16.46224,68.06596,68.64939,3.0910935,3.5169418,4.478263
77.35553,16.434383,65.94334,66.55089,2.9349473,3.3146598,3.3477745
77.09241,16.406525,63.82071,64.452385,2.778801,3.112378,1.7271428
77.03214,16.390162,58.52219,59.156685,2.5773888,2.866771,-1.4649109
76.971886,16.373796,53.22367,53.860985,2.3759763,2.6211643,-5.382223
76.96494,16.359863,47.939236,48.55039,2.2710075,2.491656,-8.231853
76.958,16.34593,42.654797,43.23979,2.166039,2.3621476,-9.853934
76.892914,16.330372,34.474434,35.02126,2.336462,2.5457306,-8.080246
76.82782,16.314814,26.294067,26.802725,2.5068853,2.7293139,-4.9343967
76.80659,16.31513,21.480074,21.95245,2.8538907,3.1317046,2.527791
76.785355,16.315447,16.66608,17.102177,3.200896,3.5340953,10.712983
76.9856,16.34274,23.906765,14.405498,3.3070033,3.6892438,20.764011
77.18585,16.37003,31.14745,11.708817,3.4131103,3.8443925,35.982044
77.84423,16.414127,30.971224,11.639135,3.3332105,3.792112,36.22976
78.5026,16.458225,30.794992,11.569452,3.253311,3.7398314,36.164318
79.21565,16.474638,22.155172,13.148341,3.0317585,3.5016973,18.409313
79.9287,16.49105,13.515352,14.727231,2.8102064,3.2635632,5.559423
80.77729,16.506271,51.513046,33.44447,2.6465461,3.1140506,9.933697
81.62588,16.52149,89.51074,52.161705,2.482886,2.964538,12.480783
82.45164,16.528843,135.15236,108.63129,2.3741999,2.8604426,6.8368125
83.277405,16.536194,180.79396,165.10089,2.2655137,2.7563472,11.718575
83.966545,16.531721,257.79587,227.6974,2.3315272,2.8353713,33.249386
84.655685,16.527245,334.79776,290.29395,2.3975408,2.9143956,89.73493
85.108086,16.510534,336.55145,316.9707,2.375884,2.8971941,33.133717
85.56048,16.493822,338.3051,343.64752,2.354227,2.8799932,13.102618
85.74214,16.476025,332.75565,338.59393,2.2075524,2.6758683,8.122889
85.9238,16.45823,327.20618,333.5404,2.060878,2.4717433,3.5849617
86.17249,16.445427,323.59494,329.4227,2.0268295,2.4163015,1.6995802
86.421196,16.432625,319.9837,325.305,1.9927808,2.3608596,-0.119662836
86.51297,16.416197,317.89206,322.21933,2.0258148,2.4191709,0.18909883
86.604744,16.39977,315.80045,319.1337,2.0588486,2.4774826,0.49102518
86.287384,16.381506,315.95474,318.28427,1.7342353,2.0903468,-2.0903406
85.97003,16.363243,316.109,317.43484,1.4096221,1.7032114,-3.540456
85.83624,16.347408,298.06766,301.68854,1.1999199,1.4336351,-9.117696
85.70245,16.331573,280.02625,285.94223,0.9902178,1.1640587,-9.978292
85.70746,16.322594,278.83948,267.76776,0.8312741,0.9878409,-2.1745076
85.712456,16.313616,277.65274,249.59329,0.6723304,0.8116231,11.603589
85.90904,16.30217,277.6342,264.41132,0.8403668,1.0114938,-0.77981544
86.10561,16.290724,277.6157,279.22937,1.0084032,1.2113645,-8.5622425
86.04011,16.296022,250.62256,254.47714,1.1643426,1.4086304,-5.714764
85.9746,16.30132,223.62941,229.72496,1.3202821,1.605896,-4.415193
86.28314,16.297474,217.49599,222.90456,1.7966567,2.210531,-2.7890751
86.59169,16.293627,211.36255,216.08414,2.2730312,2.8151658,1.5720555
88.995186,16.074247,208.08636,210.53441,3.0283456,3.5108225,10.848021
91.39868,15.854869,204.8102,204.9847,3.7836602,4.2064795,25.90856
90.438255,15.957991,208.98851,209.20856,4.122253,4.617942,39.028957
89.47784,16.061113,213.16684,213.43245,4.4608455,5.029404,52.66107
89.159515,16.136728,218.59439,218.83395,4.694524,5.335346,64.19299
88.841194,16.212341,224.02194,224.23547,4.928202,5.6412888,76.50389
88.5387,16.266998,228.93713,229.343,4.9217925,5.719364,79.39354
88.23619,16.321655,233.85233,234.45055,4.9153833,5.7974386,82.2266
87.94812,16.365744,233.60127,234.37512,4.930261,5.880888,86.52297
87.66006,16.40983,233.35025,234.29973,4.9451385,5.9643373,90.934685
88.127686,16.423138,235.5204,236.87296,4.693678,5.7108874,78.073296
88.59532,16.436443,237.69052,239.44621,4.442217,5.4574375,66.877525
88.307014,16.470669,230.90608,234.17422,4.509179,5.6311293,73.444786
88.01871,16.504896,224.12163,228.9022,4.5761414,5.8048215,79.928894
87.43012,16.569874,221.98804,226.72926,4.7707224,6.1463,98.41444
86.84154,16.634853,219.85448,224.55629,4.965304,6.4877777,119.28233
87.392265,16.683405,219.75348,224.12363,5.139013,6.772772,137.40846
87.94299,16.731958,219.6525,223.69098,5.3127217,7.057766,157.14883
88.32942,16.762207,220.37422,224.30153,5.359247,7.17858,166.22261
88.71584,16.792456,221.09593,224.91208,5.4057727,7.2993937,173.78416
88.94261,16.816854,222.09146,225.80089,5.380372,7.33029,175.76196
89.169395,16.841251,223.08699,226.68974,5.3549714,7.3611865,178.31903
89.391716,16.84783,225.80103,229.57393,5.047911,7.0661626,154.95665
89.61404,16.85441,228.51509,232.45813,4.7408504,6.771139,134.40422
89.775566,16.854528,226.69168,231.47102,4.5282426,6.54016,118.64458
89.937096,16.854649,224.86826,230.48393,4.3156343,6.309182,105.97655
89.93351,16.875042,223.00995,228.8763,4.3012733,6.328778,107.94405
89.92992,16.895437,221.15164,227.26866,4.2869124,6.3483734,110.15485
89.78561,16.929825,217.6063,223.75923,4.414731,6.5545163,125.00188
89.641304,16.964212,214.06097,220.24979,4.542549,6.7606587,141.94795
89.440636,17.00041,212.64734,218.91893,4.3279557,6.601217,135.47647
89.23996,17.036608,211.23369,217.58809,4.113362,6.4417744,128.88441
89.04943,17.062616,207.77884,214.97075,3.8775985,6.208222,115.424065
88.858894,17.088627,204.32396,212.35341,3.641835,5.9746695,103.60056
88.41552,17.122446,199.9571,208.55016,3.6777854,6.0483475,107.31849
87.97214,17.156263,195.59026,204.74689,3.7137358,6.122025,111.61195
87.2043,17.198292,191.79161,201.25624,3.7824578,6.2231884,117.04882
86.436455,17.240322,187.99298,197.76561,3.8511796,6.3243523,121.75519
85.9012,17.261545,183.73636,194.06976,3.7172797,6.14298,112.15459
85.365944,17.282766,179.47972,190.37393,3.58338,5.9616084,103.75673
85.17526,17.310616,180.3829,189.3508,3.7428496,6.2620506,120.72942
84.98458,17.338463,181.28609,188.32767,3.9023192,6.562493,141.45474
85.35324,17.349659,183.04852,188.90549,3.8872628,6.6139264,148.08774
85.72189,17.360853,184.81097,189.48329,3.872206,6.66536,156.70692
86.3194,17.354145,187.33688,191.30666,3.881909,6.6549644,160.14478
86.91689,17.347437,189.8628,193.13002,3.891612,6.6445694,163.40915
87.49084,17.323612,191.46979,194.74161,3.943919,6.6823406,166.94432
88.06478,17.299788,193.0768,196.3532,3.9962258,6.720112,168.99579
90.10107,17.383709,193.37064,196.60632,4.514893,7.227529,200.67775
92.13734,17.467628,193.66447,196.85944,5.0335603,7.7349467,218.5124
92.100136,17.463057,195.43866,199.07257,4.716714,7.363967,199.99274
92.06292,17.458483,197.21284,201.28569,4.399867,6.992987,181.65016
92.399216,17.420609,196.48743,201.55835,3.993275,6.468402,151.00345
92.735504,17.382734,195.76202,201.831,3.5866828,5.9438157,120.39867
92.89241,17.35635,192.08246,199.05046,3.3732314,5.591558,101.16199
93.04932,17.329964,188.40288,196.26994,3.15978,5.2392993,85.61771
93.13928,17.307306,186.2918,193.72585,3.1798606,5.213722,84.85121
93.22924,17.284647,184.18071,191.18175,3.1999414,5.188145,83.93614
93.11199,17.27821,182.13542,188.95187,3.1964698,5.159679,83.352646
92.99474,17.271772,180.09013,186.722,3.1929984,5.1312127,82.7185
92.62872,17.276648,176.10307,182.80428,3.1778424,5.1074023,82.78263
92.2627,17.281523,172.11601,178.88655,3.1626866,5.083593,82.63369
91.38506,17.31034,171.16289,177.2568,3.1731114,5.1329303,85.91729
90.50742,17.339159,170.20975,175.62706,3.1835368,5.182268,88.51599
89.658585,17.381342,167.66023,173.32288,3.1357715,5.166702,87.00837
88.809746,17.423527,165.11072,171.01869,3.0880063,5.1511354,84.241295
88.90234,17.437553,164.2123,170.0252,3.044753,5.149995,84.94732
88.99495,17.451578,163.31386,169.03171,3.0015,5.1488543,85.62794
89.84247,17.463375,165.00536,170.36243,2.915183,5.0976653,87.11534
90.68999,17.475172,166.69684,171.69315,2.828866,5.046476,88.859085
91.414024,17.47879,164.78159,170.80783,2.7501214,4.9738045,86.04976
92.13806,17.482409,162.86632,169.92253,2.6713762,4.9011335,82.44622
92.418816,17.498781,161.56374,169.1952,2.5991867,4.8215537,78.782776
92.69957,17.515154,160.26115,168.4679,2.526997,4.7419734,74.907486
92.731,17.525703,158.90015,167.52869,2.4929795,4.701762,72.319695
92.76243,17.536255,157.53915,166.5895,2.458962,4.661551,69.94259
92.59353,17.542109,153.27304,163.56602,2.3916175,4.540057,62.71656
92.42463,17.547964,149.00696,160.54257,2.324273,4.418564,56.05439
92.16851,17.55102,143.34482,155.71269,2.3387191,4.384541,50.610214
91.9124,17.554077,137.68268,150.88281,2.353165,4.350518,45.65002
91.7078,17.547808,132.72191,145.6913,2.4220915,4.4035544,42.956978
91.503204,17.541538,127.76115,140.4998,2.4910178,4.4565907,38.861042
91.35729,17.53729,125.55471,136.84367,2.6140184,4.6486506,43.01289
91.21139,17.533041,123.348274,133.18755,2.737019,4.84071,47.672016
91.09446,17.524254,122.12002,131.10492,2.7552807,4.9217634,50.3405
90.97753,17.515469,120.891754,129.02226,2.7735424,5.002817,53.186337
90.82763,17.519249,119.22794,127.04457,2.798657,5.0419574,54.160725
90.67773,17.523027,117.56413,125.06688,2.8237712,5.0810976,54.996113
90.50301,17.52364,118.251976,125.424034,2.8504868,5.141886,57.97899
90.32831,17.52425,118.939804,125.78118,2.8772023,5.202675,61.056263
89.839615,17.534807,119.98622,126.90669,2.8956652,5.2604117,65.34777
89.350914,17.545362,121.03262,128.03223,2.9141283,5.3181477,69.79972
89.263916,17.53906,121.381485,129.31897,2.6832893,5.060306,61.844463
89.17692,17.532759,121.73035,130.60574,2.4524505,4.8024645,55.610268
89.28231,17.523613,115.200035,128.29887,2.1802976,4.363179,41.66531
89.38771,17.514465,108.669716,125.99202,1.908145,3.9238942,31.066118
90.35195,17.549622,104.552155,119.908516,2.2334487,4.3586082,31.705011
91.316185,17.584778,100.4346,113.82501,2.5587523,4.793322,40.354824
91.6401,17.529413,93.201805,108.59223,2.470946,4.567104,29.303047
91.96401,17.474047,85.96901,103.359436,2.3831398,4.3408847,20.185644
92.48129,17.426,81.70788,98.397316,2.4391074,4.394169,23.107704
92.99856,17.377956,77.44675,93.435196,2.4950747,4.4474535,25.776894
93.00276,17.363424,73.79345,89.272514,2.5655093,4.5449605,29.573345
93.00696,17.34889,70.14016,85.10984,2.6359437,4.6424675,33.04896
93.02503,17.337687,67.22018,81.3068,2.7512536,4.817735,40.769054
93.04311,17.326485,64.30019,77.50376,2.8665633,4.993002,49.33543
93.03554,17.324139,62.945015,75.23685,2.9958694,5.18431,59.037926
93.02796,17.321795,61.58984,72.969925,3.1251755,5.375618,69.78873
93.009384,17.317764,61.30684,71.92053,3.3023188,5.6300793,84.368454
92.99082,17.313734,61.023838,70.87115,3.4794621,5.8845406,100.618515
92.79061,17.332336,60.95876,70.11477,3.7398248,6.2339935,128.47401
92.5904,17.350939,60.893684,69.35839,4.000187,6.5834465,155.8038
92.1902,17.39799,61.72927,69.55243,4.243082,6.925052,183.47617
91.79,17.445042,62.564857,69.746475,4.4859767,7.266659,210.86357
91.4068,17.481562,62.765903,69.77067,4.6829185,7.5314226,229.25021
91.02359,17.518084,62.966953,69.79486,4.87986,7.7961874,245.16957
90.68467,17.563362,63.370926,70.00976,5.0572834,8.045778,258.94678
90.34574,17.608643,63.774902,70.22466,5.2347064,8.295369,271.4274
90.16259,17.636692,64.86312,71.24908,5.3505177,8.466311,279.74698
89.97944,17.664742,65.95134,72.27349,5.4663286,8.637254,288.1026
89.769485,17.699543,65.75754,72.419334,5.457159,8.6505,288.27658
89.55954,17.734344,65.56373,72.56517,5.44799,8.663747,288.33
89.42442,17.750496,65.29512,72.327965,5.612071,8.864448,298.01254
89.28931,17.76665,65.0265,72.09075,5.7761517,9.065148,307.7504
89.13367,17.794075,65.60779,72.47656,5.943392,9.284115,318.99213
88.97803,17.8215,66.18908,72.86237,6.1106315,9.503081,330.90417
88.944305,17.830338,67.06046,73.65772,6.1767225,9.596193,335.87622
88.91058,17.839176,67.93184,74.45307,6.242813,9.689304,340.80133
89.01561,17.841843,69.47154,75.8045,6.1012454,9.542764,333.324
89.12063,17.844505,71.01124,77.15592,5.9596777,9.396222,326.1364
89.421684,17.819693,70.41476,77.05574,5.751215,9.120841,311.7131
89.72273,17.794882,69.81827,76.95556,5.5427523,8.845462,297.02942
89.93619,17.779003,68.503265,75.77147,5.6303954,8.912805,299.82507
90.149635,17.763123,67.188255,74.58738,5.7180386,8.980148,302.52557
90.18625,17.766977,67.29241,74.25418,6.099742,9.412948,323.96536
90.22286,17.770834,67.39656,73.92098,6.481445,9.845748,345.49484
90.24035,17.77426,68.649605,74.795746,6.467684,9.85786,346.6951
90.257835,17.777687,69.90265,75.67052,6.4539237,9.869972,347.8906
90.26128,17.777958,70.01274,75.835236,6.653247,10.069245,356.1939
90.26471,17.778233,70.12283,75.999954,6.8525696,10.268517,364.5802
90.2812,17.784054,70.93126,76.676186,6.985946,10.423438,371.3876
90.29769,17.789877,71.73969,77.352425,7.1193237,10.578361,378.19012
90.20352,17.811525,74.000595,79.45302,7.2247453,10.729904,385.11047
90.10936,17.833174,76.261505,81.55361,7.3301663,10.88145,392.10757
91.0858,17.965208,76.16227,81.473114,6.7210503,10.041706,348.22647
92.06225,18.097242,76.06304,81.39261,6.111935,9.201963,307.68048
92.097374,18.11757,76.591354,82.72922,5.732521,8.816052,291.4953
92.13251,18.1379,77.119675,84.065834,5.3531065,8.430141,273.76926
92.39464,18.148111,78.4031,86.101425,5.0688286,8.15034,258.95813
92.65677,18.158323,79.68653,88.13702,4.7845497,7.8705387,241.09203
92.900375,18.161467,80.55405,90.05612,4.440824,7.444845,212.90588
93.143974,18.164608,81.42156,91.97522,4.097098,7.019152,184.04701
93.3992,18.167074,83.06959,94.508766,3.7582817,6.584728,153.4106
93.654434,18.169542,84.717606,97.04231,3.419465,6.1503034,122.80286
93.91884,18.159374,85.8814,99.29055,3.1921508,5.8085217,98.23243
94.18325,18.149206,87.0452,101.5388,2.9648364,5.46674,75.31679
94.32003,18.153646,89.0241,104.0696,2.7946048,5.213584,59.29251
94.4568,18.158085,91.003006,106.60042,2.624373,4.9604278,45.520626
94.6217,18.143343,92.031334,108.91966,2.41149,4.641096,31.152328
94.786575,18.128601,93.05964,111.23889,2.198607,4.321765,19.841625
94.77665,18.13698,94.088135,113.646065,2.007652,4.005264,10.415471
94.76673,18.145359,95.11662,116.05325,1.8166971,3.6887634,5.7942767
94.817085,18.13477,99.406044,122.29446,1.512649,3.2597575,2.155626
94.86744,18.12418,103.69545,128.53568,1.2086009,2.8307521,0.93606955
94.89097,18.115593,101.26311,135.84064,1.0163679,2.4344158,2.8725972
94.914505,18.107004,98.83077,143.14558,0.824135,2.0380795,6.263363
94.9856,18.08928,123.861664,157.89459,0.64647007,1.6836097,-2.2021444
95.0567,18.071554,148.89258,172.64359,0.46880528,1.3291398,-0.590385
95.26051,18.018387,116.87631,180.3289,0.5008259,1.0799528,11.059486
95.464325,17.96522,84.860054,188.01425,0.5328465,0.8307657,19.438135
95.66737,17.898718,79.915184,144.11574,0.6118888,0.8555076,0.6150659
95.87042,17.832214,74.970314,100.21721,0.69093114,0.8802495,-25.111252
95.755875,17.840248,85.95841,105.74397,0.80631655,1.2038563,-23.646683
95.64132,17.84828,96.94651,111.27073,0.9217021,1.5274631,-20.984327
95.437904,17.897615,131.20651,128.20523,0.70605165,1.4200236,-21.619835
95.23449,17.94695,165.46649,145.13972,0.49040133,1.3125839,-11.830372
95.3563,17.922352,176.70439,154.70753,0.43716264,1.2602395,-4.0456753
95.47811,17.897753,187.94229,164.27533,0.38392392,1.207895,1.6351893
95.59378,17.873777,180.27847,166.19897,0.37556586,1.2327546,-3.6929042
95.70946,17.8498,172.61467,168.1226,0.3672078,1.2576141,-8.367584
95.751495,17.84156,192.8697,178.29799,0.34703222,1.2130715,-0.49066353
95.79353,17.833319,213.12477,188.47336,0.3268567,1.1685286,10.497359
95.85043,17.82617,146.59927,172.2083,0.4032201,0.96494055,-6.3248234
95.90733,17.819017,80.07377,155.94324,0.4795835,0.7613525,7.2826014
96.131325,17.750645,76.67654,135.38242,0.6601948,0.9296896,-5.3272614
96.35532,17.682272,73.279305,114.821594,0.84080607,1.0980268,-17.027796
96.14025,17.72014,73.267265,120.416336,0.67445666,1.0059857,-13.660008
95.92518,17.758009,73.25524,126.011086,0.5081071,0.91394484,-9.0064335
95.85596,17.765741,77.825645,118.66295,0.788494,1.2441477,-14.231404
95.78675,17.773476,82.39605,111.31481,1.0688809,1.5743506,-18.402664
95.60758,17.807774,86.521194,113.106964,1.0209066,1.7185665,-16.464325
95.42841,17.842072,90.64633,114.8991,0.97293216,1.8627826,-13.679046
94.53323,18.32488,84.78028,107.13921,1.194862,2.409701,-9.40651
93.63805,18.80769,78.91423,99.37932,1.4167919,2.9566195,-0.29770437
93.8356,18.687273,70.26826,95.736176,1.3193344,2.659037,-2.2370005
94.03315,18.566858,61.622288,92.09304,1.2218769,2.361455,-3.8409088
94.07491,18.50598,53.919758,86.25944,1.2678379,2.2621922,-5.3642898
94.11667,18.445103,46.217228,80.42584,1.3137989,2.1629295,-5.3522286
93.97082,18.40154,44.15048,73.895294,1.5392542,2.3667436,-4.261491
93.82496,18.357983,42.08372,67.364746,1.7647095,2.5705578,-2.9284914
93.35735,18.381577,47.074997,68.4746,1.9712846,2.9875522,1.3685755
92.889755,18.405172,52.06627,69.584465,2.1778598,3.4045465,7.3158326
92.39325,18.455221,57.23471,73.63797,2.3134284,3.8338811,14.47657
91.89674,18.505274,62.40315,77.691475,2.4489973,4.263216,23.155031
91.66268,18.540401,62.35739,79.58624,2.29336,4.237722,24.180061
91.42861,18.575527,62.311626,81.480995,2.1377227,4.2122283,25.608511
91.19339,18.628204,64.152466,81.77355,2.361399,4.495371,30.45946
90.95817,18.680882,65.99329,82.06611,2.5850751,4.7785134,38.25954
90.343956,18.769148,72.679985,85.38754,3.1106377,5.6151047,81.77497
89.729744,18.857416,79.36668,88.70898,3.6362002,6.4516964,135.74254
89.409,18.923676,80.20437,90.28529,3.518384,6.4486446,135.0989
89.08824,18.989937,81.04207,91.86162,3.400568,6.445593,134.54202
89.25073,19.004982,81.723,92.93218,3.4261615,6.4716144,135.32503
89.41321,19.020027,82.40394,94.00274,3.451755,6.497636,136.1753
89.716324,19.022793,86.033264,97.43767,3.508095,6.5437913,137.54652
90.01943,19.02556,89.66258,100.8726,3.5644355,6.589946,137.74203
90.17005,18.997957,92.065475,104.17556,3.3158832,6.24294,114.33013
90.32067,18.970354,94.46836,107.47852,3.067331,5.895934,93.57304
90.439835,18.931074,92.77119,107.900314,2.7937946,5.4350624,70.97974
90.559,18.891796,91.074005,108.322105,2.5202582,4.97419,50.535343
90.53713,18.852863,90.23913,107.07056,2.6433368,5.008282,50.465984
90.515274,18.81393,89.40424,105.81901,2.7664154,5.042374,50.52486
90.34861,18.788162,88.43138,104.19147,2.832112,5.083322,51.4495
90.18194,18.762394,87.45852,102.5639,2.8978083,5.1242695,52.33043
89.97989,18.734138,86.00888,100.479034,2.956754,5.1979675,55.06872
89.777824,18.705885,84.55924,98.39416,3.0156996,5.271665,57.94916
89.46478,18.707134,87.0437,99.745735,3.0770109,5.4277024,64.89435
89.15174,18.708385,89.52816,101.09731,3.1383224,5.58374,72.335625
88.8604,18.734537,92.539154,103.46905,3.3442132,5.9165936,88.06754
88.569046,18.760693,95.55015,105.840775,3.5501041,6.2494473,105.008934
88.16156,18.81604,96.231155,106.4584,3.688532,6.504633,118.264885
87.754074,18.87139,96.91216,107.07601,3.8269603,6.7598186,132.24103
87.577736,18.910133,97.537285,107.62055,3.7067554,6.7287483,132.68289
87.40141,18.948881,98.16241,108.165085,3.5865502,6.697678,133.64958
87.47872,18.964367,97.15227,109.00531,3.1746802,6.1417413,101.0406
87.55604,18.979855,96.142136,109.84554,2.7628102,5.5858045,72.841644
87.71423,18.97815,95.202805,110.50705,2.6555672,5.369386,62.121662
87.87242,18.976444,94.26349,111.16855,2.5483243,5.1529684,52.753777
88.14688,18.971674,95.236855,113.012375,2.370136,4.9016905,46.088737
88.42133,18.966902,96.21022,114.85619,2.191948,4.6504116,41.655857
88.786385,18.911842,103.63499,120.02239,2.2068465,4.7456493,49.243027
89.151436,18.856785,111.05975,125.18859,2.221745,4.8408866,56.217888
89.30138,18.805975,112.22816,129.6937,1.9399054,4.3191986,49.082134
89.45132,18.755163,113.39657,134.19879,1.6580659,3.7975101,43.50831
89.70975,18.69246,113.09481,137.31345,1.477718,3.4310544,36.293438
89.96817,18.629755,112.79306,140.42809,1.2973702,3.0645983,29.002687
90.280754,18.555742,102.86266,139.03098,1.1227623,2.5688677,19.29831
90.59335,18.481731,92.93227,137.63387,0.94815457,2.073137,15.597966
91.041016,18.390905,89.24634,135.59784,0.83327496,1.7844474,12.43182
91.488686,18.30008,85.56042,133.56181,0.71839535,1.4957579,9.248804
91.7828,18.245996,91.770096,133.93733,0.7566241,1.4909784,6.2455144
92.076904,18.191916,97.97977,134.31285,0.7948528,1.4861988,3.1804817
92.2554,18.15749,113.44847,140.28476,0.86117715,1.6845014,-0.6733192
92.4339,18.123064,128.91718,146.25667,0.92750144,1.8828039,-2.465179
92.67347,18.073906,170.96985,172.54398,0.9199644,1.8633316,5.7193375
92.91303,18.024746,213.0225,198.83127,0.9124273,1.8438594,23.155754
93.15946,17.97358,226.27298,214.70284,0.6680204,1.4940839,18.089092
93.40588,17.922415,239.52345,230.57442,0.42361352,1.1443083,16.070604
93.6142,17.880081,233.46695,234.37265,0.54271615,1.2333986,7.4338956
93.82251,17.83775,227.41046,238.17091,0.66181874,1.3224889,2.156124
94.15555,17.779802,237.17935,248.46034,0.7282339,1.3677695,0.30317953
94.48859,17.721857,246.94823,258.7498,0.794649,1.4130503,-2.5101328
94.73837,17.677504,244.72601,256.15662,1.0836262,1.7729415,-1.3475782
94.988174,17.633152,242.50375,253.56343,1.3726033,2.1328328,0.23281986
95.06245,17.623795,253.98767,266.07443,1.3872511,2.3046865,0.9251102
95.136734,17.614439,265.4716,278.58545,1.4018991,2.4765403,0.28110817
95.18887,17.608538,264.35486,280.36697,1.437272,2.4774432,-2.1221766
95.241,17.602638,263.2381,282.14847,1.4726447,2.478346,-4.337374
95.32097,17.576466,262.3164,279.93134,1.6407385,2.6632564,-3.003845
95.40094,17.550293,261.3947,277.71414,1.8088323,2.8481665,-1.8119714
95.39529,17.516838,262.82092,276.9412,1.8932319,2.9637399,-0.11115417
95.38963,17.483385,264.24713,276.16827,1.9776316,3.0793135,1.8239768
95.35273,17.449177,266.37976,277.14227,1.9992224,3.1392617,3.0341492
95.31584,17.414968,268.51236,278.11627,2.0208132,3.1992097,4.3172226
95.52965,17.375204,270.52036,279.75336,1.8814095,2.9496837,1.2179751
95.743454,17.33544,272.52835,281.39044,1.7420055,2.7001576,-1.2761688
96.30609,17.24646,268.23007,274.38925,1.8343275,2.4998035,-4.8489795
96.86874,17.15748,263.93173,267.38806,1.9266491,2.2994497,-9.584757
97.65375,17.015898,259.42462,261.3671,2.001082,2.2577233,-12.538105
98.43876,16.874315,254.91751,255.3461,2.0755148,2.2159967,-15.5435505
98.99618,16.715403,249.4472,249.55115,2.4347408,2.5930805,-15.796488
99.5536,16.556492,243.9769,243.75623,2.7939668,2.9701643,-15.244207
99.31583,16.497364,244.0752,243.51486,2.7366786,2.9596481,-13.318101
99.07806,16.438236,244.17351,243.27351,2.6793902,2.949132,-11.256121
98.27549,16.536844,242.57178,242.19693,2.6634195,3.1686232,-1.8616297
97.47292,16.635454,240.97003,241.12033,2.6474483,3.388115,7.7859607
95.92858,16.836296,238.31285,241.04602,2.399848,3.3353243,14.78092
94.38425,17.037136,235.65564,240.97173,2.1522477,3.282534,17.688581
93.13671,17.508642,232.65353,239.29434,2.251486,3.3322785,16.940464
91.88918,17.980146,229.65143,237.61694,2.3507247,3.3820229,18.398136
91.08522,18.04531,225.35812,235.8014,2.2034097,3.2929597,18.212498
90.28126,18.11047,221.06485,233.9859,2.0560944,3.2038965,18.205969
90.10715,18.18761,219.82787,231.182,2.2336059,3.6003907,27.743523
89.93304,18.26475,218.5909,228.37811,2.4111173,3.9968846,39.77418
89.940636,18.327812,217.16183,227.96602,2.2386825,3.8944376,38.456604
89.94824,18.390877,215.73277,227.5539,2.066248,3.7919903,37.906178
90.032845,18.44872,214.17638,225.78792,2.134394,3.9552798,43.370594
90.11745,18.506565,212.61995,224.02194,2.2025394,4.1185694,49.441288
89.95082,18.564644,204.65115,220.02592,2.0343158,3.8883297,45.338577
89.784195,18.62272,196.68231,216.0299,1.866092,3.6580904,42.26773
89.61906,18.677017,200.73463,217.92363,1.9411715,3.7904882,44.753353
89.45392,18.731314,204.78699,219.81735,2.016251,3.9228857,47.269836
89.527855,18.760721,203.95966,218.62302,2.1338708,4.091133,51.764053
89.60179,18.79013,203.13235,217.4287,2.2514904,4.2593813,56.624012
89.77703,18.818443,204.75266,219.48389,2.2690456,4.2587566,55.153183
89.952286,18.846758,206.37296,221.53908,2.2866006,4.258132,53.765118
90.17843,18.84463,207.7825,223.38882,2.3110118,4.2438483,51.562565
90.40458,18.842499,209.19202,225.23856,2.335423,4.229564,49.39141
90.54565,18.843618,213.83841,228.92906,2.3498538,4.2547626,49.24387
90.68671,18.844738,218.48477,232.61957,2.3642845,4.279961,48.880196
90.884125,18.8296,221.1034,235.54837,2.2751527,4.1432357,43.78357
91.081535,18.814465,223.72202,238.47717,2.1860204,4.00651,38.381084
91.14039,18.821863,225.33435,241.67014,2.0062888,3.7527845,30.860144
91.199234,18.829266,226.9467,244.86311,1.8265569,3.4990587,25.370527
91.321266,18.824007,221.10085,241.1931,1.7378522,3.2344747,21.76457
91.4433,18.818748,215.25499,237.52307,1.6491473,2.9698908,19.247135
91.48127,18.820938,215.6097,236.65836,1.6042485,2.931124,19.72992
91.51925,18.823126,215.96442,235.79362,1.55935,2.8923573,20.3211
91.58372,18.817472,206.39159,227.49776,1.5181315,2.7300353,24.18918
91.64818,18.811815,196.81876,219.20189,1.4769132,2.5677135,25.10425
91.75957,18.797195,195.18007,214.80525,1.4368185,2.5353098,26.064457
91.87096,18.782576,193.5414,210.40862,1.3967237,2.5029066,26.49131
92.01305,18.765402,188.07996,205.52061,1.3468928,2.4686413,25.278616
92.15513,18.748226,182.6185,200.63261,1.2970618,2.4343765,23.813513
92.316986,18.730906,185.20058,200.2139,1.3288132,2.6166615,28.319778
92.47884,18.713585,187.78264,199.79517,1.3605645,2.7989469,34.489803
92.2807,18.74909,181.08539,195.59978,1.334034,2.8339748,33.961166
92.08256,18.784594,174.38814,191.40437,1.3075033,2.8690028,33.373608
91.84102,18.817402,175.02725,192.94054,1.1976956,2.788537,33.829063
91.59948,18.85021,175.66635,194.47673,1.087888,2.7080712,34.403435
91.449745,18.870234,174.82855,194.91756,1.1240433,2.7270534,33.787743
91.30002,18.890257,173.99074,195.35837,1.1601987,2.7460353,33.38424
91.10342,18.917158,166.7684,194.9548,1.0594585,2.5296726,29.970882
90.90681,18.944061,159.54605,194.55125,0.9587183,2.3133097,26.49329
90.89195,18.936232,150.90753,187.54308,1.088714,2.3400016,23.778366
90.877106,18.928404,142.26901,180.53488,1.2187098,2.3666937,19.9026
86.46602,19.019022,177.4559,195.25195,1.5178833,3.2239861,43.473076
82.05493,19.10964,212.64278,209.96901,1.8170568,4.081279,88.85185
82.77219,18.996632,192.03116,209.1236,1.512717,3.374304,49.71741
83.48944,18.883623,171.41954,208.27815,1.2083774,2.667329,31.696278
84.063835,18.817429,155.40118,192.6275,1.2840905,2.6022286,28.595078
84.63823,18.751234,139.38284,176.97684,1.3598037,2.537128,30.733168
84.968,18.719954,133.8893,165.83228,1.5294335,2.7497528,31.034714
85.29777,18.688673,128.39575,154.68773,1.6990633,2.962377,31.600143
85.40433,18.693329,129.73714,152.83522,1.7446867,3.1805718,36.573463
85.510895,18.697985,131.0785,150.98271,1.7903103,3.3987663,42.75734
85.799286,18.689608,131.94365,150.41046,1.956689,3.6890042,47.9123
86.08767,18.68123,132.80878,149.8382,2.1230676,3.9792423,53.087337
86.31704,18.704615,135.58296,150.94229,2.3234694,4.329584,60.18306
86.54641,18.728,138.35713,152.04637,2.5238707,4.679925,67.88101
86.99134,18.739395,141.50708,154.16731,2.4350288,4.673245,70.03801
87.43627,18.75079,144.65703,156.28827,2.3461869,4.6665654,73.248566
87.879845,18.759045,143.04259,155.94159,2.1420994,4.4072313,67.218735
88.32342,18.767302,141.42815,155.5949,1.9380119,4.1478977,62.12593
88.80433,18.758493,136.05136,151.85014,1.9754786,4.1185284,56.88152
89.28523,18.74969,130.67456,148.10541,2.0129454,4.089159,52.223587
89.730255,18.750044,130.14066,146.54333,2.108382,4.2428937,53.85364
90.17527,18.7504,129.60672,144.98128,2.2038186,4.396629,54.046906
90.59451,18.765247,128.53516,143.548,2.331648,4.5918393,54.72599
91.013756,18.780094,127.46359,142.11473,2.4594777,4.787049,57.20585
91.23513,18.816275,127.93668,141.55325,2.6196587,5.035212,63.32407
91.45651,18.852455,128.40977,140.99176,2.7798395,5.2833753,70.290375
91.466965,18.875002,128.04422,140.46991,2.7519886,5.290212,71.158676
91.47742,18.897549,127.67864,139.94803,2.7241378,5.297049,71.992874
91.51155,18.898891,126.281715,138.3654,2.8562315,5.4630413,76.251015
91.545685,18.900234,124.88478,136.78279,2.988325,5.629033,81.65714
91.612816,18.90525,124.11715,135.55373,3.2423775,5.9950237,96.196754
91.67995,18.910265,123.34952,134.32466,3.4964304,6.3610144,112.06771
91.836395,18.905062,123.624306,134.99132,3.5001335,6.373244,112.09395
91.99283,18.899858,123.899086,135.65799,3.5038362,6.3854733,112.1879
92.13631,18.898066,126.874985,138.38554,3.4365983,6.342895,112.509254
92.279785,18.896275,129.85088,141.11311,3.3693604,6.300317,113.12056
92.1126,18.913786,136.35323,147.1945,3.2416174,6.1874566,115.55025
91.94543,18.9313,142.85558,153.27588,3.1138747,6.0745964,121.020355
91.3907,18.960371,141.85526,156.79716,2.6394858,5.431679,90.273544
90.83598,18.989445,140.85493,160.31847,2.1650972,4.7887616,70.88042
89.819786,19.06649,147.23409,164.86363,2.6824555,5.5700607,99.919785
88.80359,19.143538,153.6132,169.4088,3.199814,6.35136,137.98325
88.52743,19.12234,168.41025,180.61035,3.1335037,6.188862,140.98332
88.25126,19.10114,183.20726,191.81189,3.067193,6.026364,142.43195
87.249405,19.25075,176.17589,187.26453,3.8346462,7.1540008,193.40042
86.24755,19.40036,169.14449,182.71715,4.602099,8.281638,252.31622
86.15914,19.511684,180.64095,190.84088,5.363055,9.340285,324.91165
86.07074,19.623007,192.13744,198.96461,6.1240125,10.398933,393.19064
86.601166,19.664417,190.17789,196.9442,5.661834,9.752375,358.9939
87.13159,19.705828,188.21835,194.92378,5.199656,9.105817,325.3592
87.438255,19.67936,192.27464,201.72937,5.000567,8.706513,293.53378
87.74491,19.65289,196.33095,208.53497,4.801478,8.307209,258.439
88.159744,19.660494,201.86732,213.79605,4.8608694,8.400753,264.54468
88.574585,19.668097,207.40369,219.05713,4.920261,8.494298,272.2988
89.363045,19.654919,212.5171,222.47682,4.9180627,8.56246,285.10837
90.151505,19.64174,217.63054,225.89653,4.9158654,8.630621,297.31274
90.81666,19.543192,220.0976,227.4827,5.1155653,8.743062,302.13916
91.481804,19.444641,222.56468,229.06888,5.315266,8.855504,306.40607
91.939674,19.32753,225.3048,231.9661,5.489587,8.905376,303.2928
92.39755,19.210419,228.0449,234.86331,5.6639085,8.955247,300.34937
92.88818,19.134848,231.33855,238.10098,5.620716,8.834105,290.90353
93.378815,19.059275,234.63216,241.33865,5.577524,8.712962,279.8546
93.66665,19.008907,236.5698,242.72792,5.521814,8.592064,271.42386
93.95449,18.95854,238.50742,244.11719,5.466103,8.471166,262.92123
94.028015,18.891897,239.84297,244.80429,5.624981,8.536142,265.0246
94.10154,18.825253,241.17853,245.4914,5.7838593,8.601117,266.58713
94.062225,18.760447,243.4228,247.5737,5.7823315,8.499006,257.39542
94.02292,18.695639,245.66707,249.65598,5.780804,8.396894,247.6463
93.87313,18.647964,244.02788,248.30905,5.7154016,8.250134,235.68481
93.72334,18.600292,242.38867,246.96213,5.6499987,8.103374,223.14238
93.38331,18.59876,240.14983,244.6879,5.621515,8.073671,224.04106
93.04327,18.597233,237.91098,242.41364,5.593031,8.043969,224.46376
92.75835,18.62589,236.58356,241.19391,5.529833,8.018493,225.92639
92.473434,18.654549,235.25613,239.97417,5.4666343,7.9930162,227.35483
92.16239,18.70614,233.51993,238.62386,5.3496,7.9566064,228.92616
91.85134,18.75773,231.7837,237.27354,5.232565,7.920197,230.51044
91.486374,18.809046,229.24162,235.59467,4.905542,7.629451,213.85493
91.12141,18.860361,226.69954,233.91577,4.5785193,7.338705,197.25708
90.75233,18.902609,225.41277,232.55988,4.34349,7.097023,186.72609
90.38325,18.944855,224.12595,231.20396,4.1084614,6.8553405,175.1351
89.87748,18.982897,223.63913,231.08386,3.8079925,6.5196333,154.86617
89.37171,19.020939,223.1523,230.96376,3.5075243,6.183926,135.99786
89.009796,19.045805,221.74821,230.55074,3.3481047,5.942254,120.45851
88.64789,19.07067,220.34415,230.13771,3.188685,5.700582,107.72373
88.872696,19.028345,225.456,234.2563,3.0470033,5.434495,96.82849
89.097496,18.98602,230.56784,238.37488,2.9053216,5.168409,86.82444
89.9548,18.870064,234.0304,242.07164,2.6753385,4.677729,64.50332
90.8121,18.754107,237.49297,245.76837,2.4453554,4.1870494,45.525867
91.60206,18.658346,232.04039,243.20045,2.0928903,3.6094732,27.592785
92.392006,18.562588,226.58781,240.63254,1.7404248,3.0318973,17.69944
92.82088,18.511454,231.17538,242.10193,1.9111985,3.2148273,18.646576
93.24974,18.460318,235.76297,243.57135,2.0819724,3.3977573,20.370762
93.5487,18.40501,237.99068,245.64526,2.158886,3.4687886,19.45616
93.84765,18.3497,240.21837,247.71918,2.2357998,3.53982,19.169582
94.138504,18.305202,248.91002,254.99193,2.369722,3.6414096,18.381302
94.42937,18.260702,257.60165,262.26468,2.5036442,3.7429993,19.044338
94.92393,17.994383,288.00876,292.36063,2.9570591,3.9700253,11.161063
95.41848,17.728065,318.41583,322.45654,3.410474,4.197051,10.480338
94.008446,17.652912,324.76047,327.61905,4.000508,4.769094,27.78167
92.598404,17.577759,331.10507,332.78152,4.5905414,5.341137,51.074696
91.80732,17.498224,216.06311,217.27296,4.8136187,5.536538,74.630165
91.01625,17.418692,101.02113,101.76439,5.0366964,5.73194,80.740944
90.86773,17.349773,65.33123,66.1442,5.150753,5.818304,101.70941
90.719215,17.280857,29.64133,30.524008,5.2648096,5.9046683,89.69934
90.798676,17.203184,22.87927,23.696741,5.129792,5.7014923,80.127106
90.878136,17.125507,16.117216,16.869474,4.994775,5.4983163,71.724846
90.32145,17.059608,59.5112,60.24822,4.9499826,5.4280386,76.4134
89.76476,16.993708,102.90518,103.62696,4.9051905,5.3577604,56.84347
89.254105,16.897907,176.6489,172.31697,5.175975,5.612335,89.599205
88.74345,16.802107,250.3926,241.00697,5.4467597,5.8669095,104.1244
87.93259,16.669128,133.61208,124.212555,5.738363,6.1831284,103.609436
87.12172,16.53615,16.831549,7.418145,6.0299664,6.4993467,131.6644
86.40887,16.503729,13.37405,8.928551,5.8702416,6.3254905,113.52133
85.69601,16.471306,9.916549,10.438956,5.710517,6.1516337,95.35053
85.52492,16.470427,13.570391,14.122954,5.340746,5.74043,80.09785
85.35383,16.469547,17.224232,17.806953,4.970975,5.329226,63.46653
85.43137,16.503487,19.00564,19.567572,4.7783117,5.1213613,55.547886
85.50893,16.537428,20.78705,21.32819,4.5856485,4.9134965,47.29518
85.7013,16.557182,23.059372,23.44869,4.6979465,5.035871,51.83885
85.893684,16.576935,25.331696,25.569187,4.810245,5.1582456,55.7763
86.17742,16.555616,28.998041,29.171768,5.1045923,5.4915767,67.09318
86.46116,16.534298,32.664387,32.77435,5.3989396,5.8249083,79.38434
86.95132,16.526918,35.899994,36.031876,5.6214886,6.101739,93.02976
87.44147,16.519537,39.1356,39.289406,5.8440375,6.3785696,106.022095
87.502045,16.538002,45.099907,45.277683,6.1084046,6.665729,119.83201
87.56262,16.556467,51.06422,51.26596,6.3727703,6.9528885,134.12178
87.05904,16.495796,50.529472,50.83846,6.3254495,6.8905225,128.57712
86.55546,16.435123,49.994717,50.410957,6.2781286,6.828157,123.79617
86.694046,16.437698,43.718235,44.097107,6.4870777,7.091025,136.18492
86.83263,16.440273,37.441753,37.783257,6.6960263,7.353893,150.21904
87.32073,16.43304,34.73826,35.190926,7.894733,8.83318,243.50807
87.80883,16.425804,32.03476,32.598595,9.09344,10.312469,338.97763
87.97985,16.33871,33.81996,34.341812,10.186335,11.655637,396.0868
88.15087,16.251617,35.605167,36.08503,11.279228,12.998805,442.88904
87.707436,16.110737,32.401554,32.853195,11.419018,13.146736,444.92538
87.26399,15.969856,29.19794,29.621365,11.558808,13.294667,447.39258
85.1836,15.933703,28.400568,28.759325,11.531694,13.231234,449.46332
83.10321,15.8975525,27.603195,27.897287,11.5045805,13.167799,451.47552
81.76368,15.927893,28.567919,28.874777,11.456511,13.08301,453.9441
80.42414,15.958232,29.532639,29.852264,11.408442,12.9982195,456.66855
79.54813,15.911582,26.457577,26.815548,11.349304,12.921663,452.34644
78.67211,15.864932,23.382515,23.778828,11.290168,12.845107,446.15775
76.58581,15.848168,26.716082,27.08386,10.935741,12.361956,434.1182
74.499504,15.831404,30.049646,30.388897,10.581316,11.878802,432.11398
77.760994,15.6219,32.425156,32.678204,10.625096,11.953289,418.7923
81.022484,15.412395,34.800667,34.96751,10.668877,12.027776,416.29498
78.778175,15.460223,32.030983,32.132847,10.205741,11.406893,387.04196
76.53387,15.508054,29.2613,29.29818,9.742606,10.786011,358.9481
75.97818,15.56797,28.22721,28.321474,9.692661,10.740581,359.11945
75.42249,15.627885,27.19312,27.344765,9.642716,10.69515,360.06378
72.50469,15.825221,26.497034,26.613312,9.380813,10.427208,366.88846
69.58689,16.022556,25.800947,25.881855,9.11891,10.159266,368.84152
69.80015,15.943283,23.4551,23.64654,9.226346,10.221127,366.9651
70.013405,15.864011,21.109257,21.411222,9.333783,10.282988,364.57782
72.3139,15.6203375,22.425955,22.639977,9.460191,10.430164,357.378
74.61441,15.376664,23.742653,23.868732,9.586599,10.577342,348.60672
72.563,15.522417,23.825188,23.9546,9.442531,10.411795,355.1354
70.5116,15.668169,23.907719,24.040468,9.298464,10.246247,358.75406
68.75335,15.739184,22.878645,23.063267,9.112339,10.005296,353.4314
66.99511,15.810201,21.849573,22.086067,8.926215,9.764345,343.10867
65.5917,15.823373,21.720701,21.92862,8.524717,9.279568,317.14523
64.188286,15.836544,21.59183,21.771172,8.123219,8.794791,292.48404
63.7173,15.841017,23.483812,23.70735,7.663324,8.267647,256.48923
63.24632,15.84549,25.3758,25.643524,7.2034297,7.7405024,219.59026
64.34231,15.797213,27.318913,27.588734,6.878396,7.363155,193.45319
65.4383,15.748936,29.262028,29.533945,6.5533624,6.985807,169.67685
66.55961,15.681394,29.424896,29.73152,6.3076572,6.706608,157.2562
67.68092,15.613851,29.58777,29.929096,6.061952,6.427409,140.86848
68.45777,15.576311,30.896656,31.250874,5.8506336,6.1928463,123.44566
69.23462,15.538771,32.205544,32.57265,5.639315,5.9582834,105.36508
69.367455,15.547149,33.36565,33.706326,5.2341633,5.5265446,75.12115
69.50028,15.555526,34.52576,34.840004,4.829011,5.094806,44.869476
69.04466,15.601309,34.855442,35.160954,4.490241,4.728092,30.928858
68.589035,15.647091,35.185127,35.481903,4.151471,4.3613787,20.615482
68.41502,15.666843,37.94095,38.237072,4.0141983,4.2126083,14.13491
68.24101,15.686595,40.696774,40.99224,3.8769262,4.063837,8.178241
67.75619,15.7079,43.29447,43.617153,3.5574803,3.7209144,0.3872657
67.27138,15.729204,45.89217,46.242065,3.2380347,3.3779914,-5.1621275
67.08893,15.725658,52.447582,52.79729,3.2165217,3.3552637,-7.4581895
66.90647,15.722115,59.002987,59.352516,3.195009,3.3325357,-8.48551
66.402664,15.756522,69.244896,69.65782,3.1400638,3.2785668,-8.957979
65.89884,15.790931,79.48681,79.96313,3.085118,3.2245982,-5.2049813
65.71936,15.836347,87.723816,88.27232,3.103184,3.2497802,2.076954
65.53988,15.881762,95.96082,96.58152,3.1212497,3.2749627,7.5030737
65.449486,15.906477,104.96515,105.56256,3.0924804,3.245126,9.755877
65.35909,15.931193,113.96946,114.54361,3.063711,3.2152894,9.328683
65.32796,15.956672,124.48645,124.968994,3.2889597,3.4616265,14.509539
65.29684,15.98215,135.00343,135.39438,3.5142078,3.7079635,19.787226
65.30902,16.04678,146.70926,147.06346,3.8360934,4.0711117,27.68076
65.32121,16.111406,158.41508,158.73254,4.1579795,4.434259,36.448994
65.023994,16.22827,166.27402,166.5235,4.4917636,4.8123035,48.383392
64.726776,16.345133,174.13297,174.31445,4.825547,5.190348,64.815384
67.25062,16.084736,179.768,179.91109,5.330715,5.745098,90.159065
69.77445,15.824337,185.40302,185.50774,5.835882,6.299849,115.66877
70.15321,15.935677,186.85797,187.01682,6.1947837,6.733363,138.41713
70.53197,16.047014,188.31294,188.52592,6.5536847,7.1668773,161.27908
71.36139,16.174564,188.7689,189.00514,6.9361258,7.6505613,185.39812
72.19082,16.302114,189.2249,189.48436,7.318568,8.134245,211.07649
73.14266,16.43631,191.34337,191.59412,7.658045,8.598242,239.3677
74.0945,16.570505,193.46185,193.70389,7.9975224,9.06224,269.15607
74.44277,16.67043,194.91537,195.28871,8.552542,9.813143,320.2793
74.79104,16.770353,196.36888,196.87357,9.107562,10.564046,370.09888
76.024925,16.757647,200.10725,200.62447,9.4292145,10.997031,399.9142
77.25882,16.744942,203.8456,204.37535,9.750868,11.430016,425.88684
78.99091,16.674717,207.64594,208.1996,9.727445,11.383445,422.5704
80.72301,16.604492,211.44626,212.02386,9.7040205,11.336873,418.59744
80.99862,16.607822,213.64915,214.2146,9.344775,10.8623,394.67508
81.27423,16.61115,215.85205,216.40535,8.98553,10.387727,368.3801
81.53417,16.623783,216.93324,217.45602,8.888606,10.256509,360.17416
81.79412,16.636414,218.01442,218.50671,8.791683,10.125292,351.62717
82.142426,16.59158,217.92274,218.40152,8.977176,10.317017,361.1379
82.49074,16.546743,217.83105,218.29637,9.162669,10.508739,370.15314
82.68774,16.502098,217.83038,218.2218,9.17433,10.520836,369.7992
82.884735,16.45745,217.82976,218.14723,9.18599,10.532932,369.38104
82.7209,16.412739,219.84033,220.16768,9.2827835,10.648785,377.0562
82.55705,16.368025,221.8509,222.18813,9.379577,10.764639,384.6413
82.32029,16.333214,223.47403,223.72237,9.378445,10.755228,385.5189
82.08354,16.2984,225.09717,225.2566,9.377313,10.745815,386.07462
82.578545,16.29286,226.4211,226.63354,8.998305,10.268413,355.79233
83.07355,16.287315,227.745,228.01053,8.619298,9.79101,323.05087
84.08097,16.273693,228.85414,229.1055,8.418463,9.52527,301.62128
85.0884,16.26007,229.96329,230.20044,8.2176285,9.259532,284.79398
84.87107,16.335426,232.78348,233.01625,7.815901,8.792627,257.15277
84.65373,16.410784,235.60367,235.83209,7.414172,8.325721,229.52998
84.71981,16.470453,237.70361,237.88873,6.9026527,7.741706,192.00798
84.7859,16.530125,239.80356,239.94539,6.391134,7.157691,158.40369
84.86437,16.562529,238.77847,238.94981,5.9446125,6.651704,131.17232
84.942856,16.594934,237.75339,237.95421,5.4980907,6.145716,106.09545
85.10549,16.630077,234.83969,235.08485,5.0667033,5.6610155,82.37991
85.26811,16.665222,231.92598,232.21552,4.6353154,5.176315,61.463516
85.276886,16.73337,228.63295,228.97804,4.2387986,4.740248,45.12632
85.28565,16.801517,225.33989,225.74055,3.842282,4.3041816,30.008142
85.410225,16.846918,219.24811,219.75203,3.6625724,4.1228538,23.620033
85.53478,16.89232,213.15634,213.7635,3.4828632,3.9415257,18.482145
85.878815,16.933334,210.31035,210.84755,3.1897492,3.6211665,12.548382
86.22284,16.974348,207.46432,207.93163,2.8966346,3.3008072,8.742689
86.45162,17.024466,202.16449,202.81323,2.9424005,3.439966,12.170335
86.680405,17.074585,196.86464,197.69487,2.9881663,3.5791247,15.994036
86.722305,17.145584,189.58418,191.1722,3.0512905,3.772796,20.866297
86.7642,17.216583,182.30371,184.64952,3.1144147,3.9664671,26.393831
86.46742,17.34174,179.31708,180.96815,3.0963163,3.799563,22.646734
86.17064,17.466896,176.33044,177.28677,3.0782182,3.632659,19.748623
87.12861,17.537825,173.48607,174.68648,3.3096871,4.0362744,29.644417
88.08658,17.608755,170.6417,172.08618,3.5411553,4.43989,45.519733
88.73403,17.653345,170.14572,171.95488,3.8142848,4.9535213,66.59754
89.381485,17.697935,169.64972,171.82358,4.0874143,5.467152,90.21427
88.98769,17.758818,171.25555,173.53432,4.4739184,6.0098205,112.644424
88.59389,17.8197,172.86139,175.24504,4.860423,6.5524893,139.32976
88.45727,17.854464,174.0956,176.2572,5.1934686,6.992565,164.577
88.32064,17.889229,175.32979,177.26933,5.5265145,7.43264,190.70372
88.07524,17.90586,175.08247,176.99081,5.6343226,7.564161,197.80646
87.82984,17.922493,174.83514,176.71228,5.7421308,7.6956816,205.05434
87.57226,17.933542,172.70442,174.99792,5.666383,7.6342087,201.78856
87.31468,17.94459,170.5737,173.28355,5.590635,7.5727353,198.54604
87.86963,17.960781,169.20468,171.96135,5.3659987,7.3519588,186.58058
88.42458,17.976973,167.83566,170.63913,5.1413627,7.131182,173.09462
88.99689,18.008589,167.42589,170.27956,5.01002,7.06371,169.21404
89.5692,18.040205,167.01614,169.91998,4.878677,6.9962387,165.68349
89.66571,18.070456,168.92197,172.07133,4.86015,7.032301,168.86868
89.76222,18.100704,170.82779,174.2227,4.8416224,7.068363,172.09387
90.10314,18.103798,173.77017,177.20615,4.822341,7.04796,171.8539
90.44406,18.10689,176.71257,180.18958,4.8030596,7.0275564,171.79211
90.64672,18.097914,177.37865,180.69682,4.70261,6.900709,166.63213
90.84938,18.088938,178.04474,181.20409,4.602161,6.7738614,161.57701
90.95802,18.089882,176.4554,179.78378,4.3946486,6.5424323,151.81656
91.066666,18.090828,174.86607,178.36343,4.1871357,6.311003,142.43924
91.35483,18.08065,172.57214,176.26083,4.0228233,6.1533995,135.74704
91.643,18.070473,170.27823,174.15823,3.8585105,5.9957952,128.23589
91.73686,18.079048,167.56644,171.74887,3.767478,5.904831,122.86732
91.83072,18.087624,164.85466,169.33951,3.6764457,5.813867,116.933876
91.65352,18.095839,161.78003,166.66325,3.818884,5.9746885,120.97425
91.476326,18.104052,158.7054,163.987,3.9613216,6.13551,124.47212
91.00622,18.107939,156.57562,161.65579,4.077685,6.242239,125.2436
90.5361,18.111826,154.44586,159.3246,4.1940484,6.348968,127.239235
89.74138,18.112165,151.00589,155.69495,4.2529345,6.389852,124.23849
88.946655,18.112505,147.5659,152.0653,4.3118205,6.430735,122.13866
87.96518,18.131248,146.03185,150.09572,4.505074,6.6627936,134.14828
86.9837,18.149994,144.4978,148.12613,4.6983275,6.894852,148.7267
86.493744,18.164803,143.98894,147.45139,4.9081817,7.1382747,163.63867
86.00378,18.179613,143.48007,146.77663,5.1180353,7.381697,177.48077
85.94825,18.174288,143.34076,146.36292,5.3247952,7.5912213,189.0068
85.892715,18.168962,143.20143,145.94919,5.531555,7.800745,200.9423
85.5689,18.15093,142.46526,144.98729,5.5145936,7.7367983,196.24063
85.245094,18.132896,141.72906,144.02539,5.497632,7.6728516,192.40459
84.77215,18.117296,140.60841,142.90733,5.19795,7.3069506,172.88591
84.299194,18.101694,139.48775,141.78926,4.8982673,6.9410496,153.85979
84.18941,18.074484,137.4955,140.0205,4.565604,6.537204,132.27843
84.07961,18.047272,135.50323,138.25172,4.2329407,6.1333575,111.795685
85.43601,17.859901,126.757065,130.2561,4.1373863,5.88493,85.43669
86.79241,17.672533,118.010895,122.260475,4.041832,5.6365023,65.877205
86.51989,17.629995,113.30775,117.46676,4.0117974,5.5707498,60.649235
86.247375,17.587458,108.6046,112.673065,3.9817624,5.504997,54.634823
86.31789,17.548841,107.586296,110.94238,4.0023675,5.4900036,54.257275
86.38839,17.510227,106.56798,109.21171,4.0229726,5.4750113,53.86819
86.51017,17.477468,106.84566,109.31332,4.0534267,5.4432206,52.38069
86.63195,17.444712,107.12334,109.41492,4.0838804,5.41143,50.865837
86.980385,17.422709,105.26312,107.7214,4.0911193,5.3794804,49.11992
87.32883,17.400705,103.40289,106.02788,4.098358,5.3475313,47.875923
87.922264,17.374836,99.65076,102.57971,3.9368875,5.125988,38.718964
88.5157,17.348965,95.89861,99.13154,3.7754169,4.904444,31.146065
88.83965,17.333513,90.458984,94.1516,3.581744,4.640549,21.444117
89.163605,17.318062,85.019356,89.17166,3.3880708,4.376653,12.780141
89.28384,17.305399,77.87296,82.72831,3.1544921,4.0890613,5.774429
89.40406,17.292738,70.72656,76.28496,2.9209127,3.801469,2.8789678
89.34308,17.299976,66.231636,71.222946,2.9656813,3.8531458,4.6615443
89.28209,17.307213,61.736706,66.160934,3.0104496,3.9048228,6.3077936
89.160706,17.30911,62.081917,66.06452,2.988737,3.9248734,7.0134087
89.03933,17.311008,62.42712,65.9681,2.967024,3.9449236,7.6350484
89.07448,17.314,54.77656,60.33601,2.5885906,3.4860027,-0.74434394
89.10962,17.31699,47.125996,54.703915,2.2101574,3.027082,-4.904281
89.355255,17.282541,69.83109,38.76115,2.3467083,3.0409398,24.334166
89.60088,17.248095,92.536194,22.818386,2.4832592,3.054798,100.80465
89.59465,17.20692,156.28427,24.325373,3.1077216,3.806503,318.34363
89.588425,17.165747,220.03235,25.83236,3.7321844,4.5582085,502.01395
88.66495,17.161808,117.93223,22.498323,3.8302042,4.748974,279.9816
87.74147,17.157867,15.832094,19.16429,3.9282248,4.9397388,55.479385
87.119064,17.179085,19.145685,22.60925,3.8843648,4.885685,52.076416
86.49667,17.200304,22.459278,26.054209,3.8405046,4.8316317,48.14994
86.45648,17.199274,22.487482,25.707829,4.045627,5.076911,59.505512
86.41629,17.198242,22.515688,25.36145,4.2507496,5.3221908,71.04826
86.34266,17.187027,22.446285,25.244108,4.2737346,5.323134,70.86849
86.26903,17.175812,22.37688,25.12677,4.29672,5.3240776,70.68869
86.15666,17.157791,22.971601,25.424465,4.4751043,5.4997034,78.288086
86.0443,17.13977,23.566322,25.722162,4.653489,5.6753287,86.20647
86.041916,17.125916,27.901808,29.589603,4.947307,5.9831324,100.403244
86.039536,17.11206,32.23729,33.457047,5.2411246,6.2909355,118.54327
85.8364,17.116478,35.466503,36.612404,5.3194523,6.3924327,124.49932
85.63327,17.120897,38.69572,39.767757,5.397781,6.4939303,130.12785
85.33017,17.12471,41.487885,42.588272,5.3744164,6.4351907,124.97308
85.02707,17.128523,44.280045,45.408783,5.3510528,6.376451,119.40545
84.743416,17.083412,45.95946,46.96299,5.2950535,6.2464175,109.33847
84.45976,17.0383,47.638874,48.517193,5.2390537,6.1163836,98.99756
84.48513,17.018728,47.87571,48.861553,5.229049,6.109308,98.15876
84.510506,16.999157,48.112545,49.205914,5.219045,6.1022315,97.319565
84.22595,17.016033,48.59985,49.625042,5.302452,6.2144094,102.84321
89.75829,18.26531,144.87646,146.38667,7.6157594,9.546457,319.57706
91.53078,18.228172,132.1977,135.48418,6.6568685,8.650736,248.95715
93.30326,18.191036,119.518906,124.58169,5.697978,7.755015,188.18977
93.71218,18.225307,129.15744,133.39989,5.835823,7.959273,199.42114
94.121086,18.259577,138.79599,142.21808,5.973669,8.163531,209.07803
94.28195,18.296038,138.20697,141.41376,6.148078,8.446805,227.07108
94.442825,18.3325,137.61794,140.60945,6.3224864,8.73008,245.26247
94.20465,18.411512,142.63994,146.21455,6.964806,9.443534,293.13525
93.96649,18.490526,147.66193,151.81966,7.6071258,10.156988,344.1553
94.27335,18.465126,152.20258,156.6316,7.577042,10.141043,342.51205
94.580215,18.439728,156.7432,161.44354,7.546958,10.125096,339.34067
94.9403,18.393135,159.85022,163.33217,7.1515326,9.668802,307.4009
95.30038,18.34654,162.95723,165.2208,6.756108,9.212508,276.4736
95.42432,18.236294,180.05626,182.07605,7.0750785,9.388301,283.42593
95.548256,18.126045,197.1553,198.93132,7.3940506,9.564093,280.80914
95.101524,18.086025,201.35693,203.21205,7.34275,9.423836,270.2232
94.65479,18.046007,205.5586,207.49278,7.2914505,9.283579,262.4365
93.90167,17.977314,210.84302,212.54037,7.816515,9.750469,294.0997
93.148544,17.90862,216.12746,217.58795,8.34158,10.2173605,324.96848
92.60345,17.800467,223.17168,224.45149,8.673483,10.453324,340.13293
92.05834,17.692312,230.2159,231.31506,9.005385,10.689289,354.93475
91.20989,17.702635,230.35449,231.25647,9.533058,11.431899,393.8568
90.36144,17.71296,230.49309,231.19789,10.06073,12.174509,430.28375
89.5085,17.759258,228.65193,229.25505,10.690968,13.019874,468.58325
88.65556,17.80556,226.81075,227.3122,11.321205,13.865238,501.8499
87.490685,17.789343,224.93323,225.40718,11.941147,14.682377,525.9924
86.3258,17.77313,223.05568,223.50215,12.561088,15.499516,544.66754
83.33124,17.820074,220.86882,221.4255,12.341071,15.201239,543.39154
80.33666,17.867018,218.68198,219.34888,12.121055,14.902962,541.1548
80.75965,17.979044,215.45491,216.24432,11.133867,13.71322,514.5394
81.18264,18.091072,212.22784,213.13979,10.14668,12.523477,475.6826
85.0537,17.518826,223.7312,224.52293,10.502227,12.6974535,472.3645
88.92477,16.94658,235.23456,235.9061,10.857774,12.871429,468.72794
81.59226,16.40425,260.90604,261.36774,10.117691,11.628315,429.76227
74.25975,15.861918,286.5775,286.82938,9.377609,10.3852005,336.85736
77.26189,15.854973,282.24448,282.48108,10.50889,11.823721,431.04144
80.264015,15.848025,277.91144,278.13275,11.640171,13.26224,492.81805
77.3606,15.759439,275.73907,276.02106,12.341177,14.196156,522.0886
74.45719,15.670852,273.56668,273.90936,13.042184,15.130072,541.89435
73.400955,15.630017,272.41672,272.76938,13.468551,15.693881,551.25507
72.34473,15.589183,271.26678,271.62943,13.894918,16.25769,559.6498
71.23562,15.451616,269.30734,269.61823,13.77976,16.058174,556.33636
70.12651,15.31405,267.34793,267.60706,13.664604,15.858659,552.9952
70.4333,15.166872,264.16495,264.37106,13.372238,15.431567,546.11847
70.74008,15.019694,260.982,261.13507,13.079873,15.004475,538.32825
71.903496,14.876278,258.9288,259.11154,13.214502,15.170572,542.87964
73.0669,14.732863,256.87558,257.08798,13.349133,15.336668,547.0005
73.6422,14.608831,257.85226,258.03616,13.583281,15.618544,552.20526
74.2175,14.484799,258.82892,258.98434,13.81743,15.900421,556.60254
74.767166,14.442956,256.63852,256.86636,13.801017,16.004877,559.1962
75.31684,14.4011135,254.44807,254.74838,13.784604,16.109335,561.35846
75.33617,14.400745,254.87634,255.18164,13.966288,16.344503,564.05963
75.355484,14.400377,255.30461,255.61493,14.147972,16.579674,566.5097
75.31207,14.384232,254.98721,255.26085,14.036654,16.411806,564.6402
75.26867,14.368086,254.66978,254.90677,13.92534,16.24394,562.7366
76.1164,14.293419,253.29517,253.48404,13.793429,16.04861,560.1947
76.964134,14.21875,251.92055,252.0613,13.661522,15.853279,557.63245
76.51809,14.324909,249.76497,249.91936,13.761889,16.01556,560.07404
76.07205,14.431068,247.60938,247.77737,13.862258,16.17784,562.4198
75.52459,14.507131,246.42418,246.68521,13.888747,16.22114,562.77704
74.97713,14.583195,245.23897,245.59303,13.915237,16.264442,563.0006
75.01726,14.638741,242.18028,242.52415,13.781147,16.099096,561.1899
75.0574,14.694285,239.12157,239.45526,13.647057,15.93375,559.2196
75.087585,14.794136,236.96292,237.27176,13.57664,15.905874,559.1519
75.11776,14.893985,234.8043,235.08826,13.506225,15.877997,559.05975
75.392044,15.015942,230.77184,231.05223,13.539358,15.96575,560.5038
75.66632,15.137896,226.73936,227.0162,13.572491,16.053503,562.06354
78.37594,15.154116,219.20789,219.48282,14.545919,17.395245,575.0275
81.08556,15.170337,211.67642,211.94946,15.51935,18.73699,582.7889
82.673874,15.37568,212.59822,212.83672,16.400747,20.075254,588.787
84.26219,15.581024,213.52005,213.72395,17.282145,21.413523,593.0739
85.71062,15.63189,212.28024,212.5943,17.371948,21.638752,593.7091
87.15905,15.682756,211.04044,211.46465,17.461752,21.863983,594.13983
85.10657,16.204786,219.98347,220.38553,18.613419,23.674974,597.6213
83.054085,16.726818,228.92653,229.30644,19.765083,25.485966,599.56934
83.521255,16.925838,226.74606,227.24841,18.417585,23.718596,597.9653
83.98842,17.124857,224.5656,225.1904,17.07009,21.951225,595.20374
84.29823,17.266779,225.30527,226.06656,16.295586,20.957588,592.85614
84.60805,17.408699,226.0449,226.94269,15.521081,19.963953,589.40393
84.99685,17.472006,224.56108,225.51363,15.138416,19.471903,587.156
85.38565,17.535313,223.07724,224.08453,14.755751,18.979855,584.48895
85.82179,17.548872,222.29532,223.3045,14.717326,18.935045,584.1025
86.257935,17.562433,221.51338,222.52446,14.678902,18.890232,583.7879
87.261284,17.492716,222.7889,223.91296,15.301635,19.717968,587.855
88.264626,17.422997,224.0644,225.30145,15.924368,20.545704,590.9652
88.258804,17.45472,225.43207,226.63219,15.529629,20.034582,589.1043
88.25298,17.486443,226.79971,227.9629,15.13489,19.52346,586.8007
86.83215,17.62859,223.96086,225.0764,14.957411,19.326569,585.9688
85.41134,17.770735,221.12202,222.18991,14.779933,19.129677,585.1727
84.46279,17.762236,220.4729,221.40192,14.594637,18.87406,584.0098
83.514244,17.753736,219.82378,220.61392,14.409341,18.61844,582.71936
83.56564,17.795153,219.423,220.32156,14.677479,19.008286,584.9607
83.617035,17.836569,219.02225,220.0292,14.945615,19.398129,586.9549
84.445786,17.803602,217.50174,218.54164,14.550985,18.851141,583.88385
85.27455,17.770636,215.98122,217.0541,14.156355,18.30415,580.30756
85.41308,17.75639,216.42961,217.57164,14.17717,18.316244,580.2963
85.55161,17.74214,216.87799,218.08919,14.197986,18.32834,580.2954
85.01994,17.719482,218.55344,219.58238,14.674497,18.905993,583.929
84.48827,17.696825,220.22885,221.0756,15.151008,19.483644,587.01654
84.62024,17.597376,217.00633,217.92007,15.150143,19.420837,586.7008
84.7522,17.497925,213.78381,214.76456,15.14928,19.35803,586.40295
84.85307,17.474293,212.90514,213.83289,15.082154,19.280163,586.07056
84.95395,17.45066,212.02649,212.90123,15.015027,19.202293,585.7311
84.80561,17.449785,211.46106,212.38228,14.864759,18.990723,584.56934
84.65727,17.44891,210.89563,211.8633,14.714494,18.779152,583.33954
84.96048,17.46415,208.90715,209.84491,14.681427,18.735542,582.9952
85.26368,17.479387,206.91867,207.8265,14.64836,18.691933,582.6726
84.71952,17.433657,206.9132,207.75198,15.029995,19.180868,585.7163
84.17536,17.387926,206.90771,207.67743,15.41163,19.669802,588.2295
83.70519,17.41584,209.15164,209.99129,15.11434,19.272512,586.4047
83.23503,17.443756,211.39558,212.30513,14.81705,18.875223,584.2702
83.430046,17.46474,208.19824,209.10094,14.804796,18.871824,584.2612
83.62507,17.485725,205.00087,205.89673,14.792542,18.868423,584.2718
82.82565,17.554379,203.96371,204.9166,14.822406,18.961721,585.0735
82.02624,17.62303,202.92653,203.93645,14.852266,19.055017,585.78406
82.003784,17.62762,202.04625,202.99097,14.967495,19.2082,586.52716
81.98134,17.63221,201.166,202.04549,15.082726,19.361383,587.2513
82.60245,17.640453,199.54613,200.37746,14.844361,19.07017,585.8851
83.22356,17.648699,197.92625,198.70943,14.605997,18.778957,584.2557
82.93854,17.68237,197.75981,198.701,14.8285,19.102922,586.0404
82.65352,17.716042,197.5934,198.69255,15.051002,19.426886,587.5928
82.40553,17.724726,198.04277,199.19205,14.823299,19.143126,586.3276
82.15755,17.733412,198.49213,199.69154,14.595597,18.859364,584.9073
81.06883,17.88598,196.83038,197.87141,14.163342,18.35618,582.3387
79.98011,18.038551,195.16862,196.05128,13.731087,17.852995,579.51044
80.33397,17.98597,196.45161,197.45319,14.29674,18.585201,584.0802
80.687836,17.933386,197.7346,198.8551,14.862392,19.317408,587.69214
81.788994,17.852003,197.5256,198.52623,14.377174,18.66134,584.09424
82.89017,17.770617,197.3166,198.19739,13.891954,18.005276,579.7926
84.2043,17.62908,196.23296,197.13133,14.077979,18.164053,580.4469
85.51843,17.487543,195.1493,196.06526,14.264004,18.322834,580.9835
86.327194,17.38619,197.65031,198.53319,14.4387665,18.52139,581.9843
87.13596,17.284838,200.1513,201.00111,14.613529,18.719948,582.9905
87.85774,17.222086,198.71858,199.54404,14.280927,18.184246,579.3636
88.57953,17.159332,197.28584,198.08698,13.948324,17.648546,575.07513
88.72962,17.16999,202.74503,203.46887,13.974523,17.676018,575.2203
88.87972,17.180647,208.20418,208.85074,14.00072,17.703491,575.1947
89.35896,17.10164,207.0625,207.56781,13.559253,17.057854,569.06165
89.83821,17.022635,205.92082,206.28487,13.117785,16.412214,561.2896
90.23232,16.917622,208.38858,208.83253,12.436125,15.424594,544.89496
90.626434,16.812609,210.85637,211.38019,11.754464,14.436975,522.58105
89.635414,16.799166,215.15015,215.70706,11.169203,13.612992,499.0831
88.6444,16.785723,219.44394,220.03395,10.5839405,12.78901,469.4483
85.18555,16.762148,225.95047,226.34247,10.289976,12.288505,459.39307
81.7267,16.738573,232.45697,232.65102,9.996013,11.788,445.92618
82.34249,16.502413,236.65639,236.89905,8.7915745,10.155237,353.84683
82.958275,16.266253,240.85582,241.1471,7.5871377,8.522476,239.99356
84.04211,16.140831,250.31133,250.61923,8.2961645,9.296367,291.92218
85.12594,16.015411,259.76688,260.09137,9.00519,10.070259,337.00165
82.62907,16.095387,262.4065,262.58197,8.8245,9.831762,324.23282
80.1322,16.175362,265.0461,265.07257,8.643809,9.593265,304.46353
79.71287,15.9774475,262.55405,262.52438,8.839306,9.771569,314.96304
79.293526,15.779535,260.06195,259.97617,9.0348015,9.949874,325.85785
76.67329,15.664373,258.10196,258.0704,9.042028,9.931911,325.6516
74.05304,15.549211,256.14197,256.16464,9.049255,9.913951,329.8568
75.59501,15.279388,255.58188,255.58237,8.827621,9.57659,296.43805
77.13698,15.009566,255.02179,255.00012,8.6059885,9.239228,266.90268
78.21414,14.768117,253.77882,253.72083,8.127364,8.667874,225.49841
79.291306,14.5266695,252.53584,252.4415,7.64874,8.096521,190.91873
78.64496,14.497599,250.55812,250.47925,7.3618107,7.787313,170.49432
77.99861,14.468526,248.58043,248.51698,7.0748825,7.478105,151.46
77.150246,14.513406,247.45749,247.34811,6.8007183,7.188341,133.01418
76.30188,14.558285,246.33456,246.17926,6.5265546,6.898577,117.172554
76.325485,14.547313,247.66376,247.46164,6.538451,6.902607,117.32216
76.34908,14.53634,248.99292,248.74402,6.550348,6.906637,117.8178
76.72892,14.505227,249.12148,248.91505,6.478542,6.8309684,115.67114
77.108765,14.474114,249.25003,249.0861,6.406736,6.7553005,113.3529
76.66926,14.479727,244.4202,244.27129,6.023669,6.347356,95.3381
76.229744,14.485338,239.59036,239.45647,5.640602,5.9394107,76.319244
76.06343,14.560436,236.8674,236.71576,5.6772137,5.9855547,77.21908
75.89711,14.635535,234.14444,233.97502,5.7138257,6.031699,78.98891
75.524506,14.720629,232.91495,232.73122,5.649695,5.973731,76.34925
75.1519,14.805721,231.68546,231.48738,5.5855637,5.915763,73.87896
73.70966,14.925366,235.82617,235.66417,5.8444314,6.2126565,85.50312
72.26743,15.04501,239.9669,239.84093,6.103299,6.5095496,100.093994
71.442116,15.217847,236.11902,236.02548,5.738204,6.129778,86.101135
70.6168,15.390683,232.27115,232.21,5.373109,5.750006,75.606606
70.31519,15.519798,224.15431,224.13722,5.1188426,5.4811535,68.257996
70.01359,15.648912,216.03748,216.06442,4.8645763,5.2123,61.475285
69.86388,15.759898,212.13087,212.17624,4.8255506,5.176225,63.421574
69.71416,15.870884,208.2243,208.28804,4.7865252,5.1401505,64.24905
69.14322,15.994487,211.32689,211.30675,4.672849,5.027085,59.992332
68.57227,16.11809,214.42947,214.32545,4.559173,4.91402,56.21055
67.34691,16.244194,215.90866,215.87163,4.820954,5.225424,70.382256
66.12153,16.3703,217.3879,217.4178,5.082734,5.5368276,86.635345
65.77879,16.404448,214.87077,214.97998,5.096913,5.540223,87.58121
65.43605,16.438591,212.35367,212.54216,5.1110916,5.543619,88.25196
67.963165,16.21011,211.4309,211.57222,5.416101,5.837739,100.127556
70.49028,15.981625,210.50813,210.6023,5.721111,6.131859,103.68438
73.52464,15.71546,211.50002,211.56317,5.614271,5.99907,91.52819
76.559006,15.449294,212.4919,212.52408,5.5074315,5.866281,80.970055
77.300316,15.360303,211.59914,211.61075,5.389363,5.7282157,74.497795
78.04163,15.271312,210.70638,210.69742,5.2712936,5.5901494,68.06116
78.07371,15.1455965,218.79904,218.72197,5.066848,5.371654,57.70969
78.10579,15.01988,226.89172,226.74654,4.862402,5.1531587,50.456345
81.23476,14.769231,230.18217,230.10144,4.6476927,4.912642,50.80945
84.36372,14.518582,233.47263,233.45633,4.432983,4.6721253,42.240654
84.33141,14.551493,234.35869,234.44563,3.996748,4.2127686,28.037237
84.299095,14.584405,235.24474,235.43494,3.5605125,3.7534122,14.437684
83.728134,14.643919,228.31009,228.47617,3.2467594,3.416411,5.1957736
83.157166,14.703434,221.37544,221.5174,2.9330063,3.0794096,0.24349664
83.188156,14.659163,222.07425,222.08023,2.6795995,2.805545,-1.8979837
83.219154,14.614892,222.77309,222.64307,2.426193,2.5316803,-3.2797241
84.91067,14.4612875,231.35196,231.18707,2.3744507,2.4702842,-5.6163144
86.60219,14.307682,239.93085,239.73106,2.3227084,2.408888,-6.4652805
86.71217,14.253954,249.93613,249.79872,2.4082892,2.4983425,-5.6000404
86.82217,14.200226,259.9414,259.8664,2.49387,2.5877967,-3.9472501
86.59049,14.143801,270.83386,270.84637,2.695688,2.8007247,-0.53403455
86.358826,14.087376,281.7263,281.82635,2.8975058,3.0136528,4.3152375
85.446266,14.086188,286.40756,286.53592,3.2559593,3.4055328,9.067781
84.53371,14.085002,291.08878,291.24548,3.6144128,3.7974126,16.526623
82.09077,14.215441,291.3147,291.38492,3.956202,4.1604776,22.79413
79.64783,14.34588,291.54065,291.52438,4.297991,4.5235424,31.627134
77.68486,14.390675,289.49533,289.57654,4.810025,5.0559454,48.881763
75.72189,14.435469,287.45,287.6287,5.322059,5.5883484,65.313545
76.36326,14.3885,285.00064,285.1416,5.437486,5.713583,71.67226
77.00464,14.341533,282.5513,282.6545,5.5529127,5.838817,78.09044
78.404,14.29226,276.92358,277.01392,5.722868,6.022142,90.37644
79.80336,14.242989,271.2959,271.37335,5.8928237,6.205466,104.910515
79.56836,14.2218,267.32788,267.3596,6.3696485,6.7274494,125.17645
79.33336,14.200612,263.3599,263.34586,6.846473,7.2494326,147.48189
78.58355,14.254526,264.08112,264.01285,6.9236946,7.350079,151.45166
77.83375,14.308437,264.8023,264.67987,7.000917,7.4507256,155.3692
76.506615,14.421855,265.47003,265.29153,6.4987454,6.9152317,126.062645
75.17949,14.535272,266.13773,265.90323,5.9965734,6.379738,97.96904
74.30886,14.649278,264.63388,264.44348,5.6934314,6.061407,81.052765
73.438225,14.763282,263.13007,262.98373,5.3902893,5.743076,64.10033
72.49168,14.911869,263.5287,263.4423,5.4224257,5.7959123,62.419422
71.54512,15.060455,263.92725,263.90088,5.454563,5.848749,63.10469
70.6264,15.177571,265.2296,265.22446,5.469739,5.8707337,64.32986
69.70767,15.294688,266.53195,266.54807,5.4849153,5.892719,65.87382
70.62083,15.278459,266.76587,266.83994,5.297911,5.6713123,54.971313
71.53398,15.262228,266.99982,267.1318,5.1109076,5.449907,45.046627
73.11155,15.1243305,269.65515,269.81015,4.962053,5.274771,43.86425
74.689125,14.986433,272.3105,272.4885,4.8131976,5.099636,43.388287
75.14321,14.94812,278.2511,278.35562,4.6527085,4.9206824,39.698387
75.5973,14.909807,284.19168,284.22272,4.492219,4.7417293,35.44418
77.31043,14.777706,291.20804,291.31897,4.563119,4.810274,38.33709
79.02356,14.645606,298.22437,298.41522,4.634019,4.878819,43.386375
80.016655,14.569087,304.3244,304.46777,4.727367,4.9806743,47.619495
81.009735,14.492567,310.42444,310.52032,4.820715,5.082529,49.062614
81.60284,14.386653,310.3826,310.59583,4.0565777,4.2601514,25.96063
82.19592,14.280738,310.34076,310.67133,3.2924407,3.4377737,9.833981
84.09247,14.160843,314.66006,314.9229,3.7329268,3.9139888,18.285042
85.98902,14.040948,318.97937,319.17453,4.1734133,4.390204,28.34996
86.2287,14.000973,320.2851,320.46497,4.7560716,5.0213284,44.933693
86.46838,13.960999,321.59082,321.75537,5.33873,5.652454,66.01099
86.51352,13.931928,319.6197,319.7492,5.9398913,6.3145013,94.48918
86.55865,13.902856,317.6486,317.74304,6.541053,6.9765496,129.71773
85.56977,13.956959,318.23517,318.37903,7.1360364,7.658185,171.97224
84.58089,14.011061,318.82175,319.01498,7.731021,8.339821,214.45024
82.707924,14.059766,323.77182,324.00153,7.7849965,8.402157,219.42354
80.83495,14.10847,328.72192,328.988,7.8389726,8.464493,220.70267
80.71239,14.079678,332.64746,332.8965,7.5385084,8.112459,205.11563
80.58982,14.050886,336.573,336.80502,7.2380447,7.7604256,189.66873
80.652664,14.043051,338.85358,339.0766,7.1511135,7.6763263,186.44133
80.7155,14.035213,341.1342,341.34818,7.0641823,7.5922275,183.15105
79.98082,14.0814905,341.851,342.1312,6.8524203,7.3515544,170.73549
79.24613,14.127767,342.56787,342.9142,6.640658,7.110882,158.7618
79.607864,14.070206,340.5663,340.89517,6.326526,6.756918,138.17668
79.969604,14.012645,338.56482,338.87613,6.0123944,6.402954,118.77123
79.90685,13.999565,337.9741,338.25516,5.7215657,6.076457,102.53081
79.8441,13.986485,337.38336,337.6342,5.4307375,5.7499604,87.36187
78.958244,14.035106,334.17792,334.50363,4.959209,5.234452,66.38021
78.07239,14.083727,330.9725,331.37305,4.4876804,4.7189436,50.717354
77.08127,14.153341,319.58664,320.0211,4.288504,4.5101376,42.697346
76.09015,14.222956,308.20078,308.66913,4.0893283,4.3013325,31.73156
75.84121,14.25321,299.65884,300.10782,3.9896588,4.190427,23.245987
75.59227,14.283465,291.11685,291.5465,3.8899899,4.0795217,18.72456
75.280235,14.317356,289.3172,289.71597,3.6031675,3.771635,12.977222
74.9682,14.351248,287.51752,287.88544,3.316346,3.4637485,8.835407
75.08986,14.368374,278.90842,279.2563,3.1756663,3.3137136,7.2705884
75.21152,14.385501,270.29935,270.62714,3.0349865,3.1636786,6.8214703
75.84025,14.375614,258.75754,258.99127,2.937717,3.0587096,6.0095425
76.46898,14.365726,247.21576,247.35544,2.8404472,2.9537406,2.8248324
77.200874,14.367022,236.54152,236.64236,3.2450938,3.3926857,5.4010777
77.93278,14.368318,225.86726,225.92926,3.6497405,3.8316307,12.9447
77.98377,14.442202,219.51381,219.75288,3.8506713,4.0705338,16.636032
78.03477,14.516087,213.16037,213.57652,4.0516024,4.3094373,21.067785
77.42557,14.699861,207.15181,207.73273,4.250267,4.5440054,28.203892
76.81636,14.883633,201.14323,201.88892,4.4489317,4.778574,38.58011
75.14332,15.136385,203.9563,204.6086,4.9448485,5.3985763,63.908184
73.47027,15.389136,206.76933,207.32828,5.440765,6.018579,94.19684
69.18327,15.597364,214.95177,215.40298,6.2146096,6.969282,147.40408
64.89626,15.8055935,223.13422,223.4777,6.988454,7.9199862,217.21103
64.75321,15.772321,224.47015,224.63634,7.4038587,8.375318,245.02617
64.61016,15.739048,225.8061,225.79495,7.819264,8.830649,271.6642
63.646206,15.725678,222.8498,222.88593,8.19639,9.281696,297.9364
62.682247,15.712308,219.89351,219.97688,8.573516,9.732742,330.30585
62.026535,15.762924,215.6148,215.72824,8.778267,10.003398,351.58118
61.37082,15.81354,211.3361,211.47958,8.983018,10.274054,369.87592
60.699516,15.811627,206.3591,206.65384,9.34568,10.754693,397.5394
60.02822,15.809713,201.3821,201.82808,9.708343,11.2353325,420.26855
63.259422,15.686454,201.22958,201.66087,9.984117,11.553346,447.91617
66.49063,15.563195,201.07706,201.49367,10.259891,11.871358,468.1084
67.217,15.455128,202.9318,203.42021,10.504692,12.163957,479.83585
67.943375,15.347059,204.7865,205.34676,10.749495,12.456553,490.03
69.7909,15.285679,200.71751,201.39407,10.819202,12.544029,490.2602
71.63843,15.224298,196.64851,197.44139,10.88891,12.631507,490.81253
72.711266,15.246111,195.72113,196.4698,11.333012,13.240159,507.99188
73.78411,15.267923,194.79375,195.4982,11.777112,13.848811,523.86505
74.80363,15.384298,193.44397,194.19371,12.179128,14.471889,537.51556
75.82315,15.500672,192.09422,192.88922,12.581143,15.094966,547.994
76.551575,15.664052,192.11115,192.86957,12.822897,15.511851,554.36993
77.28,15.827434,192.12807,192.84993,13.0646515,15.928738,560.3263
79.147125,15.770058,193.79068,194.43216,13.09063,15.950286,560.2494
81.01427,15.712681,195.4533,196.01442,13.116607,15.971833,559.0473
81.87122,15.735853,194.26012,194.8496,13.022907,15.878718,557.0382
82.72818,15.759027,193.06691,193.68478,12.929207,15.7856045,555.3204
82.616905,15.916421,192.24445,192.93468,12.8220415,15.727802,554.88556
82.50564,16.073816,191.422,192.18454,12.714877,15.67,554.4676
82.52857,16.200817,190.38835,191.17694,12.730402,15.765575,556.1312
82.551506,16.32782,189.35472,190.16934,12.745924,15.861152,557.74457
82.638405,16.450972,188.4756,189.22832,12.589927,15.745967,556.5143
82.72531,16.574123,187.59648,188.28731,12.433928,15.630783,555.3442
82.93871,16.707119,187.02516,187.89459,12.3498535,15.63608,555.8949
83.15212,16.840113,186.45386,187.50189,12.26578,15.641377,556.3837
83.820076,16.89183,187.12042,188.28033,11.971553,15.31009,550.8275
84.488045,16.94355,187.78697,189.0588,11.677325,14.978803,544.61566
85.659805,16.876265,187.39687,188.7356,11.488355,14.717954,538.8453
86.831566,16.80898,187.00676,188.41238,11.299383,14.457104,532.80304
86.7785,16.80634,183.54622,184.91719,11.449865,14.629906,536.4606
86.72545,16.803698,180.08568,181.42198,11.6003475,14.802708,540.46625
86.04179,16.833239,179.21823,180.52652,12.24978,15.636574,555.0929
85.35812,16.86278,178.3508,179.63109,12.899214,16.47044,566.01874
84.69728,16.90865,177.6627,178.85008,13.222483,16.919147,571.0789
84.03644,16.95452,176.9746,178.06906,13.545753,17.367853,575.45
83.86213,16.95467,177.8057,178.77704,13.967735,17.933664,579.7638
83.68781,16.95482,178.6368,179.485,14.389719,18.499472,583.14795
82.373695,16.975433,180.0932,180.98097,14.652435,18.853432,585.2045
81.05958,16.996046,181.54962,182.47697,14.915152,19.207388,587.3822
79.78022,16.98275,182.48706,183.30412,15.0411215,19.362467,588.5432
78.50086,16.969452,183.42451,184.13127,15.167092,19.517544,589.63776
77.648186,16.940193,183.56848,184.17044,14.965651,19.23155,588.7297
76.79552,16.910936,183.71246,184.20958,14.764207,18.945557,587.6438
76.88642,16.92591,183.2068,183.83636,14.674676,18.830654,587.0624
76.977325,16.940887,182.70114,183.46312,14.585143,18.71575,586.4521
74.54003,17.223612,182.91876,183.85565,14.343081,18.589848,586.32446
72.102745,17.506334,183.13638,184.2482,14.101022,18.463947,586.9253
73.05896,17.393595,186.2551,187.45648,13.894621,18.14349,584.5964
74.01517,17.280857,189.37381,190.66478,13.688222,17.823032,581.92145
76.187614,17.04699,191.28406,192.59335,13.396351,17.33152,577.928
78.36006,16.813124,193.19427,194.52193,13.104481,16.840004,572.83374
78.488045,16.869972,196.076,197.58528,12.86967,16.57299,570.1121
78.61603,16.926823,198.95773,200.64865,12.634857,16.305977,567.29236
80.46683,16.87575,203.19737,204.81293,11.926513,15.387877,555.5547
82.31762,16.824677,207.43701,208.9772,11.218168,14.469777,540.0512
83.54755,16.779648,211.50885,213.13039,10.799724,13.927169,526.4378
84.777466,16.73462,215.58072,217.28357,10.381279,13.384561,509.89044
86.00702,16.67154,218.09674,220.01901,9.842759,12.703906,483.61124
87.23657,16.60846,220.61273,222.75444,9.304239,12.023251,451.1882
87.6734,16.576855,221.27126,223.60014,8.949089,11.528868,425.50113
88.11023,16.545248,221.92976,224.44582,8.59394,11.034486,399.49078
87.38544,16.55834,222.54529,225.01169,8.421145,10.839968,391.6927
86.660645,16.571436,223.16083,225.57755,8.24835,10.64545,382.07373
84.977585,16.526674,224.32597,226.37181,8.240125,10.523174,377.82532
83.29452,16.481915,225.4911,227.16608,8.231898,10.400899,374.8035
83.36864,16.49894,224.16405,225.94623,8.159676,10.35875,372.1133
83.442764,16.515968,222.83699,224.7264,8.087452,10.3166,369.38156
83.67073,16.497856,222.95468,224.67212,7.9993377,10.223323,363.49634
83.898705,16.479746,223.07237,224.61786,7.9112234,10.130046,357.6872
84.12022,16.48986,220.00305,221.65143,7.8309045,10.05679,349.95087
84.341736,16.499973,216.93372,218.685,7.7505865,9.983536,342.61926
83.92477,16.548868,217.37804,219.29456,7.647944,9.92081,341.5972
83.5078,16.597765,217.82236,219.90413,7.545302,9.858082,340.41113
83.190926,16.638668,218.47746,220.7859,7.341618,9.734353,336.33908
82.87405,16.679571,219.13257,221.66771,7.1379347,9.610625,331.5633
82.44553,16.7551,217.44865,220.58305,6.947411,9.561746,330.54596
82.01701,16.830627,215.76476,219.4984,6.7568884,9.512867,328.4979
81.711,16.894321,213.06847,217.7278,6.519858,9.349039,315.80652
81.404976,16.958015,210.37216,215.95717,6.282827,9.185212,303.6563
81.380486,16.989216,206.75339,213.18689,5.949056,8.825065,277.4105
81.356,17.020416,203.13461,210.41663,5.6152854,8.464919,251.36865
81.453285,17.036785,198.83354,206.63475,5.4167204,8.2243395,232.7967
81.55057,17.053152,194.53246,202.85289,5.2181554,7.9837594,216.40813
82.08934,17.038355,191.04219,199.52454,5.070329,7.795522,203.56865
82.62811,17.023556,187.55194,196.19617,4.9225035,7.6072855,191.07246
83.15743,17.01311,186.05272,194.19101,4.8789263,7.5575566,189.1912
83.686745,17.00266,184.55348,192.18587,4.8353486,7.5078273,187.40356
84.16992,16.986437,185.12466,192.17894,4.7575407,7.430047,185.71533
84.6531,16.970211,185.69583,192.17203,4.6797323,7.352266,183.84879
84.868996,16.956541,183.90187,190.90147,4.442889,7.047166,164.10295
85.08489,16.942871,182.10791,189.63095,4.206046,6.7420664,144.96153
85.02145,16.926859,180.67189,188.63782,4.004708,6.4624043,128.32788
84.958,16.910845,179.23587,187.6447,3.8033698,6.1827426,113.58961
84.6906,16.91139,179.42769,187.66681,3.8972387,6.2476835,116.30007
84.42319,16.911936,179.6195,187.68893,3.9911084,6.3126245,119.140884
84.79031,16.898014,176.96823,184.18007,4.0401917,6.3514204,122.49496
85.15743,16.88409,174.31696,180.67122,4.0892754,6.390217,127.131256
85.739876,16.876476,173.39272,178.74696,4.254289,6.606705,142.5511
86.32232,16.868858,172.46848,176.8227,4.4193025,6.823194,159.6753
86.90569,16.863304,169.9459,174.5621,4.4610877,6.8573127,162.57942
87.48908,16.857752,167.42336,172.30151,4.5028734,6.891431,164.76
88.66281,16.819157,168.28903,172.44202,4.9151573,7.255251,184.56151
89.83653,16.780561,169.1547,172.5825,5.327441,7.6190715,200.09358
90.11225,16.68179,172.98648,175.66261,5.929657,8.054344,219.2973
90.38797,16.58302,176.81827,178.74274,6.5318727,8.489616,238.90396
89.01406,16.415115,182.71715,184.22931,6.6592345,8.382832,232.79015
87.640144,16.247213,188.61606,189.71587,6.7865963,8.276047,227.2296
86.81842,16.179735,191.47105,192.3911,6.657552,8.047512,213.74289
85.99669,16.112257,194.32603,195.06633,6.528507,7.8189774,198.67902
86.19276,16.054022,191.81377,192.48224,6.589288,7.8332334,200.30038
86.38883,15.995785,189.30151,189.89818,6.6500688,7.8474884,202.21301
85.013245,15.996589,186.32523,186.87672,6.809545,7.990107,207.05017
83.63766,15.997392,183.34895,183.85527,6.9690213,8.132726,212.04527
83.06962,16.098318,178.83015,179.57556,6.813946,8.087191,209.9669
82.50158,16.199244,174.31134,175.29582,6.6588697,8.041656,207.44174
85.34814,16.366085,169.68874,171.09468,7.3479056,9.2703495,293.02383
88.19469,16.532928,165.06612,166.89352,8.036942,10.499044,382.71188
90.15281,16.767803,164.16687,166.46828,8.844514,11.73764,449.51352
92.11094,17.002678,163.26761,166.04305,9.652087,12.976236,496.86557
92.14553,17.129274,170.04944,172.64423,9.990126,13.433638,509.2032
92.18013,17.255869,176.83128,179.24542,10.328164,13.891039,520.5284
92.48205,17.239105,176.37418,179.41162,9.817906,13.381269,506.60956
92.78397,17.222342,175.91708,179.57782,9.30765,12.871499,490.11774
92.4721,17.282103,177.96487,181.97092,9.13632,12.767113,486.67236
92.16023,17.341866,180.01268,184.364,8.964992,12.662728,483.11813
91.98249,17.39637,183.0669,187.54172,8.858929,12.61928,480.40872
91.80475,17.450876,186.12114,190.7194,8.752867,12.57583,477.35
91.649216,17.501469,190.28514,195.12112,8.419617,12.255789,461.86786
91.493675,17.552061,194.44916,199.52286,8.086366,11.935747,446.23297
91.237114,17.574387,191.65556,197.66388,7.835248,11.645801,433.0798
90.980545,17.596714,188.86198,195.80489,7.5841303,11.355852,418.7406
90.280136,17.640896,190.64612,197.13757,7.931293,11.79059,438.93097
89.579735,17.685076,192.43025,198.47028,8.278457,12.225329,458.19864
88.53972,17.673027,200.45953,206.42317,7.915578,11.817213,439.71976
87.4997,17.660976,208.48882,214.37605,7.552699,11.409098,427.70404
86.95527,17.56559,213.83798,219.24408,7.2792954,11.024878,416.9171
86.41083,17.470201,219.18715,224.11209,7.005892,10.640657,406.41647
85.46481,17.392017,226.5137,230.83997,7.1576576,10.723177,416.96198
84.51879,17.313833,233.84024,237.56784,7.3094244,10.8056965,426.84738
85.32744,17.093372,243.61426,246.93492,7.358743,10.579308,416.67212
86.136086,16.872911,253.38829,256.302,7.408061,10.35292,400.06613
85.94691,16.82193,253.5385,256.54858,6.572008,9.247843,332.1321
85.75773,16.770948,253.68872,256.79517,5.735954,8.142767,252.28606
84.74867,16.630133,256.7486,259.36722,5.1498637,7.2500463,178.73291
83.739624,16.489317,259.80844,261.93927,4.5637736,6.3573246,118.479546
82.81429,16.434502,256.0765,258.3511,4.373991,5.972577,98.69783
81.88897,16.379686,252.34453,254.76295,4.1842084,5.5878296,80.203476
80.57346,16.301153,252.68211,254.29988,4.549007,5.766565,84.03127
79.25797,16.222622,253.0197,253.83682,4.913806,5.9453,87.622314
78.323425,16.043016,255.27774,255.92468,5.027701,5.8856864,82.41903
77.388885,15.86341,257.5358,258.01254,5.1415963,5.8260736,77.348114
77.144714,15.731586,255.03221,255.45232,4.6832013,5.2124414,53.96066
76.90054,15.599762,252.52866,252.89209,4.224806,4.598809,33.36436
76.88977,15.557174,242.04335,242.13899,3.73436,4.033691,20.058678
76.879005,15.514585,231.55807,231.3859,3.2439141,3.4685729,10.323057
77.31882,15.503547,226.1401,225.83075,2.9179645,3.1096904,5.1297174
77.75863,15.49251,220.72215,220.27556,2.592015,2.7508078,1.3236332
78.430504,15.5476885,200.45909,200.14525,2.9915116,3.2122235,4.1137304
79.10238,15.602868,180.19606,180.01495,3.3910081,3.673639,13.859278
79.39979,15.726473,165.31442,165.27158,3.496369,3.8318233,13.655821
79.697205,15.850077,150.43277,150.5282,3.6017299,3.9900076,11.785341
79.92005,15.993453,156.50279,156.49313,3.7767897,4.278652,22.84262
80.142914,16.136827,162.5728,162.45807,3.9518495,4.5672965,38.186295
80.98598,16.244013,162.5845,163.07617,4.1383586,4.961179,54.894157
81.82905,16.3512,162.59619,163.69426,4.3248672,5.355061,70.67158
82.60686,16.435385,158.2758,160.0566,4.7669263,6.030727,101.60999
83.38467,16.51957,153.95541,156.41893,5.208985,6.706393,141.16527
84.50145,16.60307,152.45166,155.32756,5.6647625,7.484533,191.53812
85.61823,16.68657,150.94792,154.23619,6.12054,8.262673,240.35759
86.41703,16.810804,150.40778,154.5741,6.2169385,8.568541,259.95932
87.21583,16.935041,149.86766,154.91202,6.313337,8.874407,279.46692
87.75301,17.005571,148.85876,153.88876,6.463966,9.162041,299.8477
88.2902,17.076101,147.84988,152.8655,6.6145954,9.4496765,322.15848
88.48411,17.135172,145.99257,150.50877,7.475348,10.456953,390.2016
88.678,17.194244,144.13527,148.15205,8.336102,11.46423,441.29977
89.583694,17.197437,141.55876,145.09209,9.605586,13.130308,505.50845
90.48938,17.20063,138.98224,142.03214,10.875072,14.796387,542.95215
90.00484,17.273132,138.93594,141.08842,11.442313,15.351746,551.9608
89.52029,17.345636,138.88963,140.14471,12.009556,15.9071045,559.9609
89.80513,17.428162,145.17633,146.58475,12.03852,16.060402,562.28394
90.08997,17.510687,151.463,153.02477,12.067484,16.213703,564.3929
90.35072,17.553896,151.73604,154.00313,11.425214,15.546272,556.3683
90.61147,17.597105,152.00908,154.98149,10.782944,14.878842,547.27045
89.93402,17.757866,154.39969,157.56398,11.154268,15.4319515,555.7926
89.256584,17.918627,156.7903,160.14647,11.525594,15.985059,563.0382
88.926796,17.977146,161.17017,164.13374,11.992749,16.567362,569.5941
88.597,18.035666,165.55003,168.12102,12.459904,17.149664,575.1692
87.70822,18.093885,174.92583,177.6922,12.572555,17.26292,575.86096
86.819435,18.152103,184.30164,187.26337,12.6852045,17.376177,576.25604
81.753975,18.150719,199.05214,200.93982,13.09097,17.63399,578.62946
76.688515,18.149336,213.80267,214.61629,13.496737,17.8918,581.7674
77.819244,17.77258,211.57846,212.61398,13.540736,17.72656,579.8661
78.94997,17.39582,209.35428,210.61168,13.584737,17.56132,577.9394
79.62912,17.210003,212.33008,213.72672,13.631181,17.541893,577.38855
80.308266,17.024187,215.3059,216.84177,13.677625,17.522469,576.93
80.71395,16.866236,219.10857,220.42172,14.08159,17.964972,579.9875
81.11964,16.708286,222.91127,224.00168,14.485555,18.407476,582.7596
82.230064,16.547771,223.96904,224.87328,14.410242,18.213776,581.4677
83.34049,16.387255,225.02681,225.74486,14.334929,18.020073,579.9
83.492,16.308565,226.62767,227.32094,14.140431,17.704412,577.50555
83.6435,16.229876,228.22856,228.89702,13.945933,17.388752,574.7679
83.07745,16.176958,230.45886,231.19884,13.8388815,17.204895,573.391
82.51141,16.12404,232.68916,233.50063,13.731832,17.021038,571.9272
81.59275,16.05352,235.58691,236.30722,13.415587,16.516838,567.3944
80.67408,15.982998,238.48465,239.11382,13.099342,16.01264,561.9875
80.0534,15.901286,238.89626,239.58034,12.479485,15.093611,548.287
79.43271,15.819573,239.30785,240.04684,11.859625,14.174581,530.1677
79.68599,15.803154,238.82426,239.47972,11.671819,13.939257,524.7701
79.93928,15.786733,238.34067,238.9126,11.484014,13.703932,518.7359
80.82012,15.827902,235.90057,236.4504,11.18412,13.28763,504.75174
81.700966,15.86907,233.46048,233.9882,10.884228,12.871327,489.46683
81.20482,15.916681,233.1387,233.67152,10.232421,12.050802,456.15158
80.708664,15.964291,232.81691,233.35483,9.580613,11.230276,416.65045
81.40013,16.017296,231.19511,231.51477,9.464671,11.103761,409.9809
82.09159,16.0703,229.5733,229.67473,9.34873,10.977244,402.20013
82.58784,16.10193,225.48376,225.65518,9.716938,11.480481,428.60358
83.084076,16.133562,221.39423,221.63567,10.085144,11.983719,452.89786
82.14423,16.119322,219.83197,220.08589,9.745832,11.506338,429.32077
81.204384,16.105082,218.26971,218.53613,9.40652,11.028957,404.4075
80.13209,16.18437,218.03438,218.32886,9.151254,10.784969,394.83325
79.059784,16.263655,217.79903,218.12157,8.8959875,10.540981,383.4574
78.35323,16.32313,216.74445,217.11089,8.744122,10.376046,372.575
77.64669,16.382607,215.6899,216.10019,8.592256,10.211109,361.1545
77.298515,16.463366,209.8608,210.58,8.376228,9.9966755,343.86115
76.95034,16.544125,204.03168,205.0598,8.160201,9.78224,326.7332
76.623505,16.649776,198.99554,200.16252,8.342821,10.101128,346.16168
76.29667,16.75543,193.9594,195.26524,8.525442,10.420014,364.80475
75.873146,16.82845,193.65399,194.93431,8.440653,10.376306,361.12967
75.44963,16.90147,193.34856,194.60338,8.355864,10.332597,357.46417
75.668945,16.968283,194.91273,196.12668,8.478571,10.586834,376.05203
75.888275,17.035095,196.47691,197.64998,8.601276,10.841069,394.14795
76.73379,17.016186,197.06984,198.23685,8.776949,11.06356,409.16708
77.57931,16.997274,197.6628,198.82375,8.952622,11.28605,422.78503
78.20806,16.904774,200.93016,202.00809,9.374359,11.705046,446.54007
78.836815,16.812273,204.19753,205.19243,9.796096,12.124041,465.87152
80.46242,16.614832,204.82018,205.79286,10.133175,12.438277,476.52747
82.08802,16.417393,205.44287,206.39328,10.470253,12.752513,488.39505
82.48935,16.095173,204.42946,205.35258,8.98707,10.628789,375.51453
82.89068,15.772953,203.41608,204.31187,7.503887,8.505066,228.50972
83.0594,15.668313,198.64821,199.18556,6.3438106,7.128246,151.69199
83.22811,15.563674,193.88034,194.05923,5.183733,5.7514267,80.60692
85.92049,15.450315,180.85492,181.14784,4.1578674,4.582397,32.124218
88.61286,15.336958,167.82951,168.23643,3.1320019,3.4133673,-1.0808988
89.77406,15.430246,184.82301,184.98979,2.5748816,2.844417,-5.650142
90.935265,15.523536,201.81653,201.74316,2.0177615,2.275467,-10.763725
90.252014,15.5374775,247.27463,252.13892,2.437884,2.7080474,0.12237992
89.568756,15.551418,292.7327,302.53467,2.8580065,3.1406276,-0.8849902
88.88845,15.51583,296.95102,301.40402,2.9255323,3.1747434,3.2014444
88.20814,15.480242,301.1693,300.27338,2.9930584,3.2088597,7.34183
87.69254,15.548357,287.54922,287.0555,3.3697848,3.7275522,17.016582
87.17695,15.616472,273.92914,273.8377,3.746512,4.2462454,28.754177
87.08045,15.694231,268.4793,268.73724,4.859359,5.5268526,67.869545
86.98395,15.77199,263.02945,263.63678,5.9722056,6.80746,124.5094
87.66615,15.656152,267.47937,268.07193,7.825128,8.980991,263.07312
88.348366,15.540315,271.9293,272.50705,9.678051,11.154523,390.7635
85.205124,15.263072,278.68192,279.08563,10.05703,11.493891,405.0413
82.06188,14.98583,285.43454,285.66418,10.436008,11.833259,420.65387
81.03444,15.011376,283.74033,284.0646,9.987527,11.288725,394.19858
80.007,15.036922,282.04614,282.46503,9.539044,10.74419,364.37195
80.28888,15.001006,280.00253,280.48376,9.445012,10.631848,358.63077
80.570755,14.965089,277.95892,278.5025,9.350979,10.519506,352.8684
81.0359,14.993602,276.83496,277.29266,9.5272455,10.768777,368.16058
81.50105,15.022116,275.71097,276.08282,9.703513,11.018046,383.5277
81.00577,15.169512,273.61386,274.05316,9.463519,10.794554,374.17722
80.51049,15.316908,271.51675,272.0235,9.223525,10.571061,365.35968
79.50553,15.5512085,267.26297,267.87552,8.982004,10.373403,357.32538
78.500565,15.785508,263.00916,263.72754,8.740484,10.175743,347.8714
77.60247,15.967359,258.88397,259.7752,8.731921,10.275812,359.99194
76.70437,16.149208,254.75877,255.82286,8.723358,10.375879,371.45718
76.25842,16.257366,253.53471,254.90398,8.538225,10.205491,361.84192
75.81247,16.365526,252.31065,253.9851,8.353092,10.035102,351.87067
75.852066,16.403097,253.70622,255.47128,8.165853,9.842034,337.4992
75.89167,16.440668,255.10179,256.95746,7.9786143,9.648967,323.2129
75.63292,16.455065,258.80307,260.47922,8.155035,9.893011,340.38947
75.374176,16.469461,262.5044,264.001,8.331456,10.137054,356.82822
75.52634,16.399658,263.56137,264.95206,8.285311,10.054064,349.53833
75.6785,16.329855,264.61835,265.90308,8.239166,9.971073,342.8495
75.5473,16.215492,265.28412,266.35275,8.832404,10.602769,384.49545
75.416115,16.101131,265.9499,266.8024,9.425643,11.234466,423.63525
75.67814,15.939511,266.55038,267.33084,9.723942,11.478922,434.84738
75.94016,15.777889,267.15088,267.85925,10.022241,11.723379,444.35516
76.91128,15.631528,269.4792,270.17172,10.09991,11.789297,443.2206
77.88239,15.485166,271.80753,272.4842,10.177579,11.855216,441.88092
78.74673,15.372825,273.3141,273.88217,9.817895,11.315543,407.70648
79.61105,15.260485,274.82068,275.28012,9.458211,10.775868,373.67267
79.39999,15.064444,275.55978,276.08627,9.278724,10.514718,354.99966
79.18892,14.8684025,276.2989,276.89243,9.099237,10.253566,335.6592
79.53784,14.80405,276.41534,277.03247,8.589346,9.584739,293.40714
79.88677,14.739698,276.53183,277.17255,8.079453,8.915912,248.90254
80.28742,14.689764,273.7165,274.29803,7.701828,8.442208,218.89423
80.68807,14.639828,270.90115,271.42352,7.3242025,7.9685044,189.33128
81.19517,14.602294,271.0149,271.46655,7.043002,7.628954,171.01978
81.70226,14.564758,271.1286,271.50958,6.761802,7.289404,154.90723
82.10179,14.549344,270.5935,270.93195,6.450701,6.932161,139.44624
82.50131,14.533929,270.05838,270.3543,6.1396003,6.574917,124.38707
82.95085,14.504652,268.73373,268.9854,5.9138136,6.314439,112.92826
83.40038,14.475376,267.40912,267.61652,5.688027,6.0539603,100.56054
83.55663,14.493973,265.68637,265.83356,5.3952894,5.7311664,86.70295
83.71288,14.51257,263.96362,264.0506,5.102553,5.408372,71.72317
83.94351,14.5011015,262.68768,262.73242,4.7491627,5.0223184,56.492893
84.17413,14.4896345,261.41174,261.41425,4.3957725,4.6362658,42.35438
83.90812,14.516303,256.94385,256.8818,4.277713,4.505619,37.319855
83.64211,14.542972,252.47592,252.34937,4.159653,4.374972,32.219788
83.49849,14.551153,249.57898,249.42558,4.1060987,4.3224297,30.181988
83.35486,14.559334,246.68204,246.50183,4.052544,4.2698874,28.464483
82.954735,14.609007,243.55406,243.3257,4.185121,4.4186225,32.926926
82.55461,14.658681,240.4261,240.14958,4.3176975,4.5673566,37.30629
82.33895,14.700081,237.896,237.61913,4.543883,4.8272243,47.50848
82.1233,14.741479,235.36592,235.08868,4.770068,5.0870914,58.06921
81.64698,14.802484,231.36258,231.0829,4.8014417,5.1288314,59.109734
81.170654,14.863488,227.35924,227.07715,4.8328156,5.170572,59.122936
81.26184,14.901615,226.28723,226.0321,5.039572,5.4077773,67.905205
81.353035,14.939742,225.21524,224.98708,5.2463284,5.6449823,77.0238
82.10685,14.926826,223.30681,223.12814,5.340945,5.752834,82.19743
82.860664,14.91391,221.39836,221.26918,5.4355607,5.8606853,89.08686
82.798294,14.922197,221.21255,221.16805,5.2076335,5.61716,77.91314
82.73593,14.930485,221.02675,221.06691,4.979706,5.3736343,65.9376
81.4543,14.999804,216.371,216.49832,5.217662,5.659146,76.960655
80.17266,15.069122,211.71529,211.92975,5.455617,5.944658,85.90551
79.1109,15.140402,214.69168,214.89462,5.9311166,6.5278263,112.1518
78.04913,15.21168,217.6681,217.85953,6.4066157,7.110995,141.04329
79.07352,15.154579,213.32419,213.65337,5.8323507,6.475472,110.08323
80.09789,15.097477,208.98029,209.44717,5.2580857,5.839949,82.078255
80.553734,15.114852,207.01595,207.32872,5.6065917,6.211385,99.66726
81.009575,15.132226,205.0516,205.21024,5.955098,6.5828204,119.18092
78.10257,14.921017,204.36765,204.46863,6.4919896,7.1062403,144.20042
75.195564,14.709809,203.68369,203.72705,7.028881,7.62966,175.23169
74.13656,14.346074,191.5023,191.64465,6.278514,6.7458,127.209854
73.077545,13.982341,179.32095,179.56227,5.5281463,5.8619404,83.60522
76.180954,13.96284,172.2843,172.66435,6.191375,6.61657,118.35631
79.28436,13.943339,165.24763,165.76645,6.8546023,7.371199,163.8491
80.99925,14.490381,170.08606,170.86906,8.003789,8.872773,257.64908
82.71415,15.037425,174.92447,175.97168,9.152975,10.374348,352.59067
82.620575,15.54784,184.17815,185.26564,9.286297,10.769994,379.13095
82.527,16.058254,193.43182,194.5596,9.419618,11.165641,405.592
83.05089,16.058874,195.94135,197.06421,9.319871,11.049894,397.44992
83.574776,16.059492,198.45085,199.5688,9.220124,10.934147,388.5325
85.01233,16.060057,204.39706,205.48578,9.276314,11.031376,390.29474
86.44988,16.060621,210.3433,211.40279,9.332502,11.128604,394.37488
87.481064,16.127907,214.07776,215.13565,9.309115,11.2282095,400.5293
88.512245,16.195194,217.8122,218.86852,9.2857275,11.327815,406.12662
89.0692,16.286037,219.04454,220.29254,9.311986,11.523393,417.51666
89.62617,16.376883,220.27689,221.7166,9.3382435,11.718971,428.60263
90.0684,16.417982,220.11673,221.60686,9.590736,12.0328865,441.70065
90.51063,16.459082,219.95659,221.49715,9.843228,12.346803,454.12665
90.82885,16.481928,222.4237,223.77876,10.292185,12.948656,478.48856
91.14707,16.504774,224.8908,226.06038,10.741141,13.550509,499.25702
91.23306,16.5384,224.7204,225.88817,10.738247,13.560254,499.33548
91.31905,16.57203,224.54997,225.71594,10.7353525,13.569997,499.38165
91.37628,16.597551,224.87721,226.09013,10.784106,13.645001,501.5295
91.433525,16.623074,225.2044,226.46431,10.832859,13.720006,503.6321
91.71364,16.630365,224.23076,225.57576,10.732083,13.615299,499.71057
91.99377,16.637655,223.25713,224.68723,10.631307,13.510592,495.6163
92.02261,16.684122,222.61601,224.32803,10.298583,13.164561,483.3659
92.05146,16.73059,221.97491,223.96886,9.965859,12.81853,470.31497
91.92959,16.787663,223.43407,225.12923,10.036736,12.95883,476.75546
91.80772,16.844732,224.8932,226.2896,10.107613,13.09913,483.1461
91.91072,16.889622,223.99075,225.6834,9.945335,13.066559,483.06937
92.013725,16.93451,223.08827,225.0772,9.783057,13.033989,483.22577
91.290764,17.127752,224.25713,227.13072,9.284122,12.892653,484.40762
90.5678,17.320997,225.426,229.18425,8.785188,12.751318,485.21164
90.450035,17.38247,225.54703,229.46077,8.366286,12.363691,474.2933
90.332275,17.443943,225.66805,229.73727,7.947386,11.976065,462.94168
90.269554,17.495825,224.81026,229.73943,7.6671553,11.726139,453.17413
90.20683,17.547707,223.95244,229.74158,7.3869243,11.476213,443.07196
90.80382,17.507828,222.37793,228.74364,6.9831386,11.009022,423.79272
91.40081,17.46795,220.80342,227.74571,6.5793533,10.541829,401.86493
91.70046,17.467379,222.84843,230.24481,6.5629287,10.491709,397.54202
92.00011,17.466806,224.89346,232.7439,6.546505,10.441588,392.99887
92.02345,17.468458,230.65422,237.59181,6.205733,10.100377,383.31387
92.04679,17.47011,236.415,242.43971,5.864961,9.759165,370.37253
92.206856,17.387705,239.10501,245.446,5.521936,9.187393,328.77002
92.36691,17.305298,241.79506,248.45229,5.178911,8.615622,282.1246
92.9292,17.180988,247.3654,253.42545,5.1106825,8.432844,263.95755
93.491486,17.056679,252.93573,258.39862,5.0424542,8.250067,243.49513
93.90622,16.94751,257.21805,263.20212,4.6149287,7.5962853,192.87643
94.320946,16.838339,261.50037,268.00565,4.1874037,6.9425035,149.99477
94.36025,16.76004,267.46448,273.95602,4.1026073,6.749127,137.15695
94.39956,16.681744,273.4286,279.9064,4.017811,6.555751,124.284775
93.664856,16.629915,276.55725,283.3879,3.7350185,6.112694,102.74463
92.93016,16.578089,279.6859,286.8694,3.452226,5.6696362,82.90457
93.69354,16.700493,259.68018,266.08456,3.7216787,6.138912,112.074486
94.456924,16.822895,239.67444,245.29973,3.9911308,6.6081877,135.4291
94.612854,16.782404,245.09229,250.4935,3.8522215,6.298611,117.96642
94.768776,16.741913,250.51013,255.68724,3.713312,5.989035,101.7108
94.98794,16.670406,254.45082,259.1947,3.768206,5.9643064,98.364914
95.2071,16.598898,258.3915,262.70215,3.8230996,5.939578,93.81943
95.479126,16.51444,259.50104,265.42563,3.572896,5.3397036,64.0907
95.75116,16.429983,260.61057,268.14908,3.3226922,4.7398295,42.70127
95.52072,16.375048,260.46426,267.6857,3.281611,4.5992875,39.26418
95.29029,16.320112,260.31796,267.22232,3.2405298,4.458746,35.965687
94.484985,16.267963,263.32904,269.08374,3.1470108,4.1979094,29.049885
93.67968,16.215815,266.34015,270.94516,3.0534916,3.9370725,21.45596
92.35688,16.193638,267.1555,270.9758,3.126232,3.9679906,21.385618
91.03408,16.171461,267.97086,271.00647,3.198972,3.9989088,22.147713
90.13517,16.157059,264.9083,267.62436,3.0690658,3.8263018,17.947325
89.23627,16.142656,261.84576,264.24222,2.9391596,3.6536946,13.510031
89.04386,16.142841,253.54427,255.71591,3.124611,3.8216321,17.997078
88.851456,16.143026,245.24275,247.18958,3.3100622,3.98957,23.158854
88.76991,16.148996,245.26932,246.59882,3.7418306,4.4349313,33.942677
88.68838,16.154968,245.29588,246.00807,4.1735992,4.8802924,45.95247
88.03418,16.114496,248.6032,249.14493,4.334521,5.01597,48.033615
87.38,16.074022,251.91049,252.2818,4.495442,5.1516476,51.980183
86.251396,16.015461,251.23541,251.52701,4.4354405,5.035207,50.13813
85.12279,15.9569,250.56033,250.77222,4.375439,4.918766,47.906094
84.48711,15.931915,250.95515,251.18097,4.1472907,4.655181,41.030136
83.85143,15.906932,251.34996,251.58975,3.919142,4.3915954,33.80721
83.577545,15.924293,246.81927,246.98312,3.4196842,3.8228724,16.98593
83.30367,15.941653,242.28857,242.37651,2.9202266,3.25415,4.8534584
83.67803,15.9627,240.44394,240.42252,2.926008,3.2539423,4.09643
84.05239,15.983744,238.59933,238.4685,2.9317894,3.2537346,3.4877343
84.57339,15.985833,235.87115,235.56752,2.767686,3.0545158,-0.053868156
85.09439,15.987922,233.14299,232.6665,2.6035829,2.855297,-2.287934
85.92323,15.932754,241.52342,241.13785,2.8441567,3.12401,0.78443146
86.75208,15.8775835,249.90385,249.60916,3.084731,3.3927228,5.6619782
86.10015,15.801058,207.24739,206.86601,2.1466866,2.315226,-6.9249387
85.44822,15.724531,164.59094,164.12286,1.2086419,1.237729,-11.777279
85.124756,15.7324505,122.98186,122.98983,2.1452253,2.2510014,-7.2545075
84.80129,15.74037,81.37277,81.856804,3.0818086,3.264274,-7.864664
85.37948,15.845555,94.74414,95.58174,3.336053,3.6627028,-5.3424377
85.957664,15.950741,108.11551,109.30668,3.590297,4.0611315,3.4145787
87.763405,15.914582,108.2462,109.77831,3.9877484,4.5877957,19.313738
89.569145,15.878426,108.3769,110.24995,4.3852,5.1144595,48.338837
91.96147,16.005745,109.319824,112.353874,4.842559,5.8867435,93.24137
94.35379,16.133068,110.26275,114.45781,5.2999177,6.659028,134.40149
94.60612,16.286661,112.61758,119.903244,6.247372,7.9191194,206.62871
94.858444,16.440252,114.972404,125.34868,7.1948256,9.179212,278.7519
94.01339,16.326033,122.61443,127.24644,8.129891,10.290357,359.36795
93.168335,16.211813,130.25647,129.1442,9.064957,11.401501,431.47055
91.14941,15.283448,98.15117,82.65585,8.927577,10.568787,367.94763
89.13049,14.355086,66.04585,36.167503,8.790195,9.736073,382.41147
88.2143,14.159417,40.430172,20.740238,9.430051,10.447795,405.47327
87.29811,13.963749,14.814488,5.3129764,10.069906,11.159518,405.4059
85.95997,13.7547865,146.98915,102.460075,10.230038,11.327756,477.77274
84.62183,13.545824,279.16382,199.60716,10.390169,11.495994,554.2478
84.423294,13.532893,278.42316,228.8274,9.883074,10.8882475,502.5775
84.22475,13.519962,277.68246,258.0476,9.375979,10.280502,399.6227
84.36006,13.599934,311.60406,302.04953,9.530151,10.471886,370.07892
84.49538,13.679904,345.52563,346.05148,9.684323,10.663271,337.6966
83.6753,13.643438,341.05725,341.38217,8.603816,9.373712,274.86295
82.855225,13.606971,336.5889,336.71286,7.5233073,8.084152,209.49066
82.47737,13.622262,325.8475,325.98453,7.560951,8.093819,206.13968
82.09952,13.637553,315.1061,315.25616,7.598595,8.103485,202.46388
80.80104,13.648672,302.83603,302.99442,7.775083,8.294935,207.48097
79.502556,13.65979,290.56592,290.73264,7.9515715,8.486383,213.06708
80.056786,13.769177,283.5423,283.6932,8.264855,8.8856125,238.56032
80.611015,13.878564,276.51868,276.65375,8.57814,9.284841,267.76953
82.29654,13.87602,269.62582,269.8442,9.241712,10.132959,326.72424
83.98206,13.873478,262.73297,263.03464,9.905282,10.981078,377.28122
84.94866,13.871923,264.23297,264.5635,10.529902,11.805334,420.12354
85.91527,13.870368,265.73297,266.09238,11.154522,12.629591,458.06488
85.665436,13.939377,266.88644,267.2667,11.717071,13.402286,490.3954
85.4156,14.008386,268.0399,268.44098,12.279618,14.174981,516.0886
84.22262,14.043143,268.2167,268.71936,12.695585,14.782567,532.6988
83.02964,14.077901,268.39352,268.99774,13.111552,15.390154,545.925
82.15389,14.138696,267.60794,268.00424,12.753525,14.891468,538.6322
81.278145,14.199491,266.82233,267.01074,12.395498,14.392783,528.8926
80.631226,14.3431,264.9783,265.33423,12.492947,14.611339,535.25793
79.98431,14.486708,263.1343,263.6577,12.590395,14.829894,540.7213
77.915764,14.733232,263.5024,264.09326,12.710389,15.123464,546.64594
75.84722,14.9797535,263.87048,264.52884,12.830383,15.417034,553.4697
74.79443,15.108607,262.5589,263.34082,12.525963,15.080264,548.359
73.74165,15.237461,261.24725,262.1528,12.221542,14.743492,542.417
74.11236,15.281351,263.1158,263.95377,12.580286,15.240224,551.1938
74.48306,15.325243,264.98434,265.75473,12.939033,15.736955,558.76483
75.31459,15.227615,265.6431,266.408,13.088422,15.872021,560.521
76.14611,15.129988,266.30182,267.06125,13.237813,16.007086,561.6686
77.00346,15.03096,267.07886,267.8329,13.308977,16.04868,561.43774
77.86081,14.931933,267.8559,268.60452,13.380141,16.090273,560.94794
78.40842,14.809432,269.1365,269.83978,13.231944,15.815221,556.4519
78.95602,14.686931,270.41714,271.07504,13.083748,15.540169,551.7002
79.723114,14.562592,270.7617,271.4077,13.065167,15.459511,550.20715
80.49023,14.438252,271.10626,271.7404,13.046588,15.378853,548.24414
80.42763,14.368619,272.0683,272.7288,12.700857,14.882643,538.7339
80.365036,14.298984,273.03036,273.71722,12.355126,14.386435,527.0399
80.7196,14.26698,271.9673,272.56644,12.168293,14.105713,519.8112
81.07417,14.234975,270.90417,271.41565,11.98146,13.82499,511.21057
81.36946,14.257552,271.208,271.81082,11.531591,13.311438,493.93356
81.664764,14.280128,271.51184,272.206,11.081723,12.797883,474.11133
81.962975,14.231855,270.2294,270.92184,10.866086,12.480254,459.25992
82.261185,14.183583,268.94696,269.63766,10.650448,12.162623,443.3353
82.33853,14.16853,267.61847,268.25867,10.404825,11.819162,425.93076
82.41587,14.153477,266.28992,266.8797,10.159204,11.475701,407.50595
82.38566,14.138245,263.76508,264.33298,9.968211,11.223458,394.04416
82.35544,14.1230135,261.24023,261.7863,9.777219,10.971215,380.41248
82.85526,14.1467495,257.98428,258.49045,9.920213,11.156661,393.02448
83.35509,14.170485,254.72832,255.1946,10.063207,11.342108,404.17322
83.26395,14.131234,253.08463,253.73994,10.387926,11.794978,429.36285
83.17281,14.091984,251.44095,252.28532,10.712644,12.247848,452.63544
83.23386,14.022603,253.04909,253.89832,10.756956,12.271444,452.22705
83.29491,13.953224,254.65724,255.51132,10.80127,12.29504,451.59558
83.28057,13.856311,254.63136,255.37926,10.612814,12.021892,437.41266
83.26624,13.759399,254.60548,255.24721,10.424359,11.748743,423.11188
82.56198,13.79062,254.46996,255.08467,10.461848,11.801422,427.26874
81.85772,13.821842,254.33443,254.92213,10.499337,11.8541,431.08386
81.46903,13.880918,250.29266,250.8685,10.814765,12.262371,455.24512
81.08035,13.939992,246.25092,246.81487,11.130192,12.670642,478.24188
81.75487,13.908131,245.14407,245.70691,11.346992,12.957011,489.1622
82.42938,13.876269,244.03725,244.59895,11.563791,13.24338,498.24155
82.85904,13.908863,243.07047,243.59415,11.449662,13.107451,492.75885
83.288704,13.941458,242.10368,242.58936,11.335533,12.971523,486.871
83.02965,14.0487995,242.0114,242.52017,11.604104,13.369283,503.40347
82.770584,14.156142,241.91911,242.451,11.872675,13.767043,517.10547
82.29363,14.248014,240.85397,241.34756,12.0691395,14.065799,526.2866
81.81668,14.339888,239.7888,240.24411,12.265604,14.3645525,534.2714
80.76913,14.478944,239.54144,240.0892,12.312284,14.52793,539.0775
79.721565,14.617998,239.29408,239.93428,12.358964,14.691308,543.00464
79.888054,14.759206,239.93848,240.4636,12.364363,14.753394,544.3429
80.054535,14.900414,240.58289,240.99292,12.369761,14.81548,545.6241
79.37285,15.144738,239.99687,240.68858,12.179719,14.701975,543.7872
78.691154,15.389062,239.41089,240.38425,11.989676,14.588469,541.9466
78.93708,15.49441,238.46368,239.59314,11.934012,14.583549,542.1062
79.18301,15.599756,237.51646,238.80203,11.878349,14.5786295,542.12866
79.50989,15.626821,237.78693,238.95651,11.750328,14.427295,539.413
79.83676,15.653887,238.05739,239.11101,11.622307,14.275962,536.47784
79.86777,15.684246,240.22186,241.33531,11.864717,14.610245,542.91473
79.89878,15.714607,242.38635,243.55962,12.107125,14.944527,548.58594
79.88236,15.686198,241.96114,243.05193,12.26417,15.130666,551.57837
79.865944,15.657789,241.53593,242.54419,12.421214,15.316805,554.51294
80.43046,15.547199,241.68509,242.61134,12.783315,15.73851,560.4488
80.994965,15.436608,241.83426,242.67847,13.145416,16.160215,565.1164
81.81352,15.323978,243.45123,244.3833,13.192165,16.167984,564.43024
82.63209,15.211349,245.06824,246.08812,13.238915,16.175753,563.63727
83.30593,15.125706,248.01782,248.98715,13.099223,15.955209,560.2889
83.97979,15.040064,250.96742,251.88622,12.959528,15.734665,556.0925
82.6393,15.009868,251.39622,252.20306,13.231597,16.045326,561.3034
81.29882,14.979672,251.82501,252.51988,13.503665,16.35599,565.57715
81.66279,14.900933,254.2857,255.1114,13.135171,15.839565,558.7192
82.02677,14.822194,256.74643,257.7029,12.766675,15.323139,550.7381
82.42688,14.789805,258.1441,259.02548,12.466488,14.893754,542.732
82.826996,14.757417,259.54175,260.34802,12.166299,14.464369,533.6423
83.26201,14.714605,260.5244,261.25336,11.666994,13.757944,515.049
83.697014,14.671794,261.50705,262.1587,11.167688,13.05152,488.82916
83.94073,14.643539,262.53894,263.1643,10.761564,12.482161,463.62103
84.18444,14.615285,263.57083,264.16992,10.355439,11.9128,433.83984
84.25805,14.594011,263.73294,264.2264,10.147704,11.601133,416.45282
84.331665,14.572737,263.89505,264.2829,9.939969,11.289467,398.46155
84.43339,14.561812,263.4011,263.81433,9.789886,11.105453,388.69257
84.53512,14.550886,262.90714,263.3458,9.639805,10.921438,378.97086
84.61631,14.567361,261.8157,262.30222,9.334616,10.534671,357.66223
84.697495,14.583835,260.72427,261.25864,9.029427,10.147903,336.18756
85.18809,14.589217,258.8414,259.38498,8.832129,9.8993225,321.5103
85.67868,14.594599,256.95853,257.51132,8.63483,9.650741,305.66257
86.27943,14.587596,254.10005,254.64407,8.77852,9.824073,315.56894
86.88018,14.580593,251.24158,251.77681,8.922209,9.997404,325.50162
86.967285,14.599858,248.63522,249.12158,8.860125,9.928765,321.85138
87.05439,14.619123,246.0289,246.46635,8.79804,9.860126,317.74207
86.62951,14.705649,243.25844,243.7491,8.7291,9.800736,314.8451
86.20462,14.792175,240.488,241.03185,8.66016,9.741346,311.64328
86.29412,14.861836,238.52954,239.08757,9.012655,10.208704,341.39987
86.38361,14.931499,236.57112,237.14328,9.36515,10.67606,370.88998
86.31861,15.025668,234.61307,235.26634,9.38607,10.776378,378.07132
86.25362,15.11984,232.65503,233.38942,9.40699,10.876698,385.06137
85.88758,15.250448,234.44714,235.20941,9.487668,11.079591,398.76175
85.52155,15.381056,236.23926,237.02942,9.568347,11.282485,411.88318
85.81711,15.386778,237.11687,237.8899,9.524278,11.268037,411.805
86.112656,15.392501,237.99449,238.75038,9.480209,11.253589,411.7373
84.45093,15.274769,238.67723,239.32474,9.956691,11.751079,438.16632
82.7892,15.157037,239.36,239.8991,10.433172,12.248569,465.75873
83.15589,15.245821,233.77814,234.3216,9.761703,11.4669485,425.47018
83.522575,15.334605,228.19627,228.74408,9.090232,10.685328,377.61343
82.69433,15.479733,224.56232,225.23608,10.042282,12.005679,456.5928
81.86608,15.624862,220.92834,221.7281,10.994331,13.326032,509.2131
82.80276,15.621711,220.95638,221.71432,11.538844,14.064421,528.9012
83.73944,15.618561,220.98439,221.70053,12.083357,14.802809,543.5884
82.24878,15.622643,221.36305,222.19066,12.2942095,15.084579,549.40216
80.75812,15.626726,221.7417,222.68079,12.505064,15.366348,554.4925
81.42422,15.6602955,223.45778,224.3326,12.68309,15.671144,558.9381
82.090324,15.693866,225.17383,225.98439,12.861116,15.975939,562.84735
82.90384,15.66891,226.66518,227.41411,13.000949,16.13872,564.2005
83.717354,15.643955,228.15652,228.84381,13.140782,16.301502,565.3684
84.49044,15.575527,229.47777,230.23387,13.121851,16.23516,563.7844
85.26353,15.507101,230.79898,231.62393,13.10292,16.16882,562.2653
85.36152,15.492466,227.5747,228.3512,13.592031,16.869371,570.37024
85.45951,15.477831,224.35043,225.07846,14.081141,17.569921,576.9616
86.05802,15.448105,226.8815,227.60085,13.923441,17.327707,574.47943
86.65653,15.41838,229.41254,230.12326,13.76574,17.085493,571.9353
87.196335,15.387902,229.7331,230.59007,13.388068,16.573599,566.3005
87.73613,15.357426,230.05363,231.05692,13.010395,16.061705,559.3848
88.07763,15.370207,231.39262,232.41591,12.773446,15.739347,554.41144
88.41913,15.382989,232.73161,233.77492,12.536499,15.416991,548.8521
88.70584,15.396961,231.43549,232.50919,12.424959,15.308628,546.8607
88.99256,15.410933,230.13936,231.24348,12.313422,15.200267,544.78375
89.17814,15.440515,230.54054,231.61908,12.444375,15.381812,547.8395
89.36371,15.470096,230.94173,231.99466,12.575326,15.563358,550.69836
89.70719,15.468756,232.01196,233.03647,12.594088,15.592918,550.6772
90.050674,15.467414,233.0822,234.0783,12.612848,15.6224785,550.6741
90.46431,15.460586,233.68033,234.69624,12.698826,15.737657,551.86566
90.877945,15.453756,234.27846,235.31418,12.784805,15.852835,553.1239
90.56244,15.526467,234.16354,235.21313,13.009582,16.211166,558.5252
90.24692,15.599178,234.04863,235.11209,13.23436,16.569498,563.5314
90.37776,15.589436,233.91705,234.99133,13.126419,16.427591,561.7465
90.5086,15.579692,233.78546,234.87057,13.018479,16.285686,559.87335
90.49053,15.628624,233.9294,235.03833,12.928996,16.198797,558.9248
90.47247,15.677555,234.07333,235.2061,12.839514,16.111908,557.9501
90.49921,15.704631,234.87498,236.09322,12.774441,16.02858,556.67865
90.52593,15.731706,235.67662,236.98033,12.709368,15.945252,555.35925
90.412254,15.816706,236.8532,238.16875,12.686212,16.006994,556.7257
90.29858,15.901706,238.02972,239.35716,12.663054,16.068737,558.12573
90.56512,15.987272,237.2093,238.65985,12.5617695,16.013844,557.36865
90.83166,16.072838,236.38887,237.96257,12.460485,15.958951,556.53125
90.665985,16.195284,236.80077,238.31454,12.431862,16.046154,558.5288
90.50031,16.317728,237.21268,238.66653,12.403237,16.133358,560.40686
90.13599,16.48095,237.98473,239.8276,12.230693,16.130886,561.2477
89.77166,16.644169,238.7568,240.98868,12.058146,16.128416,561.8583
89.62115,16.785383,241.30794,244.14377,11.4167795,15.8424635,560.47906
89.47064,16.926598,243.85907,247.29883,10.775413,15.556512,558.62946
89.30363,16.963612,246.82976,250.5519,10.448026,15.314085,556.29785
89.13663,17.000624,249.80048,253.80495,10.120639,15.071658,553.79364
88.87667,17.024641,249.41695,253.27704,9.84152,14.717545,548.31134
88.61672,17.048658,249.03343,252.7491,9.562402,14.363431,542.4584
88.49411,17.065348,247.0337,250.54662,9.833232,14.73476,549.3513
88.371506,17.082035,245.03397,248.34416,10.104062,15.106089,555.59985
89.02944,16.990881,244.34314,247.74686,10.224953,15.0666065,553.02625
89.68738,16.899727,243.65231,247.14955,10.345842,15.027123,550.396
90.11351,16.820673,242.72267,246.16579,10.339552,14.858885,546.0865
90.539635,16.741617,241.79303,245.18202,10.333262,14.690648,541.2642
90.52772,16.72677,241.84839,245.0579,10.430882,14.722205,541.3731
90.51581,16.711924,241.90376,244.93376,10.528504,14.753763,541.4992
90.61265,16.650541,244.23158,247.02882,10.758919,14.7998495,540.89954
90.70949,16.589159,246.5594,249.12389,10.989333,14.845937,540.31494
90.48034,16.673674,246.8969,249.1117,10.99789,14.725948,537.42664
90.25118,16.75819,247.23442,249.09949,11.006448,14.605959,534.5007
90.24824,16.686821,247.42781,249.20284,10.982975,14.512047,532.3703
90.245285,16.615452,247.6212,249.30618,10.959502,14.418135,530.2251
90.13088,16.570526,245.9021,247.49706,11.02227,14.439694,530.53876
90.01649,16.5256,244.18301,245.68796,11.085038,14.461256,530.88477
89.8953,16.456778,243.64584,245.1592,11.313744,14.676139,535.3255
89.77412,16.387953,243.10869,244.63043,11.54245,14.891024,539.64923
89.27406,16.36815,244.61122,246.05782,11.724691,15.106952,544.7119
88.774,16.348349,246.11372,247.48521,11.906934,15.322881,549.25494
88.0443,16.33422,247.88332,249.3307,11.833421,15.190843,547.68
87.31459,16.320093,249.6529,251.17621,11.759908,15.058805,546.0711
86.72171,16.291533,249.65475,251.20895,11.280582,14.379593,532.844
86.12882,16.262974,249.6566,251.24171,10.801258,13.700379,516.6722
85.88197,16.214249,251.2914,252.91618,10.547747,13.320501,505.6926
85.63514,16.165524,252.92618,254.59067,10.294237,12.940623,493.3623
85.39431,16.144611,254.5931,256.3217,10.149635,12.730835,486.02542
85.15348,16.1237,256.26,258.0527,10.0050335,12.521047,477.9541
85.19522,16.11445,256.4879,258.3438,9.812672,12.275435,468.03326
85.23696,16.105204,256.71585,258.63492,9.620311,12.029824,457.48834
85.47911,16.07875,255.31476,257.32013,9.351099,11.7024145,442.7218
85.72126,16.052298,253.91368,256.00537,9.081888,11.375004,426.91714
85.96268,16.05302,254.27086,256.4274,9.095874,11.468251,432.59277
86.20409,16.053745,254.62807,256.84946,9.10986,11.561498,438.12302
86.35346,16.092552,252.51672,255.60248,8.819777,11.408528,433.01874
86.50282,16.131357,250.40538,254.3555,8.529694,11.255559,427.85437
86.82125,16.173779,247.41501,251.86838,8.591706,11.461421,437.80573
87.13967,16.2162,244.42462,249.38127,8.653719,11.667283,447.18878
87.32478,16.310724,242.69681,248.13544,8.491951,11.585323,444.29523
87.509895,16.40525,240.969,246.8896,8.330183,11.503365,440.98117
87.17363,16.57655,237.77472,244.67992,7.9747934,11.276815,430.31052
86.837364,16.74785,234.58046,242.47021,7.619403,11.050266,419.11328
86.797066,16.867603,235.59131,242.71678,7.690762,11.306071,436.67255
86.756775,16.987356,236.60216,242.9633,7.762121,11.561878,452.8353
86.79534,17.088884,241.34343,247.18753,7.848959,11.817638,468.5693
86.83389,17.190413,246.0847,251.41174,7.9357963,12.073399,482.51895
87.13145,17.219358,249.31267,254.70802,7.4097657,11.53122,465.58444
87.42899,17.248304,252.54062,258.00427,6.883735,10.989042,446.40942
87.70993,17.21814,258.4255,263.64038,6.5775933,10.61682,430.62488
87.99087,17.187975,264.3104,269.27652,6.271451,10.244599,413.65082
88.39907,17.110071,264.21103,269.72507,5.9197416,9.722542,383.90802
88.80728,17.03217,264.11166,270.17365,5.5680313,9.200484,348.07416
89.136986,16.955761,270.32486,275.2839,5.526939,9.088091,338.4448
89.4667,16.879354,276.53806,280.39417,5.4858456,8.9756975,326.25443
89.97682,16.71553,288.23666,292.07,5.052946,8.20849,258.8724
90.48696,16.551708,299.93527,303.74588,4.6200466,7.441283,202.35246
91.43336,16.295052,270.44263,263.7447,4.339218,6.51739,166.72177
92.37975,16.038395,240.94998,223.74352,4.058389,5.5934963,118.460144
89.45702,14.824249,155.20505,146.675,6.530506,7.7041907,220.97841
86.5343,13.610105,69.46012,69.60649,9.002623,9.814886,285.60745
85.06818,13.667045,72.434875,72.59383,8.6951685,9.455537,262.64294
83.60205,13.723986,75.40964,75.58117,8.387713,9.096189,243.48227
83.35657,13.722756,78.425064,78.63157,8.28767,8.973925,233.03702
83.11109,13.721527,81.4405,81.68197,8.187628,8.851662,222.43219
82.32045,13.746828,81.18331,81.42329,7.86799,8.49829,199.39076
81.52981,13.772128,80.92613,81.164604,7.5483527,8.14492,174.4124
81.39986,13.808362,86.684296,86.908646,7.265625,7.8350673,151.69978
81.2699,13.844595,92.44247,92.65268,6.9828973,7.525215,132.7153
81.314674,13.872827,94.92186,95.20654,6.846666,7.375299,125.058975
81.35945,13.901058,97.401245,97.76041,6.7104344,7.2253833,118.90798
81.57892,13.970568,101.51468,101.86105,6.7385206,7.265982,122.08169
81.798386,14.040076,105.628105,105.96168,6.766608,7.3065805,126.281685
81.879745,14.128124,109.26823,109.82073,6.784281,7.3304615,129.9001
81.9611,14.216173,112.90833,113.67978,6.8019533,7.3543434,133.26752
82.13897,14.29716,116.05157,116.81618,7.1261363,7.7462773,155.73212
82.31685,14.378147,119.1948,119.952576,7.4503193,8.138211,182.64444
82.36618,14.517725,121.3666,122.1599,7.4658685,8.202752,189.10364
82.41551,14.657301,123.53841,124.3672,7.481418,8.267293,195.8716
82.57691,14.814393,125.51717,126.35003,7.563245,8.4241085,208.83266
82.73831,14.971483,127.49596,128.33284,7.6450725,8.580923,221.37985
83.156265,15.0968,132.62965,133.41284,7.9981823,9.069548,258.37964
83.57421,15.222116,137.76334,138.49284,8.351291,9.558172,292.99146
84.28406,15.361671,142.62723,143.33006,8.421189,9.745926,312.52643
84.99391,15.5012245,147.49113,148.16728,8.491088,9.93368,331.80988
85.57077,15.738683,154.39397,154.74141,8.385274,10.054071,348.5951
86.14763,15.976142,161.29678,161.31552,8.279461,10.174463,360.65527
87.47936,16.081656,165.05103,165.65665,8.132083,10.262724,366.72986
88.811104,16.187172,168.80527,169.99777,7.984705,10.350985,372.19714
89.8728,16.18584,172.08163,173.23024,7.805449,10.127363,354.8252
90.9345,16.18451,175.35802,176.4627,7.626193,9.903742,336.9246
91.829445,16.243694,178.64828,181.12381,7.189793,9.712349,325.97122
92.72439,16.302881,181.93855,185.78493,6.7533927,9.520957,316.13843
93.280846,16.329311,196.40503,201.4558,6.1201925,8.92469,270.94678
93.837296,16.355743,210.8715,217.12665,5.4869914,8.328424,229.11403
91.50671,16.363201,227.28957,233.68506,5.316736,8.232374,246.56744
89.17611,16.370659,243.70761,250.24345,5.1464815,8.136324,256.52185
87.686035,16.416317,248.8007,255.05824,5.3654923,8.530658,297.88162
86.19596,16.461971,253.8938,259.87305,5.584503,8.924991,330.37543
85.91854,16.518341,260.60352,266.1241,5.889207,9.315367,353.2755
85.64112,16.57471,267.31323,272.3752,6.19391,9.705742,374.8616
85.775024,16.558893,270.5467,275.19235,6.099881,9.590999,368.1565
85.908936,16.543077,273.78015,278.00952,6.005852,9.476254,361.97177
86.2427,16.504122,274.69452,279.35562,5.939732,9.309554,347.69818
86.57647,16.465166,275.60895,280.70172,5.8736124,9.142853,332.70544
86.84384,16.414986,275.7415,281.29202,5.8443103,9.036365,321.14273
87.11122,16.364803,275.874,281.8823,5.8150086,8.929874,308.97083
84.515526,16.490002,272.96597,278.48682,7.154424,10.628466,418.53046
81.91982,16.6152,270.05792,275.0913,8.49384,12.327058,494.93015
82.41806,16.518433,271.6565,276.90417,8.203293,11.89269,477.1303
82.91628,16.421665,273.25504,278.71707,7.9127455,11.458323,456.59625
83.552925,16.37115,272.0724,277.3704,7.7881184,11.283676,448.51987
84.18957,16.320635,270.88974,276.02368,7.663492,11.10903,440.28946
84.85186,16.261938,272.82703,277.5319,7.5640016,10.995309,435.2223
85.514145,16.20324,274.76434,279.04007,7.4645114,10.881587,429.816
86.17731,16.158588,276.07867,279.85532,7.4000225,10.809657,426.22385
86.84047,16.113935,277.39297,280.67053,7.3355336,10.737726,423.09204
87.6392,16.062084,278.85257,281.89923,7.33349,10.737578,422.40564
88.43793,16.010235,280.3121,283.12796,7.3314466,10.73743,420.84732
88.5551,16.041311,286.79953,289.56207,7.399209,10.941793,428.74765
88.67228,16.072388,293.28696,295.99615,7.4669714,11.146156,435.11002
89.26243,16.058191,292.71622,296.5117,7.424768,10.989191,418.87122
89.85258,16.043993,292.14548,297.02722,7.382564,10.832224,400.7882
90.497856,15.998195,289.60333,295.09464,6.981748,10.242047,358.50375
91.14314,15.952396,287.0612,293.16205,6.580932,9.65187,311.64066
90.99326,15.981755,293.3621,298.92172,6.4258447,9.578911,307.05603
90.84339,16.011116,299.663,304.6814,6.2707567,9.505953,303.25006
91.02476,15.987138,297.30087,303.41864,5.68222,8.664349,245.258
91.20612,15.963162,294.93875,302.15588,5.0936823,7.8227434,190.68361
91.38772,15.929784,291.56555,299.21484,4.983257,7.603018,173.68375
91.569305,15.896407,288.19238,296.27383,4.872832,7.3832917,156.7896
91.837845,15.861135,288.53638,296.61493,4.832411,7.2579465,145.9713
92.106384,15.825864,288.88037,296.95602,4.79199,7.1326017,136.04407
92.328606,15.790778,291.70444,299.83347,4.586467,6.8008313,117.10119
92.550835,15.755693,294.5285,302.7109,4.3809433,6.469061,99.24451
92.726875,15.719315,299.00546,306.92242,4.116563,6.013491,76.39614
92.902916,15.682936,303.48245,311.13394,3.8521821,5.557922,55.859474
93.176544,15.631687,302.66904,311.6369,3.3277636,4.715013,30.549551
93.450165,15.580438,301.85565,312.13986,2.803345,3.8721044,14.768823
93.66588,15.5436125,294.8644,304.1952,2.803787,3.7248464,11.838212
93.881584,15.506788,287.8732,296.25052,2.8042295,3.5775878,8.898387
93.988716,15.494496,278.73712,286.80807,2.8558743,3.6627069,14.190628
94.095856,15.482204,269.60107,277.36563,2.9075196,3.7478256,19.404528
94.1056,15.496638,263.16394,271.05014,2.9286964,3.82467,24.23847
94.11534,15.511071,256.7268,264.73465,2.9498732,3.9015145,28.60306
94.00414,15.556142,251.4652,260.79025,2.8487751,3.8729622,29.520525
93.89294,15.6012125,246.20358,256.84586,2.747677,3.84441,30.42691
93.737724,15.64631,239.2885,250.6731,2.712919,3.890996,33.539078
93.58252,15.691406,232.37343,244.50037,2.678161,3.9375818,34.723827
93.3562,15.750547,225.44713,236.55319,2.7051387,4.0993176,37.041386
93.12989,15.809689,218.52086,228.60602,2.7321165,4.2610536,39.44555
93.01866,15.864587,212.616,221.76804,2.8155363,4.5987697,48.774952
92.90744,15.919484,206.71115,214.93007,2.898956,4.936486,61.562534
93.00651,15.987729,201.52145,210.04044,3.2398999,5.500352,81.37085
93.10557,16.055973,196.33174,205.15079,3.5808437,6.064218,107.84637
93.30695,16.19905,193.01607,199.3432,4.7256246,7.648682,203.78642
93.50833,16.342125,189.70041,193.53563,5.870406,9.233147,316.22443
93.07807,16.363815,192.76543,197.09483,6.2960443,9.736481,349.57248
92.64781,16.385506,195.83043,200.65404,6.7216835,10.239815,377.81827
92.68046,16.379786,202.01817,208.43854,6.7432256,10.197549,369.38223
92.7131,16.374063,208.2059,216.22302,6.7647676,10.155281,361.66354
92.90521,16.339905,215.58093,223.75142,6.38958,9.742606,337.8268
93.09733,16.305746,222.95593,231.2798,6.0143924,9.329932,310.43732
92.77361,16.283064,227.74707,235.86884,5.899237,9.200783,305.52396
92.4499,16.260384,232.53818,240.45784,5.7840824,9.071634,300.66403
91.786804,16.249454,237.05186,245.68994,5.84138,9.162389,311.6039
91.1237,16.238525,241.56557,250.92203,5.8986773,9.253143,319.87225
89.94419,16.275734,244.18564,253.8629,5.9106755,9.310711,330.17218
88.76467,16.31294,246.80571,256.80377,5.9226737,9.3682785,337.2028
87.747154,16.322872,247.7691,257.8211,5.7241354,9.10023,321.19962
86.72963,16.332804,248.7325,258.83844,5.525598,8.832181,305.26053
85.98407,16.338165,246.06178,257.27945,5.2182465,8.392735,270.2179
85.2385,16.343527,243.39108,255.72047,4.910895,7.9532866,231.15106
84.96253,16.353249,234.56029,246.20221,5.065658,7.9976125,231.65729
84.68656,16.362972,225.7295,236.68396,5.220421,8.041939,229.34793
84.12792,16.372007,223.0609,232.54445,5.5669203,8.549256,267.03397
83.56928,16.381042,220.3923,228.40495,5.9134197,9.056575,305.1117
83.285706,16.36765,218.94994,224.86389,6.5048456,9.7622595,353.34625
83.00213,16.354256,217.50755,221.3228,7.0962715,10.467945,399.62537
82.97104,16.27649,220.31079,223.14769,6.965714,10.234287,389.94873
82.93996,16.198725,223.114,224.97256,6.835157,10.000629,379.95786
82.30135,16.23642,226.29124,228.70001,6.6581435,9.985013,384.46152
81.66275,16.274117,229.46849,232.42747,6.48113,9.969397,388.52844
80.872284,16.379894,224.64558,229.07379,6.6713758,10.306983,403.1268
80.08182,16.48567,219.82266,225.72011,6.8616214,10.644569,417.13303
80.21302,16.626719,216.44118,223.05042,7.267371,11.212323,443.6546
80.34424,16.767765,213.05966,220.38072,7.673122,11.780076,467.30457
81.241684,16.881222,214.98267,221.90417,7.9935412,12.260012,488.1146
82.13914,16.994677,216.90567,223.42763,8.31396,12.739948,504.96854
82.885475,17.07791,221.19987,227.28413,8.527566,13.142389,518.1789
83.631805,17.161144,225.49411,231.14062,8.741171,13.54483,529.8872
83.119255,17.215345,229.57658,234.97597,8.967435,13.96998,542.7926
82.6067,17.269548,233.65906,238.8113,9.193698,14.395129,552.72095
82.62818,17.249535,234.45134,239.13937,9.481647,14.75106,558.6834
82.64965,17.229523,235.2436,239.46745,9.769594,15.10699,563.94464
83.16584,17.147459,236.92023,241.28996,9.975346,15.256852,564.86694
83.68203,17.065395,238.59683,243.11249,10.181097,15.406714,565.6381
84.1334,17.00209,239.38661,243.51003,10.43312,15.666226,568.1462
84.58477,16.938786,240.17642,243.9076,10.685142,15.925737,570.4815
85.18264,16.847157,238.86517,242.38438,10.9046135,16.127987,572.0839
85.78051,16.755527,237.5539,240.86116,11.124084,16.330236,573.4235
85.6353,16.697723,237.91573,240.98558,11.195551,16.063696,569.66235
85.49008,16.63992,238.27759,241.10997,11.267017,15.797153,565.4218
84.07049,16.420452,237.3444,239.62772,11.63954,15.848881,565.88824
82.65089,16.200985,236.41124,238.14545,12.012063,15.900609,565.9977
83.81684,16.076202,237.35376,239.05315,11.953484,15.71474,562.8515
84.982796,15.951419,238.29625,239.96082,11.894904,15.528869,559.2742
85.76224,15.87163,237.98521,239.61073,11.882853,15.466775,557.8198
86.54169,15.791841,237.67421,239.26065,11.870802,15.404681,556.1991
87.34307,15.732239,238.54553,240.20822,12.245021,15.854518,560.9186
88.144455,15.672639,239.41685,241.15578,12.61924,16.304356,564.8702
88.898674,15.639481,236.49042,238.29701,12.564559,16.190968,562.8126
89.65289,15.606324,233.56398,235.43826,12.509877,16.077581,560.587
89.93093,15.62738,232.16281,234.02196,12.519706,16.115065,560.97284
90.20897,15.6484375,230.76166,232.60565,12.529534,16.152548,561.3939
90.784485,15.64894,230.987,232.77055,12.245396,15.805666,556.0236
91.36,15.649442,231.21236,232.93544,11.961258,15.458786,550.30786
91.47535,15.663975,231.27254,233.23451,11.911242,15.414226,549.31683
91.5907,15.678508,231.3327,233.53362,11.861225,15.369665,548.29395
90.99845,15.736577,232.05707,234.30702,12.230515,15.914423,557.5981
90.406204,15.794647,232.78145,235.08044,12.599804,16.459179,565.36786
90.57542,15.66341,241.37395,243.1903,12.008544,15.51318,551.7871
90.74463,15.532172,249.96645,251.30017,11.417284,14.56718,533.1528
88.47007,15.1022835,268.57382,269.74246,9.595455,11.934079,445.79187
86.19552,14.672394,287.18118,288.18475,7.773627,9.300977,285.6207
83.57006,14.219761,296.01953,296.67197,6.9644256,8.05424,208.07071
80.9446,13.767127,304.8579,305.1592,6.1552253,6.807504,134.9674
78.67082,13.612983,305.42493,305.7385,6.4430323,7.063425,145.28258
76.39703,13.458838,305.99194,306.31778,6.7308393,7.3193464,155.4742
74.02274,13.119316,310.24176,310.50043,7.2654686,7.89192,194.30879
71.64846,12.779792,314.49155,314.6831,7.800098,8.464495,240.31613
70.54536,12.659027,314.53745,314.72537,7.5151114,8.129146,226.64119
69.44225,12.538262,314.58337,314.76767,7.230125,7.7937965,210.62091
68.06923,12.645884,313.00604,313.23154,7.3511677,7.969586,219.2358
66.69619,12.753506,311.42868,311.6954,7.47221,8.145375,229.68883
65.21562,12.896547,311.7739,311.9409,7.8401227,8.593341,257.20648
63.735054,13.039588,312.11908,312.18637,8.208035,9.041306,284.37122
64.234695,13.114337,310.69464,310.6443,8.380161,9.223316,293.91434
64.73433,13.189084,309.27017,309.1022,8.552287,9.405328,303.68628
66.40116,13.133173,307.696,307.4896,8.517108,9.335718,297.45398
68.068,13.077264,306.1219,305.877,8.481928,9.2661085,288.692
67.7234,13.002382,305.5953,305.28107,8.46407,9.207868,285.02875
67.3788,12.927501,305.0687,304.6851,8.446213,9.149628,281.50803
66.884125,12.824056,305.54205,305.2797,8.326895,8.984478,272.5346
66.38945,12.720612,306.0154,305.8743,8.207578,8.819329,263.272
65.87137,12.634515,306.20767,306.1406,7.889992,8.454422,242.83554
65.35327,12.548418,306.4,306.40692,7.572407,8.089515,220.65314
64.92497,12.539265,309.01523,309.07944,7.413291,7.919175,210.59445
64.496666,12.530111,311.63046,311.75192,7.254175,7.748835,199.66692
63.949833,12.530105,314.26672,314.3767,7.139362,7.6165624,190.31688
63.402992,12.530097,316.90295,317.00153,7.024548,7.4842896,181.87712
65.66546,12.587891,317.60455,317.70404,6.6296697,7.020931,154.41473
67.92792,12.645684,318.3061,318.4066,6.2347913,6.557572,134.45204
67.39648,12.62338,317.78543,317.9091,5.8348255,6.12422,109.45277
66.86504,12.601074,317.26477,317.41156,5.4348598,5.6908684,84.11621
67.21425,12.607329,318.40643,318.57846,5.377925,5.627814,82.52051
67.56345,12.613584,319.54813,319.74536,5.3209896,5.5647597,80.948135
67.95446,12.601808,319.64175,319.89584,5.1227503,5.348225,71.22292
68.34547,12.590031,319.73538,320.0463,4.92451,5.1316905,63.348186
68.4444,12.5777,319.12936,319.51645,4.428194,4.602982,48.429195
68.54332,12.565369,318.52332,318.98663,3.9318779,4.074274,36.771545
68.3828,12.553465,320.56485,321.14697,3.3935719,3.5027704,28.068409
68.22228,12.541562,322.60638,323.3073,2.8552654,2.9312668,22.355307
68.16063,12.545588,322.7763,323.6973,2.3854177,2.4376898,17.119823
68.09897,12.549615,322.9462,324.08728,1.9155699,1.9441127,12.658418
67.59475,12.578323,310.9399,307.31448,1.6256331,1.6413199,10.750498
67.09053,12.607032,298.93356,290.5417,1.3356963,1.338527,10.535174
66.96,12.652924,308.9686,290.52505,1.3779422,1.3830988,17.173525
66.829475,12.698815,319.00363,290.5084,1.4201881,1.4276707,26.770298
66.88018,12.738362,314.2584,300.80103,1.3941399,1.3988882,15.879543
66.93089,12.77791,309.51315,311.09363,1.3680918,1.3701056,8.671717
66.88723,12.806268,297.6492,298.90134,1.2588401,1.253575,7.229905
66.84356,12.834626,285.78522,286.70905,1.1495885,1.1370443,6.009106
66.7119,12.853698,268.23578,267.88846,1.1337273,1.121254,7.4219365
66.58023,12.872769,250.68636,249.06792,1.1178662,1.1054636,11.477435
66.30226,12.89896,237.7902,235.71443,1.2295674,1.2312644,11.805735
66.024284,12.92515,224.89404,222.36095,1.3412685,1.3570652,10.497097
65.89775,12.9626875,223.7613,221.94128,1.548365,1.5759481,12.09213
65.771225,13.000224,222.62856,221.5216,1.7554616,1.794831,13.997579
65.48844,13.045349,224.34721,223.13605,1.8319962,1.8775458,14.965596
65.20567,13.090475,226.06584,224.75049,1.9085311,1.9602606,16.03325
64.85192,13.129605,222.70605,221.53874,1.9392866,2.004094,16.105677
64.49818,13.168735,219.34625,218.32698,1.9700421,2.0479271,15.497357
64.35902,13.225967,216.20059,215.40805,2.2460706,2.3440316,17.099604
64.21985,13.283199,213.05492,212.48914,2.522099,2.640136,18.982384
64.97469,13.367844,208.06046,207.63289,2.9433215,3.0921113,22.140587
65.729546,13.452488,203.06601,202.77663,3.364544,3.544087,27.991919
66.63364,13.584353,203.12448,202.82822,3.770928,3.9823399,35.114605
67.53772,13.71622,203.18292,202.87984,4.1773114,4.4205933,40.26384
68.68213,13.865434,205.42503,205.08742,4.727909,5.018326,48.705345
69.82653,14.014648,207.66711,207.29501,5.2785068,5.6160583,69.63386
70.95515,14.203379,207.99214,207.64972,5.7752533,6.1774483,93.773964
72.083755,14.39211,208.31715,208.00441,6.272,6.7388387,121.03419
73.645676,14.510754,213.53198,213.218,6.783593,7.338107,151.88574
75.20759,14.629398,218.74678,218.43161,7.2951856,7.937375,190.8988
76.30941,14.783116,218.4505,218.20653,7.3336577,8.016666,196.93825
77.41124,14.936836,218.15419,217.98146,7.372131,8.095957,201.04375
78.785736,14.9985895,216.90976,216.76994,7.5145836,8.281583,212.99275
80.16023,15.060344,215.66533,215.55843,7.657037,8.467208,224.35316
84.94438,14.903093,221.17915,221.10083,7.342241,8.108675,207.28812
89.72853,14.745843,226.69295,226.64325,7.027446,7.7501426,172.80833
89.69713,14.682057,224.04341,224.01038,7.1655874,7.883075,182.23814
89.665726,14.618273,221.39384,221.37749,7.3037295,8.016008,192.37093
90.06923,14.557319,217.00665,217.02805,7.314897,8.016382,191.46211
90.472725,14.496365,212.61945,212.67857,7.3260646,8.016756,189.52408
89.63777,14.73492,211.67567,211.69719,7.44114,8.225169,213.57771
88.80282,14.973474,210.7319,210.7158,7.556216,8.433583,234.57298
89.37616,15.178981,206.47545,206.59454,7.805457,8.855387,259.97104
89.9495,15.384488,202.21901,202.47328,8.054699,9.27719,281.9522
91.47072,15.414713,199.23218,199.54652,8.25453,9.640228,298.14276
92.99193,15.44494,196.24535,196.61977,8.454361,10.003263,317.03052
92.322556,15.660369,201.34785,202.08981,9.941836,12.1004,434.6331
91.653175,15.875796,206.45035,207.55983,11.429313,14.1975355,521.0758
91.85977,16.007011,209.0493,209.93619,11.306827,14.164249,520.2661
92.06637,16.138227,211.64822,212.31252,11.184341,14.130964,519.125
92.63882,16.202396,207.23969,208.04836,10.200265,13.084215,485.92288
93.21128,16.266565,202.8311,203.78418,9.216188,12.037468,442.5548
92.20539,16.482601,213.5308,214.42947,10.86785,14.260091,525.2166
91.19952,16.698639,224.23048,225.07477,12.519511,16.482714,565.3456
90.81087,16.737846,226.13246,226.80171,12.61005,16.603657,567.0621
90.422226,16.777052,228.03442,228.52867,12.700588,16.724598,568.6703
90.477104,16.699226,234.51524,235.05232,12.469088,16.327175,563.295
90.53198,16.621399,240.99608,241.57597,12.237587,15.9297495,557.3666
91.17477,16.177952,252.23975,252.54391,10.735114,13.534036,504.0987
91.81755,15.734505,263.48343,263.51187,9.232642,11.13832,395.93967
92.0385,15.314188,272.81714,273.05026,8.48143,9.884615,303.68057
92.259445,14.893873,282.15088,282.58868,7.730217,8.630909,203.21413
92.04539,14.669938,289.268,289.51892,8.2158785,9.154332,234.95233
91.83133,14.446001,296.38513,296.44916,8.701539,9.677755,265.28528
90.09305,14.206602,303.75287,303.75378,9.0514965,10.015793,291.19696
88.35476,13.967204,311.1206,311.0584,9.401454,10.353829,322.0386
84.59523,13.517755,310.5585,310.60867,9.64318,10.620335,347.28195
80.8357,13.068306,309.9964,310.1589,9.884906,10.886839,360.02594
79.00041,13.21716,306.6691,306.78333,10.195379,11.341206,388.19684
77.16512,13.366014,303.34174,303.40778,10.505853,11.795571,415.11926
73.610016,13.547545,299.33817,299.4319,11.298474,12.827817,466.5753
70.05491,13.729075,295.33456,295.45596,12.091096,13.860062,503.69492
67.87919,13.602573,293.75558,293.9237,12.420762,14.263638,512.69495
65.70346,13.47607,292.17654,292.3914,12.750427,14.667213,519.0742
66.220085,13.380646,290.73215,290.97772,13.01364,15.006824,528.5154
66.73671,13.28522,289.28775,289.56403,13.276854,15.346434,536.54016
68.329575,13.102323,289.48718,289.78284,13.428083,15.516433,541.81024
69.92244,12.919424,289.6866,290.00162,13.579315,15.686432,546.5772
71.29393,12.7706375,293.21472,293.50162,13.911784,16.117495,553.57697
72.66542,12.62185,296.7428,297.00165,14.244253,16.548557,559.7043
72.950226,12.530748,297.69455,297.969,14.346783,16.683119,561.3737
73.23502,12.439647,298.64627,298.93634,14.449311,16.817677,562.97095
72.93815,12.454431,299.4605,299.74454,14.1574,16.445568,558.0348
72.64126,12.469214,300.27475,300.55273,13.865491,16.073458,552.2282
72.74114,12.312714,299.5518,299.82144,13.952919,16.159382,553.5996
72.84103,12.156213,298.82883,299.09015,14.040347,16.245304,554.80914
72.34382,12.09344,298.49725,298.80173,13.975517,16.145031,552.6722
71.8466,12.030667,298.1657,298.5133,13.910687,16.044758,550.29694
72.33637,11.929173,297.39554,297.6729,13.901318,16.002625,550.25104
72.82613,11.827682,296.62537,296.83255,13.891949,15.960492,550.17816
73.35629,11.758419,296.21616,296.4509,13.947549,16.0154,551.5194
73.88645,11.689158,295.80692,296.06924,14.003149,16.070307,552.87213
73.67079,11.542508,296.13507,296.37003,13.941863,15.951195,550.42175
73.45513,11.395857,296.46323,296.67078,13.880579,15.832084,547.96234
72.895424,11.295485,296.51236,296.7244,13.91273,15.862834,547.727
72.33572,11.195112,296.5615,296.77798,13.944883,15.893585,547.4081
71.740974,11.073885,296.6554,296.86166,13.916122,15.832358,545.2938
71.14622,10.952657,296.7493,296.9453,13.887362,15.771132,542.9848
70.85869,10.871791,295.8245,296.02548,13.870364,15.731205,541.829
70.57117,10.790924,294.8997,295.10565,13.853368,15.6912775,540.6415
70.136696,10.721134,294.52747,294.73624,13.807473,15.619225,538.5645
69.702225,10.651344,294.1552,294.36682,13.761579,15.547172,536.648
68.9698,10.616868,294.2982,294.50955,13.808467,15.607949,536.9495
68.23737,10.582391,294.44116,294.65228,13.855353,15.668726,537.519
67.74635,10.561217,294.80182,295.00812,13.925773,15.760507,538.86884
67.25533,10.540043,295.16245,295.36395,13.996191,15.852286,540.0586
67.13177,10.53891,295.14786,295.33868,14.099786,15.991341,542.50726
67.0082,10.537778,295.13324,295.31345,14.20338,16.130394,544.8459
66.53126,10.610789,295.25687,295.42746,14.246147,16.21124,545.94073
66.05431,10.683801,295.3805,295.5415,14.288915,16.29209,546.9968
65.05166,10.798766,296.06573,296.2095,14.228309,16.234337,545.4226
64.04901,10.913731,296.75098,296.8775,14.167701,16.176584,543.3103
62.732517,11.034162,297.9793,298.09802,14.138394,16.157171,540.04333
61.416035,11.1545925,299.20764,299.3186,14.109087,16.137758,536.7701
60.537247,11.24246,300.25705,300.36816,14.030652,16.052927,534.5056
59.658455,11.330329,301.30643,301.41776,13.952217,15.968095,532.2134
58.845795,11.389397,301.84665,301.9481,13.825312,15.798636,528.18604
58.03313,11.4484625,302.38687,302.47842,13.698407,15.629177,524.18317
57.568695,11.465891,303.23004,303.3282,13.482389,15.338245,517.062
57.104263,11.483321,304.07324,304.17792,13.266374,15.047315,509.0149
57.09376,11.452687,304.76135,304.8615,13.229418,14.985953,507.28323
57.083252,11.422054,305.44943,305.54507,13.19246,14.924591,505.5328
57.53018,11.29477,306.51566,306.58868,13.161475,14.857111,504.46063
57.977116,11.167484,307.5819,307.63226,13.13049,14.789632,503.31015
59.551964,10.983629,308.5421,308.5632,13.268633,14.95644,509.60468
61.12682,10.799774,309.50232,309.4941,13.406776,15.123248,517.6083
64.02563,10.544373,310.14722,310.11014,13.500129,15.220366,526.81024
66.92444,10.288971,310.79208,310.72614,13.593482,15.317484,530.3376
69.3819,10.062062,310.6253,310.61423,13.636567,15.340248,531.7219
71.83936,9.835155,310.45847,310.50226,13.679653,15.363013,534.9392
74.60687,9.659086,311.73788,311.84857,12.439009,13.765483,494.47003
77.374374,9.483019,313.0173,313.1949,11.198364,12.1679535,428.68777
77.077095,9.475782,315.01746,315.1618,11.564998,12.627281,449.48715
76.779816,9.468547,317.0176,317.12875,11.93163,13.086609,469.5505
77.105576,9.410671,318.79245,318.91348,11.95028,13.107921,470.70065
77.431335,9.352797,320.56726,320.69824,11.96893,13.129233,471.77856
76.86869,9.402974,321.36142,321.55307,12.338565,13.62173,490.597
76.30604,9.453153,322.15558,322.40793,12.7081995,14.114227,505.91098
74.286934,9.591391,322.76212,322.97778,13.180198,14.745929,523.5727
72.26784,9.729628,323.36865,323.5476,13.652194,15.377632,536.22626
70.57581,9.800398,322.68475,322.89496,13.99808,15.849238,542.895
68.88377,9.871169,322.00085,322.2423,14.343968,16.320845,549.53394
69.155106,9.714262,322.98715,323.14243,14.321559,16.239714,548.62036
69.42644,9.557356,323.97345,324.04248,14.299151,16.15858,547.5919
70.64163,9.379126,325.12897,325.19727,13.924473,15.648946,539.95905
71.85683,9.200893,326.2845,326.35205,13.549796,15.13931,532.4489
71.785934,9.172956,326.93015,327.03085,13.128786,14.584794,519.8277
71.715034,9.14502,327.57578,327.7097,12.707775,14.030277,502.60693
71.23962,9.191257,327.07852,327.18228,12.4222765,13.657091,489.4597
70.764206,9.237494,326.5813,326.6549,12.136776,13.283904,475.91666
70.28079,9.269579,325.6566,325.737,11.946492,13.04636,466.60297
69.79739,9.301663,324.73193,324.8191,11.756208,12.808816,456.6495
68.964325,9.39192,324.3019,324.40393,11.649754,12.686809,450.2109
68.13126,9.482178,323.87186,323.98877,11.543301,12.5648,443.21152
68.10685,9.541999,324.59064,324.71548,11.534417,12.567905,443.14886
68.08243,9.60182,325.3094,325.44217,11.525534,12.57101,443.03592
68.10724,9.682495,325.32626,325.4644,11.489476,12.528586,440.15265
68.13205,9.76317,325.34314,325.4866,11.45342,12.486162,437.31952
68.2517,9.850457,325.1987,325.3359,11.39942,12.421167,433.3228
68.371346,9.937744,325.0543,325.18524,11.34542,12.356172,429.43384
68.06161,10.062621,324.35706,324.46515,11.1714525,12.154701,417.66037
67.75186,10.187497,323.65982,323.745,10.997484,11.953232,405.68073
67.445724,10.342509,323.98645,324.0325,10.82794,11.771149,396.22525
67.13958,10.497521,324.31308,324.32,10.658395,11.5890665,387.6923
66.62795,10.634229,323.62338,323.69516,10.449055,11.339361,375.81445
66.11632,10.770936,322.93365,323.07028,10.239714,11.089658,363.73465
66.24824,10.840303,322.95587,323.12775,10.040329,10.851193,350.85767
66.38015,10.909672,322.97803,323.18515,9.840943,10.612731,338.22995
66.78363,10.944801,322.10983,322.31174,9.583285,10.307466,321.91617
67.18711,10.97993,321.2416,321.43832,9.325626,10.002199,305.66736
65.83609,11.185942,321.45233,321.60635,9.051813,9.695835,294.3611
64.48508,11.391954,321.66306,321.77435,8.778001,9.389473,284.0884
62.96042,11.545378,321.89944,321.99554,8.382967,8.9409275,266.5106
61.43576,11.698802,322.13583,322.2167,7.9879327,8.492382,245.16794
61.4629,11.737397,321.31042,321.35117,7.4079137,7.8470116,206.89847
61.490036,11.7759905,320.48502,320.48566,6.827895,7.2016406,166.13094
61.746376,11.809683,317.64447,317.63663,6.438338,6.7758207,137.88332
62.002712,11.843374,314.8039,314.78763,6.0487814,6.350001,111.193695
64.65962,11.88712,319.42145,319.44495,6.915179,7.3240385,165.83691
67.316536,11.930867,324.03897,324.10226,7.7815776,8.298076,226.8868
67.70884,11.934359,323.45752,323.5406,7.405648,7.8702564,203.63652
68.10115,11.93785,322.8761,322.9789,7.0297184,7.442437,180.30473
69.096405,11.822295,322.072,322.2063,6.6936984,7.0623817,163.0573
70.09166,11.706739,321.26785,321.4337,6.357678,6.682327,144.90738
70.866455,11.646071,320.62958,320.71158,5.914967,6.216874,122.14352
71.64125,11.585402,319.9913,319.98947,5.472256,5.7514215,98.29459
71.35548,11.615125,319.19836,319.13785,5.05848,5.31386,77.47513
71.069695,11.644847,318.40543,318.28625,4.6447034,4.876299,61.465214
71.01346,11.6587925,317.05542,316.92624,4.468811,4.6828623,54.928482
70.95721,11.67274,315.70538,315.56622,4.2929187,4.489426,47.609783
71.05281,11.665728,315.83563,315.711,4.17412,4.3657813,43.97494
71.148415,11.658715,315.96588,315.85577,4.055321,4.2421365,40.572014
71.16007,11.654319,317.0704,316.9371,3.9526565,4.1312714,38.49468
71.17173,11.649923,318.1749,318.01846,3.8499916,4.020407,36.717873
71.0497,11.653665,319.03442,318.9044,3.7103996,3.8735108,34.002823
70.92768,11.657407,319.89398,319.7903,3.570808,3.7266147,31.690393
70.75998,11.684659,321.38696,321.293,3.3570309,3.4964805,28.473808
70.592285,11.711911,322.87994,322.7957,3.1432538,3.266346,25.220844
70.402084,11.741718,321.01254,320.96243,2.9729578,3.0831442,21.358683
70.21188,11.771524,319.1451,319.12915,2.802662,2.8999426,18.032875
70.19204,11.79442,317.71848,317.64243,2.67469,2.764799,15.798479
70.172195,11.817316,316.2918,316.1557,2.546718,2.6296554,13.703063
69.9844,11.851307,313.39944,313.36713,2.4497015,2.5240116,11.658446
69.79661,11.885298,310.50702,310.57858,2.3526855,2.4183676,9.997712
69.61696,11.898141,311.89996,312.1073,2.2474995,2.302944,9.920374
69.43732,11.910983,313.2929,313.63605,2.1423137,2.1875203,9.880613
69.12262,11.922474,319.89383,320.40347,1.8607022,1.8932053,8.783896
68.80793,11.933964,326.49475,327.17087,1.5790907,1.5988902,6.3769546
68.35656,11.954677,308.01303,303.85904,1.4142071,1.4305341,5.997682
67.905174,11.9753895,289.53128,280.54724,1.2493235,1.2621781,6.808292
67.592384,12.004192,198.16953,184.19078,1.2342551,1.2465879,-5.8404784
67.27959,12.032993,106.80779,87.83434,1.2191867,1.2309976,-38.1755
67.11428,12.057084,74.54662,65.84328,1.2366141,1.2538946,-20.838554
66.94898,12.081174,42.285458,43.852222,1.2540418,1.2767917,-7.2280703
66.781456,12.12363,55.499134,57.04583,1.3496362,1.3804107,-11.937771
66.61394,12.166087,68.712814,70.23943,1.4452306,1.4840298,-13.273155
66.81403,12.192353,77.040855,78.63361,1.4422253,1.4835486,-15.668112
67.01413,12.218618,85.36889,87.0278,1.43922,1.4830675,-20.39698
67.39889,12.257343,89.97039,91.51233,1.580723,1.6283624,-19.78102
67.783646,12.296068,94.5719,95.996864,1.7222261,1.7736574,-18.755417
68.1481,12.320886,99.52508,100.76957,1.9015232,1.9629693,-17.182615
68.51256,12.345703,104.47827,105.54227,2.0808203,2.152281,-14.997284
68.63418,12.381389,109.2502,110.27062,2.1130621,2.1912844,-15.339194
68.7558,12.417073,114.022125,114.99896,2.1453037,2.2302878,-15.291193
68.743065,12.471773,113.68329,114.606186,2.2802334,2.3749733,-12.681832
68.73033,12.526473,113.34444,114.2134,2.4151633,2.5196586,-9.57937
70.11819,12.504488,114.50616,115.188385,2.6384346,2.7502608,-1.7757162
71.506035,12.482504,115.667885,116.16337,2.8617058,2.980863,2.310422
71.15926,12.5304575,114.73956,115.09592,2.929456,3.064948,4.3738937
70.81249,12.578414,113.81124,114.02845,2.997206,3.1490328,6.2847905
71.13522,12.575361,115.314705,115.45823,3.058005,3.2026954,5.634053
71.45795,12.5723095,116.818184,116.88799,3.118804,3.2563574,4.982261
72.3012,12.505999,118.755974,118.736115,3.163084,3.305894,4.404189
73.14444,12.439687,120.69377,120.584236,3.207364,3.3554304,4.6754775
73.99706,12.365117,121.38458,121.21908,3.309341,3.4506483,6.7267365
74.84967,12.290548,122.0754,121.85392,3.411318,3.5458658,9.785341
75.35038,12.260672,119.190445,119.07197,3.5575972,3.7020419,14.527302
75.85109,12.230794,116.3055,116.290016,3.703876,3.8582182,18.496746
76.198296,12.234916,113.473495,113.493645,3.9088721,4.077304,22.619425
76.54552,12.2390375,110.6415,110.697266,4.1138678,4.29639,28.386013
76.85132,12.248919,110.335335,110.374016,4.325834,4.530724,34.167526
77.15711,12.2588,110.029175,110.050766,4.5377994,4.7650585,40.034306
76.28658,12.385215,111.235054,111.22648,4.7860775,5.0424576,43.897644
75.416046,12.511631,112.440926,112.40218,5.0343556,5.319856,50.939693
75.001915,12.594429,113.7568,113.78775,5.2521935,5.555358,60.237503
74.58779,12.677229,115.07267,115.17331,5.470031,5.790859,70.42637
74.42316,12.742792,116.29673,116.40292,5.6163254,5.9571705,77.22257
74.258514,12.808353,117.52078,117.63254,5.76262,6.123482,83.72201
73.235054,12.910461,118.38126,118.49113,5.875302,6.2593784,93.708206
72.21158,13.012569,119.24174,119.34972,5.9879837,6.395274,104.90057
71.67527,13.033236,122.166374,122.30165,5.905331,6.3011928,99.41618
71.13895,13.053901,125.091,125.2536,5.8226786,6.2071114,92.96725
70.42208,13.07751,121.91968,122.12173,5.890175,6.2851768,100.8358
69.7052,13.101118,118.74835,118.98987,5.957672,6.3632417,108.91337
68.74163,13.140066,116.8236,116.996086,6.1255813,6.5531917,121.24177
67.77806,13.179013,114.89884,115.00232,6.29349,6.743141,133.09189
67.53132,13.2051935,112.98637,113.0542,6.493648,6.970965,146.96663
67.28456,13.231375,111.07389,111.10607,6.6938047,7.198788,161.61595
67.19958,13.244022,108.72907,108.742226,7.27163,7.8593497,216.82533
67.114586,13.25667,106.38424,106.37837,7.8494534,8.519912,269.3142
67.28516,13.289122,106.641815,106.635994,8.308301,9.074347,313.5567
67.455734,13.321574,106.89939,106.89362,8.767149,9.62878,356.8341
67.687004,13.344283,107.30216,107.323746,9.109108,10.058265,384.7229
67.918274,13.366991,107.70493,107.75388,9.451068,10.487749,407.85184
68.079,13.406818,108.139404,108.19959,9.802477,10.958175,429.8957
68.23972,13.446645,108.57388,108.6453,10.153885,11.428601,450.53867
68.40701,13.456985,109.16081,109.228546,10.494889,11.878209,468.103
68.574295,13.467326,109.74774,109.8118,10.835894,12.327817,483.21524
69.06413,13.436979,109.8461,109.92635,11.22936,12.842171,497.93713
69.55396,13.406633,109.944466,110.04091,11.622827,13.356524,511.7328
69.3632,13.314806,111.88676,111.96317,11.845878,13.625254,518.21045
69.17243,13.22298,113.82904,113.88544,12.068929,13.893984,524.0621
70.55025,13.0832205,115.26805,115.33051,12.092381,13.89362,521.6585
71.92807,12.943461,116.707054,116.7756,12.115831,13.893255,521.3122
72.752846,12.985905,114.09326,114.190544,12.274744,14.146449,527.4903
73.57763,13.028347,111.47947,111.60548,12.433657,14.399644,533.0201
73.442795,12.9213505,112.00043,112.13279,12.491883,14.448246,533.88904
73.30795,12.814352,112.521385,112.6601,12.550112,14.496848,534.6238
72.36009,12.801933,112.53353,112.70706,12.564,14.507736,535.5436
71.412224,12.789513,112.545685,112.75401,12.577888,14.518624,536.03345
71.81022,12.75495,112.45683,112.68455,12.600433,14.542805,536.30676
72.20822,12.720385,112.36798,112.61509,12.62298,14.566984,536.4979
73.69937,12.687347,112.6129,112.8768,12.659708,14.610116,536.17444
75.19052,12.65431,112.85782,113.13851,12.696438,14.653247,536.06824
75.528244,12.674482,112.685196,112.97391,12.801004,14.806698,539.2058
75.86596,12.694655,112.51258,112.80932,12.905572,14.960148,542.21765
75.35438,12.739275,112.31073,112.657394,13.046418,15.16833,546.3928
74.84279,12.7838955,112.10887,112.50547,13.187264,15.3765135,550.25354
75.46098,12.801702,110.86615,111.24928,13.365465,15.626818,554.2681
76.07918,12.8195095,109.62343,109.9931,13.543667,15.877123,557.93634
75.78538,12.863202,109.14486,109.51827,13.763126,16.199865,562.40485
75.49158,12.906895,108.6663,109.043434,13.982584,16.52261,566.3991
75.46469,12.961281,108.40643,108.78874,14.119273,16.735382,568.8663
75.4378,13.015666,108.146576,108.53404,14.25596,16.948154,571.1625
75.77247,13.060005,108.60078,108.983025,14.193937,16.881832,570.5784
76.107155,13.104343,109.05498,109.43201,14.131913,16.815506,569.9391
76.29063,13.114962,109.34734,109.74271,14.110792,16.780113,569.4809
76.474106,13.12558,109.639694,110.053406,14.08967,16.744722,568.99164
76.2193,13.138637,108.72523,109.146286,14.138909,16.823763,569.98615
75.96449,13.151692,107.81075,108.23918,14.1881485,16.902803,570.91174
75.59141,13.198041,106.41783,106.84681,14.298607,17.067688,572.623
75.21834,13.244388,105.024895,105.45444,14.409065,17.23257,574.2135
74.92356,13.314948,103.96938,104.38036,14.52428,17.422752,575.97064
74.62879,13.385509,102.91387,103.30629,14.639493,17.61293,577.5713
74.99765,13.445243,101.82748,102.22933,14.812588,17.892769,579.8637
75.366516,13.504977,100.74108,101.152374,14.985682,18.172607,581.8622
75.93738,13.555705,100.487305,100.894356,15.178754,18.489252,583.7058
76.50823,13.606432,100.23353,100.63633,15.371827,18.805899,585.36926
77.113556,13.643008,100.47331,100.86376,15.485498,18.983374,586.1245
77.71889,13.679585,100.713104,101.09119,15.599169,19.16085,586.88696
77.98734,13.731585,101.447556,101.85421,15.810619,19.48917,588.35095
78.255806,13.783584,102.182,102.61723,16.02207,19.817492,589.6829
78.10875,13.775966,102.64894,103.16885,16.220142,20.11631,590.82135
77.9617,13.768348,103.1159,103.720474,16.418217,20.415133,591.8573
78.264725,13.697508,103.22219,103.90138,16.66316,20.75328,592.7713
78.56775,13.626669,103.3285,104.08229,16.908104,21.091429,593.6359
80.68281,13.440408,102.89386,103.553474,17.025164,21.193613,593.4551
82.79787,13.254148,102.45923,103.02466,17.142223,21.2958,593.0235
84.31151,13.14989,102.19313,102.7679,17.298668,21.491243,592.9547
85.82514,13.04563,101.92705,102.51113,17.455109,21.68669,592.7857
87.47599,12.973834,102.696495,103.21301,17.465101,21.680538,592.0151
89.12684,12.902039,103.465935,103.9149,17.475092,21.674385,591.3307
89.25642,13.035668,100.90323,101.379036,17.261948,21.470926,590.74164
89.386,13.169298,98.34051,98.84317,17.048803,21.267467,590.12744
90.553444,13.193542,101.01507,101.602295,16.957798,21.164816,589.37054
91.720894,13.217783,103.689644,104.36142,16.86679,21.062162,588.6115
92.09959,13.34678,106.62228,107.434845,16.576483,20.73589,587.32556
92.47828,13.475777,109.55492,110.50827,16.286173,20.40962,586.03613
93.1387,13.814862,116.189026,118.54812,15.038741,18.818426,576.5256
93.799126,14.153948,122.823135,126.58796,13.791309,17.22723,562.3116
93.44561,14.584355,149.17441,153.56085,11.511801,14.58752,529.7794
93.092094,15.014764,175.5257,180.53374,9.232292,11.947809,438.92892
91.38692,15.206185,186.56876,190.37776,8.442363,11.258907,415.86124
89.68175,15.397607,197.61182,200.22176,7.6524334,10.570006,397.70624
86.54798,15.262346,198.19528,200.63385,8.810483,11.606945,441.64285
83.4142,15.127086,198.77878,201.04596,9.968533,12.643883,490.45422
85.48733,15.048985,190.75235,193.54698,9.108213,11.621086,438.2836
87.56045,14.970882,182.72592,186.04803,8.247893,10.5982895,380.82892
88.77832,15.021815,175.82399,179.45943,8.297628,10.760147,390.39145
89.996185,15.072748,168.92204,172.8708,8.347363,10.922005,402.6676
90.46625,15.134447,167.74869,171.9561,8.410927,11.097576,413.35962
90.93631,15.196147,166.57533,171.0414,8.474489,11.273149,423.43173
91.24156,15.233442,163.39818,168.05103,8.438128,11.393223,434.07614
91.54682,15.270739,160.22102,165.06064,8.401768,11.513296,444.4696
92.70795,15.2359915,160.25606,164.745,8.725199,11.875554,457.73065
93.86908,15.201243,160.29109,164.42934,9.048631,12.237811,471.03964
93.905136,15.200128,161.56844,165.48364,9.004814,12.170304,467.89917
93.94119,15.199012,162.84578,166.53795,8.9609995,12.1027975,464.67798
93.30103,15.277987,159.29535,163.36757,8.644959,11.782309,454.42932
92.66087,15.35696,155.7449,160.19719,8.328919,11.46182,444.41583
92.33369,15.3818655,154.8362,158.8535,8.629243,11.800545,459.53278
92.0065,15.40677,153.92749,157.5098,8.929567,12.13927,472.96225
92.347244,15.370585,148.85144,152.44705,9.009337,12.174825,475.3342
92.68799,15.334402,143.77539,147.38431,9.0891075,12.21038,477.14545
93.193054,15.261849,139.77531,143.1326,9.15815,12.184309,475.06732
93.69812,15.189298,135.77522,138.88089,9.227193,12.158238,472.24124
93.70978,15.179025,133.4843,136.40752,9.395343,12.366216,478.91675
93.72143,15.168753,131.19337,133.93416,9.563494,12.574193,484.56525
93.63424,15.175706,131.40724,133.99187,9.587284,12.621158,486.5763
93.54706,15.182658,131.62111,134.04959,9.611075,12.668123,488.55362
93.22758,15.180448,126.80113,129.31,9.629527,12.640297,483.91943
92.908104,15.178236,121.98114,124.57041,9.64798,12.612471,479.39862
93.26877,15.139119,120.50829,122.82671,9.773016,12.725086,481.00552
93.629425,15.100003,119.035446,121.083015,9.898053,12.8377,482.54657
93.781715,15.02821,115.62136,117.58517,10.132089,13.063559,485.50458
93.93401,14.956417,112.20728,114.08731,10.366124,13.289416,489.00327
93.81935,14.81402,110.50455,112.09379,11.253726,14.26468,513.692
93.70469,14.671621,108.8018,110.10027,12.141328,15.239945,533.11426
93.78821,14.433838,106.40762,107.56567,12.651738,15.753285,540.2312
93.87173,14.196055,104.01343,105.03107,13.162148,16.266626,545.92773
94.31701,13.925022,99.262596,100.107086,13.672295,16.727348,549.4178
94.76228,13.653989,94.511765,95.1831,14.182441,17.18807,553.46094
94.22243,13.584254,94.151695,94.76276,14.676075,17.858734,562.91266
93.68258,13.514521,93.79163,94.34241,15.169709,18.529402,570.53973
92.95225,13.465363,93.16613,93.68784,15.728899,19.32237,577.6919
92.22192,13.416205,92.54062,93.03328,16.288088,20.11534,583.07983
90.98541,13.37086,90.913025,91.36205,16.700264,20.71608,586.7704
89.74891,13.325514,89.28543,89.690834,17.11244,21.31682,589.8137
89.52843,13.2671585,88.18929,88.585365,17.664982,22.104944,592.461
89.30793,13.208805,87.09316,87.4799,18.217524,22.893068,594.4596
89.11684,13.171432,87.920845,88.31387,18.347197,23.095663,595.0035
88.92574,13.134057,88.74853,89.14786,18.476871,23.298256,595.5145
88.51146,13.076369,88.66871,89.08694,18.756466,23.686045,596.3122
88.097176,13.018681,88.58889,89.026024,19.03606,24.073833,597.0209
87.54506,12.958998,88.833786,89.24125,19.283026,24.427155,597.62366
86.99294,12.899316,89.078674,89.45647,19.529993,24.780478,598.14886
87.12198,12.802484,88.251945,88.65934,19.711329,25.01309,598.3365
87.25101,12.705651,87.42521,87.862206,19.892666,25.245707,598.51355
86.765785,12.692493,86.775734,87.248604,19.916075,25.277,598.60266
86.28057,12.679335,86.12626,86.635,19.939482,25.308296,598.6771
85.692055,12.659848,84.97033,85.46186,20.00205,25.399982,598.8135
85.103546,12.640361,83.81441,84.28872,20.06462,25.49167,598.9547
84.55938,12.62026,83.04613,83.52702,20.3213,25.886986,599.345
84.01521,12.60016,82.27785,82.76534,20.577984,26.282303,599.68555
83.90206,12.570742,81.3909,81.87598,20.670147,26.419624,599.7758
83.788895,12.541325,80.50395,80.98662,20.762308,26.55695,599.86163
83.70868,12.514854,80.11068,80.590965,20.695625,26.456228,599.7988
83.62846,12.488383,79.7174,80.19532,20.62894,26.355509,599.734
83.866035,12.47375,79.08888,79.6024,20.331308,25.92311,599.4031
84.10361,12.459117,78.460365,79.009476,20.033676,25.490707,599.02496
84.922264,12.4299,77.98452,78.566666,19.765877,25.098095,598.54755
85.74092,12.400682,77.50867,78.123856,19.498077,24.70548,598.0077
86.256935,12.417988,76.92092,77.567085,19.235048,24.328455,597.4712
86.77295,12.435292,76.333176,77.010315,18.97202,23.951427,596.8465
86.856514,12.557956,76.75947,77.461136,18.542982,23.351028,595.88965
86.94009,12.680621,77.18576,77.91195,18.113945,22.75063,594.7239
86.299614,12.732561,79.111855,79.80601,17.57888,21.942312,593.0789
85.65914,12.784502,81.03794,81.70007,17.043816,21.133993,591.13464
84.64632,12.580907,85.63639,86.02905,16.056,19.61944,585.2475
83.63349,12.377313,90.23485,90.35803,15.068186,18.104889,576.03345
84.13404,12.20984,90.21704,90.58949,14.434919,17.147455,565.67206
84.63458,12.042365,90.19924,90.82095,13.801653,16.190022,551.15857
86.95656,12.075722,90.4573,91.12702,13.551774,15.852111,541.7229
89.27853,12.109081,90.71536,91.433105,13.301895,15.514201,530.37634
88.26166,12.901116,97.06866,97.90976,11.878054,13.891802,494.62985
87.24479,13.693152,103.42195,104.386406,10.454212,12.2694025,439.11456
87.695,13.824578,141.45395,142.419,11.039862,12.959527,474.85883
88.1452,13.956004,179.48595,180.45161,11.625509,13.6496525,505.62082
86.17187,13.601031,178.04646,178.85611,9.5716095,10.954521,394.3585
84.19853,13.24606,176.607,177.26059,7.5177093,8.25939,234.7159
84.29296,13.126892,187.71126,188.09424,8.472628,9.36894,297.06937
84.38739,13.007725,198.81554,198.9279,9.427546,10.478489,363.6573
84.1472,12.876545,199.01584,199.0701,9.488104,10.533809,367.36197
83.90702,12.745365,199.21613,199.21228,9.548661,10.589128,370.74603
82.76364,12.912162,200.6147,200.61755,9.952177,11.175578,408.98224
81.62026,13.078959,202.01326,202.02284,10.355693,11.762031,445.1738
82.107956,13.187804,200.27815,200.35687,10.491672,11.959511,452.9046
82.59565,13.296648,198.54308,198.69092,10.62765,12.156991,459.91367
83.54635,13.414797,195.39423,195.6859,10.426957,11.980046,448.2913
84.49705,13.532946,192.2454,192.68085,10.226263,11.803101,438.51764
84.97768,13.721969,190.01566,190.44516,10.184746,11.8278675,440.1669
85.458305,13.910991,187.7859,188.20944,10.1432295,11.8526325,441.51724
86.18841,13.920449,181.72667,182.1281,9.87373,11.492891,423.08524
86.91851,13.929908,175.66742,176.04677,9.60423,11.13315,404.7985
86.413246,13.963628,176.02797,176.49539,9.101739,10.51427,369.8697
85.907974,13.997349,176.38853,176.94403,8.599249,9.895389,331.30566
85.49435,14.0694475,178.90138,179.45932,7.9813905,9.222433,291.41022
85.08072,14.141547,181.41423,181.9746,7.3635316,8.549479,253.58513
85.047935,14.248759,180.57745,181.22324,6.9795117,8.176599,234.59045
85.01516,14.355971,179.74066,180.4719,6.595493,7.803719,213.18039
85.820625,14.341914,180.19601,180.97574,6.6094513,7.83223,216.36296
86.62609,14.327858,180.65137,181.47961,6.6234097,7.860741,218.10681
88.159874,14.287025,182.38824,183.11569,6.915832,8.258238,239.07417
89.69366,14.246193,184.12512,184.7518,7.208255,8.655736,250.96123
89.929924,14.229625,182.83943,183.70465,7.7062287,9.34849,295.91296
90.16619,14.213057,181.55374,182.65747,8.204203,10.0412445,340.0636
90.13075,14.182828,181.40497,182.47003,8.932831,10.942116,394.19662
90.09532,14.152597,181.25616,182.28255,9.661458,11.842985,441.6869
89.51893,14.109852,179.25874,180.17554,9.882619,12.008975,450.11526
88.942535,14.067105,177.26129,178.0685,10.103781,12.174965,457.76282
88.758766,14.040891,175.23659,176.02652,9.948529,11.948525,447.55652
88.575,14.014675,173.2119,173.98456,9.793279,11.722087,436.93817
88.24641,14.022574,170.94292,171.60873,9.319802,11.078007,404.4606
87.91782,14.030474,168.67392,169.23291,8.846325,10.433927,369.05435
88.95028,14.008626,167.7612,168.54922,8.232209,9.789922,330.42795
89.982735,13.986779,166.8485,167.86554,7.6180925,9.145916,285.54926
90.118324,13.985428,171.00917,171.91016,6.7548203,8.018213,208.1489
90.25391,13.984077,175.16985,175.9548,5.891548,6.8905106,135.60051
90.352066,13.926422,192.60243,192.96643,4.6789246,5.383279,50.3822
90.450226,13.868768,210.03505,209.97807,3.4663007,3.876047,15.921461
90.16683,13.7207575,241.10661,240.95068,3.6826692,4.034492,31.135239
89.88344,13.572747,272.1782,271.9233,3.8990378,4.192938,31.790625
89.88951,13.2927885,292.3013,292.2901,5.5482697,5.9882812,82.78567
89.895584,13.012831,312.4244,312.65686,7.197501,7.783625,168.18521
88.623726,12.815713,316.6286,316.95557,7.9162145,8.601313,225.74287
87.35186,12.618595,320.8328,321.25424,8.634929,9.419,274.72598
85.78344,12.501706,309.2044,309.45004,8.510208,9.219971,267.78326
84.21502,12.384816,297.57602,297.64584,8.3854885,9.02094,259.6692
83.38679,12.536422,296.03964,296.06073,8.532145,9.220614,270.6744
82.55855,12.688025,294.50323,294.47562,8.678801,9.420288,281.54874
80.30838,12.683326,292.9207,292.89813,8.770308,9.504142,278.74136
78.058205,12.678626,291.33813,291.32065,8.861814,9.587994,278.576
77.496445,12.575402,289.324,289.34155,8.779401,9.474666,271.66086
76.93468,12.472178,287.30984,287.3625,8.696987,9.361338,264.9738
75.91228,12.385462,283.0011,283.04944,8.611435,9.244453,258.78598
74.889885,12.298743,278.69232,278.73642,8.525882,9.127569,253.21407
75.97242,12.11679,274.85464,274.9491,8.797377,9.439665,271.9484
77.05496,11.9348345,271.01694,271.16177,9.0688715,9.7517605,290.34036
77.648926,11.83338,270.35583,270.5195,9.416672,10.172824,316.89758
78.24289,11.731924,269.69473,269.87723,9.764472,10.593887,342.6371
78.08032,11.737552,269.1393,269.3257,9.75563,10.600829,343.5664
77.91775,11.743181,268.5839,268.77423,9.746788,10.607769,344.5031
78.034134,11.746283,266.48096,266.64517,9.60641,10.424592,333.06467
78.15052,11.749383,264.37802,264.51608,9.466032,10.241415,321.5173
78.934975,11.737869,263.11005,263.27206,9.460423,10.2283945,319.88086
79.71944,11.726356,261.8421,262.028,9.454814,10.215374,319.01517
80.00501,11.724768,260.08603,260.2521,9.477682,10.236954,320.81796
80.29058,11.723179,258.32993,258.47623,9.50055,10.258533,322.58014
80.338234,11.733365,256.54706,256.66885,9.555444,10.320131,326.89868
80.38589,11.74355,254.76418,254.8615,9.610337,10.381729,331.4076
80.22365,11.746684,254.7166,254.79599,9.545313,10.306839,326.6177
80.0614,11.749817,254.66904,254.73051,9.4802885,10.231949,321.86148
78.85568,11.834856,255.2542,255.38329,9.2800665,10.007507,307.14612
77.649956,11.919894,255.83936,256.03607,9.079843,9.783067,291.84058
76.35267,12.025172,257.468,257.59207,8.892827,9.569678,277.45795
75.055374,12.130449,259.09662,259.14807,8.705811,9.356291,265.3391
73.68052,12.264995,261.19977,261.29782,8.637309,9.303965,266.24982
72.30566,12.39954,263.30295,263.44754,8.568808,9.251638,266.6542
71.38768,12.484927,264.61688,264.732,8.563598,9.260645,274.6072
70.46971,12.570313,265.93082,266.01645,8.558388,9.269652,282.469
69.77368,12.654959,266.22348,266.31607,8.32063,9.001164,269.39365
69.077644,12.739604,266.51614,266.6157,8.082872,8.732677,254.25778
68.331635,12.822237,267.39896,267.53354,7.7061167,8.31047,228.4543
67.585625,12.90487,268.28174,268.45135,7.329362,7.8882627,201.46487
67.37827,12.947148,268.7794,268.8828,6.9317346,7.441219,171.66249
67.17092,12.989428,269.27704,269.31427,6.5341077,6.994176,143.20859
67.09073,13.009883,268.35544,268.37418,6.049982,6.4572983,111.03807
67.010544,13.030338,267.43387,267.43408,5.565856,5.920421,84.90702
67.38351,13.015051,266.00183,266.00662,5.210708,5.52829,67.16262
67.75646,12.999763,264.56976,264.57916,4.855561,5.136158,51.68588
67.88958,13.00156,262.55902,262.52914,4.519416,4.770956,42.66977
68.0227,13.003357,260.54828,260.47913,4.183271,4.405754,35.385597
68.02325,13.004709,259.48975,259.35526,3.792171,3.9828398,27.935873
68.0238,13.006063,258.43118,258.2314,3.401071,3.559926,22.899368
69.97774,12.940727,246.83517,246.676,3.5621312,3.7628274,24.91627
71.93168,12.875391,235.23915,235.12057,3.7231915,3.965729,22.359411
72.70052,12.946937,231.15451,231.16873,3.5350478,3.7764297,16.715847
73.46936,13.018483,227.06985,227.21689,3.3469045,3.5871303,10.614051
74.19867,13.069798,222.63496,222.68877,3.0600815,3.2644193,4.2413564
74.92797,13.121114,218.2001,218.16066,2.7732582,2.941708,1.7936918
75.8258,13.151557,208.29521,208.22102,2.4686587,2.6092045,0.33160156
76.72362,13.182,198.39029,198.28137,2.1640587,2.2767007,-2.0944884
77.44604,13.18622,193.03723,193.05566,2.3753235,2.5086622,0.20073012
78.16845,13.19044,187.68416,187.82993,2.5865884,2.7406237,2.3241594
78.77421,13.219129,174.63332,174.95602,2.654585,2.812157,0.045970164
79.37997,13.247816,161.58247,162.08214,2.7225811,2.8836904,-4.3040566
79.738396,13.249163,160.88353,161.2389,2.8950946,3.0720084,-2.3978307
80.096825,13.250509,160.18459,160.39569,3.067608,3.2603261,-0.17324074
80.059425,13.300273,156.26666,156.43167,3.1870253,3.3904529,2.0034072
80.02203,13.350038,152.34872,152.46767,3.3064423,3.5205796,4.6855917
80.09668,13.39588,152.04617,152.22667,3.499988,3.7476938,10.676607
80.171326,13.441722,151.74362,151.98567,3.6935337,3.9748082,17.27307
79.457985,13.540225,150.81233,151.10695,3.8261971,4.1350093,23.199543
78.744644,13.638729,149.88104,150.22821,3.9588609,4.2952104,29.45822
78.076546,13.726902,147.57445,147.90588,4.0070605,4.3663287,28.419575
77.40844,13.815074,145.26787,145.58354,4.0552597,4.4374475,26.767323
76.68202,13.897048,141.66617,141.99477,4.228032,4.6606073,28.688286
75.9556,13.979021,138.06448,138.40599,4.4008036,4.8837667,34.89356
75.36344,14.0496645,134.87146,135.24704,4.6178055,5.16752,44.732483
74.771286,14.120307,131.67842,132.08809,4.8348064,5.4512734,54.165516
75.21132,14.082294,131.6417,132.13264,5.273596,5.940983,75.571434
75.65137,14.044281,131.60495,132.1772,5.712385,6.430693,100.20862
76.575035,13.948481,131.5131,132.07219,5.849306,6.5545917,107.53146
77.4987,13.852682,131.42126,131.96718,5.9862275,6.6784906,114.22694
77.98504,13.822951,126.773865,127.19951,6.1121917,6.830072,119.638885
78.47137,13.79322,122.12649,122.431854,6.2381554,6.9816537,124.45314
78.81376,13.752369,119.527725,119.920364,6.535084,7.324905,138.98227
79.15615,13.711517,116.92896,117.40888,6.832012,7.6681557,152.62796
78.70068,13.755281,114.31974,114.84106,7.0238967,7.9164147,168.04756
78.24522,13.799046,111.71051,112.273224,7.215782,8.164674,185.14632
76.67599,13.895351,109.076164,109.583275,7.5639496,8.615947,228.56516
75.106766,13.991659,106.44182,106.89332,7.912117,9.067221,284.48615
75.0624,13.972685,105.36418,105.74341,8.259382,9.486198,316.49905
75.01803,13.9537115,104.28655,104.5935,8.606648,9.905175,345.66296
74.72868,13.961051,103.002815,103.409164,8.913736,10.302331,374.24304
74.43933,13.96839,101.71908,102.22484,9.220823,10.699485,400.13367
73.86339,13.978426,101.202515,101.71095,9.473749,11.042914,422.5651
73.28744,13.988461,100.68595,101.19706,9.726674,11.386343,443.43524
72.90462,14.017861,99.24814,99.810104,9.836561,11.556657,453.97726
72.52178,14.047262,97.81034,98.42314,9.946448,11.72697,463.5111
72.82783,14.007607,95.79165,96.37092,10.069821,11.875044,469.42996
73.133865,13.967954,93.772964,94.318695,10.193194,12.023118,475.14847
77.24172,13.360918,97.75449,98.1296,10.084858,11.782077,439.9225
81.34958,12.753882,101.736015,101.94051,9.976522,11.541035,412.7257
80.696724,12.801151,97.54379,97.84414,9.760207,11.263406,393.7309
80.04387,12.848419,93.35157,93.74775,9.543892,10.985776,375.2535
80.35846,12.826898,88.89555,89.30249,9.358163,10.741024,358.73288
80.673065,12.805376,84.43954,84.857216,9.172433,10.49627,344.05603
80.907585,12.766969,81.525604,81.95097,9.359002,10.732549,359.00626
81.142105,12.72856,78.61167,79.044716,9.545571,10.968827,374.04453
81.3726,12.706065,76.52984,76.94676,9.71034,11.160349,385.9347
81.60308,12.683571,74.44801,74.8488,9.875108,11.351871,397.4265
81.32748,12.736791,72.043945,72.52098,9.951572,11.468889,406.12943
81.05187,12.790012,69.639885,70.19315,10.028037,11.585908,414.94635
81.12529,12.818758,66.574814,67.12583,10.042933,11.610079,417.2094
81.19871,12.847504,63.50975,64.0585,10.057829,11.634252,419.32352
81.229004,12.868876,62.299976,62.808155,10.089423,11.700384,423.6885
81.2593,12.890248,61.090202,61.557808,10.121016,11.766517,427.86786
81.7181,12.851197,58.633667,59.079327,10.371392,12.085009,440.84607
82.1769,12.812144,56.177128,56.60085,10.621768,12.403501,452.63812
82.00069,12.861187,53.579594,54.01387,10.890272,12.777126,467.59647
81.824486,12.910231,50.982063,51.426895,11.158777,13.150752,480.99304
81.463905,12.989382,48.630703,49.098347,10.900967,12.896353,472.11978
81.10334,13.068532,46.27934,46.7698,10.643156,12.641953,462.93622
80.1817,13.144666,42.477203,43.07986,10.157465,12.077394,440.77753
79.26006,13.2207985,38.675068,39.389923,9.671774,11.512834,414.00122
79.79348,13.197329,32.782753,33.771095,9.367132,11.1227,381.82108
80.3269,13.17386,26.890442,28.15227,9.06249,10.732565,354.74307
81.13368,13.113998,43.70094,29.9063,9.088906,10.671346,407.49466
81.940475,13.054138,60.511436,31.660334,9.115322,10.610127,449.2498
81.73497,13.105539,157.93669,144.17793,9.238383,10.786769,412.69647
81.529465,13.156942,255.36195,256.69553,9.361445,10.96341,389.57825
83.120804,13.003133,299.59595,300.7827,9.356482,10.864213,376.335
84.71214,12.849325,343.82996,344.8699,9.351519,10.765015,358.6346
84.155624,12.857417,335.67877,336.88632,9.544675,11.042722,377.13272
83.5991,12.86551,327.52756,328.90274,9.737831,11.32043,393.96576
84.426865,12.803948,322.87042,324.20596,10.185574,11.870162,419.13803
85.25464,12.742388,318.21326,319.50916,10.633315,12.419896,444.0437
85.40263,12.697289,313.0483,314.25888,10.772985,12.560583,450.6699
85.55064,12.652191,307.8834,309.00864,10.912657,12.701269,457.1016
85.343704,12.632448,303.67487,304.8032,11.022197,12.842396,463.3941
85.13679,12.612705,299.46634,300.59778,11.131737,12.983522,469.74136
85.792076,12.517279,296.50198,297.4655,11.187114,12.994042,470.7846
86.447365,12.421851,293.5376,294.33325,11.24249,13.004562,471.50537
86.39178,12.357833,291.83322,292.64594,11.261655,13.014328,472.22543
86.33619,12.293814,290.12888,290.95862,11.28082,13.024094,472.93112
86.152954,12.272847,288.501,289.3034,11.109791,12.801792,464.24094
85.96971,12.251882,286.8731,287.64816,10.938761,12.579491,454.98956
85.90844,12.228832,284.69336,285.40903,10.743076,12.308209,442.52094
85.847176,12.205783,282.51355,283.16983,10.547391,12.036929,429.41415
86.36442,12.158279,281.41415,282.00647,10.079603,11.44788,399.74597
86.88166,12.110775,280.3148,280.8431,9.611815,10.85883,366.4962
86.78444,12.068004,279.13925,279.60638,9.5129595,10.706777,357.4679
86.687225,12.025231,277.96375,278.36966,9.414103,10.554722,348.2333
86.93111,11.98172,276.12677,276.48932,9.2836895,10.361272,335.43433
87.174995,11.93821,274.28986,274.60892,9.1532755,10.16782,322.04352
87.625534,11.860031,273.15994,273.49554,9.08862,10.062805,312.7177
88.07607,11.781854,272.03003,272.38214,9.023966,9.957789,302.98148
87.910484,11.732019,270.5042,270.89465,8.950834,9.863168,297.7059
87.74489,11.682183,268.9784,269.40714,8.877703,9.768546,292.34943
86.94349,11.706984,268.29282,268.6528,8.8527355,9.742604,294.81018
86.14209,11.731785,267.60724,267.89847,8.827768,9.716663,297.38312
86.42187,11.705348,267.84082,268.13455,8.71698,9.566931,286.33685
86.70166,11.678912,268.07443,268.37064,8.606192,9.417199,275.1426
86.87068,11.643514,267.97845,268.2758,8.515914,9.317288,268.27615
87.0397,11.608117,267.88248,268.1809,8.425635,9.217376,261.27768
86.58673,11.578744,266.99078,267.24866,7.8905044,8.586909,224.17584
86.13375,11.549372,266.09912,266.3164,7.355374,7.956441,187.94284
86.01154,11.537417,263.0314,263.1612,6.8861914,7.4116726,157.58777
85.889336,11.525465,259.9637,260.00598,6.41701,6.866904,129.38214
85.81179,11.511222,257.75217,257.8046,6.217727,6.6498785,119.29863
85.73424,11.496979,255.54065,255.6032,6.0184445,6.4328527,109.43982
84.74646,11.568999,251.79677,251.94753,6.1233425,6.5584383,118.66051
83.75868,11.641018,248.0529,248.29185,6.22824,6.684024,127.89486
83.52905,11.691029,245.35622,245.544,6.4626336,6.938118,140.6063
83.29943,11.741038,242.65952,242.79616,6.6970267,7.192212,153.90182
84.39323,11.667796,242.08112,242.17087,6.782362,7.2747264,152.91869
85.48703,11.594554,241.50272,241.54555,6.8676972,7.3572407,152.20045
85.755905,11.587008,240.91748,241.05272,6.7950907,7.289481,147.63339
86.02478,11.579465,240.33226,240.55989,6.722485,7.221721,143.21675
85.37149,11.689099,237.96384,238.29707,6.5044527,6.997342,135.33485
84.71819,11.798734,235.59543,236.03424,6.2864203,6.772964,127.87737
83.56393,11.975326,233.51843,234.0188,5.958326,6.4308805,116.88366
82.40966,12.1519165,231.44144,232.00333,5.630232,6.088797,106.66156
81.74042,12.281711,231.00388,231.40712,5.6015534,6.074356,106.36158
81.071175,12.411506,230.56635,230.81091,5.572875,6.059915,104.35265
81.38422,12.464441,229.52675,229.73026,5.8573575,6.3975134,120.64075
81.69726,12.517375,228.48715,228.64958,6.141841,6.735112,136.24199
81.45828,12.608278,225.63417,225.95804,6.2280693,6.884694,142.68362
81.21931,12.699182,222.78116,223.26646,6.314298,7.0342765,149.28085
80.749245,12.79463,220.6353,221.13652,6.522913,7.3238783,162.76776
80.27918,12.890079,218.48943,219.00658,6.7315273,7.6134796,177.38974
80.34931,12.902154,217.5119,217.99966,6.980414,7.904559,192.38957
80.41945,12.914229,216.53438,216.99275,7.229301,8.195639,208.9465
81.23844,12.839072,215.44322,215.77888,7.175132,8.098242,204.26404
82.05744,12.763916,214.35207,214.56502,7.1209636,8.000844,199.05615
82.237404,12.724274,213.94891,214.13203,7.20397,8.089134,204.34218
82.417366,12.684631,213.54576,213.69904,7.2869763,8.177424,209.80275
83.29296,12.400407,205.1069,205.23615,7.5250554,8.339598,218.73395
84.16856,12.11618,196.66806,196.77325,7.7631345,8.501772,230.2653
83.93198,12.149624,198.63586,198.76987,7.3309526,8.00736,196.32547
83.6954,12.183069,200.60368,200.7665,6.8987713,7.512949,168.78789
83.02575,12.249151,198.72078,198.88797,6.3969045,6.9508667,142.94547
82.35611,12.315233,196.8379,197.00945,5.8950377,6.3887844,115.79244
81.22584,12.367878,190.10489,190.2975,5.4272704,5.86592,86.80059
80.09556,12.420522,183.3719,183.58557,4.959503,5.3430552,60.174915
79.44184,12.470768,175.77547,175.94202,5.000123,5.39324,62.346874
78.78812,12.521013,168.17903,168.2985,5.040743,5.4434237,66.90595
78.267555,12.590723,162.23665,162.44794,5.232828,5.689106,80.24039
77.746994,12.660432,156.29427,156.59737,5.424914,5.9347887,90.95004
77.041985,12.861428,155.30081,155.5044,5.5962567,6.2000422,101.07556
76.33697,13.062426,154.30737,154.4114,5.7675996,6.4652963,112.97359
77.40676,13.1438875,153.20988,153.41348,6.1200604,6.932245,137.42732
78.47654,13.225349,152.1124,152.41557,6.472522,7.399193,167.85394
81.79896,13.095291,148.6391,148.95563,6.759706,7.6784945,194.80829
85.12138,12.965234,145.16582,145.49568,7.0468907,7.9577956,215.59451
84.12791,13.083082,140.753,141.18431,7.4224253,8.498831,243.353
83.13442,13.200932,136.34018,136.87294,7.7979603,9.039866,271.5497
81.82622,13.317103,137.34114,137.73776,8.361334,9.804111,314.6412
80.518005,13.433275,138.3421,138.6026,8.924708,10.568356,362.35458
79.70742,13.442081,141.35419,141.50525,9.312942,11.080657,397.96875
78.896835,13.450887,144.36629,144.40788,9.701175,11.592958,430.50125
78.856926,13.415006,145.57877,145.59935,9.719047,11.58662,430.1765
78.81702,13.379123,146.79123,146.79082,9.7369175,11.580282,429.8982
79.0657,13.316084,145.0562,145.08632,9.850046,11.69229,434.52362
79.31438,13.253046,143.32117,143.3818,9.963175,11.804298,439.07394
77.00376,13.393277,144.42055,144.47801,9.8657875,11.724855,443.77185
74.693146,13.533508,145.51991,145.57422,9.7684,11.645412,451.10367
74.464455,13.515936,145.37549,145.51628,9.69204,11.538723,446.94864
74.23577,13.498363,145.23106,145.45834,9.61568,11.4320345,442.75977
75.23637,13.422936,143.22485,143.47353,9.470055,11.204726,424.0561
76.23695,13.34751,141.21863,141.48872,9.32443,10.977417,403.52957
77.1068,13.247737,140.39262,140.62038,9.017688,10.548381,370.59506
77.97662,13.147964,139.5666,139.75203,8.710946,10.119345,336.43723
78.54969,13.05582,138.97629,139.0795,8.632515,9.997528,326.46747
79.122765,12.963677,138.38597,138.40698,8.554084,9.875712,318.32364
80.61183,12.817474,139.19249,139.15251,8.357593,9.5575485,300.21857
82.10091,12.671271,139.99901,139.89803,8.161101,9.239386,284.7759
82.84629,12.566045,139.87668,139.86714,7.6928296,8.6517105,250.24733
83.59168,12.460819,139.75433,139.83627,7.224559,8.064035,213.53018
84.38459,12.379218,133.37253,133.51894,7.140595,7.90937,197.25496
85.1775,12.297617,126.99071,127.20161,7.0566316,7.754704,183.06139
85.11702,12.311573,123.54269,123.68509,7.4285393,8.177108,205.27881
85.05653,12.325528,120.09467,120.16857,7.8004475,8.599511,230.37491
84.105835,12.443266,119.45386,119.47416,7.6641116,8.498297,219.35928
83.15514,12.561005,118.81305,118.77974,7.5277753,8.397082,210.5768
85.445564,12.755802,122.51227,122.82885,8.456751,9.631264,304.07303
87.73599,12.9506,126.21149,126.87795,9.385726,10.865447,386.7025
87.91248,12.971577,129.11699,129.76875,8.642177,9.953272,341.4459
88.08898,12.992555,132.0225,132.65953,7.8986263,9.041097,285.15982
88.51108,12.961758,134.64581,135.22626,7.413635,8.475426,246.51578
88.93318,12.930963,137.2691,137.79298,6.9286427,7.9097557,205.26071
88.81813,12.915992,140.97647,141.41019,6.790234,7.6755414,188.52992
88.703064,12.901022,144.68384,145.02737,6.651825,7.441326,171.63634
88.398254,12.888552,146.09467,146.39467,6.545661,7.2983675,163.53024
88.09344,12.876082,147.5055,147.76195,6.4394975,7.155409,156.14803
87.253,12.874643,145.90065,146.15903,6.2379375,6.8966775,145.17471
86.41255,12.873206,144.29579,144.5561,6.0363774,6.6379466,132.27672
85.56218,12.897062,139.91418,140.17421,5.9952826,6.5822177,128.81145
84.71179,12.920919,135.53258,135.79231,5.954189,6.5264883,125.1182
84.31144,12.925988,132.84859,133.14952,5.880188,6.4324675,118.01916
83.91109,12.931058,130.1646,130.50673,5.806187,6.338447,110.49928
83.32396,12.950906,127.93591,128.3206,5.590796,6.1057477,97.80231
82.73683,12.970754,125.707245,126.13446,5.375406,5.873049,87.63302
84.300385,12.915239,122.417,122.84099,5.2919393,5.7858086,81.40222
85.86394,12.859724,119.12674,119.54751,5.2084727,5.6985683,76.177574
85.82586,12.865516,118.75835,119.15105,5.19175,5.676467,75.09765
85.78778,12.871307,118.38995,118.75459,5.1750274,5.654366,73.9614
85.6063,12.891451,119.43157,119.82598,4.8485613,5.2942677,58.680984
85.42483,12.911594,120.47319,120.89737,4.522095,4.93417,46.459633
85.204735,12.933141,119.48551,119.873795,4.3266664,4.7159967,37.988087
84.98463,12.954689,118.49784,118.850235,4.1312375,4.4978237,30.020884
85.444695,12.9453125,118.459335,118.86235,3.9131794,4.267535,21.527208
85.90476,12.935937,118.42082,118.874466,3.6951213,4.0372467,13.91463
86.12036,12.931122,122.40595,122.717606,3.43467,3.749344,7.3819337
86.33597,12.926307,126.39108,126.560745,3.1742182,3.461442,1.1143686
85.9947,12.933787,131.9675,132.07465,3.0006766,3.2543838,-2.5352051
85.653435,12.941267,137.54393,137.58853,2.827135,3.0473256,-3.662359
84.99191,12.948436,148.84563,148.8931,2.6987655,2.8929303,-2.5510287
84.33038,12.955604,160.14732,160.19765,2.5703957,2.7385352,-2.9296734
84.33055,12.95094,166.54906,166.59189,2.599168,2.758204,-2.9877186
84.33071,12.946276,172.9508,172.98613,2.6279404,2.7778728,-2.236045
84.624886,12.9085865,180.43849,180.47823,2.5971982,2.7464492,-2.0050778
84.91905,12.870897,187.9262,187.97032,2.566456,2.715026,-1.8787704
84.82453,12.846402,189.32376,189.37743,2.4833925,2.623398,-2.1883595
84.73001,12.821907,190.72136,190.78458,2.4003289,2.5317702,-2.475123
84.39169,12.825163,190.22807,190.34752,2.4645576,2.6079566,-1.8572376
84.053375,12.828421,189.73479,189.91048,2.5287867,2.6841433,-1.2476236
82.692276,12.877858,185.67682,186.01973,2.427531,2.5847535,0.065645754
81.33118,12.927297,181.61884,182.12901,2.3262753,2.4853635,0.4336663
80.259056,12.993998,176.88556,177.4951,2.4501266,2.6207564,-0.975096
79.18695,13.0607,172.15227,172.86119,2.573978,2.7561495,-2.0170567
79.41089,13.040189,172.71451,173.37468,2.880284,3.0792232,1.1767645
79.634834,13.019677,173.27675,173.88815,3.1865902,3.402297,4.804883
