{"_wandb":{"runtime":41},"loss":-623.6300373459577,"_timestamp":1.7420483861326587e+09,"_runtime":39.951454183,"_step":13,"Generated Data Comparison":{"height":2000,"_type":"image-file","sha256":"2fb38efcd5ab1b6d4186bc576701e3ce4ff20cdaa7ffe0f28e0c2760c73c9fb8","size":957338,"path":"media/images/Generated Data Comparison_13_2fb38efcd5ab1b6d4186.png","format":"png","width":1000}}