gen_Model,pre_Model,Index,MAE,RMSE
gmm,NN,1.0,190.56245294884104,211.37799891881548
copula,NN,1.0,196.1716441887258,221.54134256340737
flow,NN,1.0,187.40624663694967,207.85603898544778
real,NN,1.0,188.43723967219861,208.84575786030183
