gen_Model,pre_Model,Index,MAE,RMSE
gmm,NN,1.0,186.32112088739544,206.76236964042315
copula,NN,1.0,197.70549211767934,222.41614947813736
flow,NN,1.0,186.1441681936634,205.86615562995843
real,NN,1.0,187.91025137978332,208.3457937636152
