gen_Model,pre_Model,Index,MAE,RMSE
gmm,NN,1.0,185.93749666712384,206.54741145524554
copula,NN,1.0,185.93749666712384,206.54741145524554
flow,NN,1.0,185.93749666712384,206.54741145524554
real,NN,1.0,185.93749666712384,206.54741145524554
